"country","stat_name","estimate","se","ci_lo","ci_hi"
"AT_2011","baseline_3pct_gini_nw",0.762501926258024,0.0387327702334377,0.686585696600487,0.838418155915562
"AT_2011","baseline_3pct_gini_nwx",2.38779106189922,0.411749274480308,1.58076248391781,3.19481963988062
"AT_2011","baseline_3pct_gini_ratio",0.325623742090802,0.0578713749342217,0.212195847219728,0.439051636961877
"AT_2011","baseline_3pct_gini_ok",0,0,0,0
"AT_2011","baseline_3pct_gini_keptmin",1,0,1,1
"AT_2011","baseline_3pct_gini_naltmax",0,0,0,0
"AT_2011","baseline_3pct_gini_rsv_nw",0.751844237799968,0.035371895931664,0.682515321773907,0.82117315382603
"AT_2011","baseline_3pct_gini_rsv_nwx",0.86342969625,0.0227408200199264,0.818857689010944,0.908001703489056
"AT_2011","baseline_3pct_gini_rsv_ratio",0.870466019019351,0.0184576888777512,0.834288948818958,0.906643089219743
"AT_2011","baseline_3pct_gini_rsv_ok",1,0,1,1
"AT_2011","baseline_3pct_gini_rsv_keptmin",1,0,1,1
"AT_2011","baseline_3pct_gini_rsv_naltmax",0,0,0,0
"AT_2011","baseline_3pct_cv_nw",2.96268403500397,0.637854808179066,1.712488610973,4.21287945903494
"AT_2011","baseline_3pct_cv_nwx",9.24626599539715,1.70762250582287,5.89932588398432,12.59320610681
"AT_2011","baseline_3pct_cv_ratio",0.325828023103347,0.0765063283993102,0.175875619440699,0.475780426765995
"AT_2011","baseline_3pct_cv_ok",1,0,1,1
"AT_2011","baseline_3pct_cv_keptmin",1,0,1,1
"AT_2011","baseline_3pct_cv_naltmax",0,0,0,0
"AT_2011","baseline_3pct_top10_nw",0.613621987691234,0.0586821850717522,0.4986049049506,0.728639070431868
"AT_2011","baseline_3pct_top10_nwx",1.30668618811,0.170985339089394,0.971554923494789,1.64181745272522
"AT_2011","baseline_3pct_top10_ratio",0.473326234594997,0.0583315952595648,0.35899630788625,0.587656161303744
"AT_2011","baseline_3pct_top10_ok",0,0,0,0
"AT_2011","baseline_3pct_top10_keptmin",1,0,1,1
"AT_2011","baseline_3pct_top10_naltmax",0,0,0,0
"AT_2011","baseline_3pct_top1_nw",0.233770179584283,0.0684002368696299,0.0997057153198084,0.367834643848758
"AT_2011","baseline_3pct_top1_nwx",0.572309621279702,0.1330348279991,0.311561358401466,0.833057884157938
"AT_2011","baseline_3pct_top1_ratio",0.407066338082271,0.0531773453013163,0.302838741291691,0.511293934872851
"AT_2011","baseline_3pct_top1_ok",1,0,1,1
"AT_2011","baseline_3pct_top1_keptmin",1,0,1,1
"AT_2011","baseline_3pct_top1_naltmax",0,0,0,0
"AT_2011","baseline_3pct_sgini4_nw",0.960582278024934,0.0240819519467601,0.913381652209284,1.00778290384058
"AT_2011","baseline_3pct_sgini4_nwx",4.23434740373228,0.888849882678224,2.49220163368296,5.9764931737816
"AT_2011","baseline_3pct_sgini4_ratio",0.233283515873061,0.0475194765958222,0.14014534174525,0.326421690000873
"AT_2011","baseline_3pct_sgini4_ok",1,0,1,1
"AT_2011","baseline_3pct_sgini4_keptmin",1,0,1,1
"AT_2011","baseline_3pct_sgini4_naltmax",0,0,0,0
"AT_2011","baseline_3pct_gini_abs_nw",202822.209815921,44397.8175889578,115802.487341564,289841.932290278
"AT_2011","baseline_3pct_gini_abs_nwx",234639.351255954,55620.9287754432,125622.330856085,343656.371655822
"AT_2011","baseline_3pct_gini_abs_ratio",0.866656015205323,0.0334455171155788,0.801102801658789,0.932209228751858
"AT_2011","baseline_3pct_gini_abs_ok",1,0,1,1
"AT_2011","baseline_3pct_gini_abs_keptmin",1,0,1,1
"AT_2011","baseline_3pct_gini_abs_naltmax",0,0,0,0
"AT_2011","baseline_3pct_variance_nw",712814007773.925,617989952810.588,-498446299734.827,1924074315282.68
"AT_2011","baseline_3pct_variance_nwx",929410586074.143,740473349635.222,-521917179210.892,2380738351359.18
"AT_2011","baseline_3pct_variance_ratio",0.746870695614033,0.132927894847891,0.486332021712166,1.0074093695159
"AT_2011","baseline_3pct_variance_ok",1,0,1,1
"AT_2011","baseline_3pct_variance_keptmin",1,0,1,1
"AT_2011","baseline_3pct_variance_naltmax",0,0,0,0
"AT_2011","baseline_3pct_kolm0.5_nw",0.10200007583447,0.0111392366718304,0.0801671719576825,0.123832979711258
"AT_2011","baseline_3pct_kolm0.5_nwx",2.40979494623659,3.31283664935456,-4.08336488649834,8.90295477897152
"AT_2011","baseline_3pct_kolm0.5_ratio",0.10741666223518,0.111642837003335,-0.111403298291357,0.326236622761716
"AT_2011","baseline_3pct_kolm0.5_ok",1,0,1,1
"AT_2011","baseline_3pct_kolm0.5_keptmin",1,0,1,1
"AT_2011","baseline_3pct_kolm0.5_naltmax",0,0,0,0
"AT_2011","baseline_3pct_kolm1_nw",0.140113405565763,0.0207902099370455,0.0993645940891537,0.180862217042372
"AT_2011","baseline_3pct_kolm1_nwx",7.18327420822728,4.99001401073325,-2.59715325280989,16.9637016692644
"AT_2011","baseline_3pct_kolm1_ratio",0.0255719947019356,0.0162035774629182,-0.00618701712538397,0.0573310065292552
"AT_2011","baseline_3pct_kolm1_ok",1,0,1,1
"AT_2011","baseline_3pct_kolm1_keptmin",1,0,1,1
"AT_2011","baseline_3pct_kolm1_naltmax",0,0,0,0
"AT_2011","baseline_3pct_p75_p25_nw",240111,3740.11224430498,232780.380001162,247441.619998838
"AT_2011","baseline_3pct_p75_p25_nwx",153747.823888211,9608.7287694034,134914.71550018,172580.932276241
"AT_2011","baseline_3pct_p75_p25_ratio",1.56540316320777,0.0910904530913661,1.38686587514869,1.74394045126685
"AT_2011","baseline_3pct_p75_p25_ok",1,0,1,1
"AT_2011","baseline_3pct_p75_p25_keptmin",1,0,1,1
"AT_2011","baseline_3pct_p75_p25_naltmax",0,0,0,0
"AT_2011","baseline_3pct_p90_p10_nw",539928,14302.014501461,511896.051577137,567959.948422863
"AT_2011","baseline_3pct_p90_p10_nwx",455135.401394177,14919.4936370529,425893.193865553,484377.608922801
"AT_2011","baseline_3pct_p90_p10_ratio",1.18651808773256,0.0154962815431665,1.15614537590796,1.21689079955717
"AT_2011","baseline_3pct_p90_p10_ok",1,0,1,1
"AT_2011","baseline_3pct_p90_p10_keptmin",1,0,1,1
"AT_2011","baseline_3pct_p90_p10_naltmax",0,0,0,0
"AT_2011","baseline_3pct_inter1_nw",0.264279296170392,0.212345326126679,-0.1519175430379,0.680476135378683
"AT_2011","baseline_3pct_inter1_nwx",0.00340862589306794,0.00116249261611271,0.00113014036548703,0.00568711142064885
"AT_2011","baseline_3pct_inter1_ratio",76.7690205806186,52.6839121427554,-26.4914472191819,180.029488380419
"AT_2011","baseline_3pct_inter1_ok",1,0,1,1
"AT_2011","baseline_3pct_inter1_keptmin",1,0,1,1
"AT_2011","baseline_3pct_inter1_naltmax",0,0,0,0
"AT_2011","baseline_3pct_inter2_nw",0.749643620047575,0.694984575108483,-0.612526147165051,2.1118133872602
"AT_2011","baseline_3pct_inter2_nwx",0.00344343130423881,0.00148129268284727,0.000540097645858159,0.00634676496261947
"AT_2011","baseline_3pct_inter2_ratio",211.304236756801,170.043622087813,-121.981262535313,544.589736048915
"AT_2011","baseline_3pct_inter2_ok",1,0,1,1
"AT_2011","baseline_3pct_inter2_keptmin",1,0,1,1
"AT_2011","baseline_3pct_inter2_naltmax",0,0,0,0
"AT_2011","baseline_3pct_ge2_nw",4.15361128787706,1.87858031446826,0.471593871519264,7.83562870423486
"AT_2011","baseline_3pct_ge2_nwx",5.80759812932878,2.13539726800188,1.62221948404509,9.99297677461246
"AT_2011","baseline_3pct_ge2_ratio",0.703488068464726,0.0502446673946195,0.605008520371272,0.80196761655818
"AT_2011","baseline_3pct_ge2_ok",1,0,1,1
"AT_2011","baseline_3pct_ge2_keptmin",0.776693958649479,0.0103560370712082,0.756396125989911,0.796991791309047
"AT_2011","baseline_3pct_ge2_naltmax",0.223306041350521,0.0103560370712081,0.203008208690953,0.243603874010089
"AT_2011","baseline_3pct_ge_theil_nw",1.22740849625675,0.240393666323531,0.75623691026263,1.69858008225087
"AT_2011","baseline_3pct_ge_theil_nwx",1.44426070047455,0.290055498104588,0.875751924189558,2.01276947675954
"AT_2011","baseline_3pct_ge_theil_ratio",0.850395025389058,0.00786078882412591,0.834987879293771,0.865802171484345
"AT_2011","baseline_3pct_ge_theil_ok",1,0,1,1
"AT_2011","baseline_3pct_ge_theil_keptmin",0.776693958649479,0.0103560370712082,0.756396125989911,0.796991791309047
"AT_2011","baseline_3pct_ge_theil_naltmax",0.223306041350521,0.0103560370712081,0.203008208690953,0.243603874010089
"AT_2011","baseline_3pct_ge_mld_nw",1.58252469748735,0.149269659061247,1.28995616572731,1.87509322924739
"AT_2011","baseline_3pct_ge_mld_nwx",1.74057007775979,0.208135533113348,1.33262443285763,2.14851572266196
"AT_2011","baseline_3pct_ge_mld_ratio",0.910876023425801,0.0212404090945203,0.869244821600541,0.95250722525106
"AT_2011","baseline_3pct_ge_mld_ok",1,0,1,1
"AT_2011","baseline_3pct_ge_mld_keptmin",0.776693958649479,0.0103560370712082,0.756396125989911,0.796991791309047
"AT_2011","baseline_3pct_ge_mld_naltmax",0.223306041350521,0.0103560370712081,0.203008208690953,0.243603874010089
"AT_2011","baseline_3pct_atkinson05_nw",0.483943131012402,0.0496852542096353,0.386560032761517,0.581326229263287
"AT_2011","baseline_3pct_atkinson05_nwx",0.533182452768508,0.0597607213557004,0.416051438911335,0.65031346662568
"AT_2011","baseline_3pct_atkinson05_ratio",0.908254150909007,0.00922771244149043,0.890167834523686,0.926340467294328
"AT_2011","baseline_3pct_atkinson05_ok",1,0,1,1
"AT_2011","baseline_3pct_atkinson05_keptmin",0.776693958649479,0.0103560370712082,0.756396125989911,0.796991791309047
"AT_2011","baseline_3pct_atkinson05_naltmax",0.223306041350521,0.0103560370712081,0.203008208690953,0.243603874010089
"AT_2011","baseline_3pct_atkinson1_nw",0.793085134386691,0.0287215382633643,0.736790919390497,0.849379349382885
"AT_2011","baseline_3pct_atkinson1_nwx",0.822192771963174,0.0335030491833743,0.75652679556376,0.887858748362587
"AT_2011","baseline_3pct_atkinson1_ratio",0.964713930524281,0.00449585389626085,0.95590205688761,0.973525804160952
"AT_2011","baseline_3pct_atkinson1_ok",1,0,1,1
"AT_2011","baseline_3pct_atkinson1_keptmin",0.776693958649479,0.0103560370712082,0.756396125989911,0.796991791309047
"AT_2011","baseline_3pct_atkinson1_naltmax",0.223306041350521,0.0103560370712081,0.203008208690953,0.243603874010089
"AT_2011","baseline_3pct_atkinson2_nw",0.994362301350404,0.00171735724243422,0.990996281155233,0.997728321545576
"AT_2011","baseline_3pct_atkinson2_nwx",0.994552008319434,0.00178953262577461,0.991044524372915,0.998059492265952
"AT_2011","baseline_3pct_atkinson2_ratio",0.999809372670919,0.00031829196759201,0.999185520414439,1.0004332249274
"AT_2011","baseline_3pct_atkinson2_ok",1,0,1,1
"AT_2011","baseline_3pct_atkinson2_keptmin",0.776693958649479,0.0103560370712082,0.756396125989911,0.796991791309047
"AT_2011","baseline_3pct_atkinson2_naltmax",0.223306041350521,0.0103560370712081,0.203008208690953,0.243603874010089
"AT_2011","baseline_3pct_ge2_bach1_nw",4.449115813732,2.02345652849359,0.483141017884555,8.41509060957944
"AT_2011","baseline_3pct_ge2_bach1_nwx",7.64151824653409,2.87014944639822,2.01602533159358,13.2670111614746
"AT_2011","baseline_3pct_ge2_bach1_ratio",0.573079951041527,0.0379298705071674,0.498737404847479,0.647422497235575
"AT_2011","baseline_3pct_ge2_bach1_ok",1,0,1,1
"AT_2011","baseline_3pct_ge2_bach1_keptmin",1,0,1,1
"AT_2011","baseline_3pct_ge2_bach1_naltmax",0.223306041350521,0.0103560370712081,0.203008208690953,0.243603874010089
"AT_2011","baseline_3pct_ge_theil_bach1_nw",1.28799186396504,0.244651487324314,0.808474948809384,1.7675087791207
"AT_2011","baseline_3pct_ge_theil_bach1_nwx",1.69701097711039,0.302097045624132,1.10490076768709,2.28912118653369
"AT_2011","baseline_3pct_ge_theil_bach1_ratio",0.758063467125288,0.00919477950337922,0.740041699298665,0.776085234951911
"AT_2011","baseline_3pct_ge_theil_bach1_ok",1,0,1,1
"AT_2011","baseline_3pct_ge_theil_bach1_keptmin",1,0,1,1
"AT_2011","baseline_3pct_ge_theil_bach1_naltmax",0.223306041350521,0.0103560370712081,0.203008208690953,0.243603874010089
"AT_2011","baseline_3pct_ge_mld_bach1_nw",2.16624988986682,0.198238707662232,1.77770202284885,2.5547977568848
"AT_2011","baseline_3pct_ge_mld_bach1_nwx",3.86124327159231,0.300301483061159,3.27265236479244,4.44983417839218
"AT_2011","baseline_3pct_ge_mld_bach1_ratio",0.560657326455863,0.00939383137032673,0.542245416970023,0.579069235941704
"AT_2011","baseline_3pct_ge_mld_bach1_ok",1,0,1,1
"AT_2011","baseline_3pct_ge_mld_bach1_keptmin",1,0,1,1
"AT_2011","baseline_3pct_ge_mld_bach1_naltmax",0.223306041350521,0.0103560370712081,0.203008208690953,0.243603874010089
"AT_2011","baseline_3pct_atkinson05_bach1_nw",0.513974246581153,0.048847850140455,0.418232460305861,0.609716032856445
"AT_2011","baseline_3pct_atkinson05_bach1_nwx",0.636416115687209,0.0504808517161183,0.537473646323617,0.735358585050801
"AT_2011","baseline_3pct_atkinson05_bach1_ratio",0.806981688524024,0.012071448571877,0.783321649323145,0.830641727724903
"AT_2011","baseline_3pct_atkinson05_bach1_ok",1,0,1,1
"AT_2011","baseline_3pct_atkinson05_bach1_keptmin",1,0,1,1
"AT_2011","baseline_3pct_atkinson05_bach1_naltmax",0.223306041350521,0.0103560370712081,0.203008208690953,0.243603874010089
"AT_2011","baseline_3pct_atkinson1_bach1_nw",0.883957761502402,0.0213335803424977,0.842143944031106,0.925771578973698
"AT_2011","baseline_3pct_atkinson1_bach1_nwx",0.978372469912163,0.00567654862409386,0.967246434608939,0.989498505215387
"AT_2011","baseline_3pct_atkinson1_bach1_ratio",0.90343492323143,0.0165505891480385,0.870995768501274,0.935874077961585
"AT_2011","baseline_3pct_atkinson1_bach1_ok",1,0,1,1
"AT_2011","baseline_3pct_atkinson1_bach1_keptmin",1,0,1,1
"AT_2011","baseline_3pct_atkinson1_bach1_naltmax",0.223306041350521,0.0103560370712081,0.203008208690953,0.243603874010089
"AT_2011","baseline_3pct_atkinson2_bach1_nw",0.999934940433055,1.4144943911075e-05,0.99990721634299,0.999962664523121
"AT_2011","baseline_3pct_atkinson2_bach1_nwx",0.999975112633528,5.43690508553156e-06,0.999964456299561,0.999985768967496
"AT_2011","baseline_3pct_atkinson2_bach1_ratio",0.999959826770526,9.10754881680664e-06,0.999941975974845,0.999977677566207
"AT_2011","baseline_3pct_atkinson2_bach1_ok",1,0,1,1
"AT_2011","baseline_3pct_atkinson2_bach1_keptmin",1,0,1,1
"AT_2011","baseline_3pct_atkinson2_bach1_naltmax",0.223306041350521,0.0103560370712081,0.203008208690953,0.243603874010089
"AT_2011","baseline_3pct_mu_ratio_nw",0.98616600012479,0.00849813664381654,0.96950965230291,1.00282234794667
"AT_2011","baseline_3pct_mu_ratio_nwx",0.368677581093411,0.0630335606792371,0.245131802162106,0.492223360024716
"EE_2013","baseline_3pct_gini_nw",0.690164572112359,0.00409472454700771,0.682138912000223,0.698190232224494
"EE_2013","baseline_3pct_gini_nwx",0.917556479719808,0.00238805809484388,0.912875885853914,0.922237073585702
"EE_2013","baseline_3pct_gini_ratio",0.752185252715747,0.0059642495914597,0.740495323516486,0.763875181915008
"EE_2013","baseline_3pct_gini_ok",1,0,1,1
"EE_2013","baseline_3pct_gini_keptmin",1,0,1,1
"EE_2013","baseline_3pct_gini_naltmax",0,0,0,0
"EE_2013","baseline_3pct_gini_rsv_nw",0.68766481463859,0.00409399570840137,0.679640583050124,0.695689046227057
"EE_2013","baseline_3pct_gini_rsv_nwx",0.739219676990774,0.00251610417248649,0.7342881128127,0.744151241168847
"EE_2013","baseline_3pct_gini_rsv_ratio",0.930252683144174,0.00255158551035427,0.92525157554388,0.935253790744468
"EE_2013","baseline_3pct_gini_rsv_ok",1,0,1,1
"EE_2013","baseline_3pct_gini_rsv_keptmin",1,0,1,1
"EE_2013","baseline_3pct_gini_rsv_naltmax",0,0,0,0
"EE_2013","baseline_3pct_cv_nw",3.70523327171446,0.0632239063493923,3.58131441526965,3.82915212815926
"EE_2013","baseline_3pct_cv_nwx",5.13386493205965,0.099795813420395,4.93826513775568,5.32946472636363
"EE_2013","baseline_3pct_cv_ratio",0.721752658630013,0.00395566020807528,0.713999564622185,0.72950575263784
"EE_2013","baseline_3pct_cv_ok",1,0,1,1
"EE_2013","baseline_3pct_cv_keptmin",1,0,1,1
"EE_2013","baseline_3pct_cv_naltmax",0,0,0,0
"EE_2013","baseline_3pct_top10_nw",0.556753980403238,0.00564497753677265,0.545689824431164,0.567818136375313
"EE_2013","baseline_3pct_top10_nwx",0.648948866717337,0.0034074390498276,0.642270286179675,0.655627447254999
"EE_2013","baseline_3pct_top10_ratio",0.857918277760287,0.00446220802420251,0.84917235003285,0.866664205487723
"EE_2013","baseline_3pct_top10_ok",1,0,1,1
"EE_2013","baseline_3pct_top10_keptmin",1,0,1,1
"EE_2013","baseline_3pct_top10_naltmax",0,0,0,0
"EE_2013","baseline_3pct_top1_nw",0.214155751220417,0.00560257423146443,0.203174705726746,0.225136796714087
"EE_2013","baseline_3pct_top1_nwx",0.261532682878212,0.00603418905844425,0.249705672323661,0.273359693432763
"EE_2013","baseline_3pct_top1_ratio",0.818811742411805,0.00332028999995294,0.812303974011897,0.825319510811713
"EE_2013","baseline_3pct_top1_ok",1,0,1,1
"EE_2013","baseline_3pct_top1_keptmin",1,0,1,1
"EE_2013","baseline_3pct_top1_naltmax",0,0,0,0
"EE_2013","baseline_3pct_sgini4_nw",0.888486188204255,0.0021435430778872,0.884284843771596,0.892687532636914
"EE_2013","baseline_3pct_sgini4_nwx",1.36652202714891,0.0106063339241161,1.34573361265764,1.38731044164017
"EE_2013","baseline_3pct_sgini4_ratio",0.650214470597547,0.00656528321461593,0.637346515496899,0.663082425698194
"EE_2013","baseline_3pct_sgini4_ok",1,0,1,1
"EE_2013","baseline_3pct_sgini4_keptmin",1,0,1,1
"EE_2013","baseline_3pct_sgini4_naltmax",0,0,0,0
"EE_2013","baseline_3pct_gini_abs_nw",66889.4323094692,1283.30482157866,64374.154859175,69404.7097597634
"EE_2013","baseline_3pct_gini_abs_nwx",71584.9280015682,1126.39619735869,69377.1914547451,73792.6645483912
"EE_2013","baseline_3pct_gini_abs_ratio",0.934379524751094,0.00515713759058493,0.924271535073547,0.94448751442864
"EE_2013","baseline_3pct_gini_abs_ok",1,0,1,1
"EE_2013","baseline_3pct_gini_abs_keptmin",1,0,1,1
"EE_2013","baseline_3pct_gini_abs_naltmax",0,0,0,0
"EE_2013","baseline_3pct_variance_nw",128924277337.286,2899277097.78087,123241694225.635,134606860448.936
"EE_2013","baseline_3pct_variance_nwx",160372798997.57,2795042708.63069,154894515288.654,165851082706.487
"EE_2013","baseline_3pct_variance_ratio",0.803859763743888,0.00511541998150596,0.793833540580137,0.81388598690764
"EE_2013","baseline_3pct_variance_ok",1,0,1,1
"EE_2013","baseline_3pct_variance_keptmin",1,0,1,1
"EE_2013","baseline_3pct_variance_naltmax",0,0,0,0
"EE_2013","baseline_3pct_kolm0.5_nw",0.0613974512213716,0.00231744375769299,0.0568552614562933,0.0659396409864498
"EE_2013","baseline_3pct_kolm0.5_nwx",7.94397246361239,0.261123710356221,7.4321699913142,8.45577493591058
"EE_2013","baseline_3pct_kolm0.5_ratio",0.00773379206706089,0.000366435029930726,0.00701557940839667,0.00845200472572512
"EE_2013","baseline_3pct_kolm0.5_ok",1,0,1,1
"EE_2013","baseline_3pct_kolm0.5_keptmin",1,0,1,1
"EE_2013","baseline_3pct_kolm0.5_naltmax",0,0,0,0
"EE_2013","baseline_3pct_kolm1_nw",0.0841954419166893,0.0029692271348244,0.0783757567324335,0.0900151271009451
"EE_2013","baseline_3pct_kolm1_nwx",15.7501535143612,0.266234122983503,15.2283346333135,16.2719723954089
"EE_2013","baseline_3pct_kolm1_ratio",0.0053463158316401,0.000193134127612587,0.00496777294151943,0.00572485872176077
"EE_2013","baseline_3pct_kolm1_ok",1,0,1,1
"EE_2013","baseline_3pct_kolm1_keptmin",1,0,1,1
"EE_2013","baseline_3pct_kolm1_naltmax",0,0,0,0
"EE_2013","baseline_3pct_p75_p25_nw",78673.2374511719,1749.60661698611,75244.0084818791,82102.4664204647
"EE_2013","baseline_3pct_p75_p25_nwx",74555.62765104,1234.18327327325,72136.6284354244,76974.6268666556
"EE_2013","baseline_3pct_p75_p25_ratio",1.05517096938456,0.00786893443625886,1.03974785788949,1.07059408087963
"EE_2013","baseline_3pct_p75_p25_ok",1,0,1,1
"EE_2013","baseline_3pct_p75_p25_keptmin",1,0,1,1
"EE_2013","baseline_3pct_p75_p25_naltmax",0,0,0,0
"EE_2013","baseline_3pct_p90_p10_nw",193827.728125,4398.55498584656,185206.560352741,202448.895897259
"EE_2013","baseline_3pct_p90_p10_nwx",168633.404125977,4413.91795791788,159982.124928458,177284.683323496
"EE_2013","baseline_3pct_p90_p10_ratio",1.14957852188101,0.0191060677472827,1.11213062909634,1.18702641466569
"EE_2013","baseline_3pct_p90_p10_ok",1,0,1,1
"EE_2013","baseline_3pct_p90_p10_keptmin",1,0,1,1
"EE_2013","baseline_3pct_p90_p10_naltmax",0,0,0,0
"EE_2013","baseline_3pct_inter1_nw",0.458960982655122,0.0103675914734136,0.438640503367232,0.479281461943013
"EE_2013","baseline_3pct_inter1_nwx",0.000970118830487722,1.27732869206247e-05,0.000945083188123297,0.000995154472852146
"EE_2013","baseline_3pct_inter1_ratio",473.088424123135,7.90397960785728,457.596624091735,488.580224154535
"EE_2013","baseline_3pct_inter1_ok",1,0,1,1
"EE_2013","baseline_3pct_inter1_keptmin",1,0,1,1
"EE_2013","baseline_3pct_inter1_naltmax",0,0,0,0
"EE_2013","baseline_3pct_inter2_nw",2.33705180972545,0.0625320963734696,2.21448890083344,2.45961471861745
"EE_2013","baseline_3pct_inter2_nwx",0.00101435052050531,1.77002915562943e-05,0.00097965794905497,0.00104904309195564
"EE_2013","baseline_3pct_inter2_ratio",2303.82860214372,32.8876836087939,2239.36874227048,2368.28846201696
"EE_2013","baseline_3pct_inter2_ok",1,0,1,1
"EE_2013","baseline_3pct_inter2_keptmin",1,0,1,1
"EE_2013","baseline_3pct_inter2_naltmax",0,0,0,0
"EE_2013","baseline_3pct_ge2_nw",6.48116231970825,0.21747618941369,6.05490898845741,6.90741565095908
"EE_2013","baseline_3pct_ge2_nwx",7.36851246040669,0.27441289615053,6.83066318395165,7.90636173686173
"EE_2013","baseline_3pct_ge2_ratio",0.8796605013688,0.00459719112914051,0.870650006755685,0.888670995981916
"EE_2013","baseline_3pct_ge2_ok",1,0,1,1
"EE_2013","baseline_3pct_ge2_keptmin",0.897861482630058,0.00180970291422073,0.894314464918185,0.90140850034193
"EE_2013","baseline_3pct_ge2_naltmax",0.102138517369942,0.00180970291422072,0.0985914996580698,0.105685535081815
"EE_2013","baseline_3pct_ge_theil_nw",1.09029299184355,0.017247588219108,1.0564877189341,1.12409826475301
"EE_2013","baseline_3pct_ge_theil_nwx",1.14655789685191,0.0160404624834748,1.1151185903843,1.17799720331952
"EE_2013","baseline_3pct_ge_theil_ratio",0.950912071815947,0.00248631889945611,0.946038886773013,0.955785256858881
"EE_2013","baseline_3pct_ge_theil_ok",1,0,1,1
"EE_2013","baseline_3pct_ge_theil_keptmin",0.897861482630058,0.00180970291422073,0.894314464918185,0.90140850034193
"EE_2013","baseline_3pct_ge_theil_naltmax",0.102138517369942,0.00180970291422072,0.0985914996580698,0.105685535081815
"EE_2013","baseline_3pct_ge_mld_nw",1.27349652624755,0.0176091008205025,1.23898268863937,1.30801036385574
"EE_2013","baseline_3pct_ge_mld_nwx",1.31340270090517,0.0166854693965757,1.28069918088788,1.34610622092246
"EE_2013","baseline_3pct_ge_mld_ratio",0.969607114701704,0.00114206252326687,0.967368672156101,0.971845557247307
"EE_2013","baseline_3pct_ge_mld_ok",1,0,1,1
"EE_2013","baseline_3pct_ge_mld_keptmin",0.897861482630058,0.00180970291422073,0.894314464918185,0.90140850034193
"EE_2013","baseline_3pct_ge_mld_naltmax",0.102138517369942,0.00180970291422072,0.0985914996580698,0.105685535081815
"EE_2013","baseline_3pct_atkinson05_nw",0.406706415124449,0.00509267365795652,0.396724774754854,0.416688055494043
"EE_2013","baseline_3pct_atkinson05_nwx",0.418818606388819,0.00459563497237084,0.409811161842972,0.427826050934666
"EE_2013","baseline_3pct_atkinson05_ratio",0.971069225373823,0.00152830474474276,0.968073748074127,0.974064702673519
"EE_2013","baseline_3pct_atkinson05_ok",1,0,1,1
"EE_2013","baseline_3pct_atkinson05_keptmin",0.897861482630058,0.00180970291422073,0.894314464918185,0.90140850034193
"EE_2013","baseline_3pct_atkinson05_naltmax",0.102138517369942,0.00180970291422072,0.0985914996580698,0.105685535081815
"EE_2013","baseline_3pct_atkinson1_nw",0.7201198306289,0.00488787618498539,0.710539593306329,0.729700067951471
"EE_2013","baseline_3pct_atkinson1_nwx",0.731071677451948,0.00445136602305858,0.722347000046753,0.739796354857143
"EE_2013","baseline_3pct_atkinson1_ratio",0.98501669494867,0.000710188780583587,0.983624724938726,0.986408664958614
"EE_2013","baseline_3pct_atkinson1_ok",1,0,1,1
"EE_2013","baseline_3pct_atkinson1_keptmin",0.897861482630058,0.00180970291422073,0.894314464918185,0.90140850034193
"EE_2013","baseline_3pct_atkinson1_naltmax",0.102138517369942,0.00180970291422072,0.0985914996580698,0.105685535081815
"EE_2013","baseline_3pct_atkinson2_nw",0.99908067372659,0.000112730431994607,0.998859722079881,0.9993016253733
"EE_2013","baseline_3pct_atkinson2_nwx",0.999061857759612,0.000109566329578515,0.998847107753638,0.999276607765586
"EE_2013","baseline_3pct_atkinson2_ratio",1.00001883368242,2.90656459560294e-05,0.999961865016347,1.00007580234849
"EE_2013","baseline_3pct_atkinson2_ok",1,0,1,1
"EE_2013","baseline_3pct_atkinson2_keptmin",0.897861482630058,0.00180970291422073,0.894314464918185,0.90140850034193
"EE_2013","baseline_3pct_atkinson2_naltmax",0.102138517369942,0.00180970291422072,0.0985914996580698,0.105685535081815
"EE_2013","baseline_3pct_ge2_bach1_nw",6.83879456949057,0.231664740000044,6.38473167909048,7.29285745989066
"EE_2013","baseline_3pct_ge2_bach1_nwx",8.26368100525261,0.308455750112396,7.65910773503232,8.86825427547291
"EE_2013","baseline_3pct_ge2_bach1_ratio",0.827646079105449,0.00343217442139525,0.820919017239514,0.834373140971383
"EE_2013","baseline_3pct_ge2_bach1_ok",1,0,1,1
"EE_2013","baseline_3pct_ge2_bach1_keptmin",1,0,1,1
"EE_2013","baseline_3pct_ge2_bach1_naltmax",0.102138517369942,0.00180970291422072,0.0985914996580698,0.105685535081815
"EE_2013","baseline_3pct_ge_theil_bach1_nw",1.14023731346929,0.0166815702532411,1.10754143577294,1.17293319116564
"EE_2013","baseline_3pct_ge_theil_bach1_nwx",1.25428279554996,0.0151375762689127,1.22461314606289,1.28395244503703
"EE_2013","baseline_3pct_ge_theil_bach1_ratio",0.909057590873781,0.00291422622966139,0.903345707463645,0.914769474283917
"EE_2013","baseline_3pct_ge_theil_bach1_ok",1,0,1,1
"EE_2013","baseline_3pct_ge_theil_bach1_keptmin",1,0,1,1
"EE_2013","baseline_3pct_ge_theil_bach1_naltmax",0.102138517369942,0.00180970291422072,0.0985914996580698,0.105685535081815
"EE_2013","baseline_3pct_ge_mld_bach1_nw",1.72344438823925,0.0116956311986868,1.70052095108982,1.74636782538867
"EE_2013","baseline_3pct_ge_mld_bach1_nwx",2.24470827636189,0.0184039355374421,2.2086365627085,2.28077999001528
"EE_2013","baseline_3pct_ge_mld_bach1_ratio",0.767799225868448,0.00541493844876252,0.757185946508874,0.778412505228023
"EE_2013","baseline_3pct_ge_mld_bach1_ok",1,0,1,1
"EE_2013","baseline_3pct_ge_mld_bach1_keptmin",1,0,1,1
"EE_2013","baseline_3pct_ge_mld_bach1_naltmax",0.102138517369942,0.00180970291422072,0.0985914996580698,0.105685535081815
"EE_2013","baseline_3pct_atkinson05_bach1_nw",0.435381468926933,0.00447558081490986,0.426609330529709,0.444153607324156
"EE_2013","baseline_3pct_atkinson05_bach1_nwx",0.477683776571742,0.00372284524754,0.470386999886564,0.484980553256921
"EE_2013","baseline_3pct_atkinson05_bach1_ratio",0.911432337908329,0.00288317260446037,0.905781319603587,0.917083356213071
"EE_2013","baseline_3pct_atkinson05_bach1_ok",1,0,1,1
"EE_2013","baseline_3pct_atkinson05_bach1_keptmin",1,0,1,1
"EE_2013","baseline_3pct_atkinson05_bach1_naltmax",0.102138517369942,0.00180970291422072,0.0985914996580698,0.105685535081815
"EE_2013","baseline_3pct_atkinson1_bach1_nw",0.821541448186972,0.0020792988134842,0.817466022512543,0.825616873861401
"EE_2013","baseline_3pct_atkinson1_bach1_nwx",0.894029562646255,0.00195694705849395,0.890193946411607,0.897865178880903
"EE_2013","baseline_3pct_atkinson1_bach1_ratio",0.918920778256844,0.00202734919152569,0.914947173841454,0.922894382672234
"EE_2013","baseline_3pct_atkinson1_bach1_ok",1,0,1,1
"EE_2013","baseline_3pct_atkinson1_bach1_keptmin",1,0,1,1
"EE_2013","baseline_3pct_atkinson1_bach1_naltmax",0.102138517369942,0.00180970291422072,0.0985914996580698,0.105685535081815
"EE_2013","baseline_3pct_atkinson2_bach1_nw",0.999825255232684,3.44789840874117e-06,0.999818497351803,0.999832013113565
"EE_2013","baseline_3pct_atkinson2_bach1_nwx",0.999897887040108,2.38515328794007e-06,0.999893212139664,0.999902561940552
"EE_2013","baseline_3pct_atkinson2_bach1_ratio",0.999927360775776,2.83214903979648e-06,0.999921809763658,0.999932911787894
"EE_2013","baseline_3pct_atkinson2_bach1_ok",1,0,1,1
"EE_2013","baseline_3pct_atkinson2_bach1_keptmin",1,0,1,1
"EE_2013","baseline_3pct_atkinson2_bach1_naltmax",0.102138517369942,0.00180970291422072,0.0985914996580698,0.105685535081815
"EE_2013","baseline_3pct_mu_ratio_nw",0.996377966510102,0.000225354685193025,0.995936271327124,0.99681966169308
"EE_2013","baseline_3pct_mu_ratio_nwx",0.805645481541933,0.00421972169339545,0.797374827022878,0.813916136060988
"FR_2009","baseline_3pct_gini_nw",0.672332772081831,NA,NA,NA
"FR_2009","baseline_3pct_gini_nwx",0.810768248845173,NA,NA,NA
"FR_2009","baseline_3pct_gini_ratio",0.829253949003893,NA,NA,NA
"FR_2009","baseline_3pct_gini_ok",1,NA,NA,NA
"FR_2009","baseline_3pct_gini_keptmin",1,NA,NA,NA
"FR_2009","baseline_3pct_gini_naltmax",0,NA,NA,NA
"FR_2009","baseline_3pct_gini_rsv_nw",0.667468085727283,NA,NA,NA
"FR_2009","baseline_3pct_gini_rsv_nwx",0.697852144539055,NA,NA,NA
"FR_2009","baseline_3pct_gini_rsv_ratio",0.956460606950142,NA,NA,NA
"FR_2009","baseline_3pct_gini_rsv_ok",1,NA,NA,NA
"FR_2009","baseline_3pct_gini_rsv_keptmin",1,NA,NA,NA
"FR_2009","baseline_3pct_gini_rsv_naltmax",0,NA,NA,NA
"FR_2009","baseline_3pct_cv_nw",3.73537709802761,NA,NA,NA
"FR_2009","baseline_3pct_cv_nwx",5.12811632891561,NA,NA,NA
"FR_2009","baseline_3pct_cv_ratio",0.728411147181893,NA,NA,NA
"FR_2009","baseline_3pct_cv_ok",1,NA,NA,NA
"FR_2009","baseline_3pct_cv_keptmin",1,NA,NA,NA
"FR_2009","baseline_3pct_cv_naltmax",0,NA,NA,NA
"FR_2009","baseline_3pct_top10_nw",0.486167965863683,NA,NA,NA
"FR_2009","baseline_3pct_top10_nwx",0.530968400470324,NA,NA,NA
"FR_2009","baseline_3pct_top10_ratio",0.915625045545164,NA,NA,NA
"FR_2009","baseline_3pct_top10_ok",1,NA,NA,NA
"FR_2009","baseline_3pct_top10_keptmin",1,NA,NA,NA
"FR_2009","baseline_3pct_top10_naltmax",0,NA,NA,NA
"FR_2009","baseline_3pct_top1_nw",0.174072445195235,NA,NA,NA
"FR_2009","baseline_3pct_top1_nwx",0.192151753336524,NA,NA,NA
"FR_2009","baseline_3pct_top1_ratio",0.905911302773149,NA,NA,NA
"FR_2009","baseline_3pct_top1_ok",1,NA,NA,NA
"FR_2009","baseline_3pct_top1_keptmin",1,NA,NA,NA
"FR_2009","baseline_3pct_top1_naltmax",0,NA,NA,NA
"FR_2009","baseline_3pct_sgini4_nw",0.913233506332855,NA,NA,NA
"FR_2009","baseline_3pct_sgini4_nwx",1.22072054205383,NA,NA,NA
"FR_2009","baseline_3pct_sgini4_ratio",0.748110214313557,NA,NA,NA
"FR_2009","baseline_3pct_sgini4_ok",1,NA,NA,NA
"FR_2009","baseline_3pct_sgini4_keptmin",1,NA,NA,NA
"FR_2009","baseline_3pct_sgini4_naltmax",0,NA,NA,NA
"FR_2009","baseline_3pct_gini_abs_nw",143020.55728342,NA,NA,NA
"FR_2009","baseline_3pct_gini_abs_nwx",150317.133416907,NA,NA,NA
"FR_2009","baseline_3pct_gini_abs_ratio",0.951458786050356,NA,NA,NA
"FR_2009","baseline_3pct_gini_abs_ok",1,NA,NA,NA
"FR_2009","baseline_3pct_gini_abs_keptmin",1,NA,NA,NA
"FR_2009","baseline_3pct_gini_abs_naltmax",0,NA,NA,NA
"FR_2009","baseline_3pct_variance_nw",631389381071.739,NA,NA,NA
"FR_2009","baseline_3pct_variance_nwx",903939244603.991,NA,NA,NA
"FR_2009","baseline_3pct_variance_ratio",0.698486524222483,NA,NA,NA
"FR_2009","baseline_3pct_variance_ok",1,NA,NA,NA
"FR_2009","baseline_3pct_variance_keptmin",1,NA,NA,NA
"FR_2009","baseline_3pct_variance_naltmax",0,NA,NA,NA
"FR_2009","baseline_3pct_kolm0.5_nw",0.047885907953858,NA,NA,NA
"FR_2009","baseline_3pct_kolm0.5_nwx",155.858062473106,NA,NA,NA
"FR_2009","baseline_3pct_kolm0.5_ratio",0.000307240493010241,NA,NA,NA
"FR_2009","baseline_3pct_kolm0.5_ok",1,NA,NA,NA
"FR_2009","baseline_3pct_kolm0.5_keptmin",1,NA,NA,NA
"FR_2009","baseline_3pct_kolm0.5_naltmax",0,NA,NA,NA
"FR_2009","baseline_3pct_kolm1_nw",0.0693514939761344,NA,NA,NA
"FR_2009","baseline_3pct_kolm1_nwx",168.254485185133,NA,NA,NA
"FR_2009","baseline_3pct_kolm1_ratio",0.000412182141235794,NA,NA,NA
"FR_2009","baseline_3pct_kolm1_ok",1,NA,NA,NA
"FR_2009","baseline_3pct_kolm1_keptmin",1,NA,NA,NA
"FR_2009","baseline_3pct_kolm1_naltmax",0,NA,NA,NA
"FR_2009","baseline_3pct_p75_p25_nw",253492,NA,NA,NA
"FR_2009","baseline_3pct_p75_p25_nwx",239185,NA,NA,NA
"FR_2009","baseline_3pct_p75_p25_ratio",1.05981562388946,NA,NA,NA
"FR_2009","baseline_3pct_p75_p25_ok",1,NA,NA,NA
"FR_2009","baseline_3pct_p75_p25_keptmin",1,NA,NA,NA
"FR_2009","baseline_3pct_p75_p25_naltmax",0,NA,NA,NA
"FR_2009","baseline_3pct_p90_p10_nw",466214,NA,NA,NA
"FR_2009","baseline_3pct_p90_p10_nwx",447329,NA,NA,NA
"FR_2009","baseline_3pct_p90_p10_ratio",1.04221724949646,NA,NA,NA
"FR_2009","baseline_3pct_p90_p10_ok",1,NA,NA,NA
"FR_2009","baseline_3pct_p90_p10_keptmin",1,NA,NA,NA
"FR_2009","baseline_3pct_p90_p10_naltmax",0,NA,NA,NA
"FR_2009","baseline_3pct_inter1_nw",0.115197321423605,NA,NA,NA
"FR_2009","baseline_3pct_inter1_nwx",2.06603145414358e-05,NA,NA,NA
"FR_2009","baseline_3pct_inter1_ratio",5575.77771589917,NA,NA,NA
"FR_2009","baseline_3pct_inter1_ok",1,NA,NA,NA
"FR_2009","baseline_3pct_inter1_keptmin",1,NA,NA,NA
"FR_2009","baseline_3pct_inter1_naltmax",0,NA,NA,NA
"FR_2009","baseline_3pct_inter2_nw",0.542339632814387,NA,NA,NA
"FR_2009","baseline_3pct_inter2_nwx",1.98978659492615e-05,NA,NA,NA
"FR_2009","baseline_3pct_inter2_ratio",27256.1707972767,NA,NA,NA
"FR_2009","baseline_3pct_inter2_ok",1,NA,NA,NA
"FR_2009","baseline_3pct_inter2_keptmin",1,NA,NA,NA
"FR_2009","baseline_3pct_inter2_naltmax",0,NA,NA,NA
"FR_2009","baseline_3pct_ge2_nw",6.71211315252703,NA,NA,NA
"FR_2009","baseline_3pct_ge2_nwx",7.0096776920232,NA,NA,NA
"FR_2009","baseline_3pct_ge2_ratio",0.957549469095448,NA,NA,NA
"FR_2009","baseline_3pct_ge2_ok",1,NA,NA,NA
"FR_2009","baseline_3pct_ge2_keptmin",0.943709494551417,NA,NA,NA
"FR_2009","baseline_3pct_ge2_naltmax",0.0562905054485827,NA,NA,NA
"FR_2009","baseline_3pct_ge_theil_nw",0.971048494950999,NA,NA,NA
"FR_2009","baseline_3pct_ge_theil_nwx",0.975413622358243,NA,NA,NA
"FR_2009","baseline_3pct_ge_theil_ratio",0.995524844735415,NA,NA,NA
"FR_2009","baseline_3pct_ge_theil_ok",1,NA,NA,NA
"FR_2009","baseline_3pct_ge_theil_keptmin",0.943709494551417,NA,NA,NA
"FR_2009","baseline_3pct_ge_theil_naltmax",0.0562905054485827,NA,NA,NA
"FR_2009","baseline_3pct_ge_mld_nw",1.35347504135273,NA,NA,NA
"FR_2009","baseline_3pct_ge_mld_nwx",1.34352807945598,NA,NA,NA
"FR_2009","baseline_3pct_ge_mld_ratio",1.0074036129567,NA,NA,NA
"FR_2009","baseline_3pct_ge_mld_ok",1,NA,NA,NA
"FR_2009","baseline_3pct_ge_mld_keptmin",0.943709494551417,NA,NA,NA
"FR_2009","baseline_3pct_ge_mld_naltmax",0.0562905054485827,NA,NA,NA
"FR_2009","baseline_3pct_atkinson05_nw",0.407935207642507,NA,NA,NA
"FR_2009","baseline_3pct_atkinson05_nwx",0.407016519645023,NA,NA,NA
"FR_2009","baseline_3pct_atkinson05_ratio",1.00225712705294,NA,NA,NA
"FR_2009","baseline_3pct_atkinson05_ok",1,NA,NA,NA
"FR_2009","baseline_3pct_atkinson05_keptmin",0.943709494551417,NA,NA,NA
"FR_2009","baseline_3pct_atkinson05_naltmax",0.0562905054485827,NA,NA,NA
"FR_2009","baseline_3pct_atkinson1_nw",0.741659046510371,NA,NA,NA
"FR_2009","baseline_3pct_atkinson1_nwx",0.739076516016802,NA,NA,NA
"FR_2009","baseline_3pct_atkinson1_ratio",1.00349426674722,NA,NA,NA
"FR_2009","baseline_3pct_atkinson1_ok",1,NA,NA,NA
"FR_2009","baseline_3pct_atkinson1_keptmin",0.943709494551417,NA,NA,NA
"FR_2009","baseline_3pct_atkinson1_naltmax",0.0562905054485827,NA,NA,NA
"FR_2009","baseline_3pct_atkinson2_nw",0.984883490523697,NA,NA,NA
"FR_2009","baseline_3pct_atkinson2_nwx",0.984896653254867,NA,NA,NA
"FR_2009","baseline_3pct_atkinson2_ratio",0.999986635418928,NA,NA,NA
"FR_2009","baseline_3pct_atkinson2_ok",1,NA,NA,NA
"FR_2009","baseline_3pct_atkinson2_keptmin",0.943709494551417,NA,NA,NA
"FR_2009","baseline_3pct_atkinson2_naltmax",0.0562905054485827,NA,NA,NA
"FR_2009","baseline_3pct_ge2_bach1_nw",6.92041786058219,NA,NA,NA
"FR_2009","baseline_3pct_ge2_bach1_nwx",7.45761144355462,NA,NA,NA
"FR_2009","baseline_3pct_ge2_bach1_ratio",0.927967072696351,NA,NA,NA
"FR_2009","baseline_3pct_ge2_bach1_ok",1,NA,NA,NA
"FR_2009","baseline_3pct_ge2_bach1_keptmin",1,NA,NA,NA
"FR_2009","baseline_3pct_ge2_bach1_naltmax",0.0562905054485827,NA,NA,NA
"FR_2009","baseline_3pct_ge_theil_bach1_nw",0.999520257832741,NA,NA,NA
"FR_2009","baseline_3pct_ge_theil_bach1_nwx",1.03334652110162,NA,NA,NA
"FR_2009","baseline_3pct_ge_theil_bach1_ratio",0.967265324285588,NA,NA,NA
"FR_2009","baseline_3pct_ge_theil_bach1_ok",1,NA,NA,NA
"FR_2009","baseline_3pct_ge_theil_bach1_keptmin",1,NA,NA,NA
"FR_2009","baseline_3pct_ge_theil_bach1_naltmax",0.0562905054485827,NA,NA,NA
"FR_2009","baseline_3pct_ge_mld_bach1_nw",1.63228929455193,NA,NA,NA
"FR_2009","baseline_3pct_ge_mld_bach1_nwx",1.90042342861173,NA,NA,NA
"FR_2009","baseline_3pct_ge_mld_bach1_ratio",0.858908214862585,NA,NA,NA
"FR_2009","baseline_3pct_ge_mld_bach1_ok",1,NA,NA,NA
"FR_2009","baseline_3pct_ge_mld_bach1_keptmin",1,NA,NA,NA
"FR_2009","baseline_3pct_ge_mld_bach1_naltmax",0.0562905054485827,NA,NA,NA
"FR_2009","baseline_3pct_atkinson05_bach1_nw",0.424463598905817,NA,NA,NA
"FR_2009","baseline_3pct_atkinson05_bach1_nwx",0.44020787160247,NA,NA,NA
"FR_2009","baseline_3pct_atkinson05_bach1_ratio",0.964234458962899,NA,NA,NA
"FR_2009","baseline_3pct_atkinson05_bach1_ok",1,NA,NA,NA
"FR_2009","baseline_3pct_atkinson05_bach1_keptmin",1,NA,NA,NA
"FR_2009","baseline_3pct_atkinson05_bach1_naltmax",0.0562905054485827,NA,NA,NA
"FR_2009","baseline_3pct_atkinson1_bach1_nw",0.804518453350598,NA,NA,NA
"FR_2009","baseline_3pct_atkinson1_bach1_nwx",0.85049469900384,NA,NA,NA
"FR_2009","baseline_3pct_atkinson1_bach1_ratio",0.945941761063188,NA,NA,NA
"FR_2009","baseline_3pct_atkinson1_bach1_ok",1,NA,NA,NA
"FR_2009","baseline_3pct_atkinson1_bach1_keptmin",1,NA,NA,NA
"FR_2009","baseline_3pct_atkinson1_bach1_naltmax",0.0562905054485827,NA,NA,NA
"FR_2009","baseline_3pct_atkinson2_bach1_nw",0.999834869801017,NA,NA,NA
"FR_2009","baseline_3pct_atkinson2_bach1_nwx",0.999911813485031,NA,NA,NA
"FR_2009","baseline_3pct_atkinson2_bach1_ratio",0.999923049529992,NA,NA,NA
"FR_2009","baseline_3pct_atkinson2_bach1_ok",1,NA,NA,NA
"FR_2009","baseline_3pct_atkinson2_bach1_keptmin",1,NA,NA,NA
"FR_2009","baseline_3pct_atkinson2_bach1_naltmax",0.0562905054485827,NA,NA,NA
"FR_2009","baseline_3pct_mu_ratio_nw",0.992764466412243,NA,NA,NA
"FR_2009","baseline_3pct_mu_ratio_nwx",0.86072949394978,NA,NA,NA
"GR_2009","baseline_3pct_gini_nw",0.556301093408145,0.00277771124242529,0.550856779372991,0.561745407443299
"GR_2009","baseline_3pct_gini_nwx",0.961119442583722,0.0359455692616835,0.890666126830822,1.03157275833662
"GR_2009","baseline_3pct_gini_ratio",0.579288611345038,0.0194804305802678,0.541106967407713,0.617470255282363
"GR_2009","baseline_3pct_gini_ok",0.8,0.489897948556636,-0.160199979171006,1.76019997917101
"GR_2009","baseline_3pct_gini_keptmin",1,0,1,1
"GR_2009","baseline_3pct_gini_naltmax",0,0,0,0
"GR_2009","baseline_3pct_gini_rsv_nw",0.554124937031477,0.0027690958263625,0.548697509211806,0.559552364851147
"GR_2009","baseline_3pct_gini_rsv_nwx",0.680001239434041,0.0048590643241804,0.670477473358647,0.689525005509435
"GR_2009","baseline_3pct_gini_rsv_ratio",0.814899816812539,0.00335723706777904,0.808319632159692,0.821480001465386
"GR_2009","baseline_3pct_gini_rsv_ok",1,0,1,1
"GR_2009","baseline_3pct_gini_rsv_keptmin",1,0,1,1
"GR_2009","baseline_3pct_gini_rsv_naltmax",0,0,0,0
"GR_2009","baseline_3pct_cv_nw",1.26849873548768,0.025163980794282,1.21917733313089,1.31782013784448
"GR_2009","baseline_3pct_cv_nwx",2.6714407022719,0.270450497559227,2.14135772705582,3.20152367748799
"GR_2009","baseline_3pct_cv_ratio",0.477806172297107,0.0446725300724684,0.390248013355069,0.565364331239145
"GR_2009","baseline_3pct_cv_ok",1,0,1,1
"GR_2009","baseline_3pct_cv_keptmin",1,0,1,1
"GR_2009","baseline_3pct_cv_naltmax",0,0,0,0
"GR_2009","baseline_3pct_top10_nw",0.386297904073104,0.0045326272667558,0.377413954630263,0.395181853515945
"GR_2009","baseline_3pct_top10_nwx",0.527101581834505,0.0124392151159699,0.502720720207203,0.551482443461806
"GR_2009","baseline_3pct_top10_ratio",0.73304250700427,0.0122436429780871,0.709044966767219,0.75704004724132
"GR_2009","baseline_3pct_top10_ok",1,0,1,1
"GR_2009","baseline_3pct_top10_keptmin",1,0,1,1
"GR_2009","baseline_3pct_top10_naltmax",0,0,0,0
"GR_2009","baseline_3pct_top1_nw",0.0837164162761096,0.00337575045502101,0.0770999453842684,0.0903328871679508
"GR_2009","baseline_3pct_top1_nwx",0.118493837564435,0.0062281386757252,0.106286685760013,0.130700989368856
"GR_2009","baseline_3pct_top1_ratio",0.706895116154551,0.0161792395234691,0.675183806688551,0.73860642562055
"GR_2009","baseline_3pct_top1_ok",1,0,1,1
"GR_2009","baseline_3pct_top1_keptmin",1,0,1,1
"GR_2009","baseline_3pct_top1_naltmax",0,0,0,0
"GR_2009","baseline_3pct_sgini4_nw",0.81669935467168,0.00139879846890827,0.81395770967262,0.819440999670741
"GR_2009","baseline_3pct_sgini4_nwx",1.65356107750796,0.0833669736806758,1.49016180909384,1.81696034592209
"GR_2009","baseline_3pct_sgini4_ratio",0.49470254550825,0.0237939912488804,0.448066322660444,0.541338768356055
"GR_2009","baseline_3pct_sgini4_ok",1,0,1,1
"GR_2009","baseline_3pct_sgini4_keptmin",1,0,1,1
"GR_2009","baseline_3pct_sgini4_naltmax",0,0,0,0
"GR_2009","baseline_3pct_gini_abs_nw",82440.0580131823,904.230983341904,80667.7652858322,84212.3507405324
"GR_2009","baseline_3pct_gini_abs_nwx",94848.6612916662,2185.03997654558,90565.9829376368,99131.3396456955
"GR_2009","baseline_3pct_gini_abs_ratio",0.869374724511605,0.0144988619923334,0.840956955006632,0.897792494016579
"GR_2009","baseline_3pct_gini_abs_ok",1,0,1,1
"GR_2009","baseline_3pct_gini_abs_keptmin",1,0,1,1
"GR_2009","baseline_3pct_gini_abs_naltmax",0,0,0,0
"GR_2009","baseline_3pct_variance_nw",35355006910.2655,1772293035.29747,31881312561.0825,38828701259.4486
"GR_2009","baseline_3pct_variance_nwx",69771258394.6705,12014817611.6656,46222215875.806,93320300913.535
"GR_2009","baseline_3pct_variance_ratio",0.515530946050544,0.0793427401868047,0.360019175284407,0.671042716816681
"GR_2009","baseline_3pct_variance_ok",1,0,1,1
"GR_2009","baseline_3pct_variance_keptmin",1,0,1,1
"GR_2009","baseline_3pct_variance_naltmax",0,0,0,0
"GR_2009","baseline_3pct_kolm0.5_nw",0.161306094953202,0.00298338601002877,0.155458658373546,0.167153531532858
"GR_2009","baseline_3pct_kolm0.5_nwx",13.0132658264723,4.93671826748438,3.33729802220292,22.6892336307417
"GR_2009","baseline_3pct_kolm0.5_ratio",0.0141569792151818,0.00735043771727396,-0.000249878710675193,0.0285638371410387
"GR_2009","baseline_3pct_kolm0.5_ok",1,0,1,1
"GR_2009","baseline_3pct_kolm0.5_keptmin",1,0,1,1
"GR_2009","baseline_3pct_kolm0.5_naltmax",0,0,0,0
"GR_2009","baseline_3pct_kolm1_nw",0.251462394070477,0.00574398063929457,0.240204192017459,0.262720596123494
"GR_2009","baseline_3pct_kolm1_nwx",20.0116761749383,5.01943822958333,10.173577244955,29.8497751049217
"GR_2009","baseline_3pct_kolm1_ratio",0.0132190438684985,0.00401732216727656,0.00534509242063645,0.0210929953163606
"GR_2009","baseline_3pct_kolm1_ok",1,0,1,1
"GR_2009","baseline_3pct_kolm1_keptmin",1,0,1,1
"GR_2009","baseline_3pct_kolm1_naltmax",0,0,0,0
"GR_2009","baseline_3pct_p75_p25_nw",161607.8,1054.42166138599,159541.133543683,163674.466456317
"GR_2009","baseline_3pct_p75_p25_nwx",149229.029841161,1478.7875925576,146330.606159748,152127.453522574
"GR_2009","baseline_3pct_p75_p25_ratio",1.08298943029605,0.00758066778463881,1.06813132143816,1.09784753915394
"GR_2009","baseline_3pct_p75_p25_ok",1,0,1,1
"GR_2009","baseline_3pct_p75_p25_keptmin",1,0,1,1
"GR_2009","baseline_3pct_p75_p25_naltmax",0,0,0,0
"GR_2009","baseline_3pct_p90_p10_nw",329650.6,2111.09975131447,325512.844487424,333788.355512576
"GR_2009","baseline_3pct_p90_p10_nwx",295329.755257604,2608.40729469926,290217.276959993,300442.233555215
"GR_2009","baseline_3pct_p90_p10_ratio",1.11625892174296,0.0105097703690555,1.09565977181962,1.13685807166631
"GR_2009","baseline_3pct_p90_p10_ok",1,0,1,1
"GR_2009","baseline_3pct_p90_p10_keptmin",1,0,1,1
"GR_2009","baseline_3pct_p90_p10_naltmax",0,0,0,0
"GR_2009","baseline_3pct_inter1_nw",0.228716630260681,0.023423762804564,0.182806055163736,0.274627205357627
"GR_2009","baseline_3pct_inter1_nwx",0.0015859865541528,0.000338524069584805,0.000922479377766583,0.00224949373053902
"GR_2009","baseline_3pct_inter1_ratio",147.760407205474,29.6698569143797,89.6074876532896,205.913326757658
"GR_2009","baseline_3pct_inter1_ok",1,0,1,1
"GR_2009","baseline_3pct_inter1_keptmin",1,0,1,1
"GR_2009","baseline_3pct_inter1_naltmax",0,0,0,0
"GR_2009","baseline_3pct_inter2_nw",0.330364804749534,0.039179058954062,0.253573849199573,0.407155760299496
"GR_2009","baseline_3pct_inter2_nwx",0.00127063893865373,0.00033885512112958,0.000606482901239758,0.00193479497606771
"GR_2009","baseline_3pct_inter2_ratio",270.158179193941,66.8815862443163,139.070270155081,401.246088232801
"GR_2009","baseline_3pct_inter2_ok",1,0,1,1
"GR_2009","baseline_3pct_inter2_keptmin",1,0,1,1
"GR_2009","baseline_3pct_inter2_naltmax",0,0,0,0
"GR_2009","baseline_3pct_ge2_nw",0.729207849513977,0.02932771703382,0.67172552412769,0.786690174900265
"GR_2009","baseline_3pct_ge2_nwx",0.865419818020435,0.0353770828852041,0.796080735565435,0.934758900475435
"GR_2009","baseline_3pct_ge2_ratio",0.842635726124181,0.00591520523073061,0.831041923871949,0.854229528376413
"GR_2009","baseline_3pct_ge2_ok",1,0,1,1
"GR_2009","baseline_3pct_ge2_keptmin",0.849801884881917,0.00205653334511467,0.845771079525493,0.853832690238342
"GR_2009","baseline_3pct_ge2_naltmax",0.150198115118083,0.00205653334511464,0.146167309761658,0.154228920474507
"GR_2009","baseline_3pct_ge_theil_nw",0.507322652760157,0.0079365599551761,0.491766995248012,0.522878310272302
"GR_2009","baseline_3pct_ge_theil_nwx",0.581019568744014,0.00839413071650353,0.564567072539667,0.597472064948361
"GR_2009","baseline_3pct_ge_theil_ratio",0.873163940985726,0.00618244949778115,0.861046339970075,0.885281542001377
"GR_2009","baseline_3pct_ge_theil_ok",1,0,1,1
"GR_2009","baseline_3pct_ge_theil_keptmin",0.849801884881917,0.00205653334511467,0.845771079525493,0.853832690238342
"GR_2009","baseline_3pct_ge_theil_naltmax",0.150198115118083,0.00205653334511464,0.146167309761658,0.154228920474507
"GR_2009","baseline_3pct_ge_mld_nw",0.770485727421864,0.00440938413663375,0.761843334514062,0.779128120329666
"GR_2009","baseline_3pct_ge_mld_nwx",0.87339372207951,0.00734583915891726,0.858995877328032,0.887791566830988
"GR_2009","baseline_3pct_ge_mld_ratio",0.882204401136176,0.00700249361110351,0.868479513658413,0.895929288613939
"GR_2009","baseline_3pct_ge_mld_ok",1,0,1,1
"GR_2009","baseline_3pct_ge_mld_keptmin",0.849801884881917,0.00205653334511467,0.845771079525493,0.853832690238342
"GR_2009","baseline_3pct_ge_mld_naltmax",0.150198115118083,0.00205653334511464,0.146167309761658,0.154228920474507
"GR_2009","baseline_3pct_atkinson05_nw",0.253461994575407,0.00219796094260317,0.249153991127905,0.257769998022909
"GR_2009","baseline_3pct_atkinson05_nwx",0.286002928317616,0.00251488830516712,0.281073747239489,0.290932109395744
"GR_2009","baseline_3pct_atkinson05_ratio",0.88623546390676,0.00587814534405035,0.874714299032422,0.897756628781099
"GR_2009","baseline_3pct_atkinson05_ok",1,0,1,1
"GR_2009","baseline_3pct_atkinson05_keptmin",0.849801884881917,0.00205653334511467,0.845771079525493,0.853832690238342
"GR_2009","baseline_3pct_atkinson05_naltmax",0.150198115118083,0.00205653334511464,0.146167309761658,0.154228920474507
"GR_2009","baseline_3pct_atkinson1_nw",0.537208775673361,0.0020408887305912,0.533208633761403,0.54120891758532
"GR_2009","baseline_3pct_atkinson1_nwx",0.582460325244594,0.00307360289089083,0.576436063578448,0.58848458691074
"GR_2009","baseline_3pct_atkinson1_ratio",0.922321619899598,0.00464969443559097,0.91320821880584,0.931435020993357
"GR_2009","baseline_3pct_atkinson1_ok",1,0,1,1
"GR_2009","baseline_3pct_atkinson1_keptmin",0.849801884881917,0.00205653334511467,0.845771079525493,0.853832690238342
"GR_2009","baseline_3pct_atkinson1_naltmax",0.150198115118083,0.00205653334511464,0.146167309761658,0.154228920474507
"GR_2009","baseline_3pct_atkinson2_nw",0.969274329091058,0.0030646714531478,0.963267573042888,0.975281085139228
"GR_2009","baseline_3pct_atkinson2_nwx",0.969859982317304,0.00257780811657915,0.964807478408809,0.974912486225799
"GR_2009","baseline_3pct_atkinson2_ratio",0.999395259964705,0.000521873676971123,0.998372387557841,1.00041813237157
"GR_2009","baseline_3pct_atkinson2_ok",1,0,1,1
"GR_2009","baseline_3pct_atkinson2_keptmin",0.849801884881917,0.00205653334511467,0.845771079525493,0.853832690238342
"GR_2009","baseline_3pct_atkinson2_naltmax",0.150198115118083,0.00205653334511464,0.146167309761658,0.154228920474507
"GR_2009","baseline_3pct_ge2_bach1_nw",0.799420372759749,0.0320686250363475,0.736565867688508,0.86227487783099
"GR_2009","baseline_3pct_ge2_bach1_nwx",1.10677852935224,0.0433453686037804,1.02182160688884,1.19173545181565
"GR_2009","baseline_3pct_ge2_bach1_ratio",0.722282461160781,0.00334798016037411,0.715720420046448,0.728844502275114
"GR_2009","baseline_3pct_ge2_bach1_ok",1,0,1,1
"GR_2009","baseline_3pct_ge2_bach1_keptmin",1,0,1,1
"GR_2009","baseline_3pct_ge2_bach1_naltmax",0.150198115118083,0.00205653334511464,0.146167309761658,0.154228920474507
"GR_2009","baseline_3pct_ge_theil_bach1_nw",0.562853878060728,0.00876138119427282,0.545681570919954,0.580026185201503
"GR_2009","baseline_3pct_ge_theil_bach1_nwx",0.743756613917851,0.00859765298076006,0.726905214075562,0.760608013760141
"GR_2009","baseline_3pct_ge_theil_bach1_ratio",0.756753171497712,0.00446057280269987,0.74801044880442,0.765495894191004
"GR_2009","baseline_3pct_ge_theil_bach1_ok",1,0,1,1
"GR_2009","baseline_3pct_ge_theil_bach1_keptmin",1,0,1,1
"GR_2009","baseline_3pct_ge_theil_bach1_naltmax",0.150198115118083,0.00205653334511464,0.146167309761658,0.154228920474507
"GR_2009","baseline_3pct_ge_mld_bach1_nw",1.31963313286222,0.0114866301545804,1.29711933775925,1.3421469279652
"GR_2009","baseline_3pct_ge_mld_bach1_nwx",2.35938313753108,0.017206810731745,2.32565778849686,2.3931084865653
"GR_2009","baseline_3pct_ge_mld_bach1_ratio",0.559327114872534,0.00558652035387418,0.548377534978941,0.570276694766128
"GR_2009","baseline_3pct_ge_mld_bach1_ok",1,0,1,1
"GR_2009","baseline_3pct_ge_mld_bach1_keptmin",1,0,1,1
"GR_2009","baseline_3pct_ge_mld_bach1_naltmax",0.150198115118083,0.00205653334511464,0.146167309761658,0.154228920474507
"GR_2009","baseline_3pct_atkinson05_bach1_nw",0.293554949744851,0.00263766055226069,0.28838513506242,0.298724764427282
"GR_2009","baseline_3pct_atkinson05_bach1_nwx",0.392567763671924,0.00209346693265675,0.388464568483917,0.396670958859931
"GR_2009","baseline_3pct_atkinson05_bach1_ratio",0.74777630879998,0.00416442548980687,0.739614034839959,0.755938582760002
"GR_2009","baseline_3pct_atkinson05_bach1_ok",1,0,1,1
"GR_2009","baseline_3pct_atkinson05_bach1_keptmin",1,0,1,1
"GR_2009","baseline_3pct_atkinson05_bach1_naltmax",0.150198115118083,0.00205653334511464,0.146167309761658,0.154228920474507
"GR_2009","baseline_3pct_atkinson1_bach1_nw",0.732754918587806,0.00307167756640389,0.726734430557655,0.738775406617958
"GR_2009","baseline_3pct_atkinson1_bach1_nwx",0.905512177658071,0.00162907692880708,0.902319186877609,0.908705168438533
"GR_2009","baseline_3pct_atkinson1_bach1_ratio",0.809216791644741,0.00337202245989542,0.802607627623346,0.815825955666136
"GR_2009","baseline_3pct_atkinson1_bach1_ok",1,0,1,1
"GR_2009","baseline_3pct_atkinson1_bach1_keptmin",1,0,1,1
"GR_2009","baseline_3pct_atkinson1_bach1_naltmax",0.150198115118083,0.00205653334511464,0.146167309761658,0.154228920474507
"GR_2009","baseline_3pct_atkinson2_bach1_nw",0.999875755050271,2.62596819007302e-06,0.999870608152619,0.999880901947924
"GR_2009","baseline_3pct_atkinson2_bach1_nwx",0.999944163750805,8.77016706422616e-07,0.99994244479806,0.999945882703549
"GR_2009","baseline_3pct_atkinson2_bach1_ratio",0.999931587479196,2.23877574046337e-06,0.999927199478745,0.999935975479648
"GR_2009","baseline_3pct_atkinson2_bach1_ok",1,0,1,1
"GR_2009","baseline_3pct_atkinson2_bach1_keptmin",1,0,1,1
"GR_2009","baseline_3pct_atkinson2_bach1_naltmax",0.150198115118083,0.00205653334511464,0.146167309761658,0.154228920474507
"GR_2009","baseline_3pct_mu_ratio_nw",0.99608815811541,0.000109236094288241,0.995874055370605,0.996302260860215
"GR_2009","baseline_3pct_mu_ratio_nwx",0.708038690640647,0.0212816038435748,0.66632674710724,0.749750634174053
"IT_2014","baseline_3pct_gini_nw",0.589599552762747,NA,NA,NA
"IT_2014","baseline_3pct_gini_nwx",0.814276288987177,NA,NA,NA
"IT_2014","baseline_3pct_gini_ratio",0.724078007350687,NA,NA,NA
"IT_2014","baseline_3pct_gini_ok",1,NA,NA,NA
"IT_2014","baseline_3pct_gini_keptmin",1,NA,NA,NA
"IT_2014","baseline_3pct_gini_naltmax",0,NA,NA,NA
"IT_2014","baseline_3pct_gini_rsv_nw",0.589140189319729,NA,NA,NA
"IT_2014","baseline_3pct_gini_rsv_nwx",0.652508410504824,NA,NA,NA
"IT_2014","baseline_3pct_gini_rsv_ratio",0.902885203983701,NA,NA,NA
"IT_2014","baseline_3pct_gini_rsv_ok",1,NA,NA,NA
"IT_2014","baseline_3pct_gini_rsv_keptmin",1,NA,NA,NA
"IT_2014","baseline_3pct_gini_rsv_naltmax",0,NA,NA,NA
"IT_2014","baseline_3pct_cv_nw",1.61280661368983,NA,NA,NA
"IT_2014","baseline_3pct_cv_nwx",2.58185543085649,NA,NA,NA
"IT_2014","baseline_3pct_cv_ratio",0.624669605592441,NA,NA,NA
"IT_2014","baseline_3pct_cv_ok",1,NA,NA,NA
"IT_2014","baseline_3pct_cv_keptmin",1,NA,NA,NA
"IT_2014","baseline_3pct_cv_naltmax",0,NA,NA,NA
"IT_2014","baseline_3pct_top10_nw",0.421207862656951,NA,NA,NA
"IT_2014","baseline_3pct_top10_nwx",0.487052439759947,NA,NA,NA
"IT_2014","baseline_3pct_top10_ratio",0.864810086701447,NA,NA,NA
"IT_2014","baseline_3pct_top10_ok",1,NA,NA,NA
"IT_2014","baseline_3pct_top10_keptmin",1,NA,NA,NA
"IT_2014","baseline_3pct_top10_naltmax",0,NA,NA,NA
"IT_2014","baseline_3pct_top1_nw",0.114423091570084,NA,NA,NA
"IT_2014","baseline_3pct_top1_nwx",0.127966005737101,NA,NA,NA
"IT_2014","baseline_3pct_top1_ratio",0.894167876155797,NA,NA,NA
"IT_2014","baseline_3pct_top1_ok",1,NA,NA,NA
"IT_2014","baseline_3pct_top1_keptmin",1,NA,NA,NA
"IT_2014","baseline_3pct_top1_naltmax",0,NA,NA,NA
"IT_2014","baseline_3pct_sgini4_nw",0.836766127191972,NA,NA,NA
"IT_2014","baseline_3pct_sgini4_nwx",1.33462983644645,NA,NA,NA
"IT_2014","baseline_3pct_sgini4_ratio",0.626964948887941,NA,NA,NA
"IT_2014","baseline_3pct_sgini4_ok",1,NA,NA,NA
"IT_2014","baseline_3pct_sgini4_keptmin",1,NA,NA,NA
"IT_2014","baseline_3pct_sgini4_naltmax",0,NA,NA,NA
"IT_2014","baseline_3pct_gini_abs_nw",138610.873368798,NA,NA,NA
"IT_2014","baseline_3pct_gini_abs_nwx",143522.636391838,NA,NA,NA
"IT_2014","baseline_3pct_gini_abs_ratio",0.965777084740623,NA,NA,NA
"IT_2014","baseline_3pct_gini_abs_ok",1,NA,NA,NA
"IT_2014","baseline_3pct_gini_abs_keptmin",1,NA,NA,NA
"IT_2014","baseline_3pct_gini_abs_naltmax",0,NA,NA,NA
"IT_2014","baseline_3pct_variance_nw",143762262993.341,NA,NA,NA
"IT_2014","baseline_3pct_variance_nwx",207090926268.532,NA,NA,NA
"IT_2014","baseline_3pct_variance_ratio",0.694198754062871,NA,NA,NA
"IT_2014","baseline_3pct_variance_ok",1,NA,NA,NA
"IT_2014","baseline_3pct_variance_keptmin",1,NA,NA,NA
"IT_2014","baseline_3pct_variance_naltmax",0,NA,NA,NA
"IT_2014","baseline_3pct_kolm0.5_nw",0.127696812657095,NA,NA,NA
"IT_2014","baseline_3pct_kolm0.5_nwx",53.1988149386353,NA,NA,NA
"IT_2014","baseline_3pct_kolm0.5_ratio",0.00240036949703472,NA,NA,NA
"IT_2014","baseline_3pct_kolm0.5_ok",1,NA,NA,NA
"IT_2014","baseline_3pct_kolm0.5_keptmin",1,NA,NA,NA
"IT_2014","baseline_3pct_kolm0.5_naltmax",0,NA,NA,NA
"IT_2014","baseline_3pct_kolm1_nw",0.19267657970698,NA,NA,NA
"IT_2014","baseline_3pct_kolm1_nwx",62.48599459788,NA,NA,NA
"IT_2014","baseline_3pct_kolm1_ratio",0.00308351624947196,NA,NA,NA
"IT_2014","baseline_3pct_kolm1_ok",1,NA,NA,NA
"IT_2014","baseline_3pct_kolm1_keptmin",1,NA,NA,NA
"IT_2014","baseline_3pct_kolm1_naltmax",0,NA,NA,NA
"IT_2014","baseline_3pct_p75_p25_nw",264095.926513672,NA,NA,NA
"IT_2014","baseline_3pct_p75_p25_nwx",239200,NA,NA,NA
"IT_2014","baseline_3pct_p75_p25_ratio",1.10407996034144,NA,NA,NA
"IT_2014","baseline_3pct_p75_p25_ok",1,NA,NA,NA
"IT_2014","baseline_3pct_p75_p25_keptmin",1,NA,NA,NA
"IT_2014","baseline_3pct_p75_p25_naltmax",0,NA,NA,NA
"IT_2014","baseline_3pct_p90_p10_nw",512150,NA,NA,NA
"IT_2014","baseline_3pct_p90_p10_nwx",445500,NA,NA,NA
"IT_2014","baseline_3pct_p90_p10_ratio",1.14960718294052,NA,NA,NA
"IT_2014","baseline_3pct_p90_p10_ok",1,NA,NA,NA
"IT_2014","baseline_3pct_p90_p10_keptmin",1,NA,NA,NA
"IT_2014","baseline_3pct_p90_p10_naltmax",0,NA,NA,NA
"IT_2014","baseline_3pct_inter1_nw",0.208457147795222,NA,NA,NA
"IT_2014","baseline_3pct_inter1_nwx",0.000159268378560076,NA,NA,NA
"IT_2014","baseline_3pct_inter1_ratio",1308.84202928324,NA,NA,NA
"IT_2014","baseline_3pct_inter1_ok",1,NA,NA,NA
"IT_2014","baseline_3pct_inter1_keptmin",1,NA,NA,NA
"IT_2014","baseline_3pct_inter1_naltmax",0,NA,NA,NA
"IT_2014","baseline_3pct_inter2_nw",0.38335621591985,NA,NA,NA
"IT_2014","baseline_3pct_inter2_nwx",0.000126896955149743,NA,NA,NA
"IT_2014","baseline_3pct_inter2_ratio",3021.0040537811,NA,NA,NA
"IT_2014","baseline_3pct_inter2_ok",1,NA,NA,NA
"IT_2014","baseline_3pct_inter2_keptmin",1,NA,NA,NA
"IT_2014","baseline_3pct_inter2_naltmax",0,NA,NA,NA
"IT_2014","baseline_3pct_ge2_nw",1.27955897889278,NA,NA,NA
"IT_2014","baseline_3pct_ge2_nwx",1.15030469653579,NA,NA,NA
"IT_2014","baseline_3pct_ge2_ratio",1.11236525656745,NA,NA,NA
"IT_2014","baseline_3pct_ge2_ok",1,NA,NA,NA
"IT_2014","baseline_3pct_ge2_keptmin",0.937645795554463,NA,NA,NA
"IT_2014","baseline_3pct_ge2_naltmax",0.0623542044455374,NA,NA,NA
"IT_2014","baseline_3pct_ge_theil_nw",0.660065032689358,NA,NA,NA
"IT_2014","baseline_3pct_ge_theil_nwx",0.661986000495223,NA,NA,NA
"IT_2014","baseline_3pct_ge_theil_ratio",0.997098174577064,NA,NA,NA
"IT_2014","baseline_3pct_ge_theil_ok",1,NA,NA,NA
"IT_2014","baseline_3pct_ge_theil_keptmin",0.937645795554463,NA,NA,NA
"IT_2014","baseline_3pct_ge_theil_naltmax",0.0623542044455374,NA,NA,NA
"IT_2014","baseline_3pct_ge_mld_nw",0.939197311100666,NA,NA,NA
"IT_2014","baseline_3pct_ge_mld_nwx",0.958677927293393,NA,NA,NA
"IT_2014","baseline_3pct_ge_mld_ratio",0.979679707190374,NA,NA,NA
"IT_2014","baseline_3pct_ge_mld_ok",1,NA,NA,NA
"IT_2014","baseline_3pct_ge_mld_keptmin",0.937645795554463,NA,NA,NA
"IT_2014","baseline_3pct_ge_mld_naltmax",0.0623542044455374,NA,NA,NA
"IT_2014","baseline_3pct_atkinson05_nw",0.311932953965143,NA,NA,NA
"IT_2014","baseline_3pct_atkinson05_nwx",0.316852239136268,NA,NA,NA
"IT_2014","baseline_3pct_atkinson05_ratio",0.98447451346869,NA,NA,NA
"IT_2014","baseline_3pct_atkinson05_ok",1,NA,NA,NA
"IT_2014","baseline_3pct_atkinson05_keptmin",0.937645795554463,NA,NA,NA
"IT_2014","baseline_3pct_atkinson05_naltmax",0.0623542044455374,NA,NA,NA
"IT_2014","baseline_3pct_atkinson1_nw",0.609058486137981,NA,NA,NA
"IT_2014","baseline_3pct_atkinson1_nwx",0.616600567018582,NA,NA,NA
"IT_2014","baseline_3pct_atkinson1_ratio",0.987768287471631,NA,NA,NA
"IT_2014","baseline_3pct_atkinson1_ok",1,NA,NA,NA
"IT_2014","baseline_3pct_atkinson1_keptmin",0.937645795554463,NA,NA,NA
"IT_2014","baseline_3pct_atkinson1_naltmax",0.0623542044455374,NA,NA,NA
"IT_2014","baseline_3pct_atkinson2_nw",0.94982776000613,NA,NA,NA
"IT_2014","baseline_3pct_atkinson2_nwx",0.949594497648585,NA,NA,NA
"IT_2014","baseline_3pct_atkinson2_ratio",1.00024564417562,NA,NA,NA
"IT_2014","baseline_3pct_atkinson2_ok",1,NA,NA,NA
"IT_2014","baseline_3pct_atkinson2_keptmin",0.937645795554463,NA,NA,NA
"IT_2014","baseline_3pct_atkinson2_naltmax",0.0623542044455374,NA,NA,NA
"IT_2014","baseline_3pct_ge2_bach1_nw",1.29913371080094,NA,NA,NA
"IT_2014","baseline_3pct_ge2_bach1_nwx",1.26005018685296,NA,NA,NA
"IT_2014","baseline_3pct_ge2_bach1_ratio",1.03101743434965,NA,NA,NA
"IT_2014","baseline_3pct_ge2_bach1_ok",1,NA,NA,NA
"IT_2014","baseline_3pct_ge2_bach1_keptmin",1,NA,NA,NA
"IT_2014","baseline_3pct_ge2_bach1_naltmax",0.0623542044455374,NA,NA,NA
"IT_2014","baseline_3pct_ge_theil_bach1_nw",0.671004184070333,NA,NA,NA
"IT_2014","baseline_3pct_ge_theil_bach1_nwx",0.726364636213865,NA,NA,NA
"IT_2014","baseline_3pct_ge_theil_bach1_ratio",0.923784213350343,NA,NA,NA
"IT_2014","baseline_3pct_ge_theil_bach1_ok",1,NA,NA,NA
"IT_2014","baseline_3pct_ge_theil_bach1_keptmin",1,NA,NA,NA
"IT_2014","baseline_3pct_ge_theil_bach1_naltmax",0.0623542044455374,NA,NA,NA
"IT_2014","baseline_3pct_ge_mld_bach1_nw",1.05272538584571,NA,NA,NA
"IT_2014","baseline_3pct_ge_mld_bach1_nwx",1.59903899664264,NA,NA,NA
"IT_2014","baseline_3pct_ge_mld_bach1_ratio",0.658348788275973,NA,NA,NA
"IT_2014","baseline_3pct_ge_mld_bach1_ok",1,NA,NA,NA
"IT_2014","baseline_3pct_ge_mld_bach1_keptmin",1,NA,NA,NA
"IT_2014","baseline_3pct_ge_mld_bach1_naltmax",0.0623542044455374,NA,NA,NA
"IT_2014","baseline_3pct_atkinson05_bach1_nw",0.319382260481377,NA,NA,NA
"IT_2014","baseline_3pct_atkinson05_bach1_nwx",0.359225311206871,NA,NA,NA
"IT_2014","baseline_3pct_atkinson05_bach1_ratio",0.889086182174537,NA,NA,NA
"IT_2014","baseline_3pct_atkinson05_bach1_ok",1,NA,NA,NA
"IT_2014","baseline_3pct_atkinson05_bach1_keptmin",1,NA,NA,NA
"IT_2014","baseline_3pct_atkinson05_bach1_naltmax",0.0623542044455374,NA,NA,NA
"IT_2014","baseline_3pct_atkinson1_bach1_nw",0.651014667835795,NA,NA,NA
"IT_2014","baseline_3pct_atkinson1_bach1_nwx",0.797909365515353,NA,NA,NA
"IT_2014","baseline_3pct_atkinson1_bach1_ratio",0.815900522003922,NA,NA,NA
"IT_2014","baseline_3pct_atkinson1_bach1_ok",1,NA,NA,NA
"IT_2014","baseline_3pct_atkinson1_bach1_keptmin",1,NA,NA,NA
"IT_2014","baseline_3pct_atkinson1_bach1_naltmax",0.0623542044455374,NA,NA,NA
"IT_2014","baseline_3pct_atkinson2_bach1_nw",0.99961215564509,NA,NA,NA
"IT_2014","baseline_3pct_atkinson2_bach1_nwx",0.999919160717033,NA,NA,NA
"IT_2014","baseline_3pct_atkinson2_bach1_ratio",0.99969297010798,NA,NA,NA
"IT_2014","baseline_3pct_atkinson2_bach1_ok",1,NA,NA,NA
"IT_2014","baseline_3pct_atkinson2_bach1_keptmin",1,NA,NA,NA
"IT_2014","baseline_3pct_atkinson2_bach1_naltmax",0.0623542044455374,NA,NA,NA
"IT_2014","baseline_3pct_mu_ratio_nw",0.999220889091816,NA,NA,NA
"IT_2014","baseline_3pct_mu_ratio_nwx",0.801335393563327,NA,NA,NA
"LU_2010","baseline_3pct_gini_nw",0.668194648936377,0.00198886440559653,0.664296474701408,0.672092823171346
"LU_2010","baseline_3pct_gini_nwx",0.815334229455593,0.00309263463376106,0.809272665573421,0.821395793337764
"LU_2010","baseline_3pct_gini_ratio",0.819546648059806,0.00507587895347405,0.809597925310997,0.829495370808615
"LU_2010","baseline_3pct_gini_ok",1,0,1,1
"LU_2010","baseline_3pct_gini_keptmin",1,0,1,1
"LU_2010","baseline_3pct_gini_naltmax",0,0,0,0
"LU_2010","baseline_3pct_gini_rsv_nw",0.665213398098425,0.00204505660987442,0.661205087143071,0.669221709053779
"LU_2010","baseline_3pct_gini_rsv_nwx",0.712134093321833,0.00162199762230745,0.70895497798211,0.715313208661555
"LU_2010","baseline_3pct_gini_rsv_ratio",0.934116416791405,0.00381062043813253,0.926647600732665,0.941585232850145
"LU_2010","baseline_3pct_gini_rsv_ok",1,0,1,1
"LU_2010","baseline_3pct_gini_rsv_keptmin",1,0,1,1
"LU_2010","baseline_3pct_gini_rsv_naltmax",0,0,0,0
"LU_2010","baseline_3pct_cv_nw",2.62503024266318,0.0272285174110093,2.5716623485376,2.67839813678876
"LU_2010","baseline_3pct_cv_nwx",3.32228370756157,0.0203201077608884,3.28245629635023,3.36211111877291
"LU_2010","baseline_3pct_cv_ratio",0.790116179861779,0.00391387246371115,0.782444989832905,0.797787369890653
"LU_2010","baseline_3pct_cv_ok",1,0,1,1
"LU_2010","baseline_3pct_cv_keptmin",1,0,1,1
"LU_2010","baseline_3pct_cv_naltmax",0,0,0,0
"LU_2010","baseline_3pct_top10_nw",0.519525837330364,0.00226069949135955,0.515094866327299,0.523956808333429
"LU_2010","baseline_3pct_top10_nwx",0.586662125095114,0.00408703616426154,0.578651534213162,0.594672715977067
"LU_2010","baseline_3pct_top10_ratio",0.885580265177055,0.00495531237278285,0.875867852926401,0.89529267742771
"LU_2010","baseline_3pct_top10_ok",1,0,1,1
"LU_2010","baseline_3pct_top10_keptmin",1,0,1,1
"LU_2010","baseline_3pct_top10_naltmax",0,0,0,0
"LU_2010","baseline_3pct_top1_nw",0.217604409650492,0.00309538319756173,0.211537458583271,0.223671360717713
"LU_2010","baseline_3pct_top1_nwx",0.258576839540696,0.00329981487476031,0.252109202386166,0.265044476695226
"LU_2010","baseline_3pct_top1_ratio",0.841539984557326,0.00348682084008156,0.834705815710767,0.848374153403886
"LU_2010","baseline_3pct_top1_ok",1,0,1,1
"LU_2010","baseline_3pct_top1_keptmin",1,0,1,1
"LU_2010","baseline_3pct_top1_naltmax",0,0,0,0
"LU_2010","baseline_3pct_sgini4_nw",0.88620957163505,0.00082897389955113,0.88458478279193,0.88783436047817
"LU_2010","baseline_3pct_sgini4_nwx",1.17668429924976,0.00622609619133633,1.16448115071474,1.18888744778478
"LU_2010","baseline_3pct_sgini4_ratio",0.753157850682189,0.00468572078378059,0.743973837945979,0.762341863418399
"LU_2010","baseline_3pct_sgini4_ok",1,0,1,1
"LU_2010","baseline_3pct_sgini4_keptmin",1,0,1,1
"LU_2010","baseline_3pct_sgini4_naltmax",0,0,0,0
"LU_2010","baseline_3pct_gini_abs_nw",464693.532737463,3007.17312721436,458799.473408123,470587.592066803
"LU_2010","baseline_3pct_gini_abs_nwx",461694.266494424,3276.99077439366,455271.364576613,468117.168412236
"LU_2010","baseline_3pct_gini_abs_ratio",1.00650525535737,0.00430518168552264,0.998067099253747,1.014943411461
"LU_2010","baseline_3pct_gini_abs_ok",1,0,1,1
"LU_2010","baseline_3pct_gini_abs_keptmin",1,0,1,1
"LU_2010","baseline_3pct_gini_abs_naltmax",0,0,0,0
"LU_2010","baseline_3pct_variance_nw",3332962367367.08,75800584635.2146,3184393221482.06,3481531513252.1
"LU_2010","baseline_3pct_variance_nwx",3539562580084.65,72011328982.2871,3398420375279.36,3680704784889.93
"LU_2010","baseline_3pct_variance_ratio",0.941608232643279,0.00548393989096809,0.930859710456981,0.952356754829576
"LU_2010","baseline_3pct_variance_ok",1,0,1,1
"LU_2010","baseline_3pct_variance_keptmin",1,0,1,1
"LU_2010","baseline_3pct_variance_naltmax",0,0,0,0
"LU_2010","baseline_3pct_kolm0.5_nw",0.0950784795846222,0.000592577034946343,0.0939170285961274,0.0962399305731171
"LU_2010","baseline_3pct_kolm0.5_nwx",0.729672973578405,0.0438797340372232,0.643668694865448,0.815677252291363
"LU_2010","baseline_3pct_kolm0.5_ratio",0.130601479135749,0.00750591071283796,0.115889894138586,0.145313064132911
"LU_2010","baseline_3pct_kolm0.5_ok",1,0,1,1
"LU_2010","baseline_3pct_kolm0.5_keptmin",1,0,1,1
"LU_2010","baseline_3pct_kolm0.5_naltmax",0,0,0,0
"LU_2010","baseline_3pct_kolm1_nw",0.127805039336063,0.00106392079708493,0.125719754573777,0.12989032409835
"LU_2010","baseline_3pct_kolm1_nwx",5.77278996571523,0.157299517266321,5.46448291187324,6.08109701955722
"LU_2010","baseline_3pct_kolm1_ratio",0.0221479865245673,0.000505196411940794,0.0211578015571633,0.0231381714919712
"LU_2010","baseline_3pct_kolm1_ok",1,0,1,1
"LU_2010","baseline_3pct_kolm1_keptmin",1,0,1,1
"LU_2010","baseline_3pct_kolm1_naltmax",0,0,0,0
"LU_2010","baseline_3pct_p75_p25_nw",670668.6,11261.5727835858,648595.917344172,692741.282655828
"LU_2010","baseline_3pct_p75_p25_nwx",579760.245159009,13221.9914194138,553845.141976958,605675.34834106
"LU_2010","baseline_3pct_p75_p25_ratio",1.15709739433467,0.026575579263122,1.10500925897895,1.20918552969039
"LU_2010","baseline_3pct_p75_p25_ok",1,0,1,1
"LU_2010","baseline_3pct_p75_p25_keptmin",1,0,1,1
"LU_2010","baseline_3pct_p75_p25_naltmax",0,0,0,0
"LU_2010","baseline_3pct_p90_p10_nw",1329223.2,5317.1124343952,1318801.65962859,1339644.74037141
"LU_2010","baseline_3pct_p90_p10_nwx",1141064.28090267,20393.018899771,1101093.96385912,1181034.59794622
"LU_2010","baseline_3pct_p90_p10_ratio",1.16511530941748,0.0186568313967166,1.12854791987992,1.20168269895505
"LU_2010","baseline_3pct_p90_p10_ok",1,0,1,1
"LU_2010","baseline_3pct_p90_p10_keptmin",1,0,1,1
"LU_2010","baseline_3pct_p90_p10_naltmax",0,0,0,0
"LU_2010","baseline_3pct_inter1_nw",0.456880715600493,0.0144592633224785,0.428540559488436,0.485220871712551
"LU_2010","baseline_3pct_inter1_nwx",0.00242912688607902,4.43762833604531e-05,0.00234214937069253,0.0025161044014655
"LU_2010","baseline_3pct_inter1_ratio",188.063631164457,3.48696648476758,181.229176854313,194.898085474602
"LU_2010","baseline_3pct_inter1_ok",1,0,1,1
"LU_2010","baseline_3pct_inter1_keptmin",1,0,1,1
"LU_2010","baseline_3pct_inter1_naltmax",0,0,0,0
"LU_2010","baseline_3pct_inter2_nw",1.38702379284796,0.0611166635735161,1.26723513224386,1.50681245345205
"LU_2010","baseline_3pct_inter2_nwx",0.00268811021094912,5.59946544437078e-05,0.00257836068823945,0.00279785973365878
"LU_2010","baseline_3pct_inter2_ratio",515.864343514562,14.8027205197892,486.851011295775,544.877675733349
"LU_2010","baseline_3pct_inter2_ok",1,0,1,1
"LU_2010","baseline_3pct_inter2_keptmin",1,0,1,1
"LU_2010","baseline_3pct_inter2_naltmax",0,0,0,0
"LU_2010","baseline_3pct_ge2_nw",3.24712920278301,0.0659098743112809,3.1179458491329,3.37631255643312
"LU_2010","baseline_3pct_ge2_nwx",3.81804539578646,0.0700478140483145,3.68075168025177,3.95533911132116
"LU_2010","baseline_3pct_ge2_ratio",0.850460846384728,0.00590774092504018,0.838881674171649,0.862040018597807
"LU_2010","baseline_3pct_ge2_ok",1,0,1,1
"LU_2010","baseline_3pct_ge2_keptmin",0.904559034833127,0.0040493015373719,0.896622403819878,0.912495665846376
"LU_2010","baseline_3pct_ge2_naltmax",0.0954409651668727,0.00404930153737192,0.0875043341536238,0.103377596180122
"LU_2010","baseline_3pct_ge_theil_nw",0.973325142616167,0.0115402920090231,0.950706170278481,0.995944114953852
"LU_2010","baseline_3pct_ge_theil_nwx",1.04396848176236,0.0109165785389343,1.02257198782605,1.06536497569867
"LU_2010","baseline_3pct_ge_theil_ratio",0.932335940253208,0.00622896345342503,0.920127171884495,0.944544708621921
"LU_2010","baseline_3pct_ge_theil_ok",1,0,1,1
"LU_2010","baseline_3pct_ge_theil_keptmin",0.904559034833127,0.0040493015373719,0.896622403819878,0.912495665846376
"LU_2010","baseline_3pct_ge_theil_naltmax",0.0954409651668727,0.00404930153737192,0.0875043341536238,0.103377596180122
"LU_2010","baseline_3pct_ge_mld_nw",1.26176169831317,0.0125038868823245,1.23725408002381,1.28626931660252
"LU_2010","baseline_3pct_ge_mld_nwx",1.27488682578665,0.00898826200652029,1.25726983225387,1.29250381931943
"LU_2010","baseline_3pct_ge_mld_ratio",0.989713366639066,0.00851403572001921,0.973025856627828,1.0064008766503
"LU_2010","baseline_3pct_ge_mld_ok",1,0,1,1
"LU_2010","baseline_3pct_ge_mld_keptmin",0.904559034833127,0.0040493015373719,0.896622403819878,0.912495665846376
"LU_2010","baseline_3pct_ge_mld_naltmax",0.0954409651668727,0.00404930153737192,0.0875043341536238,0.103377596180122
"LU_2010","baseline_3pct_atkinson05_nw",0.392594976070004,0.00336645466945817,0.385996724917866,0.399193227222143
"LU_2010","baseline_3pct_atkinson05_nwx",0.407042922429659,0.00280357408737065,0.401547917218412,0.412537927640905
"LU_2010","baseline_3pct_atkinson05_ratio",0.96450873334599,0.00588837328727082,0.952967521702939,0.976049944989041
"LU_2010","baseline_3pct_atkinson05_ok",1,0,1,1
"LU_2010","baseline_3pct_atkinson05_keptmin",0.904559034833127,0.0040493015373719,0.896622403819878,0.912495665846376
"LU_2010","baseline_3pct_atkinson05_naltmax",0.0954409651668727,0.00404930153737192,0.0875043341536238,0.103377596180122
"LU_2010","baseline_3pct_atkinson1_nw",0.716830532031304,0.00352532199773503,0.709920900915743,0.723740163146864
"LU_2010","baseline_3pct_atkinson1_nwx",0.720529883915609,0.00250983756691445,0.715610602284456,0.725449165546761
"LU_2010","baseline_3pct_atkinson1_ratio",0.994867875924491,0.00425731182979922,0.986523544738084,1.0032122071109
"LU_2010","baseline_3pct_atkinson1_ok",1,0,1,1
"LU_2010","baseline_3pct_atkinson1_keptmin",0.904559034833127,0.0040493015373719,0.896622403819878,0.912495665846376
"LU_2010","baseline_3pct_atkinson1_naltmax",0.0954409651668727,0.00404930153737192,0.0875043341536238,0.103377596180122
"LU_2010","baseline_3pct_atkinson2_nw",0.999407912110872,2.68190022362494e-06,0.999402655586433,0.99941316863531
"LU_2010","baseline_3pct_atkinson2_nwx",0.999355630019859,4.54340281087162e-06,0.99934672495035,0.999364535089369
"LU_2010","baseline_3pct_atkinson2_ratio",1.0000523158085,2.60544975689051e-06,1.00004720912697,1.00005742249002
"LU_2010","baseline_3pct_atkinson2_ok",1,0,1,1
"LU_2010","baseline_3pct_atkinson2_keptmin",0.904559034833127,0.0040493015373719,0.896622403819878,0.912495665846376
"LU_2010","baseline_3pct_atkinson2_naltmax",0.0954409651668727,0.00404930153737192,0.0875043341536238,0.103377596180122
"LU_2010","baseline_3pct_ge2_bach1_nw",3.42769060084844,0.0714341253582974,3.28767971514618,3.5677014865507
"LU_2010","baseline_3pct_ge2_bach1_nwx",4.27361652841098,0.0715582726113431,4.13336231409274,4.41387074272921
"LU_2010","baseline_3pct_ge2_bach1_ratio",0.802027349455539,0.00499801434090463,0.792231241347366,0.811823457563712
"LU_2010","baseline_3pct_ge2_bach1_ok",1,0,1,1
"LU_2010","baseline_3pct_ge2_bach1_keptmin",1,0,1,1
"LU_2010","baseline_3pct_ge2_bach1_naltmax",0.0954409651668727,0.00404930153737192,0.0875043341536238,0.103377596180122
"LU_2010","baseline_3pct_ge_theil_bach1_nw",1.02037864768665,0.0107923790333041,0.999225584781371,1.04153171059192
"LU_2010","baseline_3pct_ge_theil_bach1_nwx",1.14428042585273,0.00718821718269874,1.13019152017464,1.15836933153082
"LU_2010","baseline_3pct_ge_theil_bach1_ratio",0.891712441299518,0.00595849506167553,0.880033790978634,0.903391091620402
"LU_2010","baseline_3pct_ge_theil_bach1_ok",1,0,1,1
"LU_2010","baseline_3pct_ge_theil_bach1_keptmin",1,0,1,1
"LU_2010","baseline_3pct_ge_theil_bach1_naltmax",0.0954409651668727,0.00404930153737192,0.0875043341536238,0.103377596180122
"LU_2010","baseline_3pct_ge_mld_bach1_nw",1.77727399993955,0.0322555242508272,1.71405317240792,1.84049482747117
"LU_2010","baseline_3pct_ge_mld_bach1_nwx",2.33345795747751,0.0374428294445914,2.26007001176611,2.40684590318891
"LU_2010","baseline_3pct_ge_mld_bach1_ratio",0.761656990326221,0.00777161349921239,0.746424627867765,0.776889352784677
"LU_2010","baseline_3pct_ge_mld_bach1_ok",1,0,1,1
"LU_2010","baseline_3pct_ge_mld_bach1_keptmin",1,0,1,1
"LU_2010","baseline_3pct_ge_mld_bach1_naltmax",0.0954409651668727,0.00404930153737192,0.0875043341536238,0.103377596180122
"LU_2010","baseline_3pct_atkinson05_bach1_nw",0.420432151396935,0.00268031548484613,0.415178733046637,0.425685569747234
"LU_2010","baseline_3pct_atkinson05_bach1_nwx",0.463463479388586,0.000386255377086307,0.462706418849497,0.464220539927675
"LU_2010","baseline_3pct_atkinson05_bach1_ratio",0.907152461497665,0.00567575800348836,0.896027975810827,0.918276947184502
"LU_2010","baseline_3pct_atkinson05_bach1_ok",1,0,1,1
"LU_2010","baseline_3pct_atkinson05_bach1_keptmin",1,0,1,1
"LU_2010","baseline_3pct_atkinson05_bach1_naltmax",0.0954409651668727,0.00404930153737192,0.0875043341536238,0.103377596180122
"LU_2010","baseline_3pct_atkinson1_bach1_nw",0.830842900943532,0.00545096653682286,0.820159006531359,0.841526795355705
"LU_2010","baseline_3pct_atkinson1_bach1_nwx",0.902994400368595,0.00367959147790399,0.895782401071903,0.910206399665287
"LU_2010","baseline_3pct_atkinson1_bach1_ratio",0.920094089593751,0.00359294174803575,0.913051923767601,0.927136255419901
"LU_2010","baseline_3pct_atkinson1_bach1_ok",1,0,1,1
"LU_2010","baseline_3pct_atkinson1_bach1_keptmin",1,0,1,1
"LU_2010","baseline_3pct_atkinson1_bach1_naltmax",0.0954409651668727,0.00404930153737192,0.0875043341536238,0.103377596180122
"LU_2010","baseline_3pct_atkinson2_bach1_nw",0.999970109680628,2.1279949309605e-06,0.999965938810563,0.999974280550692
"LU_2010","baseline_3pct_atkinson2_bach1_nwx",0.99998309831817,6.57031199056497e-07,0.99998181053702,0.99998438609932
"LU_2010","baseline_3pct_atkinson2_bach1_ratio",0.999987011142345,1.5364748027564e-06,0.999983999651732,0.999990022632959
"LU_2010","baseline_3pct_atkinson2_bach1_ok",1,0,1,1
"LU_2010","baseline_3pct_atkinson2_bach1_keptmin",1,0,1,1
"LU_2010","baseline_3pct_atkinson2_bach1_naltmax",0.0954409651668727,0.00404930153737192,0.0875043341536238,0.103377596180122
"LU_2010","baseline_3pct_mu_ratio_nw",0.995538173284499,0.000244737235217601,0.995058488303472,0.996017858265525
"LU_2010","baseline_3pct_mu_ratio_nwx",0.873430586308925,0.0022535405292837,0.869013646871528,0.877847525746321
"SK_2010","baseline_3pct_gini_nw",0.448725589082017,0.00194056239816557,0.444922086781612,0.452529091382421
"SK_2010","baseline_3pct_gini_nwx",0.573862493168853,0.00786417042977157,0.558448719126501,0.589276267211205
"SK_2010","baseline_3pct_gini_ratio",0.782037996670886,0.0113447935509653,0.759802201310994,0.804273792030779
"SK_2010","baseline_3pct_gini_ok",1,0,1,1
"SK_2010","baseline_3pct_gini_keptmin",1,0,1,1
"SK_2010","baseline_3pct_gini_naltmax",0,0,0,0
"SK_2010","baseline_3pct_gini_rsv_nw",0.448193756689874,0.00195362666039226,0.444364648435506,0.452022864944243
"SK_2010","baseline_3pct_gini_rsv_nwx",0.512073732603819,0.00250776134110415,0.507158520375254,0.516988944832383
"SK_2010","baseline_3pct_gini_rsv_ratio",0.875264910552572,0.00539926790830158,0.864682345452301,0.885847475652844
"SK_2010","baseline_3pct_gini_rsv_ok",1,0,1,1
"SK_2010","baseline_3pct_gini_rsv_keptmin",1,0,1,1
"SK_2010","baseline_3pct_gini_rsv_naltmax",0,0,0,0
"SK_2010","baseline_3pct_cv_nw",1.0612535678994,0.0190724694209991,1.02387152783425,1.09863560796456
"SK_2010","baseline_3pct_cv_nwx",1.43950937490006,0.0392135913488946,1.36265073585623,1.51636801394389
"SK_2010","baseline_3pct_cv_ratio",0.737507465427227,0.0195869724867542,0.699116999353188,0.775897931501265
"SK_2010","baseline_3pct_cv_ok",1,0,1,1
"SK_2010","baseline_3pct_cv_keptmin",1,0,1,1
"SK_2010","baseline_3pct_cv_naltmax",0,0,0,0
"SK_2010","baseline_3pct_top10_nw",0.329546120751629,0.00216221652656646,0.325308176359559,0.333784065143699
"SK_2010","baseline_3pct_top10_nwx",0.366638438990944,0.00272965848321053,0.361288308363852,0.371988569618037
"SK_2010","baseline_3pct_top10_ratio",0.898845041567394,0.00521966119962202,0.888614505616134,0.909075577518653
"SK_2010","baseline_3pct_top10_ok",1,0,1,1
"SK_2010","baseline_3pct_top10_keptmin",1,0,1,1
"SK_2010","baseline_3pct_top10_naltmax",0,0,0,0
"SK_2010","baseline_3pct_top1_nw",0.0795666471658342,0.00308715612537813,0.0735158211600931,0.0856174731715754
"SK_2010","baseline_3pct_top1_nwx",0.0913794831137991,0.00326146529048428,0.0849870111444499,0.0977719550831483
"SK_2010","baseline_3pct_top1_ratio",0.870668833194371,0.00533949494859427,0.860203423095126,0.881134243293616
"SK_2010","baseline_3pct_top1_ok",1,0,1,1
"SK_2010","baseline_3pct_top1_keptmin",1,0,1,1
"SK_2010","baseline_3pct_top1_naltmax",0,0,0,0
"SK_2010","baseline_3pct_sgini4_nw",0.675897847926097,0.00276525480138214,0.670477948515388,0.681317747336806
"SK_2010","baseline_3pct_sgini4_nwx",0.951524613120412,0.0188805150946823,0.914518803534835,0.988530422705989
"SK_2010","baseline_3pct_sgini4_ratio",0.710520862561896,0.0146147531889174,0.681875946311618,0.739165778812174
"SK_2010","baseline_3pct_sgini4_ok",1,0,1,1
"SK_2010","baseline_3pct_sgini4_keptmin",1,0,1,1
"SK_2010","baseline_3pct_sgini4_naltmax",0,0,0,0
"SK_2010","baseline_3pct_gini_abs_nw",35355.0312996858,348.070520983442,34672.8130785582,36037.2495208133
"SK_2010","baseline_3pct_gini_abs_nwx",38503.5630939243,374.955666150274,37768.6499882698,39238.4761995789
"SK_2010","baseline_3pct_gini_abs_ratio",0.918250408948959,0.00807658522357803,0.902420301910746,0.934080515987172
"SK_2010","baseline_3pct_gini_abs_ok",1,0,1,1
"SK_2010","baseline_3pct_gini_abs_keptmin",1,0,1,1
"SK_2010","baseline_3pct_gini_abs_naltmax",0,0,0,0
"SK_2010","baseline_3pct_variance_nw",6992926926.76667,257987306.380701,6487271806.2605,7498582047.27285
"SK_2010","baseline_3pct_variance_nwx",9330298870.87825,404651498.497693,8537181933.82277,10123415807.9337
"SK_2010","baseline_3pct_variance_ratio",0.750079011332341,0.0326523151591491,0.686080473620408,0.814077549044273
"SK_2010","baseline_3pct_variance_ok",1,0,1,1
"SK_2010","baseline_3pct_variance_keptmin",1,0,1,1
"SK_2010","baseline_3pct_variance_naltmax",0,0,0,0
"SK_2010","baseline_3pct_kolm0.5_nw",0.154710574131545,0.0037470009628963,0.147366452244269,0.162054696018822
"SK_2010","baseline_3pct_kolm0.5_nwx",1.28711549582012,0.582509875915249,0.145396139026228,2.42883485261401
"SK_2010","baseline_3pct_kolm0.5_ratio",0.138233330054163,0.0617661253205124,0.0171717244259584,0.259294935682367
"SK_2010","baseline_3pct_kolm0.5_ok",1,0,1,1
"SK_2010","baseline_3pct_kolm0.5_keptmin",1,0,1,1
"SK_2010","baseline_3pct_kolm0.5_naltmax",0,0,0,0
"SK_2010","baseline_3pct_kolm1_nw",0.240001800917349,0.0067593004459615,0.226753572043265,0.253250029791434
"SK_2010","baseline_3pct_kolm1_nwx",6.12008019738881,1.83794371769103,2.51771051071439,9.72244988406323
"SK_2010","baseline_3pct_kolm1_ratio",0.0416484271811494,0.0123931620566282,0.0173578295501582,0.0659390248121406
"SK_2010","baseline_3pct_kolm1_ok",1,0,1,1
"SK_2010","baseline_3pct_kolm1_keptmin",1,0,1,1
"SK_2010","baseline_3pct_kolm1_naltmax",0,0,0,0
"SK_2010","baseline_3pct_p75_p25_nw",60513.279107666,1017.04759066597,58519.8658299607,62506.6923853713
"SK_2010","baseline_3pct_p75_p25_nwx",60388.6309913738,1325.0515021473,57791.5300471651,62985.7319355825
"SK_2010","baseline_3pct_p75_p25_ratio",1.00221561943765,0.0162348871462992,0.970395240630905,1.0340359982444
"SK_2010","baseline_3pct_p75_p25_ok",1,0,1,1
"SK_2010","baseline_3pct_p75_p25_keptmin",1,0,1,1
"SK_2010","baseline_3pct_p75_p25_naltmax",0,0,0,0
"SK_2010","baseline_3pct_p90_p10_nw",137847.500012207,3224.5973463216,131527.289213417,144167.710810997
"SK_2010","baseline_3pct_p90_p10_nwx",138652.288137636,1446.70302869436,135816.750201395,141487.826073877
"SK_2010","baseline_3pct_p90_p10_ratio",0.994149368390099,0.0171084610027704,0.960616784824669,1.02768195195553
"SK_2010","baseline_3pct_p90_p10_ok",1,0,1,1
"SK_2010","baseline_3pct_p90_p10_keptmin",1,0,1,1
"SK_2010","baseline_3pct_p90_p10_naltmax",0,0,0,0
"SK_2010","baseline_3pct_inter1_nw",0.172020441296666,0.0166967469759536,0.139294817223797,0.204746065369535
"SK_2010","baseline_3pct_inter1_nwx",0.00360043061975025,0.000948717582174465,0.0017409441586883,0.0054599170808122
"SK_2010","baseline_3pct_inter1_ratio",49.6650651142407,11.3148927967431,27.4878752326243,71.8422549958571
"SK_2010","baseline_3pct_inter1_ok",1,0,1,1
"SK_2010","baseline_3pct_inter1_keptmin",1,0,1,1
"SK_2010","baseline_3pct_inter1_naltmax",0,0,0,0
"SK_2010","baseline_3pct_inter2_nw",0.251815075125156,0.0263241445343218,0.200219751837886,0.303410398412427
"SK_2010","baseline_3pct_inter2_nwx",0.0034276195830658,0.000955913890227264,0.00155402835822036,0.00530121080791124
"SK_2010","baseline_3pct_inter2_ratio",76.542622318283,17.2954395811213,42.6435607392852,110.441683897281
"SK_2010","baseline_3pct_inter2_ok",1,0,1,1
"SK_2010","baseline_3pct_inter2_keptmin",1,0,1,1
"SK_2010","baseline_3pct_inter2_naltmax",0,0,0,0
"SK_2010","baseline_3pct_ge2_nw",0.543491611723382,0.0201272347574636,0.504042231598753,0.582940991848011
"SK_2010","baseline_3pct_ge2_nwx",0.596960427210721,0.0227690749669959,0.552333040275409,0.641587814146033
"SK_2010","baseline_3pct_ge2_ratio",0.910466630308515,0.00541712078041892,0.899849073578894,0.921084187038136
"SK_2010","baseline_3pct_ge2_ok",1,0,1,1
"SK_2010","baseline_3pct_ge2_keptmin",0.942777359128638,0.00133750751752108,0.940155844394297,0.94539887386298
"SK_2010","baseline_3pct_ge2_naltmax",0.0572226408713617,0.00133750751752108,0.0546011261370204,0.059844155605703
"SK_2010","baseline_3pct_ge_theil_nw",0.36231094002443,0.00471410364384921,0.353071296882486,0.371550583166375
"SK_2010","baseline_3pct_ge_theil_nwx",0.389539078725227,0.00464721302315437,0.380430541199844,0.398647616250609
"SK_2010","baseline_3pct_ge_theil_ratio",0.930104271984482,0.0055220317307761,0.919281089792161,0.940927454176803
"SK_2010","baseline_3pct_ge_theil_ok",1,0,1,1
"SK_2010","baseline_3pct_ge_theil_keptmin",0.942777359128638,0.00133750751752108,0.940155844394297,0.94539887386298
"SK_2010","baseline_3pct_ge_theil_naltmax",0.0572226408713617,0.00133750751752108,0.0546011261370204,0.059844155605703
"SK_2010","baseline_3pct_ge_mld_nw",0.471559036075891,0.0067611833201108,0.458307116768474,0.484810955383308
"SK_2010","baseline_3pct_ge_mld_nwx",0.507421325729732,0.00826166811058779,0.49122845623298,0.523614195226484
"SK_2010","baseline_3pct_ge_mld_ratio",0.929373975729874,0.00918585305888027,0.911369703734469,0.947378247725279
"SK_2010","baseline_3pct_ge_mld_ok",1,0,1,1
"SK_2010","baseline_3pct_ge_mld_keptmin",0.942777359128638,0.00133750751752108,0.940155844394297,0.94539887386298
"SK_2010","baseline_3pct_ge_mld_naltmax",0.0572226408713617,0.00133750751752108,0.0546011261370204,0.059844155605703
"SK_2010","baseline_3pct_atkinson05_nw",0.175077302448831,0.00182247551919333,0.171505250431212,0.17864935446645
"SK_2010","baseline_3pct_atkinson05_nwx",0.187728162260692,0.00170611541430103,0.184384176048662,0.191072148472722
"SK_2010","baseline_3pct_atkinson05_ratio",0.932617186484476,0.00633337729088937,0.920203766994333,0.945030605974619
"SK_2010","baseline_3pct_atkinson05_ok",1,0,1,1
"SK_2010","baseline_3pct_atkinson05_keptmin",0.942777359128638,0.00133750751752108,0.940155844394297,0.94539887386298
"SK_2010","baseline_3pct_atkinson05_naltmax",0.0572226408713617,0.00133750751752108,0.0546011261370204,0.059844155605703
"SK_2010","baseline_3pct_atkinson1_nw",0.375961852773198,0.00422717019079443,0.367676599199241,0.384247106347155
"SK_2010","baseline_3pct_atkinson1_nwx",0.397940201426298,0.00499651460534764,0.388147032799817,0.40773337005278
"SK_2010","baseline_3pct_atkinson1_ratio",0.94479827369276,0.00720841720664094,0.930669775967744,0.958926771417776
"SK_2010","baseline_3pct_atkinson1_ok",1,0,1,1
"SK_2010","baseline_3pct_atkinson1_keptmin",0.942777359128638,0.00133750751752108,0.940155844394297,0.94539887386298
"SK_2010","baseline_3pct_atkinson1_naltmax",0.0572226408713617,0.00133750751752108,0.0546011261370204,0.059844155605703
"SK_2010","baseline_3pct_atkinson2_nw",0.930265618578746,0.0176450296154377,0.895681360532488,0.964849876625004
"SK_2010","baseline_3pct_atkinson2_nwx",0.923633730163502,0.0219600052148102,0.880592119942474,0.966675340384531
"SK_2010","baseline_3pct_atkinson2_ratio",1.0072587913647,0.00539462190499043,0.996685332430918,1.01783225029848
"SK_2010","baseline_3pct_atkinson2_ok",1,0,1,1
"SK_2010","baseline_3pct_atkinson2_keptmin",0.942777359128638,0.00133750751752108,0.940155844394297,0.94539887386298
"SK_2010","baseline_3pct_atkinson2_naltmax",0.0572226408713617,0.00133750751752108,0.0546011261370204,0.059844155605703
"SK_2010","baseline_3pct_ge2_bach1_nw",0.561932337386396,0.0202640467532524,0.522214805750021,0.601649869022771
"SK_2010","baseline_3pct_ge2_bach1_nwx",0.66354670622512,0.024600365976161,0.615329988911844,0.711763423538395
"SK_2010","baseline_3pct_ge2_bach1_ratio",0.846892587668372,0.00501048930973229,0.837072028621297,0.856713146715447
"SK_2010","baseline_3pct_ge2_bach1_ok",1,0,1,1
"SK_2010","baseline_3pct_ge2_bach1_keptmin",1,0,1,1
"SK_2010","baseline_3pct_ge2_bach1_naltmax",0.0572226408713617,0.00133750751752108,0.0546011261370204,0.059844155605703
"SK_2010","baseline_3pct_ge_theil_bach1_nw",0.379829037434317,0.00435501809383437,0.371293201970402,0.388364872898233
"SK_2010","baseline_3pct_ge_theil_bach1_nwx",0.448454720133143,0.00449486154409994,0.439644791506707,0.457264648759579
"SK_2010","baseline_3pct_ge_theil_bach1_ratio",0.846976072529307,0.00547913818856895,0.836236961679712,0.857715183378902
"SK_2010","baseline_3pct_ge_theil_bach1_ok",1,0,1,1
"SK_2010","baseline_3pct_ge_theil_bach1_keptmin",1,0,1,1
"SK_2010","baseline_3pct_ge_theil_bach1_naltmax",0.0572226408713617,0.00133750751752108,0.0546011261370204,0.059844155605703
"SK_2010","baseline_3pct_ge_mld_bach1_nw",0.641980655388835,0.00587746084212172,0.630460832138276,0.653500478639393
"SK_2010","baseline_3pct_ge_mld_bach1_nwx",1.06215118293908,0.00944060637316605,1.04364759444768,1.08065477143049
"SK_2010","baseline_3pct_ge_mld_bach1_ratio",0.604459797018973,0.00908698683851772,0.586649302815478,0.622270291222468
"SK_2010","baseline_3pct_ge_mld_bach1_ok",1,0,1,1
"SK_2010","baseline_3pct_ge_mld_bach1_keptmin",1,0,1,1
"SK_2010","baseline_3pct_ge_mld_bach1_naltmax",0.0572226408713617,0.00133750751752108,0.0546011261370204,0.059844155605703
"SK_2010","baseline_3pct_atkinson05_bach1_nw",0.189293945552586,0.00152452778376179,0.186305871096412,0.192282020008759
"SK_2010","baseline_3pct_atkinson05_bach1_nwx",0.233834503973393,0.00127849762886331,0.23132864862082,0.236340359325965
"SK_2010","baseline_3pct_atkinson05_bach1_ratio",0.809528526860618,0.00641944329615589,0.796946418000152,0.822110635721083
"SK_2010","baseline_3pct_atkinson05_bach1_ok",1,0,1,1
"SK_2010","baseline_3pct_atkinson05_bach1_keptmin",1,0,1,1
"SK_2010","baseline_3pct_atkinson05_bach1_naltmax",0.0572226408713617,0.00133750751752108,0.0546011261370204,0.059844155605703
"SK_2010","baseline_3pct_atkinson1_bach1_nw",0.473744865648724,0.00309425606388644,0.467680123763506,0.479809607533941
"SK_2010","baseline_3pct_atkinson1_bach1_nwx",0.654278406536715,0.00326443184017469,0.647880120129973,0.660676692943458
"SK_2010","baseline_3pct_atkinson1_bach1_ratio",0.724090262933026,0.00696675970259186,0.710435413915946,0.737745111950106
"SK_2010","baseline_3pct_atkinson1_bach1_ok",1,0,1,1
"SK_2010","baseline_3pct_atkinson1_bach1_keptmin",1,0,1,1
"SK_2010","baseline_3pct_atkinson1_bach1_naltmax",0.0572226408713617,0.00133750751752108,0.0546011261370204,0.059844155605703
"SK_2010","baseline_3pct_atkinson2_bach1_nw",0.999277008762261,1.79608360019193e-05,0.999241805523697,0.999312212000825
"SK_2010","baseline_3pct_atkinson2_bach1_nwx",0.999755042957403,4.34336975210183e-06,0.999746529952689,0.999763555962117
"SK_2010","baseline_3pct_atkinson2_bach1_ratio",0.999521848697157,1.89833465800171e-05,0.999484641337861,0.999559056056454
"SK_2010","baseline_3pct_atkinson2_bach1_ok",1,0,1,1
"SK_2010","baseline_3pct_atkinson2_bach1_keptmin",1,0,1,1
"SK_2010","baseline_3pct_atkinson2_bach1_naltmax",0.0572226408713617,0.00133750751752108,0.0546011261370204,0.059844155605703
"SK_2010","baseline_3pct_mu_ratio_nw",0.998814696670135,8.48840162686546e-05,0.998648323998248,0.998981069342021
"SK_2010","baseline_3pct_mu_ratio_nwx",0.892401280295106,0.00804832219109935,0.876626568800552,0.908175991789661
"SI_2014","baseline_3pct_gini_nw",0.629711938969838,0.0217276103594146,0.587125822665386,0.672298055274291
"SI_2014","baseline_3pct_gini_nwx",0.815040452620823,0.0124239514018191,0.790689507873258,0.839391397368389
"SI_2014","baseline_3pct_gini_ratio",0.77247350842342,0.0154918149145499,0.742109551190902,0.802837465655937
"SI_2014","baseline_3pct_gini_ok",1,0,1,1
"SI_2014","baseline_3pct_gini_keptmin",1,0,1,1
"SI_2014","baseline_3pct_gini_naltmax",0,0,0,0
"SI_2014","baseline_3pct_gini_rsv_nw",0.626667251116521,0.0218498925246415,0.583841461768224,0.669493040464819
"SI_2014","baseline_3pct_gini_rsv_nwx",0.694513831193174,0.0185205743300864,0.658213505506205,0.730814156880144
"SI_2014","baseline_3pct_gini_rsv_ratio",0.902181055799441,0.00738790129745478,0.88770076925643,0.916661342342453
"SI_2014","baseline_3pct_gini_rsv_ok",1,0,1,1
"SI_2014","baseline_3pct_gini_rsv_keptmin",1,0,1,1
"SI_2014","baseline_3pct_gini_rsv_naltmax",0,0,0,0
"SI_2014","baseline_3pct_cv_nw",3.03201681656109,0.495535776377262,2.06076669486166,4.00326693826053
"SI_2014","baseline_3pct_cv_nwx",3.76319725630177,0.527938087877863,2.72843860406116,4.79795590854238
"SI_2014","baseline_3pct_cv_ratio",0.804028142107517,0.0184802602806109,0.767806831957519,0.840249452257514
"SI_2014","baseline_3pct_cv_ok",1,0,1,1
"SI_2014","baseline_3pct_cv_keptmin",1,0,1,1
"SI_2014","baseline_3pct_cv_naltmax",0,0,0,0
"SI_2014","baseline_3pct_top10_nw",0.486353977570643,0.0311618337675437,0.425276783386258,0.547431171755029
"SI_2014","baseline_3pct_top10_nwx",0.563700317556404,0.0316686251586697,0.501629812245411,0.625770822867397
"SI_2014","baseline_3pct_top10_ratio",0.862540591221236,0.00698625952406354,0.848847522554071,0.876233659888401
"SI_2014","baseline_3pct_top10_ok",1,0,1,1
"SI_2014","baseline_3pct_top10_keptmin",1,0,1,1
"SI_2014","baseline_3pct_top10_naltmax",0,0,0,0
"SI_2014","baseline_3pct_top1_nw",0.232434907482224,0.0446667212712584,0.144888133790557,0.31998168117389
"SI_2014","baseline_3pct_top1_nwx",0.279765423788996,0.049937668162765,0.181887594189976,0.377643253388015
"SI_2014","baseline_3pct_top1_ratio",0.829533794072607,0.0109530075028683,0.808065899366985,0.851001688778229
"SI_2014","baseline_3pct_top1_ok",1,0,1,1
"SI_2014","baseline_3pct_top1_keptmin",1,0,1,1
"SI_2014","baseline_3pct_top1_naltmax",0,0,0,0
"SI_2014","baseline_3pct_sgini4_nw",0.850555538305884,0.00840542753881559,0.834080900329806,0.867030176281963
"SI_2014","baseline_3pct_sgini4_nwx",1.20997292455828,0.0192181951918675,1.17230526198222,1.24764058713434
"SI_2014","baseline_3pct_sgini4_ratio",0.703140048095305,0.0178090366347298,0.668234336291235,0.738045759899375
"SI_2014","baseline_3pct_sgini4_ok",1,0,1,1
"SI_2014","baseline_3pct_sgini4_keptmin",1,0,1,1
"SI_2014","baseline_3pct_sgini4_naltmax",0,0,0,0
"SI_2014","baseline_3pct_gini_abs_nw",86116.5953635042,8818.90935190646,68831.5330337675,103401.657693241
"SI_2014","baseline_3pct_gini_abs_nwx",90179.9462960828,8827.54659718225,72877.9549656056,107481.93762656
"SI_2014","baseline_3pct_gini_abs_ratio",0.954674193185586,0.00499213962167281,0.944889599527107,0.964458786844065
"SI_2014","baseline_3pct_gini_abs_ok",1,0,1,1
"SI_2014","baseline_3pct_gini_abs_keptmin",1,0,1,1
"SI_2014","baseline_3pct_gini_abs_naltmax",0,0,0,0
"SI_2014","baseline_3pct_variance_nw",180098365607.446,84189794233.708,15086368909.3781,345110362305.513
"SI_2014","baseline_3pct_variance_nwx",181584493310.11,81932552893.9459,20996689637.9763,342172296982.244
"SI_2014","baseline_3pct_variance_ratio",0.987359101017504,0.0150414780468241,0.957877804045728,1.01684039798928
"SI_2014","baseline_3pct_variance_ok",1,0,1,1
"SI_2014","baseline_3pct_variance_keptmin",1,0,1,1
"SI_2014","baseline_3pct_variance_naltmax",0,0,0,0
"SI_2014","baseline_3pct_kolm0.5_nw",0.0752320828248373,0.00542254173861895,0.0646039010171441,0.0858602646325304
"SI_2014","baseline_3pct_kolm0.5_nwx",0.0838317315157469,0.0095713881554465,0.0650718107310717,0.102591652300422
"SI_2014","baseline_3pct_kolm0.5_ratio",0.900510533903582,0.0448474114646663,0.812609607432836,0.988411460374328
"SI_2014","baseline_3pct_kolm0.5_ok",1,0,1,1
"SI_2014","baseline_3pct_kolm0.5_keptmin",1,0,1,1
"SI_2014","baseline_3pct_kolm0.5_naltmax",0,0,0,0
"SI_2014","baseline_3pct_kolm1_nw",0.098799991466989,0.010714164803368,0.0778002284523877,0.11979975448159
"SI_2014","baseline_3pct_kolm1_nwx",0.131076044746974,0.0291941063111019,0.0738555963772147,0.188296493116734
"SI_2014","baseline_3pct_kolm1_ratio",0.767733446702733,0.096926733612764,0.577757048821716,0.957709844583751
"SI_2014","baseline_3pct_kolm1_ok",1,0,1,1
"SI_2014","baseline_3pct_kolm1_keptmin",1,0,1,1
"SI_2014","baseline_3pct_kolm1_naltmax",0,0,0,0
"SI_2014","baseline_3pct_p75_p25_nw",119629.4,1562.68261652839,116566.542071604,122692.257928396
"SI_2014","baseline_3pct_p75_p25_nwx",122316.234337721,1168.559482346,120025.857752323,124606.610923119
"SI_2014","baseline_3pct_p75_p25_ratio",0.978101245917195,0.0165519076478241,0.94565950692746,1.01054298490693
"SI_2014","baseline_3pct_p75_p25_ok",1,0,1,1
"SI_2014","baseline_3pct_p75_p25_keptmin",1,0,1,1
"SI_2014","baseline_3pct_p75_p25_naltmax",0,0,0,0
"SI_2014","baseline_3pct_p90_p10_nw",252044.4,2217.00928279518,247699.061805721,256389.738194279
"SI_2014","baseline_3pct_p90_p10_nwx",228062,2849.56028186806,222476.861847539,233647.138152461
"SI_2014","baseline_3pct_p90_p10_ratio",1.10526547280317,0.0162071156315865,1.07349952616526,1.13703141944108
"SI_2014","baseline_3pct_p90_p10_ok",1,0,1,1
"SI_2014","baseline_3pct_p90_p10_keptmin",1,0,1,1
"SI_2014","baseline_3pct_p90_p10_naltmax",0,0,0,0
"SI_2014","baseline_3pct_inter1_nw",0.313608173556532,0.103815589160587,0.110129618801783,0.517086728311282
"SI_2014","baseline_3pct_inter1_nwx",0.0247491317395035,0.00833345765707615,0.00841555473163429,0.0410827087473728
"SI_2014","baseline_3pct_inter1_ratio",12.7210364192299,0.70349266304286,11.3421907996659,14.0998820387939
"SI_2014","baseline_3pct_inter1_ok",1,0,1,1
"SI_2014","baseline_3pct_inter1_keptmin",1,0,1,1
"SI_2014","baseline_3pct_inter1_naltmax",0,0,0,0
"SI_2014","baseline_3pct_inter2_nw",1.19877329692185,0.617593316851965,-0.0117096041079996,2.4092561979517
"SI_2014","baseline_3pct_inter2_nwx",0.0467396404638655,0.020444044877289,0.00666931250437903,0.086809968423352
"SI_2014","baseline_3pct_inter2_ratio",25.2337539503085,2.18352610864494,20.9540427773644,29.5134651232526
"SI_2014","baseline_3pct_inter2_ok",1,0,1,1
"SI_2014","baseline_3pct_inter2_keptmin",1,0,1,1
"SI_2014","baseline_3pct_inter2_naltmax",0,0,0,0
"SI_2014","baseline_3pct_ge2_nw",4.35745935293794,1.4457654222379,1.52375912535166,7.19115958052423
"SI_2014","baseline_3pct_ge2_nwx",5.04048446235765,1.5838895762906,1.93606089282808,8.14490803188722
"SI_2014","baseline_3pct_ge2_ratio",0.861584940582009,0.0151228614763067,0.831944132088448,0.89122574907557
"SI_2014","baseline_3pct_ge2_ok",1,0,1,1
"SI_2014","baseline_3pct_ge2_keptmin",0.86976357156895,0.0012590136352039,0.867295904843951,0.87223123829395
"SI_2014","baseline_3pct_ge2_naltmax",0.13023642843105,0.00125901363520386,0.12776876170605,0.132704095156049
"SI_2014","baseline_3pct_ge_theil_nw",0.926909928568088,0.145074759173302,0.642563400588417,1.21125645654776
"SI_2014","baseline_3pct_ge_theil_nwx",1.00851144023185,0.157804545026474,0.699214531979965,1.31780834848374
"SI_2014","baseline_3pct_ge_theil_ratio",0.919090102423998,0.00264220698241772,0.913911376738459,0.924268828109536
"SI_2014","baseline_3pct_ge_theil_ok",1,0,1,1
"SI_2014","baseline_3pct_ge_theil_keptmin",0.86976357156895,0.0012590136352039,0.867295904843951,0.87223123829395
"SI_2014","baseline_3pct_ge_theil_naltmax",0.13023642843105,0.00125901363520386,0.12776876170605,0.132704095156049
"SI_2014","baseline_3pct_ge_mld_nw",1.03378834819876,0.0561017862174198,0.923828847212615,1.1437478491849
"SI_2014","baseline_3pct_ge_mld_nwx",1.10544016858586,0.0648368325867344,0.978359976715863,1.23252036045586
"SI_2014","baseline_3pct_ge_mld_ratio",0.935339952937104,0.00446538392015194,0.926587800453606,0.944092105420602
"SI_2014","baseline_3pct_ge_mld_ok",1,0,1,1
"SI_2014","baseline_3pct_ge_mld_keptmin",0.86976357156895,0.0012590136352039,0.867295904843951,0.87223123829395
"SI_2014","baseline_3pct_ge_mld_naltmax",0.13023642843105,0.00125901363520386,0.12776876170605,0.132704095156049
"SI_2014","baseline_3pct_atkinson05_nw",0.348019301007137,0.0292799120899675,0.290630673310801,0.405407928703474
"SI_2014","baseline_3pct_atkinson05_nwx",0.370580304793143,0.0317006075923759,0.308447113912087,0.4327134956742
"SI_2014","baseline_3pct_atkinson05_ratio",0.939194665953742,0.00228492677298869,0.934716209478685,0.9436731224288
"SI_2014","baseline_3pct_atkinson05_ok",1,0,1,1
"SI_2014","baseline_3pct_atkinson05_keptmin",0.86976357156895,0.0012590136352039,0.867295904843951,0.87223123829395
"SI_2014","baseline_3pct_atkinson05_naltmax",0.13023642843105,0.00125901363520386,0.12776876170605,0.132704095156049
"SI_2014","baseline_3pct_atkinson1_nw",0.643973029837662,0.0196990849710632,0.605362823294378,0.682583236380946
"SI_2014","baseline_3pct_atkinson1_nwx",0.668475653225533,0.0211452533888774,0.627030956583333,0.709920349867733
"SI_2014","baseline_3pct_atkinson1_ratio",0.963366829119561,0.00153453804904569,0.960359134543431,0.96637452369569
"SI_2014","baseline_3pct_atkinson1_ok",1,0,1,1
"SI_2014","baseline_3pct_atkinson1_keptmin",0.86976357156895,0.0012590136352039,0.867295904843951,0.87223123829395
"SI_2014","baseline_3pct_atkinson1_naltmax",0.13023642843105,0.00125901363520386,0.12776876170605,0.132704095156049
"SI_2014","baseline_3pct_atkinson2_nw",0.995772256210454,0.00103060651454598,0.993752267441944,0.997792244978964
"SI_2014","baseline_3pct_atkinson2_nwx",0.995946779172378,0.000911842268224605,0.994159568326658,0.997733990018098
"SI_2014","baseline_3pct_atkinson2_ratio",0.999824695742455,0.000141333023119607,0.99954768301714,1.00010170846777
"SI_2014","baseline_3pct_atkinson2_ok",1,0,1,1
"SI_2014","baseline_3pct_atkinson2_keptmin",0.86976357156895,0.0012590136352039,0.867295904843951,0.87223123829395
"SI_2014","baseline_3pct_atkinson2_naltmax",0.13023642843105,0.00125901363520386,0.12776876170605,0.132704095156049
"SI_2014","baseline_3pct_ge2_bach1_nw",4.65324739351187,1.53320957224605,1.64815663190961,7.65833815511413
"SI_2014","baseline_3pct_ge2_bach1_nwx",5.86930525380024,1.81711098157701,2.30776772990931,9.43084277769118
"SI_2014","baseline_3pct_ge2_bach1_ratio",0.78979724421748,0.0154034927434113,0.759606398440394,0.819988089994566
"SI_2014","baseline_3pct_ge2_bach1_ok",1,0,1,1
"SI_2014","baseline_3pct_ge2_bach1_keptmin",1,0,1,1
"SI_2014","baseline_3pct_ge2_bach1_naltmax",0.13023642843105,0.00125901363520386,0.12776876170605,0.132704095156049
"SI_2014","baseline_3pct_ge_theil_bach1_nw",0.986048541891261,0.144996768024797,0.701854876562658,1.27024220721986
"SI_2014","baseline_3pct_ge_theil_bach1_nwx",1.14803094542374,0.157280862107299,0.839760455693435,1.45630143515405
"SI_2014","baseline_3pct_ge_theil_bach1_ratio",0.858152066827955,0.00843087248934534,0.841627556748838,0.874676576907071
"SI_2014","baseline_3pct_ge_theil_bach1_ok",1,0,1,1
"SI_2014","baseline_3pct_ge_theil_bach1_keptmin",1,0,1,1
"SI_2014","baseline_3pct_ge_theil_bach1_naltmax",0.13023642843105,0.00125901363520386,0.12776876170605,0.132704095156049
"SI_2014","baseline_3pct_ge_mld_bach1_nw",1.59778950454323,0.0575998930000328,1.48489371426317,1.7106852948233
"SI_2014","baseline_3pct_ge_mld_bach1_nwx",2.36313558842763,0.0639511311999049,2.23779137127582,2.48847980557944
"SI_2014","baseline_3pct_ge_mld_bach1_ratio",0.676023048035454,0.00612303781156042,0.664021893924796,0.688024202146113
"SI_2014","baseline_3pct_ge_mld_bach1_ok",1,0,1,1
"SI_2014","baseline_3pct_ge_mld_bach1_keptmin",1,0,1,1
"SI_2014","baseline_3pct_ge_mld_bach1_naltmax",0.13023642843105,0.00125901363520386,0.12776876170605,0.132704095156049
"SI_2014","baseline_3pct_atkinson05_bach1_nw",0.385219312355484,0.0275904082806031,0.331142112125502,0.439296512585466
"SI_2014","baseline_3pct_atkinson05_bach1_nwx",0.452005899535413,0.0273566037775556,0.398386956131404,0.505624842939422
"SI_2014","baseline_3pct_atkinson05_bach1_ratio",0.851871670738914,0.00927574654016736,0.833691207520186,0.870052133957642
"SI_2014","baseline_3pct_atkinson05_bach1_ok",1,0,1,1
"SI_2014","baseline_3pct_atkinson05_bach1_keptmin",1,0,1,1
"SI_2014","baseline_3pct_atkinson05_bach1_naltmax",0.13023642843105,0.00125901363520386,0.12776876170605,0.132704095156049
"SI_2014","baseline_3pct_atkinson1_bach1_nw",0.797434392551464,0.0115425748069757,0.774810945929792,0.820057839173136
"SI_2014","baseline_3pct_atkinson1_bach1_nwx",0.90574801089284,0.00595410905914006,0.894077957136926,0.917418064648755
"SI_2014","baseline_3pct_atkinson1_bach1_ratio",0.880384946820058,0.00695605689986909,0.866751075296315,0.894018818343801
"SI_2014","baseline_3pct_atkinson1_bach1_ok",1,0,1,1
"SI_2014","baseline_3pct_atkinson1_bach1_keptmin",1,0,1,1
"SI_2014","baseline_3pct_atkinson1_bach1_naltmax",0.13023642843105,0.00125901363520386,0.12776876170605,0.132704095156049
"SI_2014","baseline_3pct_atkinson2_bach1_nw",0.999875875095841,7.84357968798768e-06,0.999860501679653,0.99989124851203
"SI_2014","baseline_3pct_atkinson2_bach1_nwx",0.999936631230142,4.44805317627685e-06,0.999927913045917,0.999945349414368
"SI_2014","baseline_3pct_atkinson2_bach1_ratio",0.999939240005538,3.48123048382701e-06,0.99993241679379,0.999946063217286
"SI_2014","baseline_3pct_atkinson2_bach1_ok",1,0,1,1
"SI_2014","baseline_3pct_atkinson2_bach1_keptmin",1,0,1,1
"SI_2014","baseline_3pct_atkinson2_bach1_naltmax",0.13023642843105,0.00125901363520386,0.12776876170605,0.132704095156049
"SI_2014","baseline_3pct_mu_ratio_nw",0.995156812567232,0.000411368465546994,0.99435053037476,0.995963094759705
"SI_2014","baseline_3pct_mu_ratio_nwx",0.852030041206928,0.0104636511783883,0.831521284897287,0.872538797516569
"ES_2011","baseline_3pct_gini_nw",0.601231819927219,0.00510538963479965,0.591225256243012,0.611238383611426
"ES_2011","baseline_3pct_gini_nwx",1.09602553734986,0.152099056420457,0.79791138676576,1.39413968793395
"ES_2011","baseline_3pct_gini_ratio",0.555522034951649,0.0756862575917166,0.407176970071885,0.703867099831414
"ES_2011","baseline_3pct_gini_ok",0.4,0.6,-0.776,1.576
"ES_2011","baseline_3pct_gini_keptmin",1,0,1,1
"ES_2011","baseline_3pct_gini_naltmax",0,0,0,0
"ES_2011","baseline_3pct_gini_rsv_nw",0.597298660610432,0.00507377186808474,0.587354067748986,0.607243253471878
"ES_2011","baseline_3pct_gini_rsv_nwx",0.691393813241824,0.0139295192684827,0.664091955475598,0.71869567100805
"ES_2011","baseline_3pct_gini_rsv_ratio",0.86412768472215,0.0180984589058098,0.828654705266762,0.899600664177537
"ES_2011","baseline_3pct_gini_rsv_ok",1,0,1,1
"ES_2011","baseline_3pct_gini_rsv_keptmin",1,0,1,1
"ES_2011","baseline_3pct_gini_rsv_naltmax",0,0,0,0
"ES_2011","baseline_3pct_cv_nw",2.78806149266238,0.0860535272219277,2.6193965793074,2.95672640601736
"ES_2011","baseline_3pct_cv_nwx",5.92437454892259,1.57385795259262,2.83961296184105,9.00913613600413
"ES_2011","baseline_3pct_cv_ratio",0.491332097711011,0.118907151116553,0.258274081522566,0.724390113899455
"ES_2011","baseline_3pct_cv_ok",1,0,1,1
"ES_2011","baseline_3pct_cv_keptmin",1,0,1,1
"ES_2011","baseline_3pct_cv_naltmax",0,0,0,0
"ES_2011","baseline_3pct_top10_nw",0.455672534557259,0.00584573646445101,0.444214891086935,0.467130178027583
"ES_2011","baseline_3pct_top10_nwx",0.600750493050887,0.0447621979161205,0.51301658513529,0.688484400966483
"ES_2011","baseline_3pct_top10_ratio",0.761200412516558,0.0551333914841397,0.653138965207644,0.869261859825472
"ES_2011","baseline_3pct_top10_ok",1,0,1,1
"ES_2011","baseline_3pct_top10_keptmin",1,0,1,1
"ES_2011","baseline_3pct_top10_naltmax",0,0,0,0
"ES_2011","baseline_3pct_top1_nw",0.163828855593404,0.00781676392306145,0.148507998304204,0.179149712882605
"ES_2011","baseline_3pct_top1_nwx",0.224202398003679,0.0197324151176244,0.185526864373135,0.262877931634223
"ES_2011","baseline_3pct_top1_ratio",0.733654436714701,0.058641053324152,0.618717972199364,0.848590901230039
"ES_2011","baseline_3pct_top1_ok",1,0,1,1
"ES_2011","baseline_3pct_top1_keptmin",1,0,1,1
"ES_2011","baseline_3pct_top1_naltmax",0,0,0,0
"ES_2011","baseline_3pct_sgini4_nw",0.830049549621983,0.00354718658077817,0.823097063923657,0.837002035320308
"ES_2011","baseline_3pct_sgini4_nwx",1.95302253432072,0.358302197275149,1.25075022766142,2.65529484098001
"ES_2011","baseline_3pct_sgini4_ratio",0.434471911550765,0.0777089441909272,0.282162380936548,0.586781442164982
"ES_2011","baseline_3pct_sgini4_ok",1,0,1,1
"ES_2011","baseline_3pct_sgini4_keptmin",1,0,1,1
"ES_2011","baseline_3pct_sgini4_naltmax",0,0,0,0
"ES_2011","baseline_3pct_gini_abs_nw",155723.665175352,2962.78892169143,149916.598888837,161530.731461867
"ES_2011","baseline_3pct_gini_abs_nwx",178111.626973359,11840.5204412332,154904.206908542,201319.047038177
"ES_2011","baseline_3pct_gini_abs_ratio",0.876797358944702,0.0587134007350381,0.761719093504028,0.991875624385377
"ES_2011","baseline_3pct_gini_abs_ok",1,0,1,1
"ES_2011","baseline_3pct_gini_abs_keptmin",1,0,1,1
"ES_2011","baseline_3pct_gini_abs_naltmax",0,0,0,0
"ES_2011","baseline_3pct_variance_nw",522210682946.938,43268462543.396,437404496361.881,607016869531.994
"ES_2011","baseline_3pct_variance_nwx",939454594190.753,374967164379.286,204518952007.352,1674390236374.15
"ES_2011","baseline_3pct_variance_ratio",0.607977486315866,0.203968070993118,0.208200067169356,1.00775490546238
"ES_2011","baseline_3pct_variance_ok",1,0,1,1
"ES_2011","baseline_3pct_variance_keptmin",1,0,1,1
"ES_2011","baseline_3pct_variance_naltmax",0,0,0,0
"ES_2011","baseline_3pct_kolm0.5_nw",21.5437427386078,30.7103253440188,-38.6484949356691,81.7359804128847
"ES_2011","baseline_3pct_kolm0.5_nwx",127.072923626532,18.2898495213506,91.224818564685,162.921028688379
"ES_2011","baseline_3pct_kolm0.5_ratio",0.175337739032189,0.252242690699919,-0.319057934739653,0.66973341280403
"ES_2011","baseline_3pct_kolm0.5_ok",1,0,1,1
"ES_2011","baseline_3pct_kolm0.5_keptmin",1,0,1,1
"ES_2011","baseline_3pct_kolm0.5_naltmax",0,0,0,0
"ES_2011","baseline_3pct_kolm1_nw",30.9092823403148,35.2483760426546,-38.1775347032882,99.9960993839179
"ES_2011","baseline_3pct_kolm1_nwx",140.844295560907,18.3532394443982,104.871946249887,176.816644871928
"ES_2011","baseline_3pct_kolm1_ratio",0.223502546485214,0.262033388078436,-0.290082894148521,0.737087987118949
"ES_2011","baseline_3pct_kolm1_ok",1,0,1,1
"ES_2011","baseline_3pct_kolm1_keptmin",1,0,1,1
"ES_2011","baseline_3pct_kolm1_naltmax",0,0,0,0
"ES_2011","baseline_3pct_p75_p25_nw",229684.83125,3561.88531568738,222703.536031253,236666.126468747
"ES_2011","baseline_3pct_p75_p25_nwx",219167.293979522,3260.13977554884,212777.420019447,225557.167939598
"ES_2011","baseline_3pct_p75_p25_ratio",1.048008618678,0.00909327757726899,1.03018579462655,1.06583144272945
"ES_2011","baseline_3pct_p75_p25_ok",1,0,1,1
"ES_2011","baseline_3pct_p75_p25_keptmin",1,0,1,1
"ES_2011","baseline_3pct_p75_p25_naltmax",0,0,0,0
"ES_2011","baseline_3pct_p90_p10_nw",512538.159375,2278.54657983216,508072.208078529,517004.110671471
"ES_2011","baseline_3pct_p90_p10_nwx",447196.577440812,2914.78105580755,441483.606571429,452909.548310195
"ES_2011","baseline_3pct_p90_p10_ratio",1.14613785756752,0.00726458278553224,1.13189927530788,1.16037643982717
"ES_2011","baseline_3pct_p90_p10_ok",1,0,1,1
"ES_2011","baseline_3pct_p90_p10_keptmin",1,0,1,1
"ES_2011","baseline_3pct_p90_p10_naltmax",0,0,0,0
"ES_2011","baseline_3pct_inter1_nw",0.000565469067875584,0.000624972226799306,-0.000659476496651057,0.00179041463240222
"ES_2011","baseline_3pct_inter1_nwx",3.77052821596196e-05,1.92499483783639e-05,-2.46166619737007e-08,7.54351809812129e-05
"ES_2011","baseline_3pct_inter1_ratio",13.8881634526624,13.47210896525,-12.5171701192277,40.2934970245524
"ES_2011","baseline_3pct_inter1_ok",1,0,1,1
"ES_2011","baseline_3pct_inter1_keptmin",1,0,1,1
"ES_2011","baseline_3pct_inter1_naltmax",0,0,0,0
"ES_2011","baseline_3pct_inter2_nw",0.000793680272144046,0.000927994171805363,-0.00102518830459447,0.00261254884888256
"ES_2011","baseline_3pct_inter2_nwx",3.56098656057946e-05,1.77386141905294e-05,8.42181792357043e-07,7.03775494192322e-05
"ES_2011","baseline_3pct_inter2_ratio",20.1554045104045,20.7874640519425,-20.5880250314028,60.8988340522117
"ES_2011","baseline_3pct_inter2_ok",1,0,1,1
"ES_2011","baseline_3pct_inter2_keptmin",1,0,1,1
"ES_2011","baseline_3pct_inter2_naltmax",0,0,0,0
"ES_2011","baseline_3pct_ge2_nw",3.66935364481877,0.221635531270543,3.23494800352851,4.10375928610904
"ES_2011","baseline_3pct_ge2_nwx",4.14496596018234,0.221560537582916,3.71070730651983,4.57922461384486
"ES_2011","baseline_3pct_ge2_ratio",0.8856696209782,0.0411556400597299,0.80500456646113,0.966334675495271
"ES_2011","baseline_3pct_ge2_ok",1,0,1,1
"ES_2011","baseline_3pct_ge2_keptmin",0.886052653442261,0.00161296407583357,0.882891243853627,0.889214063030894
"ES_2011","baseline_3pct_ge2_naltmax",0.113947346557739,0.00161296407583356,0.110785936969106,0.117108756146373
"ES_2011","baseline_3pct_ge_theil_nw",0.76394314290884,0.0215321887369978,0.721740052984324,0.806146232833356
"ES_2011","baseline_3pct_ge_theil_nwx",0.779159179841251,0.0206847572243952,0.738617055681436,0.819701304001065
"ES_2011","baseline_3pct_ge_theil_ratio",0.980515089866953,0.0144109293191371,0.952269668401444,1.00876051133246
"ES_2011","baseline_3pct_ge_theil_ok",1,0,1,1
"ES_2011","baseline_3pct_ge_theil_keptmin",0.886052653442261,0.00161296407583357,0.882891243853627,0.889214063030894
"ES_2011","baseline_3pct_ge_theil_naltmax",0.113947346557739,0.00161296407583356,0.110785936969106,0.117108756146373
"ES_2011","baseline_3pct_ge_mld_nw",0.868147033443169,0.0120577307273476,0.844513881217568,0.89178018566877
"ES_2011","baseline_3pct_ge_mld_nwx",0.884325361567417,0.0129373921433205,0.858968072966509,0.909682650168325
"ES_2011","baseline_3pct_ge_mld_ratio",0.981715435247337,0.00296648120310014,0.975901132089261,0.987529738405413
"ES_2011","baseline_3pct_ge_mld_ok",1,0,1,1
"ES_2011","baseline_3pct_ge_mld_keptmin",0.886052653442261,0.00161296407583357,0.882891243853627,0.889214063030894
"ES_2011","baseline_3pct_ge_mld_naltmax",0.113947346557739,0.00161296407583356,0.110785936969106,0.117108756146373
"ES_2011","baseline_3pct_atkinson05_nw",0.307033177160082,0.00524223317609746,0.296758400134931,0.317307954185233
"ES_2011","baseline_3pct_atkinson05_nwx",0.310519778487055,0.0053240765061923,0.300084588534919,0.320954968439192
"ES_2011","baseline_3pct_atkinson05_ratio",0.988789976825762,0.00714548821081794,0.974784819932558,1.00279513371896
"ES_2011","baseline_3pct_atkinson05_ok",1,0,1,1
"ES_2011","baseline_3pct_atkinson05_keptmin",0.886052653442261,0.00161296407583357,0.882891243853627,0.889214063030894
"ES_2011","baseline_3pct_atkinson05_naltmax",0.113947346557739,0.00161296407583356,0.110785936969106,0.117108756146373
"ES_2011","baseline_3pct_atkinson1_nw",0.580251114935759,0.00505048347365014,0.570352167327404,0.590150062544113
"ES_2011","baseline_3pct_atkinson1_nwx",0.586984277355969,0.00533652379050049,0.576524690726588,0.59744386398535
"ES_2011","baseline_3pct_atkinson1_ratio",0.988532677914491,0.00185199576638741,0.984902766212372,0.992162589616611
"ES_2011","baseline_3pct_atkinson1_ok",1,0,1,1
"ES_2011","baseline_3pct_atkinson1_keptmin",0.886052653442261,0.00161296407583357,0.882891243853627,0.889214063030894
"ES_2011","baseline_3pct_atkinson1_naltmax",0.113947346557739,0.00161296407583356,0.110785936969106,0.117108756146373
"ES_2011","baseline_3pct_atkinson2_nw",0.997218771883244,4.28475101014641e-05,0.997134790763445,0.997302753003043
"ES_2011","baseline_3pct_atkinson2_nwx",0.997070597544738,4.30634684262415e-05,0.996986193146622,0.997155001942853
"ES_2011","baseline_3pct_atkinson2_ratio",1.00014860973508,1.25649442007759e-05,1.00012398244445,1.00017323702571
"ES_2011","baseline_3pct_atkinson2_ok",1,0,1,1
"ES_2011","baseline_3pct_atkinson2_keptmin",0.886052653442261,0.00161296407583357,0.882891243853627,0.889214063030894
"ES_2011","baseline_3pct_atkinson2_naltmax",0.113947346557739,0.00161296407583356,0.110785936969106,0.117108756146373
"ES_2011","baseline_3pct_ge2_bach1_nw",3.84458450200691,0.237720622998681,3.3786520809295,4.31051692308433
"ES_2011","baseline_3pct_ge2_bach1_nwx",4.7423243613823,0.250280736096205,4.25177411863374,5.23287460413086
"ES_2011","baseline_3pct_ge2_bach1_ratio",0.81100828033451,0.0375985973159473,0.737315029595253,0.884701531073767
"ES_2011","baseline_3pct_ge2_bach1_ok",1,0,1,1
"ES_2011","baseline_3pct_ge2_bach1_keptmin",1,0,1,1
"ES_2011","baseline_3pct_ge2_bach1_naltmax",0.113947346557739,0.00161296407583356,0.110785936969106,0.117108756146373
"ES_2011","baseline_3pct_ge_theil_bach1_nw",0.805056186231244,0.0232552740273596,0.759475849137619,0.850636523324868
"ES_2011","baseline_3pct_ge_theil_bach1_nwx",0.900131524498637,0.0216870034759307,0.857624997685813,0.942638051311461
"ES_2011","baseline_3pct_ge_theil_bach1_ratio",0.89436072537213,0.0124491356937315,0.869960419412416,0.918761031331844
"ES_2011","baseline_3pct_ge_theil_bach1_ok",1,0,1,1
"ES_2011","baseline_3pct_ge_theil_bach1_keptmin",1,0,1,1
"ES_2011","baseline_3pct_ge_theil_bach1_naltmax",0.113947346557739,0.00161296407583356,0.110785936969106,0.117108756146373
"ES_2011","baseline_3pct_ge_mld_bach1_nw",1.29592364250632,0.0324072582174828,1.23240541640005,1.35944186861258
"ES_2011","baseline_3pct_ge_mld_bach1_nwx",2.07305271519502,0.0270955212019654,2.01994549363917,2.12615993675087
"ES_2011","baseline_3pct_ge_mld_bach1_ratio",0.625064407207828,0.00742600408817024,0.610509439195015,0.639619375220642
"ES_2011","baseline_3pct_ge_mld_bach1_ok",1,0,1,1
"ES_2011","baseline_3pct_ge_mld_bach1_keptmin",1,0,1,1
"ES_2011","baseline_3pct_ge_mld_bach1_naltmax",0.113947346557739,0.00161296407583356,0.110785936969106,0.117108756146373
"ES_2011","baseline_3pct_atkinson05_bach1_nw",0.334811444758755,0.0062082468347406,0.322643280962664,0.346979608554847
"ES_2011","baseline_3pct_atkinson05_bach1_nwx",0.388692822108079,0.00545492121787457,0.378001176521045,0.399384467695113
"ES_2011","baseline_3pct_atkinson05_bach1_ratio",0.861350902246129,0.00613010120164586,0.849335903890904,0.873365900601355
"ES_2011","baseline_3pct_atkinson05_bach1_ok",1,0,1,1
"ES_2011","baseline_3pct_atkinson05_bach1_keptmin",1,0,1,1
"ES_2011","baseline_3pct_atkinson05_bach1_naltmax",0.113947346557739,0.00161296407583356,0.110785936969106,0.117108756146373
"ES_2011","baseline_3pct_atkinson1_bach1_nw",0.726260201570356,0.00873083624748798,0.70914776252528,0.743372640615432
"ES_2011","baseline_3pct_atkinson1_bach1_nwx",0.874168331992771,0.0033627134486356,0.867577413633445,0.880759250352096
"ES_2011","baseline_3pct_atkinson1_bach1_ratio",0.830784053385729,0.0067827760285695,0.817489812369733,0.844078294401726
"ES_2011","baseline_3pct_atkinson1_bach1_ok",1,0,1,1
"ES_2011","baseline_3pct_atkinson1_bach1_keptmin",1,0,1,1
"ES_2011","baseline_3pct_atkinson1_bach1_naltmax",0.113947346557739,0.00161296407583356,0.110785936969106,0.117108756146373
"ES_2011","baseline_3pct_atkinson2_bach1_nw",0.99990721133595,5.15946964631161e-06,0.999897098775443,0.999917323896457
"ES_2011","baseline_3pct_atkinson2_bach1_nwx",0.999958763122841,9.11201062217656e-07,0.999956977168759,0.999960549076923
"ES_2011","baseline_3pct_atkinson2_bach1_ratio",0.999948446084727,4.29106876978951e-06,0.999940035589938,0.999956856579516
"ES_2011","baseline_3pct_atkinson2_bach1_ok",1,0,1,1
"ES_2011","baseline_3pct_atkinson2_bach1_keptmin",1,0,1,1
"ES_2011","baseline_3pct_atkinson2_bach1_naltmax",0.113947346557739,0.00161296407583356,0.110785936969106,0.117108756146373
"ES_2011","baseline_3pct_mu_ratio_nw",0.993458193099927,0.000387274469793098,0.992699135139133,0.994217251060721
"ES_2011","baseline_3pct_mu_ratio_nwx",0.637636392033398,0.0739751723614358,0.492645054204984,0.782627729861813
"US_2013","baseline_3pct_gini_nw",0.876947904716185,0.00051374684900692,0.875940960892132,0.877954848540239
"US_2013","baseline_3pct_gini_nwx",1.08227679954306,0.0101198330555332,1.06244192675421,1.1021116723319
"US_2013","baseline_3pct_gini_ratio",0.810326779624566,0.00741929688775432,0.795784957724567,0.824868601524564
"US_2013","baseline_3pct_gini_ok",0,0,0,0
"US_2013","baseline_3pct_gini_keptmin",1,0,1,1
"US_2013","baseline_3pct_gini_naltmax",0,0,0,0
"US_2013","baseline_3pct_gini_rsv_nw",0.858540020558113,0.000725026032073238,0.85711896953525,0.859961071580977
"US_2013","baseline_3pct_gini_rsv_nwx",0.884137972254231,0.00087321173793865,0.882426477247871,0.885849467260591
"US_2013","baseline_3pct_gini_rsv_ratio",0.971047836731638,0.000748096469853685,0.969581567650725,0.972514105812551
"US_2013","baseline_3pct_gini_rsv_ok",1,0,1,1
"US_2013","baseline_3pct_gini_rsv_keptmin",1,0,1,1
"US_2013","baseline_3pct_gini_rsv_naltmax",0,0,0,0
"US_2013","baseline_3pct_cv_nw",8.1574988705893,0.105867775905857,7.94999802981382,8.36499971136478
"US_2013","baseline_3pct_cv_nwx",10.4202910153742,0.177308059081312,10.0727672195749,10.7678148111736
"US_2013","baseline_3pct_cv_ratio",0.782887268026467,0.0042902420880392,0.77447839353391,0.791296142519024
"US_2013","baseline_3pct_cv_ok",1,0,1,1
"US_2013","baseline_3pct_cv_keptmin",1,0,1,1
"US_2013","baseline_3pct_cv_naltmax",0,0,0,0
"US_2013","baseline_3pct_top10_nw",0.788071241195665,0.00114085931845172,0.7858351569315,0.790307325459831
"US_2013","baseline_3pct_top10_nwx",0.892999349756624,0.00486908046531493,0.883455952044607,0.902542747468641
"US_2013","baseline_3pct_top10_ratio",0.882515346390307,0.00459788195207581,0.873503497764238,0.891527195016375
"US_2013","baseline_3pct_top10_ok",1,0,1,1
"US_2013","baseline_3pct_top10_keptmin",1,0,1,1
"US_2013","baseline_3pct_top10_naltmax",0,0,0,0
"US_2013","baseline_3pct_top1_nw",0.405334112589931,0.00170475825241471,0.401992786415198,0.408675438764664
"US_2013","baseline_3pct_top1_nwx",0.489013248001552,0.00372897523489029,0.481704456541167,0.496322039461937
"US_2013","baseline_3pct_top1_ratio",0.82890707671701,0.00595235503488272,0.81724046084864,0.840573692585381
"US_2013","baseline_3pct_top1_ok",1,0,1,1
"US_2013","baseline_3pct_top1_keptmin",1,0,1,1
"US_2013","baseline_3pct_top1_naltmax",0,0,0,0
"US_2013","baseline_3pct_sgini4_nw",1.01021914734957,0.000393153434118599,1.0094485666187,1.01098972808044
"US_2013","baseline_3pct_sgini4_nwx",1.40323255887503,0.0203867901223478,1.36327445023523,1.44319066751483
"US_2013","baseline_3pct_sgini4_ratio",0.720023316552805,0.0103788493060989,0.699680771912851,0.740365861192759
"US_2013","baseline_3pct_sgini4_ok",1,0,1,1
"US_2013","baseline_3pct_sgini4_keptmin",1,0,1,1
"US_2013","baseline_3pct_sgini4_naltmax",0,0,0,0
"US_2013","baseline_3pct_gini_abs_nw",378635.224150827,4354.37124323886,370100.656514078,387169.791787575
"US_2013","baseline_3pct_gini_abs_nwx",364645.774716278,4401.17277451565,356019.476078228,373272.073354329
"US_2013","baseline_3pct_gini_abs_ratio",1.03838087667341,0.00604557171145659,1.02653155611896,1.05023019722787
"US_2013","baseline_3pct_gini_abs_ok",1,0,1,1
"US_2013","baseline_3pct_gini_abs_keptmin",1,0,1,1
"US_2013","baseline_3pct_gini_abs_naltmax",0,0,0,0
"US_2013","baseline_3pct_variance_nw",12403946201128.1,202158461789.044,12007715616021.6,12800176786234.6
"US_2013","baseline_3pct_variance_nwx",12324610660812.7,225988627657.245,11881672950604.4,12767548371020.9
"US_2013","baseline_3pct_variance_ratio",1.00647044414926,0.00518717536856394,0.996303580426874,1.01663730787164
"US_2013","baseline_3pct_variance_ok",1,0,1,1
"US_2013","baseline_3pct_variance_keptmin",1,0,1,1
"US_2013","baseline_3pct_variance_naltmax",0,0,0,0
"US_2013","baseline_3pct_kolm0.5_nw",36.2000798081317,2.15399998172085,31.9782398439588,40.4219197723046
"US_2013","baseline_3pct_kolm0.5_nwx",134.274940739904,2.29637828263405,129.774039305941,138.775842173866
"US_2013","baseline_3pct_kolm0.5_ratio",0.26949681411875,0.0124245698467691,0.245144657219083,0.293848971018418
"US_2013","baseline_3pct_kolm0.5_ok",1,0,1,1
"US_2013","baseline_3pct_kolm0.5_keptmin",1,0,1,1
"US_2013","baseline_3pct_kolm0.5_naltmax",0,0,0,0
"US_2013","baseline_3pct_kolm1_nw",49.6472173024219,2.13702256377247,45.4586530774279,53.835781527416
"US_2013","baseline_3pct_kolm1_nwx",147.845534531349,2.29044688364991,143.356258639395,152.334810423303
"US_2013","baseline_3pct_kolm1_ratio",0.335734422683793,0.0105012446251252,0.315151983218548,0.356316862149039
"US_2013","baseline_3pct_kolm1_ok",1,0,1,1
"US_2013","baseline_3pct_kolm1_keptmin",1,0,1,1
"US_2013","baseline_3pct_kolm1_naltmax",0,0,0,0
"US_2013","baseline_3pct_p75_p25_nw",224514,1228.4038423906,222106.328468914,226921.671531086
"US_2013","baseline_3pct_p75_p25_nwx",183502.13405198,579.911522074695,182365.507468714,184638.760635246
"US_2013","baseline_3pct_p75_p25_ratio",1.22350966201242,0.00907934571354287,1.20571414441388,1.24130517961097
"US_2013","baseline_3pct_p75_p25_ok",1,0,1,1
"US_2013","baseline_3pct_p75_p25_keptmin",1,0,1,1
"US_2013","baseline_3pct_p75_p25_naltmax",0,0,0,0
"US_2013","baseline_3pct_p90_p10_nw",659156,5249.19193781291,648867.583801887,669444.416198113
"US_2013","baseline_3pct_p90_p10_nwx",573803.277539925,5801.89182853311,562431.569556,585174.98552385
"US_2013","baseline_3pct_p90_p10_ratio",1.14877607666561,0.00639583910734409,1.13624023201522,1.16131192131601
"US_2013","baseline_3pct_p90_p10_ok",1,0,1,1
"US_2013","baseline_3pct_p90_p10_keptmin",1,0,1,1
"US_2013","baseline_3pct_p90_p10_naltmax",0,0,0,0
"US_2013","baseline_3pct_inter1_nw",8.80775990958409e-05,5.5555901661012e-06,7.71886423702825e-05,9.89665558213992e-05
"US_2013","baseline_3pct_inter1_nwx",1.58416969813548e-05,4.51893644375346e-07,1.49559854383791e-05,1.67274085243305e-05
"US_2013","baseline_3pct_inter1_ratio",5.55784965585585,0.256003102721207,5.05608357452228,6.05961573718942
"US_2013","baseline_3pct_inter1_ok",1,0,1,1
"US_2013","baseline_3pct_inter1_keptmin",1,0,1,1
"US_2013","baseline_3pct_inter1_naltmax",0,0,0,0
"US_2013","baseline_3pct_inter2_nw",0.000114201188917666,7.66035637786967e-06,9.91868904170417e-05,0.000129215487418291
"US_2013","baseline_3pct_inter2_nwx",1.73028593109361e-05,5.2965274162889e-07,1.62647399373435e-05,1.83409786845287e-05
"US_2013","baseline_3pct_inter2_ratio",6.59718390855285,0.314779611377504,5.98021587025294,7.21415194685276
"US_2013","baseline_3pct_inter2_ok",1,0,1,1
"US_2013","baseline_3pct_inter2_keptmin",1,0,1,1
"US_2013","baseline_3pct_inter2_naltmax",0,0,0,0
"US_2013","baseline_3pct_ge2_nw",27.2914791240948,0.692221834787003,25.9347243279122,28.6482339202773
"US_2013","baseline_3pct_ge2_nwx",31.2571990723447,0.828133489456703,29.6340574330096,32.8803407116798
"US_2013","baseline_3pct_ge2_ratio",0.873145567273511,0.00258123750489646,0.868086341763914,0.878204792783108
"US_2013","baseline_3pct_ge2_ok",1,0,1,1
"US_2013","baseline_3pct_ge2_keptmin",0.773570526312111,0.00151504027424572,0.77060104737459,0.776540005249633
"US_2013","baseline_3pct_ge2_naltmax",0.226429473687889,0.00151504027424568,0.223459994750367,0.22939895262541
"US_2013","baseline_3pct_ge_theil_nw",1.99853376004686,0.00702710324370921,1.98476063768919,2.01230688240453
"US_2013","baseline_3pct_ge_theil_nwx",2.09791565283741,0.0074848543809611,2.08324533825073,2.1125859674241
"US_2013","baseline_3pct_ge_theil_ratio",0.952629434815695,0.00173354000094599,0.949231696413841,0.956027173217549
"US_2013","baseline_3pct_ge_theil_ok",1,0,1,1
"US_2013","baseline_3pct_ge_theil_keptmin",0.773570526312111,0.00151504027424572,0.77060104737459,0.776540005249633
"US_2013","baseline_3pct_ge_theil_naltmax",0.226429473687889,0.00151504027424568,0.223459994750367,0.22939895262541
"US_2013","baseline_3pct_ge_mld_nw",1.99149677921109,0.00735570668212739,1.97707959411412,2.00591396430806
"US_2013","baseline_3pct_ge_mld_nwx",2.04437235542102,0.00686810704422487,2.03091086561433,2.0578338452277
"US_2013","baseline_3pct_ge_mld_ratio",0.974136553140701,0.00194098713942028,0.970332218347437,0.977940887933965
"US_2013","baseline_3pct_ge_mld_ok",1,0,1,1
"US_2013","baseline_3pct_ge_mld_keptmin",0.773570526312111,0.00151504027424572,0.77060104737459,0.776540005249633
"US_2013","baseline_3pct_ge_mld_naltmax",0.226429473687889,0.00151504027424568,0.223459994750367,0.22939895262541
"US_2013","baseline_3pct_atkinson05_nw",0.619804508593537,0.00142801763349246,0.617005594031892,0.622603423155182
"US_2013","baseline_3pct_atkinson05_nwx",0.634029046100252,0.00110260490546387,0.631867940485543,0.636190151714961
"US_2013","baseline_3pct_atkinson05_ratio",0.977564508959365,0.00109149864691353,0.975425171611415,0.979703846307316
"US_2013","baseline_3pct_atkinson05_ok",1,0,1,1
"US_2013","baseline_3pct_atkinson05_keptmin",0.773570526312111,0.00151504027424572,0.77060104737459,0.776540005249633
"US_2013","baseline_3pct_atkinson05_naltmax",0.226429473687889,0.00151504027424568,0.223459994750367,0.22939895262541
"US_2013","baseline_3pct_atkinson1_nw",0.863506563431706,0.00100354587013712,0.861539613526237,0.865473513337175
"US_2013","baseline_3pct_atkinson1_nwx",0.870536548295836,0.000886446555167346,0.868799113047708,0.872273983543964
"US_2013","baseline_3pct_atkinson1_ratio",0.991924563332017,0.000620240697076727,0.990708891565747,0.993140235098288
"US_2013","baseline_3pct_atkinson1_ok",1,0,1,1
"US_2013","baseline_3pct_atkinson1_keptmin",0.773570526312111,0.00151504027424572,0.77060104737459,0.776540005249633
"US_2013","baseline_3pct_atkinson1_naltmax",0.226429473687889,0.00151504027424568,0.223459994750367,0.22939895262541
"US_2013","baseline_3pct_atkinson2_nw",0.998887031862334,3.05194852841281e-05,0.998827213671177,0.998946850053491
"US_2013","baseline_3pct_atkinson2_nwx",0.998909012363905,3.37985106438299e-05,0.998842767283043,0.998975257444767
"US_2013","baseline_3pct_atkinson2_ratio",0.999977995608483,1.17808437507036e-05,0.999954905154732,1.00000108606223
"US_2013","baseline_3pct_atkinson2_ok",1,0,1,1
"US_2013","baseline_3pct_atkinson2_keptmin",0.773570526312111,0.00151504027424572,0.77060104737459,0.776540005249633
"US_2013","baseline_3pct_atkinson2_naltmax",0.226429473687889,0.00151504027424568,0.223459994750367,0.22939895262541
"US_2013","baseline_3pct_ge2_bach1_nw",32.3750821570907,0.828200592128251,30.7518089965193,33.9983553176621
"US_2013","baseline_3pct_ge2_bach1_nwx",40.5538632567755,1.13130808599429,38.3364994082267,42.7712271053243
"US_2013","baseline_3pct_ge2_bach1_ratio",0.798358447388642,0.00235769469259308,0.79373736579116,0.802979528986125
"US_2013","baseline_3pct_ge2_bach1_ok",1,0,1,1
"US_2013","baseline_3pct_ge2_bach1_keptmin",1,0,1,1
"US_2013","baseline_3pct_ge2_bach1_naltmax",0.226429473687889,0.00151504027424568,0.223459994750367,0.22939895262541
"US_2013","baseline_3pct_ge_theil_bach1_nw",2.166509429223,0.0066962422938894,2.15338479432697,2.17963406411902
"US_2013","baseline_3pct_ge_theil_bach1_nwx",2.35464558241828,0.00918151830773863,2.33664980653511,2.37264135830145
"US_2013","baseline_3pct_ge_theil_bach1_ratio",0.920103022652436,0.00188149579520309,0.916415290893838,0.923790754411034
"US_2013","baseline_3pct_ge_theil_bach1_ok",1,0,1,1
"US_2013","baseline_3pct_ge_theil_bach1_keptmin",1,0,1,1
"US_2013","baseline_3pct_ge_theil_bach1_naltmax",0.226429473687889,0.00151504027424568,0.223459994750367,0.22939895262541
"US_2013","baseline_3pct_ge_mld_bach1_nw",3.54961333305603,0.00971248509691943,3.53057686226607,3.56864980384599
"US_2013","baseline_3pct_ge_mld_bach1_nwx",4.28880914625056,0.0169116194138018,4.25566237219951,4.32195592030162
"US_2013","baseline_3pct_ge_mld_bach1_ratio",0.827651412705503,0.00304867178510636,0.821676016006695,0.833626809404312
"US_2013","baseline_3pct_ge_mld_bach1_ok",1,0,1,1
"US_2013","baseline_3pct_ge_mld_bach1_keptmin",1,0,1,1
"US_2013","baseline_3pct_ge_mld_bach1_naltmax",0.226429473687889,0.00151504027424568,0.223459994750367,0.22939895262541
"US_2013","baseline_3pct_atkinson05_bach1_nw",0.678329182508537,0.00110989949056984,0.67615377950702,0.680504585510054
"US_2013","baseline_3pct_atkinson05_bach1_nwx",0.716501594950022,0.00118570909267634,0.714177605128376,0.718825584771667
"US_2013","baseline_3pct_atkinson05_bach1_ratio",0.9467244225059,0.00119981348928742,0.944372788066897,0.949076056944903
"US_2013","baseline_3pct_atkinson05_bach1_ok",1,0,1,1
"US_2013","baseline_3pct_atkinson05_bach1_keptmin",1,0,1,1
"US_2013","baseline_3pct_atkinson05_bach1_naltmax",0.226429473687889,0.00151504027424568,0.223459994750367,0.22939895262541
"US_2013","baseline_3pct_atkinson1_bach1_nw",0.971263349818638,0.000278145101999722,0.970718185418719,0.971808514218558
"US_2013","baseline_3pct_atkinson1_bach1_nwx",0.986277436118817,0.000232110550966679,0.985822499438923,0.986732372798712
"US_2013","baseline_3pct_atkinson1_bach1_ratio",0.984777032250729,0.000275372916298532,0.984237301334783,0.985316763166674
"US_2013","baseline_3pct_atkinson1_bach1_ok",1,0,1,1
"US_2013","baseline_3pct_atkinson1_bach1_keptmin",1,0,1,1
"US_2013","baseline_3pct_atkinson1_bach1_naltmax",0.226429473687889,0.00151504027424568,0.223459994750367,0.22939895262541
"US_2013","baseline_3pct_atkinson2_bach1_nw",0.999985319148012,1.63138839911202e-07,0.999984999395886,0.999985638900138
"US_2013","baseline_3pct_atkinson2_bach1_nwx",0.999988287530443,1.39685101495465e-07,0.999988013747644,0.999988561313242
"US_2013","baseline_3pct_atkinson2_bach1_ratio",0.999997031582803,1.09656729199909e-07,0.999996816655614,0.999997246509992
"US_2013","baseline_3pct_atkinson2_bach1_ok",1,0,1,1
"US_2013","baseline_3pct_atkinson2_bach1_keptmin",1,0,1,1
"US_2013","baseline_3pct_atkinson2_bach1_naltmax",0.226429473687889,0.00151504027424568,0.223459994750367,0.22939895262541
"US_2013","baseline_3pct_mu_ratio_nw",0.979009053967974,0.000283097009358834,0.97845418382963,0.979563924106317
"US_2013","baseline_3pct_mu_ratio_nwx",0.816967641113825,0.00700330770614079,0.803241158009789,0.83069412421786
