"country","stat_name","estimate","se","ci_lo","ci_hi"
"AT_2011","gradient_gini_nw",0.762501926258024,0.0387327702334377,0.686585696600487,0.838418155915562
"AT_2011","gradient_gini_nwx",0.8763120579873,0.0515709745593078,0.775232947851056,0.977391168123543
"AT_2011","gradient_gini_ratio",0.870948880711141,0.0384303679159867,0.795625359595807,0.946272401826475
"AT_2011","gradient_gini_ok",1,0,1,1
"AT_2011","gradient_gini_keptmin",1,0,1,1
"AT_2011","gradient_gini_naltmax",0,0,0,0
"AT_2011","gradient_gini_rsv_nw",0.751844237799968,0.035371895931664,0.682515321773907,0.82117315382603
"AT_2011","gradient_gini_rsv_nwx",0.774708986815549,0.0360084162359493,0.704132490993088,0.845285482638009
"AT_2011","gradient_gini_rsv_ratio",0.970471924078768,0.00340162242218826,0.963804744131279,0.977139104026257
"AT_2011","gradient_gini_rsv_ok",1,0,1,1
"AT_2011","gradient_gini_rsv_keptmin",1,0,1,1
"AT_2011","gradient_gini_rsv_naltmax",0,0,0,0
"AT_2011","gradient_cv_nw",2.96268403500397,0.637854808179066,1.712488610973,4.21287945903494
"AT_2011","gradient_cv_nwx",3.7562299777535,0.684907269040487,2.41381173043415,5.09864822507286
"AT_2011","gradient_cv_ratio",0.787859238253499,0.0642479652600263,0.661933226343847,0.91378525016315
"AT_2011","gradient_cv_ok",1,0,1,1
"AT_2011","gradient_cv_keptmin",1,0,1,1
"AT_2011","gradient_cv_naltmax",0,0,0,0
"AT_2011","gradient_top10_nw",0.613621987691234,0.0586821850717522,0.4986049049506,0.728639070431868
"AT_2011","gradient_top10_nwx",0.663771197306885,0.067920812670126,0.530646404473438,0.796895990140332
"AT_2011","gradient_top10_ratio",0.924886017839523,0.0151525180077429,0.895187082544347,0.954584953134699
"AT_2011","gradient_top10_ok",1,0,1,1
"AT_2011","gradient_top10_keptmin",1,0,1,1
"AT_2011","gradient_top10_naltmax",0,0,0,0
"AT_2011","gradient_top1_nw",0.233770179584283,0.0684002368696299,0.0997057153198084,0.367834643848758
"AT_2011","gradient_top1_nwx",0.286324831193466,0.0739297436344412,0.141422533669961,0.431227128716971
"AT_2011","gradient_top1_ratio",0.812404268901052,0.0248503418886492,0.7636975987993,0.861110939002804
"AT_2011","gradient_top1_ok",1,0,1,1
"AT_2011","gradient_top1_keptmin",1,0,1,1
"AT_2011","gradient_top1_naltmax",0,0,0,0
"AT_2011","gradient_sgini4_nw",0.960582278024934,0.0240819519467601,0.913381652209284,1.00778290384058
"AT_2011","gradient_sgini4_nwx",1.1912946184711,0.0840640891625224,1.02652900371256,1.35606023322965
"AT_2011","gradient_sgini4_ratio",0.809110640712766,0.0616866268203101,0.688204852144959,0.930016429280574
"AT_2011","gradient_sgini4_ok",1,0,1,1
"AT_2011","gradient_sgini4_keptmin",1,0,1,1
"AT_2011","gradient_sgini4_naltmax",0,0,0,0
"AT_2011","gradient_gini_abs_nw",202822.209815921,44397.8175889578,115802.487341564,289841.932290278
"AT_2011","gradient_gini_abs_nwx",169402.93978311,39723.122427504,91545.6198252025,247260.259741018
"AT_2011","gradient_gini_abs_ratio",1.19976992658992,0.020570438099153,1.15945186791558,1.24008798526426
"AT_2011","gradient_gini_abs_ok",1,0,1,1
"AT_2011","gradient_gini_abs_keptmin",1,0,1,1
"AT_2011","gradient_gini_abs_naltmax",0,0,0,0
"AT_2011","gradient_variance_nw",712814007773.925,617989952810.588,-498446299734.827,1924074315282.68
"AT_2011","gradient_variance_nwx",588159210832.198,458022779974.895,-309565437918.597,1485883859582.99
"AT_2011","gradient_variance_ratio",1.17704905508362,0.105988440953496,0.969311710814763,1.38478639935247
"AT_2011","gradient_variance_ok",1,0,1,1
"AT_2011","gradient_variance_keptmin",1,0,1,1
"AT_2011","gradient_variance_naltmax",0,0,0,0
"AT_2011","gradient_kolm0.5_nw",0.10200007583447,0.0111392366718304,0.0801671719576825,0.123832979711258
"AT_2011","gradient_kolm0.5_nwx",0.685549735908566,1.43774673961039,-2.1324338737278,3.50353334554493
"AT_2011","gradient_kolm0.5_ratio",0.855957278382699,0.512289852292009,-0.14813083210964,1.86004538887504
"AT_2011","gradient_kolm0.5_ok",1,0,1,1
"AT_2011","gradient_kolm0.5_keptmin",1,0,1,1
"AT_2011","gradient_kolm0.5_naltmax",0,0,0,0
"AT_2011","gradient_kolm1_nw",0.140113405565763,0.0207902099370455,0.0993645940891537,0.180862217042372
"AT_2011","gradient_kolm1_nwx",2.28349364670355,4.94235117669497,-7.4035146596186,11.9705019530257
"AT_2011","gradient_kolm1_ratio",0.520559768480938,0.410346511737167,-0.283719394523909,1.32483893148578
"AT_2011","gradient_kolm1_ok",1,0,1,1
"AT_2011","gradient_kolm1_keptmin",1,0,1,1
"AT_2011","gradient_kolm1_naltmax",0,0,0,0
"AT_2011","gradient_p75_p25_nw",240111,3740.11224430498,232780.380001162,247441.619998838
"AT_2011","gradient_p75_p25_nwx",188126.312011719,4672.13505502454,178968.927303871,197283.696719567
"AT_2011","gradient_p75_p25_ratio",1.27659447138738,0.0203717116188332,1.23666591661446,1.31652302616029
"AT_2011","gradient_p75_p25_ok",1,0,1,1
"AT_2011","gradient_p75_p25_keptmin",1,0,1,1
"AT_2011","gradient_p75_p25_naltmax",0,0,0,0
"AT_2011","gradient_p90_p10_nw",539928,14302.014501461,511896.051577137,567959.948422863
"AT_2011","gradient_p90_p10_nwx",384255.955610963,13587.6411908774,357624.178876844,410887.732345083
"AT_2011","gradient_p90_p10_ratio",1.40560375189957,0.0309460069375089,1.34494957830205,1.46625792549709
"AT_2011","gradient_p90_p10_ok",1,0,1,1
"AT_2011","gradient_p90_p10_keptmin",1,0,1,1
"AT_2011","gradient_p90_p10_naltmax",0,0,0,0
"AT_2011","gradient_inter1_nw",0.264279296170392,0.212345326126679,-0.1519175430379,0.680476135378683
"AT_2011","gradient_inter1_nwx",0.00763110457968356,0.00438525796698824,-0.000964001035613385,0.0162262101949805
"AT_2011","gradient_inter1_ratio",100.190925183115,197.116529072979,-286.157471799923,486.539322166154
"AT_2011","gradient_inter1_ok",1,0,1,1
"AT_2011","gradient_inter1_keptmin",1,0,1,1
"AT_2011","gradient_inter1_naltmax",0,0,0,0
"AT_2011","gradient_inter2_nw",0.749643620047575,0.694984575108483,-0.612526147165051,2.1118133872602
"AT_2011","gradient_inter2_nwx",0.0104924918730767,0.00665542430118988,-0.0025521397572555,0.0235371235034088
"AT_2011","gradient_inter2_ratio",278.959693784007,593.124215989592,-883.563769555593,1441.48315712361
"AT_2011","gradient_inter2_ok",1,0,1,1
"AT_2011","gradient_inter2_keptmin",1,0,1,1
"AT_2011","gradient_inter2_naltmax",0,0,0,0
"AT_2011","gradient_ge2_nw",4.15361128787706,1.87858031446826,0.471593871519264,7.83562870423486
"AT_2011","gradient_ge2_nwx",5.25072813525202,1.99108320737421,1.34820504879856,9.15325122170548
"AT_2011","gradient_ge2_ratio",0.779798177820223,0.0493495843075884,0.683072992577349,0.876523363063096
"AT_2011","gradient_ge2_ok",1,0,1,1
"AT_2011","gradient_ge2_keptmin",0.90486331397018,0.00901761531337356,0.887188787955968,0.922537839984392
"AT_2011","gradient_ge2_naltmax",0.0951366860298203,0.00901761531337358,0.0774621600156081,0.112811212044033
"AT_2011","gradient_ge_theil_nw",1.22740849625675,0.240393666323531,0.75623691026263,1.69858008225087
"AT_2011","gradient_ge_theil_nwx",1.30043088540866,0.266001236966973,0.779068460953389,1.82179330986392
"AT_2011","gradient_ge_theil_ratio",0.944926230865515,0.0134657293056244,0.918533401426491,0.971319060304539
"AT_2011","gradient_ge_theil_ok",1,0,1,1
"AT_2011","gradient_ge_theil_keptmin",0.90486331397018,0.00901761531337356,0.887188787955968,0.922537839984392
"AT_2011","gradient_ge_theil_naltmax",0.0951366860298203,0.00901761531337358,0.0774621600156081,0.112811212044033
"AT_2011","gradient_ge_mld_nw",1.58252469748735,0.149269659061247,1.28995616572731,1.87509322924739
"AT_2011","gradient_ge_mld_nwx",1.53747375838016,0.176380553820112,1.19176787289274,1.88317964386758
"AT_2011","gradient_ge_mld_ratio",1.03080821671289,0.0208045185599601,0.990031360335369,1.07158507309041
"AT_2011","gradient_ge_mld_ok",1,0,1,1
"AT_2011","gradient_ge_mld_keptmin",0.90486331397018,0.00901761531337356,0.887188787955968,0.922537839984392
"AT_2011","gradient_ge_mld_naltmax",0.0951366860298203,0.00901761531337358,0.0774621600156081,0.112811212044033
"AT_2011","gradient_atkinson05_nw",0.483943131012402,0.0496852542096353,0.386560032761517,0.581326229263287
"AT_2011","gradient_atkinson05_nwx",0.488205754160145,0.0566721772717779,0.37712828670746,0.59928322161283
"AT_2011","gradient_atkinson05_ratio",0.9922556200714,0.0149775961639548,0.962899531590049,1.02161170855275
"AT_2011","gradient_atkinson05_ok",1,0,1,1
"AT_2011","gradient_atkinson05_keptmin",0.90486331397018,0.00901761531337356,0.887188787955968,0.922537839984392
"AT_2011","gradient_atkinson05_naltmax",0.0951366860298203,0.00901761531337358,0.0774621600156081,0.112811212044033
"AT_2011","gradient_atkinson1_nw",0.793085134386691,0.0287215382633643,0.736790919390497,0.849379349382885
"AT_2011","gradient_atkinson1_nwx",0.782953313972648,0.0353378967340378,0.713691036373934,0.852215591571362
"AT_2011","gradient_atkinson1_ratio",1.01320768005175,0.00930315660753475,0.994973493100987,1.03144186700252
"AT_2011","gradient_atkinson1_ok",1,0,1,1
"AT_2011","gradient_atkinson1_keptmin",0.90486331397018,0.00901761531337356,0.887188787955968,0.922537839984392
"AT_2011","gradient_atkinson1_naltmax",0.0951366860298203,0.00901761531337358,0.0774621600156081,0.112811212044033
"AT_2011","gradient_atkinson2_nw",0.994362301350404,0.00171735724243422,0.990996281155233,0.997728321545576
"AT_2011","gradient_atkinson2_nwx",0.993140542461587,0.00215131951955116,0.988923956203267,0.997357128719907
"AT_2011","gradient_atkinson2_ratio",1.00123084263345,0.000472845217939477,1.00030406600629,1.00215761926061
"AT_2011","gradient_atkinson2_ok",1,0,1,1
"AT_2011","gradient_atkinson2_keptmin",0.90486331397018,0.00901761531337356,0.887188787955968,0.922537839984392
"AT_2011","gradient_atkinson2_naltmax",0.0951366860298203,0.00901761531337358,0.0774621600156081,0.112811212044033
"AT_2011","gradient_ge2_bach1_nw",4.449115813732,2.02345652849359,0.483141017884555,8.41509060957944
"AT_2011","gradient_ge2_bach1_nwx",5.86580123043443,2.26525184993929,1.42590760455342,10.3056948563154
"AT_2011","gradient_ge2_bach1_ratio",0.748144025530818,0.0449745117278908,0.659993982544152,0.836294068517484
"AT_2011","gradient_ge2_bach1_ok",1,0,1,1
"AT_2011","gradient_ge2_bach1_keptmin",1,0,1,1
"AT_2011","gradient_ge2_bach1_naltmax",0.0951366860298203,0.00901761531337358,0.0774621600156081,0.112811212044033
"AT_2011","gradient_ge_theil_bach1_nw",1.28799186396504,0.244651487324314,0.808474948809384,1.7675087791207
"AT_2011","gradient_ge_theil_bach1_nwx",1.4004286557448,0.273780797940824,0.863818291780784,1.93703901970881
"AT_2011","gradient_ge_theil_bach1_ratio",0.920350532800811,0.009419984155024,0.901887363856964,0.938813701744658
"AT_2011","gradient_ge_theil_bach1_ok",1,0,1,1
"AT_2011","gradient_ge_theil_bach1_keptmin",1,0,1,1
"AT_2011","gradient_ge_theil_bach1_naltmax",0.0951366860298203,0.00901761531337358,0.0774621600156081,0.112811212044033
"AT_2011","gradient_ge_mld_bach1_nw",2.16624988986682,0.198238707662232,1.77770202284885,2.5547977568848
"AT_2011","gradient_ge_mld_bach1_nwx",2.46329979900447,0.251731024468435,1.96990699104634,2.9566926069626
"AT_2011","gradient_ge_mld_bach1_ratio",0.879999202900714,0.0122256968359818,0.856036837102189,0.903961568699238
"AT_2011","gradient_ge_mld_bach1_ok",1,0,1,1
"AT_2011","gradient_ge_mld_bach1_keptmin",1,0,1,1
"AT_2011","gradient_ge_mld_bach1_naltmax",0.0951366860298203,0.00901761531337358,0.0774621600156081,0.112811212044033
"AT_2011","gradient_atkinson05_bach1_nw",0.513974246581153,0.048847850140455,0.418232460305861,0.609716032856445
"AT_2011","gradient_atkinson05_bach1_nwx",0.536339704716854,0.0546073790870708,0.429309241706195,0.643370167727512
"AT_2011","gradient_atkinson05_bach1_ratio",0.958720064694607,0.00759096808694229,0.9438417672442,0.973598362145014
"AT_2011","gradient_atkinson05_bach1_ok",1,0,1,1
"AT_2011","gradient_atkinson05_bach1_keptmin",1,0,1,1
"AT_2011","gradient_atkinson05_bach1_naltmax",0.0951366860298203,0.00901761531337358,0.0774621600156081,0.112811212044033
"AT_2011","gradient_atkinson1_bach1_nw",0.883957761502402,0.0213335803424977,0.842143944031106,0.925771578973698
"AT_2011","gradient_atkinson1_bach1_nwx",0.91317315334105,0.0193399318673852,0.875266886880975,0.951079419801125
"AT_2011","gradient_atkinson1_bach1_ratio",0.967968386379899,0.00370040298983187,0.960715596519828,0.975221176239969
"AT_2011","gradient_atkinson1_bach1_ok",1,0,1,1
"AT_2011","gradient_atkinson1_bach1_keptmin",1,0,1,1
"AT_2011","gradient_atkinson1_bach1_naltmax",0.0951366860298203,0.00901761531337358,0.0774621600156081,0.112811212044033
"AT_2011","gradient_atkinson2_bach1_nw",0.999934940433055,1.4144943911075e-05,0.99990721634299,0.999962664523121
"AT_2011","gradient_atkinson2_bach1_nwx",0.999947414541528,1.15366418030816e-05,0.999924802723594,0.999970026359462
"AT_2011","gradient_atkinson2_bach1_ratio",0.999987525216712,3.24425818146432e-06,0.999981166470676,0.999993883962748
"AT_2011","gradient_atkinson2_bach1_ok",1,0,1,1
"AT_2011","gradient_atkinson2_bach1_keptmin",1,0,1,1
"AT_2011","gradient_atkinson2_bach1_naltmax",0.0951366860298203,0.00901761531337358,0.0774621600156081,0.112811212044033
"AT_2011","gradient_mu_ratio_nw",0.98616600012479,0.00849813664381654,0.96950965230291,1.00282234794667
"AT_2011","gradient_mu_ratio_nwx",0.884881426336006,0.0344280940648645,0.817402361968872,0.95236049070314
"EE_2013","gradient_gini_nw",0.690164572112359,0.00409472454700771,0.682138912000223,0.698190232224494
"EE_2013","gradient_gini_nwx",0.732870647818175,0.00373112337600693,0.725557646001202,0.740183649635149
"EE_2013","gradient_gini_ratio",0.941725316351832,0.00122377023855689,0.939326726684261,0.944123906019404
"EE_2013","gradient_gini_ok",1,0,1,1
"EE_2013","gradient_gini_keptmin",1,0,1,1
"EE_2013","gradient_gini_naltmax",0,0,0,0
"EE_2013","gradient_gini_rsv_nw",0.68766481463859,0.00409399570840137,0.679640583050124,0.695689046227057
"EE_2013","gradient_gini_rsv_nwx",0.703240858037892,0.00376598221111319,0.69585953290411,0.710622183171674
"EE_2013","gradient_gini_rsv_ratio",0.977849191961882,0.000976038479532862,0.975936156541997,0.979762227381766
"EE_2013","gradient_gini_rsv_ok",1,0,1,1
"EE_2013","gradient_gini_rsv_keptmin",1,0,1,1
"EE_2013","gradient_gini_rsv_naltmax",0,0,0,0
"EE_2013","gradient_cv_nw",3.70523327171446,0.0632239063493923,3.58131441526965,3.82915212815926
"EE_2013","gradient_cv_nwx",4.11727768588555,0.0755366896225362,3.96922577422538,4.26532959754573
"EE_2013","gradient_cv_ratio",0.899938319998906,0.0021266370880368,0.895770111306354,0.904106528691458
"EE_2013","gradient_cv_ok",1,0,1,1
"EE_2013","gradient_cv_keptmin",1,0,1,1
"EE_2013","gradient_cv_naltmax",0,0,0,0
"EE_2013","gradient_top10_nw",0.556753980403238,0.00564497753677265,0.545689824431164,0.567818136375313
"EE_2013","gradient_top10_nwx",0.578820267676575,0.00511366303341066,0.56879748813109,0.58884304722206
"EE_2013","gradient_top10_ratio",0.961870729029615,0.00204198551824516,0.957868437413855,0.965873020645376
"EE_2013","gradient_top10_ok",1,0,1,1
"EE_2013","gradient_top10_keptmin",1,0,1,1
"EE_2013","gradient_top10_naltmax",0,0,0,0
"EE_2013","gradient_top1_nw",0.214155751220417,0.00560257423146443,0.203174705726746,0.225136796714087
"EE_2013","gradient_top1_nwx",0.234007861560137,0.00648374413996443,0.221299723045806,0.246716000074467
"EE_2013","gradient_top1_ratio",0.915192751356483,0.00246144441195492,0.910368320309051,0.920017182403914
"EE_2013","gradient_top1_ok",1,0,1,1
"EE_2013","gradient_top1_keptmin",1,0,1,1
"EE_2013","gradient_top1_naltmax",0,0,0,0
"EE_2013","gradient_sgini4_nw",0.888486188204255,0.0021435430778872,0.884284843771596,0.892687532636914
"EE_2013","gradient_sgini4_nwx",0.97121934571047,0.00175428849016863,0.967780940269739,0.9746577511512
"EE_2013","gradient_sgini4_ratio",0.914815083452326,0.00137950927040963,0.912111245282323,0.917518921622329
"EE_2013","gradient_sgini4_ok",1,0,1,1
"EE_2013","gradient_sgini4_keptmin",1,0,1,1
"EE_2013","gradient_sgini4_naltmax",0,0,0,0
"EE_2013","gradient_gini_abs_nw",66889.4323094692,1283.30482157866,64374.154859175,69404.7097597634
"EE_2013","gradient_gini_abs_nwx",63744.8295872943,1147.56882642798,61495.5946874954,65994.0644870931
"EE_2013","gradient_gini_abs_ratio",1.04932055160551,0.00365089302921847,1.04216480126824,1.05647630194278
"EE_2013","gradient_gini_abs_ok",1,0,1,1
"EE_2013","gradient_gini_abs_keptmin",1,0,1,1
"EE_2013","gradient_gini_abs_naltmax",0,0,0,0
"EE_2013","gradient_variance_nw",128924277337.286,2899277097.78087,123241694225.635,134606860448.936
"EE_2013","gradient_variance_nwx",128218511830.749,2979012655.84253,122379647025.297,134057376636.2
"EE_2013","gradient_variance_ratio",1.00551879471677,0.0032089896798063,0.999229174944349,1.01180841448919
"EE_2013","gradient_variance_ok",1,0,1,1
"EE_2013","gradient_variance_keptmin",1,0,1,1
"EE_2013","gradient_variance_naltmax",0,0,0,0
"EE_2013","gradient_kolm0.5_nw",0.0613974512213716,0.00231744375769299,0.0568552614562933,0.0659396409864498
"EE_2013","gradient_kolm0.5_nwx",0.0724667677698797,0.00184308657123031,0.0688543180902683,0.0760792174494912
"EE_2013","gradient_kolm0.5_ratio",0.847148642721778,0.0166475302985085,0.814519483336702,0.879777802106855
"EE_2013","gradient_kolm0.5_ok",1,0,1,1
"EE_2013","gradient_kolm0.5_keptmin",1,0,1,1
"EE_2013","gradient_kolm0.5_naltmax",0,0,0,0
"EE_2013","gradient_kolm1_nw",0.0841954419166893,0.0029692271348244,0.0783757567324335,0.0900151271009451
"EE_2013","gradient_kolm1_nwx",0.260297502980373,0.019499844813574,0.222077807145768,0.298517198814978
"EE_2013","gradient_kolm1_ratio",0.324762530807679,0.0285034419925765,0.268895784502229,0.380629277113129
"EE_2013","gradient_kolm1_ok",1,0,1,1
"EE_2013","gradient_kolm1_keptmin",1,0,1,1
"EE_2013","gradient_kolm1_naltmax",0,0,0,0
"EE_2013","gradient_p75_p25_nw",78673.2374511719,1749.60661698611,75244.0084818791,82102.4664204647
"EE_2013","gradient_p75_p25_nwx",73877.0856960863,1618.47957389663,70704.8657312489,77049.3056609237
"EE_2013","gradient_p75_p25_ratio",1.06494035410786,0.00881258564958214,1.04766768623468,1.08221302198104
"EE_2013","gradient_p75_p25_ok",1,0,1,1
"EE_2013","gradient_p75_p25_keptmin",1,0,1,1
"EE_2013","gradient_p75_p25_naltmax",0,0,0,0
"EE_2013","gradient_p90_p10_nw",193827.728125,4398.55498584656,185206.560352741,202448.895897259
"EE_2013","gradient_p90_p10_nwx",169227.390306765,4195.66931153532,161003.878456156,177450.902157374
"EE_2013","gradient_p90_p10_ratio",1.14548735372742,0.0163006036753816,1.11353817052367,1.17743653693117
"EE_2013","gradient_p90_p10_ok",1,0,1,1
"EE_2013","gradient_p90_p10_keptmin",1,0,1,1
"EE_2013","gradient_p90_p10_naltmax",0,0,0,0
"EE_2013","gradient_inter1_nw",0.458960982655122,0.0103675914734136,0.438640503367232,0.479281461943013
"EE_2013","gradient_inter1_nwx",0.00586515190299849,0.000234803658408599,0.00540493673251764,0.00632536707347934
"EE_2013","gradient_inter1_ratio",78.2905847735086,1.51417161303854,75.3228084119531,81.2583611350642
"EE_2013","gradient_inter1_ok",1,0,1,1
"EE_2013","gradient_inter1_keptmin",1,0,1,1
"EE_2013","gradient_inter1_naltmax",0,0,0,0
"EE_2013","gradient_inter2_nw",2.33705180972545,0.0625320963734696,2.21448890083344,2.45961471861745
"EE_2013","gradient_inter2_nwx",0.0102300973589751,0.000370521648368949,0.009503874928172,0.0109563197897783
"EE_2013","gradient_inter2_ratio",228.578869983034,7.54746421065123,213.785840130158,243.371899835911
"EE_2013","gradient_inter2_ok",1,0,1,1
"EE_2013","gradient_inter2_keptmin",1,0,1,1
"EE_2013","gradient_inter2_naltmax",0,0,0,0
"EE_2013","gradient_ge2_nw",6.48116231970825,0.21747618941369,6.05490898845741,6.90741565095908
"EE_2013","gradient_ge2_nwx",7.38240404858059,0.267486031752525,6.85813142634564,7.90667667081554
"EE_2013","gradient_ge2_ratio",0.877981982097481,0.00451801510460879,0.869126672492448,0.886837291702514
"EE_2013","gradient_ge2_ok",1,0,1,1
"EE_2013","gradient_ge2_keptmin",0.930321635476405,0.000904646897375687,0.928548527557548,0.932094743395261
"EE_2013","gradient_ge2_naltmax",0.0696783645235954,0.000904646897375694,0.067905256604739,0.0714514724424518
"EE_2013","gradient_ge_theil_nw",1.09029299184355,0.017247588219108,1.0564877189341,1.12409826475301
"EE_2013","gradient_ge_theil_nwx",1.13295792876581,0.0176724980895402,1.09831983251031,1.16759602502131
"EE_2013","gradient_ge_theil_ratio",0.9623413382106,0.00198577785332054,0.958449213618092,0.966233462803108
"EE_2013","gradient_ge_theil_ok",1,0,1,1
"EE_2013","gradient_ge_theil_keptmin",0.930321635476405,0.000904646897375687,0.928548527557548,0.932094743395261
"EE_2013","gradient_ge_theil_naltmax",0.0696783645235954,0.000904646897375694,0.067905256604739,0.0714514724424518
"EE_2013","gradient_ge_mld_nw",1.27349652624755,0.0176091008205025,1.23898268863937,1.30801036385574
"EE_2013","gradient_ge_mld_nwx",1.28265387705184,0.016261835382589,1.25078067970196,1.31452707440171
"EE_2013","gradient_ge_mld_ratio",0.992852058493973,0.00198455331162419,0.988962334003189,0.996741782984756
"EE_2013","gradient_ge_mld_ok",1,0,1,1
"EE_2013","gradient_ge_mld_keptmin",0.930321635476405,0.000904646897375687,0.928548527557548,0.932094743395261
"EE_2013","gradient_ge_mld_naltmax",0.0696783645235954,0.000904646897375694,0.067905256604739,0.0714514724424518
"EE_2013","gradient_atkinson05_nw",0.406706415124449,0.00509267365795652,0.396724774754854,0.416688055494043
"EE_2013","gradient_atkinson05_nwx",0.413166805645239,0.00484104745255258,0.403678352638236,0.422655258652242
"EE_2013","gradient_atkinson05_ratio",0.984358347450394,0.00162132358814941,0.981180553217621,0.987536141683167
"EE_2013","gradient_atkinson05_ok",1,0,1,1
"EE_2013","gradient_atkinson05_keptmin",0.930321635476405,0.000904646897375687,0.928548527557548,0.932094743395261
"EE_2013","gradient_atkinson05_naltmax",0.0696783645235954,0.000904646897375694,0.067905256604739,0.0714514724424518
"EE_2013","gradient_atkinson1_nw",0.7201198306289,0.00488787618498539,0.710539593306329,0.729700067951471
"EE_2013","gradient_atkinson1_nwx",0.7226752558684,0.00448147089955466,0.713891572905272,0.731458938831527
"EE_2013","gradient_atkinson1_ratio",0.996461765452166,0.000999928190588795,0.994501906198612,0.99842162470572
"EE_2013","gradient_atkinson1_ok",1,0,1,1
"EE_2013","gradient_atkinson1_keptmin",0.930321635476405,0.000904646897375687,0.928548527557548,0.932094743395261
"EE_2013","gradient_atkinson1_naltmax",0.0696783645235954,0.000904646897375694,0.067905256604739,0.0714514724424518
"EE_2013","gradient_atkinson2_nw",0.99908067372659,0.000112730431994607,0.998859722079881,0.9993016253733
"EE_2013","gradient_atkinson2_nwx",0.999007843298667,0.00011626239033049,0.998779969013619,0.999235717583714
"EE_2013","gradient_atkinson2_ratio",1.00007290330857,2.8929156719037e-05,1.0000162021614,1.00012960445574
"EE_2013","gradient_atkinson2_ok",1,0,1,1
"EE_2013","gradient_atkinson2_keptmin",0.930321635476405,0.000904646897375687,0.928548527557548,0.932094743395261
"EE_2013","gradient_atkinson2_naltmax",0.0696783645235954,0.000904646897375694,0.067905256604739,0.0714514724424518
"EE_2013","gradient_ge2_bach1_nw",6.83879456949057,0.231664740000044,6.38473167909048,7.29285745989066
"EE_2013","gradient_ge2_bach1_nwx",7.9727982589181,0.288957961109461,7.40644065514355,8.53915586269264
"EE_2013","gradient_ge2_bach1_ratio",0.857818062380694,0.00371965438963583,0.850527539777008,0.86510858498438
"EE_2013","gradient_ge2_bach1_ok",1,0,1,1
"EE_2013","gradient_ge2_bach1_keptmin",1,0,1,1
"EE_2013","gradient_ge2_bach1_naltmax",0.0696783645235954,0.000904646897375694,0.067905256604739,0.0714514724424518
"EE_2013","gradient_ge_theil_bach1_nw",1.14023731346929,0.0166815702532411,1.10754143577294,1.17293319116564
"EE_2013","gradient_ge_theil_bach1_nwx",1.20517248103383,0.0175252975167058,1.17082289790109,1.23952206416657
"EE_2013","gradient_ge_theil_bach1_ratio",0.946120072934213,0.00176301465381977,0.942664564212726,0.949575581655699
"EE_2013","gradient_ge_theil_bach1_ok",1,0,1,1
"EE_2013","gradient_ge_theil_bach1_keptmin",1,0,1,1
"EE_2013","gradient_ge_theil_bach1_naltmax",0.0696783645235954,0.000904646897375694,0.067905256604739,0.0714514724424518
"EE_2013","gradient_ge_mld_bach1_nw",1.72344438823925,0.0116956311986868,1.70052095108982,1.74636782538867
"EE_2013","gradient_ge_mld_bach1_nwx",1.92001867901552,0.017064508966635,1.88657224144092,1.95346511659013
"EE_2013","gradient_ge_mld_bach1_ratio",0.897634817917985,0.00413855624003493,0.889523247687517,0.905746388148454
"EE_2013","gradient_ge_mld_bach1_ok",1,0,1,1
"EE_2013","gradient_ge_mld_bach1_keptmin",1,0,1,1
"EE_2013","gradient_ge_mld_bach1_naltmax",0.0696783645235954,0.000904646897375694,0.067905256604739,0.0714514724424518
"EE_2013","gradient_atkinson05_bach1_nw",0.435381468926933,0.00447558081490986,0.426609330529709,0.444153607324156
"EE_2013","gradient_atkinson05_bach1_nwx",0.453711773649677,0.00443898295030772,0.445011367067074,0.46241218023228
"EE_2013","gradient_atkinson05_bach1_ratio",0.959597223405543,0.00177120821700169,0.95612565530022,0.963068791510867
"EE_2013","gradient_atkinson05_bach1_ok",1,0,1,1
"EE_2013","gradient_atkinson05_bach1_keptmin",1,0,1,1
"EE_2013","gradient_atkinson05_bach1_naltmax",0.0696783645235954,0.000904646897375694,0.067905256604739,0.0714514724424518
"EE_2013","gradient_atkinson1_bach1_nw",0.821541448186972,0.0020792988134842,0.817466022512543,0.825616873861401
"EE_2013","gradient_atkinson1_bach1_nwx",0.853381546210145,0.00250175969174744,0.84847809721432,0.85828499520597
"EE_2013","gradient_atkinson1_bach1_ratio",0.96269091645293,0.00144033731810037,0.959867855309454,0.965513977596407
"EE_2013","gradient_atkinson1_bach1_ok",1,0,1,1
"EE_2013","gradient_atkinson1_bach1_keptmin",1,0,1,1
"EE_2013","gradient_atkinson1_bach1_naltmax",0.0696783645235954,0.000904646897375694,0.067905256604739,0.0714514724424518
"EE_2013","gradient_atkinson2_bach1_nw",0.999825255232684,3.44789840874117e-06,0.999818497351803,0.999832013113565
"EE_2013","gradient_atkinson2_bach1_nwx",0.999858462131661,3.65086063588058e-06,0.999851306444814,0.999865617818507
"EE_2013","gradient_atkinson2_bach1_ratio",0.999966788402554,2.29092934281453e-06,0.999962298181042,0.999971278624066
"EE_2013","gradient_atkinson2_bach1_ok",1,0,1,1
"EE_2013","gradient_atkinson2_bach1_keptmin",1,0,1,1
"EE_2013","gradient_atkinson2_bach1_naltmax",0.0696783645235954,0.000904646897375694,0.067905256604739,0.0714514724424518
"EE_2013","gradient_mu_ratio_nw",0.996377966510102,0.000225354685193025,0.995936271327124,0.99681966169308
"EE_2013","gradient_mu_ratio_nwx",0.959569609598432,0.000847184142305749,0.957909128679513,0.961230090517351
"FR_2009","gradient_gini_nw",0.672332772081831,NA,NA,NA
"FR_2009","gradient_gini_nwx",0.683236992059458,NA,NA,NA
"FR_2009","gradient_gini_ratio",0.984040354804621,NA,NA,NA
"FR_2009","gradient_gini_ok",1,NA,NA,NA
"FR_2009","gradient_gini_keptmin",1,NA,NA,NA
"FR_2009","gradient_gini_naltmax",0,NA,NA,NA
"FR_2009","gradient_gini_rsv_nw",0.667468085727283,NA,NA,NA
"FR_2009","gradient_gini_rsv_nwx",0.669954519101562,NA,NA,NA
"FR_2009","gradient_gini_rsv_ratio",0.996288653478129,NA,NA,NA
"FR_2009","gradient_gini_rsv_ok",1,NA,NA,NA
"FR_2009","gradient_gini_rsv_keptmin",1,NA,NA,NA
"FR_2009","gradient_gini_rsv_naltmax",0,NA,NA,NA
"FR_2009","gradient_cv_nw",3.73537709802761,NA,NA,NA
"FR_2009","gradient_cv_nwx",3.84278708815316,NA,NA,NA
"FR_2009","gradient_cv_ratio",0.972048935405067,NA,NA,NA
"FR_2009","gradient_cv_ok",1,NA,NA,NA
"FR_2009","gradient_cv_keptmin",1,NA,NA,NA
"FR_2009","gradient_cv_naltmax",0,NA,NA,NA
"FR_2009","gradient_top10_nw",0.486167965863683,NA,NA,NA
"FR_2009","gradient_top10_nwx",0.488311111582361,NA,NA,NA
"FR_2009","gradient_top10_ratio",0.995611105977635,NA,NA,NA
"FR_2009","gradient_top10_ok",1,NA,NA,NA
"FR_2009","gradient_top10_keptmin",1,NA,NA,NA
"FR_2009","gradient_top10_naltmax",0,NA,NA,NA
"FR_2009","gradient_top1_nw",0.174072445195235,NA,NA,NA
"FR_2009","gradient_top1_nwx",0.176157181690011,NA,NA,NA
"FR_2009","gradient_top1_ratio",0.988165475430663,NA,NA,NA
"FR_2009","gradient_top1_ok",1,NA,NA,NA
"FR_2009","gradient_top1_keptmin",1,NA,NA,NA
"FR_2009","gradient_top1_naltmax",0,NA,NA,NA
"FR_2009","gradient_sgini4_nw",0.913233506332855,NA,NA,NA
"FR_2009","gradient_sgini4_nwx",0.938752941810968,NA,NA,NA
"FR_2009","gradient_sgini4_ratio",0.972815599992813,NA,NA,NA
"FR_2009","gradient_sgini4_ok",1,NA,NA,NA
"FR_2009","gradient_sgini4_keptmin",1,NA,NA,NA
"FR_2009","gradient_sgini4_naltmax",0,NA,NA,NA
"FR_2009","gradient_gini_abs_nw",143020.55728342,NA,NA,NA
"FR_2009","gradient_gini_abs_nwx",136518.102568181,NA,NA,NA
"FR_2009","gradient_gini_abs_ratio",1.04763071411714,NA,NA,NA
"FR_2009","gradient_gini_abs_ok",1,NA,NA,NA
"FR_2009","gradient_gini_abs_keptmin",1,NA,NA,NA
"FR_2009","gradient_gini_abs_naltmax",0,NA,NA,NA
"FR_2009","gradient_variance_nw",631389381071.739,NA,NA,NA
"FR_2009","gradient_variance_nwx",589563228591.231,NA,NA,NA
"FR_2009","gradient_variance_ratio",1.07094430326066,NA,NA,NA
"FR_2009","gradient_variance_ok",1,NA,NA,NA
"FR_2009","gradient_variance_keptmin",1,NA,NA,NA
"FR_2009","gradient_variance_naltmax",0,NA,NA,NA
"FR_2009","gradient_kolm0.5_nw",0.047885907953858,NA,NA,NA
"FR_2009","gradient_kolm0.5_nwx",0.0825344955870236,NA,NA,NA
"FR_2009","gradient_kolm0.5_ratio",0.580192652941915,NA,NA,NA
"FR_2009","gradient_kolm0.5_ok",1,NA,NA,NA
"FR_2009","gradient_kolm0.5_keptmin",1,NA,NA,NA
"FR_2009","gradient_kolm0.5_naltmax",0,NA,NA,NA
"FR_2009","gradient_kolm1_nw",0.0693514939761344,NA,NA,NA
"FR_2009","gradient_kolm1_nwx",3.23069144026612,NA,NA,NA
"FR_2009","gradient_kolm1_ratio",0.0214664554812519,NA,NA,NA
"FR_2009","gradient_kolm1_ok",1,NA,NA,NA
"FR_2009","gradient_kolm1_keptmin",1,NA,NA,NA
"FR_2009","gradient_kolm1_naltmax",0,NA,NA,NA
"FR_2009","gradient_p75_p25_nw",253492,NA,NA,NA
"FR_2009","gradient_p75_p25_nwx",241199,NA,NA,NA
"FR_2009","gradient_p75_p25_ratio",1.05096621461946,NA,NA,NA
"FR_2009","gradient_p75_p25_ok",1,NA,NA,NA
"FR_2009","gradient_p75_p25_keptmin",1,NA,NA,NA
"FR_2009","gradient_p75_p25_naltmax",0,NA,NA,NA
"FR_2009","gradient_p90_p10_nw",466214,NA,NA,NA
"FR_2009","gradient_p90_p10_nwx",445482,NA,NA,NA
"FR_2009","gradient_p90_p10_ratio",1.04653835620743,NA,NA,NA
"FR_2009","gradient_p90_p10_ok",1,NA,NA,NA
"FR_2009","gradient_p90_p10_keptmin",1,NA,NA,NA
"FR_2009","gradient_p90_p10_naltmax",0,NA,NA,NA
"FR_2009","gradient_inter1_nw",0.115197321423605,NA,NA,NA
"FR_2009","gradient_inter1_nwx",0.00104281002080375,NA,NA,NA
"FR_2009","gradient_inter1_ratio",110.46817648992,NA,NA,NA
"FR_2009","gradient_inter1_ok",1,NA,NA,NA
"FR_2009","gradient_inter1_keptmin",1,NA,NA,NA
"FR_2009","gradient_inter1_naltmax",0,NA,NA,NA
"FR_2009","gradient_inter2_nw",0.542339632814387,NA,NA,NA
"FR_2009","gradient_inter2_nwx",0.00176483605385878,NA,NA,NA
"FR_2009","gradient_inter2_ratio",307.303124065588,NA,NA,NA
"FR_2009","gradient_inter2_ok",1,NA,NA,NA
"FR_2009","gradient_inter2_keptmin",1,NA,NA,NA
"FR_2009","gradient_inter2_naltmax",0,NA,NA,NA
"FR_2009","gradient_ge2_nw",6.71211315252703,NA,NA,NA
"FR_2009","gradient_ge2_nwx",6.85966805694672,NA,NA,NA
"FR_2009","gradient_ge2_ratio",0.978489497859846,NA,NA,NA
"FR_2009","gradient_ge2_ok",1,NA,NA,NA
"FR_2009","gradient_ge2_keptmin",0.958078669285443,NA,NA,NA
"FR_2009","gradient_ge2_naltmax",0.0419213307145565,NA,NA,NA
"FR_2009","gradient_ge_theil_nw",0.971048494950999,NA,NA,NA
"FR_2009","gradient_ge_theil_nwx",0.961772852612621,NA,NA,NA
"FR_2009","gradient_ge_theil_ratio",1.0096443170684,NA,NA,NA
"FR_2009","gradient_ge_theil_ok",1,NA,NA,NA
"FR_2009","gradient_ge_theil_keptmin",0.958078669285443,NA,NA,NA
"FR_2009","gradient_ge_theil_naltmax",0.0419213307145565,NA,NA,NA
"FR_2009","gradient_ge_mld_nw",1.35347504135273,NA,NA,NA
"FR_2009","gradient_ge_mld_nwx",1.32904230670441,NA,NA,NA
"FR_2009","gradient_ge_mld_ratio",1.01838371474337,NA,NA,NA
"FR_2009","gradient_ge_mld_ok",1,NA,NA,NA
"FR_2009","gradient_ge_mld_keptmin",0.958078669285443,NA,NA,NA
"FR_2009","gradient_ge_mld_naltmax",0.0419213307145565,NA,NA,NA
"FR_2009","gradient_atkinson05_nw",0.407935207642507,NA,NA,NA
"FR_2009","gradient_atkinson05_nwx",0.402986872095213,NA,NA,NA
"FR_2009","gradient_atkinson05_ratio",1.01227914825505,NA,NA,NA
"FR_2009","gradient_atkinson05_ok",1,NA,NA,NA
"FR_2009","gradient_atkinson05_keptmin",0.958078669285443,NA,NA,NA
"FR_2009","gradient_atkinson05_naltmax",0.0419213307145565,NA,NA,NA
"FR_2009","gradient_atkinson1_nw",0.741659046510371,NA,NA,NA
"FR_2009","gradient_atkinson1_nwx",0.735269329275307,NA,NA,NA
"FR_2009","gradient_atkinson1_ratio",1.00869030840898,NA,NA,NA
"FR_2009","gradient_atkinson1_ok",1,NA,NA,NA
"FR_2009","gradient_atkinson1_keptmin",0.958078669285443,NA,NA,NA
"FR_2009","gradient_atkinson1_naltmax",0.0419213307145565,NA,NA,NA
"FR_2009","gradient_atkinson2_nw",0.984883490523697,NA,NA,NA
"FR_2009","gradient_atkinson2_nwx",0.984606127943029,NA,NA,NA
"FR_2009","gradient_atkinson2_ratio",1.00028169901933,NA,NA,NA
"FR_2009","gradient_atkinson2_ok",1,NA,NA,NA
"FR_2009","gradient_atkinson2_keptmin",0.958078669285443,NA,NA,NA
"FR_2009","gradient_atkinson2_naltmax",0.0419213307145565,NA,NA,NA
"FR_2009","gradient_ge2_bach1_nw",6.92041786058219,NA,NA,NA
"FR_2009","gradient_ge2_bach1_nwx",7.18169173890177,NA,NA,NA
"FR_2009","gradient_ge2_bach1_ratio",0.963619452377172,NA,NA,NA
"FR_2009","gradient_ge2_bach1_ok",1,NA,NA,NA
"FR_2009","gradient_ge2_bach1_keptmin",1,NA,NA,NA
"FR_2009","gradient_ge2_bach1_naltmax",0.0419213307145565,NA,NA,NA
"FR_2009","gradient_ge_theil_bach1_nw",0.999520257832741,NA,NA,NA
"FR_2009","gradient_ge_theil_bach1_nwx",1.0045952846843,NA,NA,NA
"FR_2009","gradient_ge_theil_bach1_ratio",0.9949481876643,NA,NA,NA
"FR_2009","gradient_ge_theil_bach1_ok",1,NA,NA,NA
"FR_2009","gradient_ge_theil_bach1_keptmin",1,NA,NA,NA
"FR_2009","gradient_ge_theil_bach1_naltmax",0.0419213307145565,NA,NA,NA
"FR_2009","gradient_ge_mld_bach1_nw",1.63228929455193,NA,NA,NA
"FR_2009","gradient_ge_mld_bach1_nwx",1.74436584526151,NA,NA,NA
"FR_2009","gradient_ge_mld_bach1_ratio",0.935749400841557,NA,NA,NA
"FR_2009","gradient_ge_mld_bach1_ok",1,NA,NA,NA
"FR_2009","gradient_ge_mld_bach1_keptmin",1,NA,NA,NA
"FR_2009","gradient_ge_mld_bach1_naltmax",0.0419213307145565,NA,NA,NA
"FR_2009","gradient_atkinson05_bach1_nw",0.424463598905817,NA,NA,NA
"FR_2009","gradient_atkinson05_bach1_nwx",0.427873408799356,NA,NA,NA
"FR_2009","gradient_atkinson05_bach1_ratio",0.992030797372737,NA,NA,NA
"FR_2009","gradient_atkinson05_bach1_ok",1,NA,NA,NA
"FR_2009","gradient_atkinson05_bach1_keptmin",1,NA,NA,NA
"FR_2009","gradient_atkinson05_bach1_naltmax",0.0419213307145565,NA,NA,NA
"FR_2009","gradient_atkinson1_bach1_nw",0.804518453350598,NA,NA,NA
"FR_2009","gradient_atkinson1_bach1_nwx",0.825244223961521,NA,NA,NA
"FR_2009","gradient_atkinson1_bach1_ratio",0.974885288488988,NA,NA,NA
"FR_2009","gradient_atkinson1_bach1_ok",1,NA,NA,NA
"FR_2009","gradient_atkinson1_bach1_keptmin",1,NA,NA,NA
"FR_2009","gradient_atkinson1_bach1_naltmax",0.0419213307145565,NA,NA,NA
"FR_2009","gradient_atkinson2_bach1_nw",0.999834869801017,NA,NA,NA
"FR_2009","gradient_atkinson2_bach1_nwx",0.99988261529738,NA,NA,NA
"FR_2009","gradient_atkinson2_bach1_ratio",0.999952248898388,NA,NA,NA
"FR_2009","gradient_atkinson2_bach1_ok",1,NA,NA,NA
"FR_2009","gradient_atkinson2_bach1_keptmin",1,NA,NA,NA
"FR_2009","gradient_atkinson2_bach1_naltmax",0.0419213307145565,NA,NA,NA
"FR_2009","gradient_mu_ratio_nw",0.992764466412243,NA,NA,NA
"FR_2009","gradient_mu_ratio_nwx",0.980559493832648,NA,NA,NA
"GR_2009","gradient_gini_nw",0.556301093408145,0.00277771124242529,0.550856779372991,0.561745407443299
"GR_2009","gradient_gini_nwx",0.578099080890611,0.00362919743860223,0.570985853910951,0.585212307870272
"GR_2009","gradient_gini_ratio",0.962301717159626,0.00312741080042144,0.956171991990799,0.968431442328452
"GR_2009","gradient_gini_ok",1,0,1,1
"GR_2009","gradient_gini_keptmin",1,0,1,1
"GR_2009","gradient_gini_naltmax",0,0,0,0
"GR_2009","gradient_gini_rsv_nw",0.554124937031477,0.0027690958263625,0.548697509211806,0.559552364851147
"GR_2009","gradient_gini_rsv_nwx",0.568143002249185,0.00285790336033869,0.562541511662921,0.573744492835448
"GR_2009","gradient_gini_rsv_ratio",0.975326930307594,0.000947660291549305,0.973469516136157,0.97718434447903
"GR_2009","gradient_gini_rsv_ok",1,0,1,1
"GR_2009","gradient_gini_rsv_keptmin",1,0,1,1
"GR_2009","gradient_gini_rsv_naltmax",0,0,0,0
"GR_2009","gradient_cv_nw",1.26849873548768,0.025163980794282,1.21917733313089,1.31782013784448
"GR_2009","gradient_cv_nwx",1.32534782340947,0.0319419518303606,1.26274159782196,1.38795404899698
"GR_2009","gradient_cv_ratio",0.957180340720229,0.00644766663184455,0.944542914121813,0.969817767318644
"GR_2009","gradient_cv_ok",1,0,1,1
"GR_2009","gradient_cv_keptmin",1,0,1,1
"GR_2009","gradient_cv_naltmax",0,0,0,0
"GR_2009","gradient_top10_nw",0.386297904073104,0.0045326272667558,0.377413954630263,0.395181853515945
"GR_2009","gradient_top10_nwx",0.395363390545021,0.00459778961007272,0.386351722909279,0.404375058180764
"GR_2009","gradient_top10_ratio",0.977072743861794,0.00302248091058187,0.971148681277054,0.982996806446535
"GR_2009","gradient_top10_ok",1,0,1,1
"GR_2009","gradient_top10_keptmin",1,0,1,1
"GR_2009","gradient_top10_naltmax",0,0,0,0
"GR_2009","gradient_top1_nw",0.0837164162761096,0.00337575045502101,0.0770999453842684,0.0903328871679508
"GR_2009","gradient_top1_nwx",0.0869225524825051,0.00402908376345363,0.079025548306136,0.0948195566588743
"GR_2009","gradient_top1_ratio",0.963449989228641,0.0217783018211332,0.92076451765922,1.00613546079806
"GR_2009","gradient_top1_ok",1,0,1,1
"GR_2009","gradient_top1_keptmin",1,0,1,1
"GR_2009","gradient_top1_naltmax",0,0,0,0
"GR_2009","gradient_sgini4_nw",0.81669935467168,0.00139879846890827,0.81395770967262,0.819440999670741
"GR_2009","gradient_sgini4_nwx",0.854242511320792,0.00543486090106251,0.84359018395471,0.864894838686875
"GR_2009","gradient_sgini4_ratio",0.956074799505402,0.00583610846149439,0.944636026920873,0.967513572089931
"GR_2009","gradient_sgini4_ok",1,0,1,1
"GR_2009","gradient_sgini4_keptmin",1,0,1,1
"GR_2009","gradient_sgini4_naltmax",0,0,0,0
"GR_2009","gradient_gini_abs_nw",82440.0580131823,904.230983341904,80667.7652858322,84212.3507405324
"GR_2009","gradient_gini_abs_nwx",72668.5610470878,847.73970698232,71006.9912214024,74330.1308727731
"GR_2009","gradient_gini_abs_ratio",1.13447321769373,0.00147548270752682,1.13158127158698,1.13736516380048
"GR_2009","gradient_gini_abs_ok",1,0,1,1
"GR_2009","gradient_gini_abs_keptmin",1,0,1,1
"GR_2009","gradient_gini_abs_naltmax",0,0,0,0
"GR_2009","gradient_variance_nw",35355006910.2655,1772293035.29747,31881312561.0825,38828701259.4486
"GR_2009","gradient_variance_nwx",27774380322.8668,1636746379.93213,24566357418.1998,30982403227.5337
"GR_2009","gradient_variance_ratio",1.27338624591756,0.0138853134427797,1.24617103156971,1.30060146026541
"GR_2009","gradient_variance_ok",1,0,1,1
"GR_2009","gradient_variance_keptmin",1,0,1,1
"GR_2009","gradient_variance_naltmax",0,0,0,0
"GR_2009","gradient_kolm0.5_nw",0.161306094953202,0.00298338601002877,0.155458658373546,0.167153531532858
"GR_2009","gradient_kolm0.5_nwx",0.13208242391758,0.0025764090593191,0.127032662161314,0.137132185673845
"GR_2009","gradient_kolm0.5_ratio",1.22132566206079,0.0145230868156453,1.19286041190212,1.24979091221945
"GR_2009","gradient_kolm0.5_ok",1,0,1,1
"GR_2009","gradient_kolm0.5_keptmin",1,0,1,1
"GR_2009","gradient_kolm0.5_naltmax",0,0,0,0
"GR_2009","gradient_kolm1_nw",0.251462394070477,0.00574398063929457,0.240204192017459,0.262720596123494
"GR_2009","gradient_kolm1_nwx",0.218387619137918,0.0140080042945152,0.190931930720668,0.245843307555168
"GR_2009","gradient_kolm1_ratio",1.15402204652979,0.0646356209439202,1.0273362294797,1.28070786357987
"GR_2009","gradient_kolm1_ok",1,0,1,1
"GR_2009","gradient_kolm1_keptmin",1,0,1,1
"GR_2009","gradient_kolm1_naltmax",0,0,0,0
"GR_2009","gradient_p75_p25_nw",161607.8,1054.42166138599,159541.133543683,163674.466456317
"GR_2009","gradient_p75_p25_nwx",139460.937230766,2142.73760683538,135261.171521368,143660.702940163
"GR_2009","gradient_p75_p25_ratio",1.15895021626303,0.0157744839117536,1.12803222779599,1.18986820473007
"GR_2009","gradient_p75_p25_ok",1,0,1,1
"GR_2009","gradient_p75_p25_keptmin",1,0,1,1
"GR_2009","gradient_p75_p25_naltmax",0,0,0,0
"GR_2009","gradient_p90_p10_nw",329650.6,2111.09975131447,325512.844487424,333788.355512576
"GR_2009","gradient_p90_p10_nwx",285097.152000801,3258.97694513786,278709.557188331,291484.746813271
"GR_2009","gradient_p90_p10_ratio",1.15634470033142,0.0110456569755954,1.13469521265926,1.17799418800359
"GR_2009","gradient_p90_p10_ok",1,0,1,1
"GR_2009","gradient_p90_p10_keptmin",1,0,1,1
"GR_2009","gradient_p90_p10_naltmax",0,0,0,0
"GR_2009","gradient_inter1_nw",0.228716630260681,0.023423762804564,0.182806055163736,0.274627205357627
"GR_2009","gradient_inter1_nwx",0.0373102045846824,0.0258465056110625,-0.0133489464130001,0.087969355582365
"GR_2009","gradient_inter1_ratio",8.76184577466152,6.89517612223933,-4.75269942492757,22.2763909742506
"GR_2009","gradient_inter1_ok",1,0,1,1
"GR_2009","gradient_inter1_keptmin",1,0,1,1
"GR_2009","gradient_inter1_naltmax",0,0,0,0
"GR_2009","gradient_inter2_nw",0.330364804749534,0.039179058954062,0.253573849199573,0.407155760299496
"GR_2009","gradient_inter2_nwx",0.0475301887427246,0.035042566422638,-0.0211532414456458,0.116213618931095
"GR_2009","gradient_inter2_ratio",10.4414629728482,8.77717500454849,-6.7618000360668,27.6447259817633
"GR_2009","gradient_inter2_ok",1,0,1,1
"GR_2009","gradient_inter2_keptmin",1,0,1,1
"GR_2009","gradient_inter2_naltmax",0,0,0,0
"GR_2009","gradient_ge2_nw",0.729207849513977,0.02932771703382,0.67172552412769,0.786690174900265
"GR_2009","gradient_ge2_nwx",0.759937642680241,0.036623258116342,0.688156056772211,0.831719228588272
"GR_2009","gradient_ge2_ratio",0.95982260744015,0.0104932447656559,0.939255847699464,0.980389367180835
"GR_2009","gradient_ge2_ok",1,0,1,1
"GR_2009","gradient_ge2_keptmin",0.934440241193183,0.00144504882727242,0.931607945491729,0.937272536894637
"GR_2009","gradient_ge2_naltmax",0.0655597588068175,0.00144504882727249,0.0627274631053634,0.0683920545082716
"GR_2009","gradient_ge_theil_nw",0.507322652760157,0.0079365599551761,0.491766995248012,0.522878310272302
"GR_2009","gradient_ge_theil_nwx",0.518773151801409,0.00941740347176488,0.50031504099675,0.537231262606068
"GR_2009","gradient_ge_theil_ratio",0.977960318788952,0.00375510721893656,0.970600308639837,0.985320328938068
"GR_2009","gradient_ge_theil_ok",1,0,1,1
"GR_2009","gradient_ge_theil_keptmin",0.934440241193183,0.00144504882727242,0.931607945491729,0.937272536894637
"GR_2009","gradient_ge_theil_naltmax",0.0655597588068175,0.00144504882727249,0.0627274631053634,0.0683920545082716
"GR_2009","gradient_ge_mld_nw",0.770485727421864,0.00440938413663375,0.761843334514062,0.779128120329666
"GR_2009","gradient_ge_mld_nwx",0.771679659665001,0.0051049703399158,0.761673917798766,0.781685401531236
"GR_2009","gradient_ge_mld_ratio",0.998459315710461,0.00290795357241867,0.99275972670852,1.0041589047124
"GR_2009","gradient_ge_mld_ok",1,0,1,1
"GR_2009","gradient_ge_mld_keptmin",0.934440241193183,0.00144504882727242,0.931607945491729,0.937272536894637
"GR_2009","gradient_ge_mld_naltmax",0.0655597588068175,0.00144504882727249,0.0627274631053634,0.0683920545082716
"GR_2009","gradient_atkinson05_nw",0.253461994575407,0.00219796094260317,0.249153991127905,0.257769998022909
"GR_2009","gradient_atkinson05_nwx",0.25737606757298,0.00263355939280043,0.252214291163091,0.262537843982868
"GR_2009","gradient_atkinson05_ratio",0.984804655358862,0.00272343173393313,0.979466729160353,0.990142581557371
"GR_2009","gradient_atkinson05_ok",1,0,1,1
"GR_2009","gradient_atkinson05_keptmin",0.934440241193183,0.00144504882727242,0.931607945491729,0.937272536894637
"GR_2009","gradient_atkinson05_naltmax",0.0655597588068175,0.00144504882727249,0.0627274631053634,0.0683920545082716
"GR_2009","gradient_atkinson1_nw",0.537208775673361,0.0020408887305912,0.533208633761403,0.54120891758532
"GR_2009","gradient_atkinson1_nwx",0.53775996619328,0.0023612008298804,0.533132012566714,0.542387919819845
"GR_2009","gradient_atkinson1_ratio",0.99897788471481,0.00192919075817083,0.995196670828795,1.00275909860082
"GR_2009","gradient_atkinson1_ok",1,0,1,1
"GR_2009","gradient_atkinson1_keptmin",0.934440241193183,0.00144504882727242,0.931607945491729,0.937272536894637
"GR_2009","gradient_atkinson1_naltmax",0.0655597588068175,0.00144504882727249,0.0627274631053634,0.0683920545082716
"GR_2009","gradient_atkinson2_nw",0.969274329091058,0.0030646714531478,0.963267573042888,0.975281085139228
"GR_2009","gradient_atkinson2_nwx",0.965363817195689,0.00335256238440929,0.958792794922247,0.971934839469132
"GR_2009","gradient_atkinson2_ratio",1.00405154208863,0.000321894022231938,1.00342062980506,1.00468245437221
"GR_2009","gradient_atkinson2_ok",1,0,1,1
"GR_2009","gradient_atkinson2_keptmin",0.934440241193183,0.00144504882727242,0.931607945491729,0.937272536894637
"GR_2009","gradient_atkinson2_naltmax",0.0655597588068175,0.00144504882727249,0.0627274631053634,0.0683920545082716
"GR_2009","gradient_ge2_bach1_nw",0.799420372759749,0.0320686250363475,0.736565867688508,0.86227487783099
"GR_2009","gradient_ge2_bach1_nwx",0.848348576371597,0.039972641946264,0.770002198156919,0.926694954586274
"GR_2009","gradient_ge2_bach1_ratio",0.942545578314333,0.00943411066878852,0.924054721403508,0.961036435225159
"GR_2009","gradient_ge2_bach1_ok",1,0,1,1
"GR_2009","gradient_ge2_bach1_keptmin",1,0,1,1
"GR_2009","gradient_ge2_bach1_naltmax",0.0655597588068175,0.00144504882727249,0.0627274631053634,0.0683920545082716
"GR_2009","gradient_ge_theil_bach1_nw",0.562853878060728,0.00876138119427282,0.545681570919954,0.580026185201503
"GR_2009","gradient_ge_theil_bach1_nwx",0.586574653680108,0.00980890938536659,0.56734919128479,0.605800116075427
"GR_2009","gradient_ge_theil_bach1_ratio",0.959575908032027,0.00312441834599054,0.953452048073885,0.965699767990168
"GR_2009","gradient_ge_theil_bach1_ok",1,0,1,1
"GR_2009","gradient_ge_theil_bach1_keptmin",1,0,1,1
"GR_2009","gradient_ge_theil_bach1_naltmax",0.0655597588068175,0.00144504882727249,0.0627274631053634,0.0683920545082716
"GR_2009","gradient_ge_mld_bach1_nw",1.31963313286222,0.0114866301545804,1.29711933775925,1.3421469279652
"GR_2009","gradient_ge_mld_bach1_nwx",1.42807916279221,0.0133174730816402,1.40197691555219,1.45418141003222
"GR_2009","gradient_ge_mld_bach1_ratio",0.924091532603839,0.00857572725339581,0.907283107187183,0.940899958020494
"GR_2009","gradient_ge_mld_bach1_ok",1,0,1,1
"GR_2009","gradient_ge_mld_bach1_keptmin",1,0,1,1
"GR_2009","gradient_ge_mld_bach1_naltmax",0.0655597588068175,0.00144504882727249,0.0627274631053634,0.0683920545082716
"GR_2009","gradient_atkinson05_bach1_nw",0.293554949744851,0.00263766055226069,0.28838513506242,0.298724764427282
"GR_2009","gradient_atkinson05_bach1_nwx",0.305756002982464,0.00264122254032401,0.300579206803429,0.310932799161499
"GR_2009","gradient_atkinson05_bach1_ratio",0.960095821603066,0.00258316080503569,0.955032826425196,0.965158816780936
"GR_2009","gradient_atkinson05_bach1_ok",1,0,1,1
"GR_2009","gradient_atkinson05_bach1_keptmin",1,0,1,1
"GR_2009","gradient_atkinson05_bach1_naltmax",0.0655597588068175,0.00144504882727249,0.0627274631053634,0.0683920545082716
"GR_2009","gradient_atkinson1_bach1_nw",0.732754918587806,0.00307167756640389,0.726734430557655,0.738775406617958
"GR_2009","gradient_atkinson1_bach1_nwx",0.760216759316155,0.00320277904926697,0.753939312379592,0.766494206252719
"GR_2009","gradient_atkinson1_bach1_ratio",0.963882342346533,0.00416155457308797,0.955725695383281,0.972038989309786
"GR_2009","gradient_atkinson1_bach1_ok",1,0,1,1
"GR_2009","gradient_atkinson1_bach1_keptmin",1,0,1,1
"GR_2009","gradient_atkinson1_bach1_naltmax",0.0655597588068175,0.00144504882727249,0.0627274631053634,0.0683920545082716
"GR_2009","gradient_atkinson2_bach1_nw",0.999875755050271,2.62596819007302e-06,0.999870608152619,0.999880901947924
"GR_2009","gradient_atkinson2_bach1_nwx",0.999880032633086,2.65764571816089e-06,0.999874823647479,0.999885241618694
"GR_2009","gradient_atkinson2_bach1_ratio",0.999995721906447,2.70455862584493e-06,0.999990420971541,1.00000102284135
"GR_2009","gradient_atkinson2_bach1_ok",1,0,1,1
"GR_2009","gradient_atkinson2_bach1_keptmin",1,0,1,1
"GR_2009","gradient_atkinson2_bach1_naltmax",0.0655597588068175,0.00144504882727249,0.0627274631053634,0.0683920545082716
"GR_2009","gradient_mu_ratio_nw",0.99608815811541,0.000109236094288241,0.995874055370605,0.996302260860215
"GR_2009","gradient_mu_ratio_nwx",0.982785392614724,0.00290603372941732,0.977089566505066,0.988481218724382
"IT_2014","gradient_gini_nw",0.589599552762747,NA,NA,NA
"IT_2014","gradient_gini_nwx",0.604345306934168,NA,NA,NA
"IT_2014","gradient_gini_ratio",0.975600448944948,NA,NA,NA
"IT_2014","gradient_gini_ok",1,NA,NA,NA
"IT_2014","gradient_gini_keptmin",1,NA,NA,NA
"IT_2014","gradient_gini_naltmax",0,NA,NA,NA
"IT_2014","gradient_gini_rsv_nw",0.589140189319729,NA,NA,NA
"IT_2014","gradient_gini_rsv_nwx",0.589723932590191,NA,NA,NA
"IT_2014","gradient_gini_rsv_ratio",0.99901014146077,NA,NA,NA
"IT_2014","gradient_gini_rsv_ok",1,NA,NA,NA
"IT_2014","gradient_gini_rsv_keptmin",1,NA,NA,NA
"IT_2014","gradient_gini_rsv_naltmax",0,NA,NA,NA
"IT_2014","gradient_cv_nw",1.61280661368983,NA,NA,NA
"IT_2014","gradient_cv_nwx",1.57969715613603,NA,NA,NA
"IT_2014","gradient_cv_ratio",1.02095937023447,NA,NA,NA
"IT_2014","gradient_cv_ok",1,NA,NA,NA
"IT_2014","gradient_cv_keptmin",1,NA,NA,NA
"IT_2014","gradient_cv_naltmax",0,NA,NA,NA
"IT_2014","gradient_top10_nw",0.421207862656951,NA,NA,NA
"IT_2014","gradient_top10_nwx",0.417758860328789,NA,NA,NA
"IT_2014","gradient_top10_ratio",1.00825596451849,NA,NA,NA
"IT_2014","gradient_top10_ok",1,NA,NA,NA
"IT_2014","gradient_top10_keptmin",1,NA,NA,NA
"IT_2014","gradient_top10_naltmax",0,NA,NA,NA
"IT_2014","gradient_top1_nw",0.114423091570084,NA,NA,NA
"IT_2014","gradient_top1_nwx",0.110379291310753,NA,NA,NA
"IT_2014","gradient_top1_ratio",1.03663549757669,NA,NA,NA
"IT_2014","gradient_top1_ok",1,NA,NA,NA
"IT_2014","gradient_top1_keptmin",1,NA,NA,NA
"IT_2014","gradient_top1_naltmax",0,NA,NA,NA
"IT_2014","gradient_sgini4_nw",0.836766127191972,NA,NA,NA
"IT_2014","gradient_sgini4_nwx",0.883056626998805,NA,NA,NA
"IT_2014","gradient_sgini4_ratio",0.947579239664212,NA,NA,NA
"IT_2014","gradient_sgini4_ok",1,NA,NA,NA
"IT_2014","gradient_sgini4_keptmin",1,NA,NA,NA
"IT_2014","gradient_sgini4_naltmax",0,NA,NA,NA
"IT_2014","gradient_gini_abs_nw",138610.873368798,NA,NA,NA
"IT_2014","gradient_gini_abs_nwx",124420.245414247,NA,NA,NA
"IT_2014","gradient_gini_abs_ratio",1.11405401032046,NA,NA,NA
"IT_2014","gradient_gini_abs_ok",1,NA,NA,NA
"IT_2014","gradient_gini_abs_keptmin",1,NA,NA,NA
"IT_2014","gradient_gini_abs_naltmax",0,NA,NA,NA
"IT_2014","gradient_variance_nw",143762262993.341,NA,NA,NA
"IT_2014","gradient_variance_nwx",105769261497.223,NA,NA,NA
"IT_2014","gradient_variance_ratio",1.35920645524329,NA,NA,NA
"IT_2014","gradient_variance_ok",1,NA,NA,NA
"IT_2014","gradient_variance_keptmin",1,NA,NA,NA
"IT_2014","gradient_variance_naltmax",0,NA,NA,NA
"IT_2014","gradient_kolm0.5_nw",0.127696812657095,NA,NA,NA
"IT_2014","gradient_kolm0.5_nwx",0.451385810485001,NA,NA,NA
"IT_2014","gradient_kolm0.5_ratio",0.28289948352583,NA,NA,NA
"IT_2014","gradient_kolm0.5_ok",1,NA,NA,NA
"IT_2014","gradient_kolm0.5_keptmin",1,NA,NA,NA
"IT_2014","gradient_kolm0.5_naltmax",0,NA,NA,NA
"IT_2014","gradient_kolm1_nw",0.19267657970698,NA,NA,NA
"IT_2014","gradient_kolm1_nwx",5.62091672881234,NA,NA,NA
"IT_2014","gradient_kolm1_ratio",0.0342784974414113,NA,NA,NA
"IT_2014","gradient_kolm1_ok",1,NA,NA,NA
"IT_2014","gradient_kolm1_keptmin",1,NA,NA,NA
"IT_2014","gradient_kolm1_naltmax",0,NA,NA,NA
"IT_2014","gradient_p75_p25_nw",264095.926513672,NA,NA,NA
"IT_2014","gradient_p75_p25_nwx",242379.427759182,NA,NA,NA
"IT_2014","gradient_p75_p25_ratio",1.08959712033014,NA,NA,NA
"IT_2014","gradient_p75_p25_ok",1,NA,NA,NA
"IT_2014","gradient_p75_p25_keptmin",1,NA,NA,NA
"IT_2014","gradient_p75_p25_naltmax",0,NA,NA,NA
"IT_2014","gradient_p90_p10_nw",512150,NA,NA,NA
"IT_2014","gradient_p90_p10_nwx",446500,NA,NA,NA
"IT_2014","gradient_p90_p10_ratio",1.14703247480403,NA,NA,NA
"IT_2014","gradient_p90_p10_ok",1,NA,NA,NA
"IT_2014","gradient_p90_p10_keptmin",1,NA,NA,NA
"IT_2014","gradient_p90_p10_naltmax",0,NA,NA,NA
"IT_2014","gradient_inter1_nw",0.208457147795222,NA,NA,NA
"IT_2014","gradient_inter1_nwx",0.00138286424416001,NA,NA,NA
"IT_2014","gradient_inter1_ratio",150.743031122223,NA,NA,NA
"IT_2014","gradient_inter1_ok",1,NA,NA,NA
"IT_2014","gradient_inter1_keptmin",1,NA,NA,NA
"IT_2014","gradient_inter1_naltmax",0,NA,NA,NA
"IT_2014","gradient_inter2_nw",0.38335621591985,NA,NA,NA
"IT_2014","gradient_inter2_nwx",0.00146179447149515,NA,NA,NA
"IT_2014","gradient_inter2_ratio",262.250421242697,NA,NA,NA
"IT_2014","gradient_inter2_ok",1,NA,NA,NA
"IT_2014","gradient_inter2_keptmin",1,NA,NA,NA
"IT_2014","gradient_inter2_naltmax",0,NA,NA,NA
"IT_2014","gradient_ge2_nw",1.27955897889278,NA,NA,NA
"IT_2014","gradient_ge2_nwx",1.10513620294727,NA,NA,NA
"IT_2014","gradient_ge2_ratio",1.15782921189293,NA,NA,NA
"IT_2014","gradient_ge2_ok",1,NA,NA,NA
"IT_2014","gradient_ge2_keptmin",0.980950292653044,NA,NA,NA
"IT_2014","gradient_ge2_naltmax",0.0190497073469564,NA,NA,NA
"IT_2014","gradient_ge_theil_nw",0.660065032689358,NA,NA,NA
"IT_2014","gradient_ge_theil_nwx",0.633364968200584,NA,NA,NA
"IT_2014","gradient_ge_theil_ratio",1.04215589088331,NA,NA,NA
"IT_2014","gradient_ge_theil_ok",1,NA,NA,NA
"IT_2014","gradient_ge_theil_keptmin",0.980950292653044,NA,NA,NA
"IT_2014","gradient_ge_theil_naltmax",0.0190497073469564,NA,NA,NA
"IT_2014","gradient_ge_mld_nw",0.939197311100666,NA,NA,NA
"IT_2014","gradient_ge_mld_nwx",0.913953186208817,NA,NA,NA
"IT_2014","gradient_ge_mld_ratio",1.02762080735947,NA,NA,NA
"IT_2014","gradient_ge_mld_ok",1,NA,NA,NA
"IT_2014","gradient_ge_mld_keptmin",0.980950292653044,NA,NA,NA
"IT_2014","gradient_ge_mld_naltmax",0.0190497073469564,NA,NA,NA
"IT_2014","gradient_atkinson05_nw",0.311932953965143,NA,NA,NA
"IT_2014","gradient_atkinson05_nwx",0.304121597846768,NA,NA,NA
"IT_2014","gradient_atkinson05_ratio",1.02568497658068,NA,NA,NA
"IT_2014","gradient_atkinson05_ok",1,NA,NA,NA
"IT_2014","gradient_atkinson05_keptmin",0.980950292653044,NA,NA,NA
"IT_2014","gradient_atkinson05_naltmax",0.0190497073469564,NA,NA,NA
"IT_2014","gradient_atkinson1_nw",0.609058486137981,NA,NA,NA
"IT_2014","gradient_atkinson1_nwx",0.599063888057911,NA,NA,NA
"IT_2014","gradient_atkinson1_ratio",1.01668369314076,NA,NA,NA
"IT_2014","gradient_atkinson1_ok",1,NA,NA,NA
"IT_2014","gradient_atkinson1_keptmin",0.980950292653044,NA,NA,NA
"IT_2014","gradient_atkinson1_naltmax",0.0190497073469564,NA,NA,NA
"IT_2014","gradient_atkinson2_nw",0.94982776000613,NA,NA,NA
"IT_2014","gradient_atkinson2_nwx",0.946618756548182,NA,NA,NA
"IT_2014","gradient_atkinson2_ratio",1.00338996394879,NA,NA,NA
"IT_2014","gradient_atkinson2_ok",1,NA,NA,NA
"IT_2014","gradient_atkinson2_keptmin",0.980950292653044,NA,NA,NA
"IT_2014","gradient_atkinson2_naltmax",0.0190497073469564,NA,NA,NA
"IT_2014","gradient_ge2_bach1_nw",1.29913371080094,NA,NA,NA
"IT_2014","gradient_ge2_bach1_nwx",1.13630708055274,NA,NA,NA
"IT_2014","gradient_ge2_bach1_ratio",1.14329456626196,NA,NA,NA
"IT_2014","gradient_ge2_bach1_ok",1,NA,NA,NA
"IT_2014","gradient_ge2_bach1_keptmin",1,NA,NA,NA
"IT_2014","gradient_ge2_bach1_naltmax",0.0190497073469564,NA,NA,NA
"IT_2014","gradient_ge_theil_bach1_nw",0.671004184070333,NA,NA,NA
"IT_2014","gradient_ge_theil_bach1_nwx",0.65259718856693,NA,NA,NA
"IT_2014","gradient_ge_theil_bach1_ratio",1.02820575360403,NA,NA,NA
"IT_2014","gradient_ge_theil_bach1_ok",1,NA,NA,NA
"IT_2014","gradient_ge_theil_bach1_keptmin",1,NA,NA,NA
"IT_2014","gradient_ge_theil_bach1_naltmax",0.0190497073469564,NA,NA,NA
"IT_2014","gradient_ge_mld_bach1_nw",1.05272538584571,NA,NA,NA
"IT_2014","gradient_ge_mld_bach1_nwx",1.1109840778324,NA,NA,NA
"IT_2014","gradient_ge_mld_bach1_ratio",0.947561181884481,NA,NA,NA
"IT_2014","gradient_ge_mld_bach1_ok",1,NA,NA,NA
"IT_2014","gradient_ge_mld_bach1_keptmin",1,NA,NA,NA
"IT_2014","gradient_ge_mld_bach1_naltmax",0.0190497073469564,NA,NA,NA
"IT_2014","gradient_atkinson05_bach1_nw",0.319382260481377,NA,NA,NA
"IT_2014","gradient_atkinson05_bach1_nwx",0.31730898906545,NA,NA,NA
"IT_2014","gradient_atkinson05_bach1_ratio",1.00653391957799,NA,NA,NA
"IT_2014","gradient_atkinson05_bach1_ok",1,NA,NA,NA
"IT_2014","gradient_atkinson05_bach1_keptmin",1,NA,NA,NA
"IT_2014","gradient_atkinson05_bach1_naltmax",0.0190497073469564,NA,NA,NA
"IT_2014","gradient_atkinson1_bach1_nw",0.651014667835795,NA,NA,NA
"IT_2014","gradient_atkinson1_bach1_nwx",0.670765191071245,NA,NA,NA
"IT_2014","gradient_atkinson1_bach1_ratio",0.970555235277031,NA,NA,NA
"IT_2014","gradient_atkinson1_bach1_ok",1,NA,NA,NA
"IT_2014","gradient_atkinson1_bach1_keptmin",1,NA,NA,NA
"IT_2014","gradient_atkinson1_bach1_naltmax",0.0190497073469564,NA,NA,NA
"IT_2014","gradient_atkinson2_bach1_nw",0.99961215564509,NA,NA,NA
"IT_2014","gradient_atkinson2_bach1_nwx",0.999749280717972,NA,NA,NA
"IT_2014","gradient_atkinson2_bach1_ratio",0.999862840538596,NA,NA,NA
"IT_2014","gradient_atkinson2_bach1_ok",1,NA,NA,NA
"IT_2014","gradient_atkinson2_bach1_keptmin",1,NA,NA,NA
"IT_2014","gradient_atkinson2_bach1_naltmax",0.0190497073469564,NA,NA,NA
"IT_2014","gradient_mu_ratio_nw",0.999220889091816,NA,NA,NA
"IT_2014","gradient_mu_ratio_nwx",0.975806258150409,NA,NA,NA
"LU_2010","gradient_gini_nw",0.668194648936377,0.00198886440559653,0.664296474701408,0.672092823171346
"LU_2010","gradient_gini_nwx",0.693067053951303,0.00575310026351836,0.681790977434807,0.704343130467799
"LU_2010","gradient_gini_ratio",0.964155528326216,0.00827281883464349,0.947940803410315,0.980370253242118
"LU_2010","gradient_gini_ok",1,0,1,1
"LU_2010","gradient_gini_keptmin",1,0,1,1
"LU_2010","gradient_gini_naltmax",0,0,0,0
"LU_2010","gradient_gini_rsv_nw",0.665213398098425,0.00204505660987442,0.661205087143071,0.669221709053779
"LU_2010","gradient_gini_rsv_nwx",0.671270713022501,0.00228297153677406,0.666796088810423,0.675745337234578
"LU_2010","gradient_gini_rsv_ratio",0.990981198279166,0.00351639825206735,0.984089057705114,0.997873338853217
"LU_2010","gradient_gini_rsv_ok",1,0,1,1
"LU_2010","gradient_gini_rsv_keptmin",1,0,1,1
"LU_2010","gradient_gini_rsv_naltmax",0,0,0,0
"LU_2010","gradient_cv_nw",2.62503024266318,0.0272285174110093,2.5716623485376,2.67839813678876
"LU_2010","gradient_cv_nwx",2.94910803497289,0.0491068860454024,2.8528585383239,3.04535753162188
"LU_2010","gradient_cv_ratio",0.890175686172295,0.00640860581083521,0.877614818783058,0.902736553561532
"LU_2010","gradient_cv_ok",1,0,1,1
"LU_2010","gradient_cv_keptmin",1,0,1,1
"LU_2010","gradient_cv_naltmax",0,0,0,0
"LU_2010","gradient_top10_nw",0.519525837330364,0.00226069949135955,0.515094866327299,0.523956808333429
"LU_2010","gradient_top10_nwx",0.529636843022899,0.00432655372688376,0.521156797718207,0.538116888327592
"LU_2010","gradient_top10_ratio",0.980937207107899,0.0059640300866645,0.969247708138037,0.992626706077762
"LU_2010","gradient_top10_ok",1,0,1,1
"LU_2010","gradient_top10_keptmin",1,0,1,1
"LU_2010","gradient_top10_naltmax",0,0,0,0
"LU_2010","gradient_top1_nw",0.217604409650492,0.00309538319756173,0.211537458583271,0.223671360717713
"LU_2010","gradient_top1_nwx",0.242706075801186,0.0056466121765543,0.23163871593514,0.253773435667233
"LU_2010","gradient_top1_ratio",0.896708442029076,0.00904802666516146,0.878974309765359,0.914442574292792
"LU_2010","gradient_top1_ok",1,0,1,1
"LU_2010","gradient_top1_keptmin",1,0,1,1
"LU_2010","gradient_top1_naltmax",0,0,0,0
"LU_2010","gradient_sgini4_nw",0.88620957163505,0.00082897389955113,0.88458478279193,0.88783436047817
"LU_2010","gradient_sgini4_nwx",0.942507608358946,0.0151246988384042,0.912863198635673,0.972152018082218
"LU_2010","gradient_sgini4_ratio",0.940423864900499,0.0146122705314935,0.911783814658772,0.969063915142226
"LU_2010","gradient_sgini4_ok",1,0,1,1
"LU_2010","gradient_sgini4_keptmin",1,0,1,1
"LU_2010","gradient_sgini4_naltmax",0,0,0,0
"LU_2010","gradient_gini_abs_nw",464693.532737463,3007.17312721436,458799.473408123,470587.592066803
"LU_2010","gradient_gini_abs_nwx",413592.900336335,5203.45243197319,403394.133569667,423791.667103002
"LU_2010","gradient_gini_abs_ratio",1.12363239679408,0.010974640135644,1.10212210212822,1.14514269145994
"LU_2010","gradient_gini_abs_ok",1,0,1,1
"LU_2010","gradient_gini_abs_keptmin",1,0,1,1
"LU_2010","gradient_gini_abs_naltmax",0,0,0,0
"LU_2010","gradient_variance_nw",3332962367367.08,75800584635.2146,3184393221482.06,3481531513252.1
"LU_2010","gradient_variance_nwx",3097141664122.71,77598629170.6608,2945048350948.21,3249234977297.2
"LU_2010","gradient_variance_ratio",1.07619944140163,0.00803328544169016,1.06045420193592,1.09194468086734
"LU_2010","gradient_variance_ok",1,0,1,1
"LU_2010","gradient_variance_keptmin",1,0,1,1
"LU_2010","gradient_variance_naltmax",0,0,0,0
"LU_2010","gradient_kolm0.5_nw",0.0950784795846222,0.000592577034946343,0.0939170285961274,0.0962399305731171
"LU_2010","gradient_kolm0.5_nwx",0.0888478402061298,0.00136608098761343,0.0861703214704075,0.0915253589418522
"LU_2010","gradient_kolm0.5_ratio",1.07025950752931,0.0141023496643203,1.04261890218725,1.09790011287138
"LU_2010","gradient_kolm0.5_ok",1,0,1,1
"LU_2010","gradient_kolm0.5_keptmin",1,0,1,1
"LU_2010","gradient_kolm0.5_naltmax",0,0,0,0
"LU_2010","gradient_kolm1_nw",0.127805039336063,0.00106392079708493,0.125719754573777,0.12989032409835
"LU_2010","gradient_kolm1_nwx",0.154116042226068,0.00334202496834547,0.147565673288111,0.160666411164025
"LU_2010","gradient_kolm1_ratio",0.829489313342965,0.0158069745481748,0.798507643228543,0.860470983457388
"LU_2010","gradient_kolm1_ok",1,0,1,1
"LU_2010","gradient_kolm1_keptmin",1,0,1,1
"LU_2010","gradient_kolm1_naltmax",0,0,0,0
"LU_2010","gradient_p75_p25_nw",670668.6,11261.5727835858,648595.917344172,692741.282655828
"LU_2010","gradient_p75_p25_nwx",591822.380536474,12248.6209416443,567815.083490851,615829.677582097
"LU_2010","gradient_p75_p25_ratio",1.13342486053027,0.0222764789747583,1.08976296173975,1.1770867593208
"LU_2010","gradient_p75_p25_ok",1,0,1,1
"LU_2010","gradient_p75_p25_keptmin",1,0,1,1
"LU_2010","gradient_p75_p25_naltmax",0,0,0,0
"LU_2010","gradient_p90_p10_nw",1329223.2,5317.1124343952,1318801.65962859,1339644.74037141
"LU_2010","gradient_p90_p10_nwx",1090609.64914926,21901.5654784231,1047682.58081155,1133536.71748697
"LU_2010","gradient_p90_p10_ratio",1.21909998696284,0.0236474774926579,1.17275093107723,1.26544904284845
"LU_2010","gradient_p90_p10_ok",1,0,1,1
"LU_2010","gradient_p90_p10_keptmin",1,0,1,1
"LU_2010","gradient_p90_p10_naltmax",0,0,0,0
"LU_2010","gradient_inter1_nw",0.456880715600493,0.0144592633224785,0.428540559488436,0.485220871712551
"LU_2010","gradient_inter1_nwx",0.0107339449940308,0.000205673672823405,0.0103308245952969,0.0111370653927646
"LU_2010","gradient_inter1_ratio",42.5600495195787,0.801758713653028,40.9886024408187,44.1314965983386
"LU_2010","gradient_inter1_ok",1,0,1,1
"LU_2010","gradient_inter1_keptmin",1,0,1,1
"LU_2010","gradient_inter1_naltmax",0,0,0,0
"LU_2010","gradient_inter2_nw",1.38702379284796,0.0611166635735161,1.26723513224386,1.50681245345205
"LU_2010","gradient_inter2_nwx",0.0158060962553618,0.000314286959594233,0.0151900938145571,0.0164220986961665
"LU_2010","gradient_inter2_ratio",87.7322978504761,2.58497675641416,82.6657434079044,92.7988522930479
"LU_2010","gradient_inter2_ok",1,0,1,1
"LU_2010","gradient_inter2_keptmin",1,0,1,1
"LU_2010","gradient_inter2_naltmax",0,0,0,0
"LU_2010","gradient_ge2_nw",3.24712920278301,0.0659098743112809,3.1179458491329,3.37631255643312
"LU_2010","gradient_ge2_nwx",3.82741746192266,0.102491885106281,3.62653336711434,4.02830155673097
"LU_2010","gradient_ge2_ratio",0.84848799682676,0.00610326534605709,0.836525596748488,0.860450396905032
"LU_2010","gradient_ge2_ok",1,0,1,1
"LU_2010","gradient_ge2_keptmin",0.930346509153154,0.00559750689554029,0.919375395637895,0.941317622668413
"LU_2010","gradient_ge2_naltmax",0.0696534908468462,0.00559750689554033,0.0586823773315871,0.0806246043621052
"LU_2010","gradient_ge_theil_nw",0.973325142616167,0.0115402920090231,0.950706170278481,0.995944114953852
"LU_2010","gradient_ge_theil_nwx",1.00287221778222,0.0145364360317959,0.9743808031599,1.03136363240454
"LU_2010","gradient_ge_theil_ratio",0.970571118699183,0.00582656631749052,0.959151048716902,0.981991188681465
"LU_2010","gradient_ge_theil_ok",1,0,1,1
"LU_2010","gradient_ge_theil_keptmin",0.930346509153154,0.00559750689554029,0.919375395637895,0.941317622668413
"LU_2010","gradient_ge_theil_naltmax",0.0696534908468462,0.00559750689554033,0.0586823773315871,0.0806246043621052
"LU_2010","gradient_ge_mld_nw",1.26176169831317,0.0125038868823245,1.23725408002381,1.28626931660252
"LU_2010","gradient_ge_mld_nwx",1.21247931407021,0.0174831350086379,1.17821236945328,1.24674625868714
"LU_2010","gradient_ge_mld_ratio",1.04071089883,0.00927667930207132,1.02252860739794,1.05889319026206
"LU_2010","gradient_ge_mld_ok",1,0,1,1
"LU_2010","gradient_ge_mld_keptmin",0.930346509153154,0.00559750689554029,0.919375395637895,0.941317622668413
"LU_2010","gradient_ge_mld_naltmax",0.0696534908468462,0.00559750689554033,0.0586823773315871,0.0806246043621052
"LU_2010","gradient_atkinson05_nw",0.392594976070004,0.00336645466945817,0.385996724917866,0.399193227222143
"LU_2010","gradient_atkinson05_nwx",0.389917659389938,0.00448995071534714,0.381117355987857,0.398717962792018
"LU_2010","gradient_atkinson05_ratio",1.00690040242322,0.00662960005246338,0.993906386320392,1.01989441852605
"LU_2010","gradient_atkinson05_ok",1,0,1,1
"LU_2010","gradient_atkinson05_keptmin",0.930346509153154,0.00559750689554029,0.919375395637895,0.941317622668413
"LU_2010","gradient_atkinson05_naltmax",0.0696534908468462,0.00559750689554033,0.0586823773315871,0.0806246043621052
"LU_2010","gradient_atkinson1_nw",0.716830532031304,0.00352532199773503,0.709920900915743,0.723740163146864
"LU_2010","gradient_atkinson1_nwx",0.702511013279921,0.00515156061800198,0.692413954468637,0.712608072091205
"LU_2010","gradient_atkinson1_ratio",1.0204004704772,0.00468134650010426,1.011225031337,1.02957590961741
"LU_2010","gradient_atkinson1_ok",1,0,1,1
"LU_2010","gradient_atkinson1_keptmin",0.930346509153154,0.00559750689554029,0.919375395637895,0.941317622668413
"LU_2010","gradient_atkinson1_naltmax",0.0696534908468462,0.00559750689554033,0.0586823773315871,0.0806246043621052
"LU_2010","gradient_atkinson2_nw",0.999407912110872,2.68190022362494e-06,0.999402655586433,0.99941316863531
"LU_2010","gradient_atkinson2_nwx",0.999317339691183,5.20298829076366e-06,0.999307141834133,0.999327537548233
"LU_2010","gradient_atkinson2_ratio",1.00009063430366,3.83588838718251e-06,1.00008311596242,1.0000981526449
"LU_2010","gradient_atkinson2_ok",1,0,1,1
"LU_2010","gradient_atkinson2_keptmin",0.930346509153154,0.00559750689554029,0.919375395637895,0.941317622668413
"LU_2010","gradient_atkinson2_naltmax",0.0696534908468462,0.00559750689554033,0.0586823773315871,0.0806246043621052
"LU_2010","gradient_ge2_bach1_nw",3.42769060084844,0.0714341253582974,3.28767971514618,3.5677014865507
"LU_2010","gradient_ge2_bach1_nwx",4.15153199778478,0.114673834097217,3.92677128295423,4.37629271261532
"LU_2010","gradient_ge2_bach1_ratio",0.825751186281439,0.00616957552306524,0.813658818256231,0.837843554306647
"LU_2010","gradient_ge2_bach1_ok",1,0,1,1
"LU_2010","gradient_ge2_bach1_keptmin",1,0,1,1
"LU_2010","gradient_ge2_bach1_naltmax",0.0696534908468462,0.00559750689554033,0.0586823773315871,0.0806246043621052
"LU_2010","gradient_ge_theil_bach1_nw",1.02037864768665,0.0107923790333041,0.999225584781371,1.04153171059192
"LU_2010","gradient_ge_theil_bach1_nwx",1.0750806619235,0.0113300474397905,1.05287376894151,1.09728755490549
"LU_2010","gradient_ge_theil_bach1_ratio",0.949122637844401,0.00369353594334098,0.941883307395453,0.956361968293349
"LU_2010","gradient_ge_theil_bach1_ok",1,0,1,1
"LU_2010","gradient_ge_theil_bach1_keptmin",1,0,1,1
"LU_2010","gradient_ge_theil_bach1_naltmax",0.0696534908468462,0.00559750689554033,0.0586823773315871,0.0806246043621052
"LU_2010","gradient_ge_mld_bach1_nw",1.77727399993955,0.0322555242508272,1.71405317240792,1.84049482747117
"LU_2010","gradient_ge_mld_bach1_nwx",1.98835399903677,0.04788150376601,1.89450625165539,2.08220174641815
"LU_2010","gradient_ge_mld_bach1_ratio",0.893949085455027,0.00917412881309353,0.875967792981364,0.91193037792869
"LU_2010","gradient_ge_mld_bach1_ok",1,0,1,1
"LU_2010","gradient_ge_mld_bach1_keptmin",1,0,1,1
"LU_2010","gradient_ge_mld_bach1_naltmax",0.0696534908468462,0.00559750689554033,0.0586823773315871,0.0806246043621052
"LU_2010","gradient_atkinson05_bach1_nw",0.420432151396935,0.00268031548484613,0.415178733046637,0.425685569747234
"LU_2010","gradient_atkinson05_bach1_nwx",0.432291954903788,0.00205115327250119,0.428271694489685,0.43631221531789
"LU_2010","gradient_atkinson05_bach1_ratio",0.972564855609527,0.00398511129651215,0.964754037468363,0.98037567375069
"LU_2010","gradient_atkinson05_bach1_ok",1,0,1,1
"LU_2010","gradient_atkinson05_bach1_keptmin",1,0,1,1
"LU_2010","gradient_atkinson05_bach1_naltmax",0.0696534908468462,0.00559750689554033,0.0586823773315871,0.0806246043621052
"LU_2010","gradient_atkinson1_bach1_nw",0.830842900943532,0.00545096653682286,0.820159006531359,0.841526795355705
"LU_2010","gradient_atkinson1_bach1_nwx",0.862974115983884,0.00661660339235891,0.850005573334861,0.875942658632908
"LU_2010","gradient_atkinson1_bach1_ratio",0.962774911825177,0.00290939322876209,0.957072501096804,0.968477322553551
"LU_2010","gradient_atkinson1_bach1_ok",1,0,1,1
"LU_2010","gradient_atkinson1_bach1_keptmin",1,0,1,1
"LU_2010","gradient_atkinson1_bach1_naltmax",0.0696534908468462,0.00559750689554033,0.0586823773315871,0.0806246043621052
"LU_2010","gradient_atkinson2_bach1_nw",0.999970109680628,2.1279949309605e-06,0.999965938810563,0.999974280550692
"LU_2010","gradient_atkinson2_bach1_nwx",0.999976927397633,1.68568867115133e-06,0.999973623447838,0.999980231347429
"LU_2010","gradient_atkinson2_bach1_ratio",0.999993182125272,6.61005133949801e-07,0.999991886555209,0.999994477695334
"LU_2010","gradient_atkinson2_bach1_ok",1,0,1,1
"LU_2010","gradient_atkinson2_bach1_keptmin",1,0,1,1
"LU_2010","gradient_atkinson2_bach1_naltmax",0.0696534908468462,0.00559750689554033,0.0586823773315871,0.0806246043621052
"LU_2010","gradient_mu_ratio_nw",0.995538173284499,0.000244737235217601,0.995058488303472,0.996017858265525
"LU_2010","gradient_mu_ratio_nwx",0.968586937930898,0.00713958807935846,0.954593345295356,0.982580530566441
"SK_2010","gradient_gini_nw",0.448725589082017,0.00194056239816557,0.444922086781612,0.452529091382421
"SK_2010","gradient_gini_nwx",0.47340280891806,0.00439565252641602,0.464787329966285,0.482018287869836
"SK_2010","gradient_gini_ratio",0.947910127602314,0.00678349696974676,0.93461447354161,0.961205781663018
"SK_2010","gradient_gini_ok",1,0,1,1
"SK_2010","gradient_gini_keptmin",1,0,1,1
"SK_2010","gradient_gini_naltmax",0,0,0,0
"SK_2010","gradient_gini_rsv_nw",0.448193756689874,0.00195362666039226,0.444364648435506,0.452022864944243
"SK_2010","gradient_gini_rsv_nwx",0.464695446058533,0.00286555992276339,0.459078948609917,0.47031194350715
"SK_2010","gradient_gini_rsv_ratio",0.964499906959668,0.00363809090514996,0.957369248785574,0.971630565133762
"SK_2010","gradient_gini_rsv_ok",1,0,1,1
"SK_2010","gradient_gini_rsv_keptmin",1,0,1,1
"SK_2010","gradient_gini_rsv_naltmax",0,0,0,0
"SK_2010","gradient_cv_nw",1.0612535678994,0.0190724694209991,1.02387152783425,1.09863560796456
"SK_2010","gradient_cv_nwx",1.13369230293224,0.0204703059935713,1.09357050318484,1.17381410267964
"SK_2010","gradient_cv_ratio",0.936117810394972,0.00628355479198748,0.923802043002677,0.948433577787268
"SK_2010","gradient_cv_ok",1,0,1,1
"SK_2010","gradient_cv_keptmin",1,0,1,1
"SK_2010","gradient_cv_naltmax",0,0,0,0
"SK_2010","gradient_top10_nw",0.329546120751629,0.00216221652656646,0.325308176359559,0.333784065143699
"SK_2010","gradient_top10_nwx",0.337939887081707,0.00247344253452209,0.333091939714044,0.34278783444937
"SK_2010","gradient_top10_ratio",0.975169448659906,0.00345591920242491,0.968395847023153,0.981943050296659
"SK_2010","gradient_top10_ok",1,0,1,1
"SK_2010","gradient_top10_keptmin",1,0,1,1
"SK_2010","gradient_top10_naltmax",0,0,0,0
"SK_2010","gradient_top1_nw",0.0795666471658342,0.00308715612537813,0.0735158211600931,0.0856174731715754
"SK_2010","gradient_top1_nwx",0.0846147571528517,0.00264947256485837,0.0794217909257293,0.0898077233799742
"SK_2010","gradient_top1_ratio",0.940195603211949,0.00773983239658996,0.925025531714632,0.955365674709265
"SK_2010","gradient_top1_ok",1,0,1,1
"SK_2010","gradient_top1_keptmin",1,0,1,1
"SK_2010","gradient_top1_naltmax",0,0,0,0
"SK_2010","gradient_sgini4_nw",0.675897847926097,0.00276525480138214,0.670477948515388,0.681317747336806
"SK_2010","gradient_sgini4_nwx",0.727459360855103,0.00898057157704602,0.709857440564093,0.745061281146113
"SK_2010","gradient_sgini4_ratio",0.929195828648466,0.00955792217463112,0.910462301186189,0.947929356110743
"SK_2010","gradient_sgini4_ok",1,0,1,1
"SK_2010","gradient_sgini4_keptmin",1,0,1,1
"SK_2010","gradient_sgini4_naltmax",0,0,0,0
"SK_2010","gradient_gini_abs_nw",35355.0312996858,348.070520983442,34672.8130785582,36037.2495208133
"SK_2010","gradient_gini_abs_nwx",34141.2498390927,388.713476750103,33379.3714246625,34903.1282535229
"SK_2010","gradient_gini_abs_ratio",1.0355744058937,0.005949343757497,1.023913692129,1.04723511965839
"SK_2010","gradient_gini_abs_ok",1,0,1,1
"SK_2010","gradient_gini_abs_keptmin",1,0,1,1
"SK_2010","gradient_gini_abs_naltmax",0,0,0,0
"SK_2010","gradient_variance_nw",6992926926.76667,257987306.380701,6487271806.2605,7498582047.27285
"SK_2010","gradient_variance_nwx",6685843777.22167,234312583.541728,6226591113.47989,7145096440.96346
"SK_2010","gradient_variance_ratio",1.04592175080237,0.011557590344601,1.02326887372695,1.06857462787779
"SK_2010","gradient_variance_ok",1,0,1,1
"SK_2010","gradient_variance_keptmin",1,0,1,1
"SK_2010","gradient_variance_naltmax",0,0,0,0
"SK_2010","gradient_kolm0.5_nw",0.154710574131545,0.0037470009628963,0.147366452244269,0.162054696018822
"SK_2010","gradient_kolm0.5_nwx",0.163927526927949,0.00922153734418277,0.145853313733351,0.182001740122547
"SK_2010","gradient_kolm0.5_ratio",0.945032383383546,0.0365607544797912,0.873373304603155,1.01669146216394
"SK_2010","gradient_kolm0.5_ok",1,0,1,1
"SK_2010","gradient_kolm0.5_keptmin",1,0,1,1
"SK_2010","gradient_kolm0.5_naltmax",0,0,0,0
"SK_2010","gradient_kolm1_nw",0.240001800917349,0.0067593004459615,0.226753572043265,0.253250029791434
"SK_2010","gradient_kolm1_nwx",0.528601482236011,0.0682700401781916,0.394792203486755,0.662410760985266
"SK_2010","gradient_kolm1_ratio",0.457738610938471,0.0438517499370818,0.37178918106179,0.543688040815151
"SK_2010","gradient_kolm1_ok",1,0,1,1
"SK_2010","gradient_kolm1_keptmin",1,0,1,1
"SK_2010","gradient_kolm1_naltmax",0,0,0,0
"SK_2010","gradient_p75_p25_nw",60513.279107666,1017.04759066597,58519.8658299607,62506.6923853713
"SK_2010","gradient_p75_p25_nwx",56468.1871426801,1826.24527446642,52888.7464047259,60047.6278806342
"SK_2010","gradient_p75_p25_ratio",1.07205953269336,0.0224803128463819,1.02799811951445,1.11612094587227
"SK_2010","gradient_p75_p25_ok",1,0,1,1
"SK_2010","gradient_p75_p25_keptmin",1,0,1,1
"SK_2010","gradient_p75_p25_naltmax",0,0,0,0
"SK_2010","gradient_p90_p10_nw",137847.500012207,3224.5973463216,131527.289213417,144167.710810997
"SK_2010","gradient_p90_p10_nwx",131981.193990661,1898.38876581817,128260.352009657,135702.035971664
"SK_2010","gradient_p90_p10_ratio",1.04437725819544,0.012036584411431,1.02078555274903,1.06796896364184
"SK_2010","gradient_p90_p10_ok",1,0,1,1
"SK_2010","gradient_p90_p10_keptmin",1,0,1,1
"SK_2010","gradient_p90_p10_naltmax",0,0,0,0
"SK_2010","gradient_inter1_nw",0.172020441296666,0.0166967469759536,0.139294817223797,0.204746065369535
"SK_2010","gradient_inter1_nwx",0.00606235321047002,0.000174537114318628,0.00572026046640551,0.00640444595453453
"SK_2010","gradient_inter1_ratio",28.3828507118358,2.75941442571282,22.9743984374387,33.7913029862329
"SK_2010","gradient_inter1_ok",1,0,1,1
"SK_2010","gradient_inter1_keptmin",1,0,1,1
"SK_2010","gradient_inter1_naltmax",0,0,0,0
"SK_2010","gradient_inter2_nw",0.251815075125156,0.0263241445343218,0.200219751837886,0.303410398412427
"SK_2010","gradient_inter2_nwx",0.00682191000721074,0.000239953082586545,0.00635160196534111,0.00729221804908037
"SK_2010","gradient_inter2_ratio",36.913785638978,3.66728713473899,29.7259028548896,44.1016684230664
"SK_2010","gradient_inter2_ok",1,0,1,1
"SK_2010","gradient_inter2_keptmin",1,0,1,1
"SK_2010","gradient_inter2_naltmax",0,0,0,0
"SK_2010","gradient_ge2_nw",0.543491611723382,0.0201272347574636,0.504042231598753,0.582940991848011
"SK_2010","gradient_ge2_nwx",0.576598652333144,0.0219615596561944,0.533553995407003,0.619643309259285
"SK_2010","gradient_ge2_ratio",0.942610998256902,0.00323917705995935,0.936262211219382,0.948959785294422
"SK_2010","gradient_ge2_ok",1,0,1,1
"SK_2010","gradient_ge2_keptmin",0.970321825965559,0.000973811121079285,0.968413156168243,0.972230495762874
"SK_2010","gradient_ge2_naltmax",0.0296781740344412,0.00097381112107928,0.0277695042371258,0.0315868438317566
"SK_2010","gradient_ge_theil_nw",0.36231094002443,0.00471410364384921,0.353071296882486,0.371550583166375
"SK_2010","gradient_ge_theil_nwx",0.373641755627218,0.00440307487032409,0.365011728881383,0.382271782373053
"SK_2010","gradient_ge_theil_ratio",0.969667361797135,0.00275748043130182,0.964262700151784,0.975072023442487
"SK_2010","gradient_ge_theil_ok",1,0,1,1
"SK_2010","gradient_ge_theil_keptmin",0.970321825965559,0.000973811121079285,0.968413156168243,0.972230495762874
"SK_2010","gradient_ge_theil_naltmax",0.0296781740344412,0.00097381112107928,0.0277695042371258,0.0315868438317566
"SK_2010","gradient_ge_mld_nw",0.471559036075891,0.0067611833201108,0.458307116768474,0.484810955383308
"SK_2010","gradient_ge_mld_nwx",0.47764409380575,0.00552158734351689,0.466821782612457,0.488466404999043
"SK_2010","gradient_ge_mld_ratio",0.987247577921465,0.00579239137684109,0.975894490822856,0.998600665020073
"SK_2010","gradient_ge_mld_ok",1,0,1,1
"SK_2010","gradient_ge_mld_keptmin",0.970321825965559,0.000973811121079285,0.968413156168243,0.972230495762874
"SK_2010","gradient_ge_mld_naltmax",0.0296781740344412,0.00097381112107928,0.0277695042371258,0.0315868438317566
"SK_2010","gradient_atkinson05_nw",0.175077302448831,0.00182247551919333,0.171505250431212,0.17864935446645
"SK_2010","gradient_atkinson05_nwx",0.179273073821993,0.00153803261648612,0.17625852989368,0.182287617750305
"SK_2010","gradient_atkinson05_ratio",0.976587965182408,0.00330402374380106,0.970112078644558,0.983063851720258
"SK_2010","gradient_atkinson05_ok",1,0,1,1
"SK_2010","gradient_atkinson05_keptmin",0.970321825965559,0.000973811121079285,0.968413156168243,0.972230495762874
"SK_2010","gradient_atkinson05_naltmax",0.0296781740344412,0.00097381112107928,0.0277695042371258,0.0315868438317566
"SK_2010","gradient_atkinson1_nw",0.375961852773198,0.00422717019079443,0.367676599199241,0.384247106347155
"SK_2010","gradient_atkinson1_nwx",0.379750790633072,0.0034247857850303,0.373038210494412,0.386463370771731
"SK_2010","gradient_atkinson1_ratio",0.990014538635331,0.00456457042206448,0.981067980608085,0.998961096662578
"SK_2010","gradient_atkinson1_ok",1,0,1,1
"SK_2010","gradient_atkinson1_keptmin",0.970321825965559,0.000973811121079285,0.968413156168243,0.972230495762874
"SK_2010","gradient_atkinson1_naltmax",0.0296781740344412,0.00097381112107928,0.0277695042371258,0.0315868438317566
"SK_2010","gradient_atkinson2_nw",0.930265618578746,0.0176450296154377,0.895681360532488,0.964849876625004
"SK_2010","gradient_atkinson2_nwx",0.919881416771501,0.0205632640711832,0.879577419191982,0.960185414351021
"SK_2010","gradient_atkinson2_ratio",1.01134033261063,0.00401782064693258,1.00346540414265,1.01921526107862
"SK_2010","gradient_atkinson2_ok",1,0,1,1
"SK_2010","gradient_atkinson2_keptmin",0.970321825965559,0.000973811121079285,0.968413156168243,0.972230495762874
"SK_2010","gradient_atkinson2_naltmax",0.0296781740344412,0.00097381112107928,0.0277695042371258,0.0315868438317566
"SK_2010","gradient_ge2_bach1_nw",0.561932337386396,0.0202640467532524,0.522214805750021,0.601649869022771
"SK_2010","gradient_ge2_bach1_nwx",0.609529025850627,0.0228075790806288,0.564826170852594,0.654231880848659
"SK_2010","gradient_ge2_bach1_ratio",0.921945295634214,0.00295424733756707,0.916154970852582,0.927735620415845
"SK_2010","gradient_ge2_bach1_ok",1,0,1,1
"SK_2010","gradient_ge2_bach1_keptmin",1,0,1,1
"SK_2010","gradient_ge2_bach1_naltmax",0.0296781740344412,0.00097381112107928,0.0277695042371258,0.0315868438317566
"SK_2010","gradient_ge_theil_bach1_nw",0.379829037434317,0.00435501809383437,0.371293201970402,0.388364872898233
"SK_2010","gradient_ge_theil_bach1_nwx",0.403764437810676,0.00490848910110248,0.394143799172515,0.413385076448836
"SK_2010","gradient_ge_theil_bach1_ratio",0.940727946484912,0.00319050934012731,0.934474548178262,0.946981344791561
"SK_2010","gradient_ge_theil_bach1_ok",1,0,1,1
"SK_2010","gradient_ge_theil_bach1_keptmin",1,0,1,1
"SK_2010","gradient_ge_theil_bach1_naltmax",0.0296781740344412,0.00097381112107928,0.0277695042371258,0.0315868438317566
"SK_2010","gradient_ge_mld_bach1_nw",0.641980655388835,0.00587746084212172,0.630460832138276,0.653500478639393
"SK_2010","gradient_ge_mld_bach1_nwx",0.766492117421386,0.0138144348312153,0.739415825152203,0.793568409690568
"SK_2010","gradient_ge_mld_bach1_ratio",0.837664798861958,0.0101419797454973,0.817786518560783,0.857543079163133
"SK_2010","gradient_ge_mld_bach1_ok",1,0,1,1
"SK_2010","gradient_ge_mld_bach1_keptmin",1,0,1,1
"SK_2010","gradient_ge_mld_bach1_naltmax",0.0296781740344412,0.00097381112107928,0.0277695042371258,0.0315868438317566
"SK_2010","gradient_atkinson05_bach1_nw",0.189293945552586,0.00152452778376179,0.186305871096412,0.192282020008759
"SK_2010","gradient_atkinson05_bach1_nwx",0.203434148319567,0.00206442094122758,0.199387883274761,0.207480413364373
"SK_2010","gradient_atkinson05_bach1_ratio",0.930510638696594,0.00424382392636286,0.922192743800922,0.938828533592265
"SK_2010","gradient_atkinson05_bach1_ok",1,0,1,1
"SK_2010","gradient_atkinson05_bach1_keptmin",1,0,1,1
"SK_2010","gradient_atkinson05_bach1_naltmax",0.0296781740344412,0.00097381112107928,0.0277695042371258,0.0315868438317566
"SK_2010","gradient_atkinson1_bach1_nw",0.473744865648724,0.00309425606388644,0.467680123763506,0.479809607533941
"SK_2010","gradient_atkinson1_bach1_nwx",0.53533037178571,0.00640422252550715,0.522778095635716,0.547882647935704
"SK_2010","gradient_atkinson1_bach1_ratio",0.885005812427495,0.00696979553687999,0.87134501317521,0.89866661167978
"SK_2010","gradient_atkinson1_bach1_ok",1,0,1,1
"SK_2010","gradient_atkinson1_bach1_keptmin",1,0,1,1
"SK_2010","gradient_atkinson1_bach1_naltmax",0.0296781740344412,0.00097381112107928,0.0277695042371258,0.0315868438317566
"SK_2010","gradient_atkinson2_bach1_nw",0.999277008762261,1.79608360019193e-05,0.999241805523697,0.999312212000825
"SK_2010","gradient_atkinson2_bach1_nwx",0.999539395634685,1.61073981492353e-05,0.999507825134312,0.999570966135057
"SK_2010","gradient_atkinson2_bach1_ratio",0.999737492328743,2.00859393292187e-05,0.999698123887657,0.999776860769828
"SK_2010","gradient_atkinson2_bach1_ok",1,0,1,1
"SK_2010","gradient_atkinson2_bach1_keptmin",1,0,1,1
"SK_2010","gradient_atkinson2_bach1_naltmax",0.0296781740344412,0.00097381112107928,0.0277695042371258,0.0315868438317566
"SK_2010","gradient_mu_ratio_nw",0.998814696670135,8.48840162686546e-05,0.998648323998248,0.998981069342021
"SK_2010","gradient_mu_ratio_nwx",0.981626607349522,0.00343611249452665,0.974891826860249,0.988361387838794
"SI_2014","gradient_gini_nw",0.629711938969838,0.0217276103594146,0.587125822665386,0.672298055274291
"SI_2014","gradient_gini_nwx",0.666343643213094,0.0220592453514004,0.62310752232435,0.709579764101839
"SI_2014","gradient_gini_ratio",0.944999390422226,0.00279040869152911,0.939530189386829,0.950468591457623
"SI_2014","gradient_gini_ok",1,0,1,1
"SI_2014","gradient_gini_keptmin",1,0,1,1
"SI_2014","gradient_gini_naltmax",0,0,0,0
"SI_2014","gradient_gini_rsv_nw",0.626667251116521,0.0218498925246415,0.583841461768224,0.669493040464819
"SI_2014","gradient_gini_rsv_nwx",0.650214720332865,0.0222236560603533,0.606656354454573,0.693773086211157
"SI_2014","gradient_gini_rsv_ratio",0.963770819094356,0.00141501787395207,0.96099738406141,0.966544254127302
"SI_2014","gradient_gini_rsv_ok",1,0,1,1
"SI_2014","gradient_gini_rsv_keptmin",1,0,1,1
"SI_2014","gradient_gini_rsv_naltmax",0,0,0,0
"SI_2014","gradient_cv_nw",3.03201681656109,0.495535776377262,2.06076669486166,4.00326693826053
"SI_2014","gradient_cv_nwx",3.33083026572055,0.507668339022392,2.33580032123666,4.32586021020444
"SI_2014","gradient_cv_ratio",0.909332919694088,0.0105850455085761,0.888586230497279,0.930079608890898
"SI_2014","gradient_cv_ok",1,0,1,1
"SI_2014","gradient_cv_keptmin",1,0,1,1
"SI_2014","gradient_cv_naltmax",0,0,0,0
"SI_2014","gradient_top10_nw",0.486353977570643,0.0311618337675437,0.425276783386258,0.547431171755029
"SI_2014","gradient_top10_nwx",0.506981617323447,0.032801021543489,0.442691615098209,0.571271619548686
"SI_2014","gradient_top10_ratio",0.959339753067761,0.00194830589447796,0.955521073514584,0.963158432620938
"SI_2014","gradient_top10_ok",1,0,1,1
"SI_2014","gradient_top10_keptmin",1,0,1,1
"SI_2014","gradient_top10_naltmax",0,0,0,0
"SI_2014","gradient_top1_nw",0.232434907482224,0.0446667212712584,0.144888133790557,0.31998168117389
"SI_2014","gradient_top1_nwx",0.251109586706964,0.046535721651579,0.159899572269869,0.342319601144058
"SI_2014","gradient_top1_ratio",0.924869393549603,0.00712709069712509,0.910900295783238,0.938838491315968
"SI_2014","gradient_top1_ok",1,0,1,1
"SI_2014","gradient_top1_keptmin",1,0,1,1
"SI_2014","gradient_top1_naltmax",0,0,0,0
"SI_2014","gradient_sgini4_nw",0.850555538305884,0.00840542753881559,0.834080900329806,0.867030176281963
"SI_2014","gradient_sgini4_nwx",0.907875136546602,0.0078180147807554,0.892551827576322,0.923198445516883
"SI_2014","gradient_sgini4_ratio",0.936863475763025,0.00433622105472978,0.928364482495755,0.945362469030295
"SI_2014","gradient_sgini4_ok",1,0,1,1
"SI_2014","gradient_sgini4_keptmin",1,0,1,1
"SI_2014","gradient_sgini4_naltmax",0,0,0,0
"SI_2014","gradient_gini_abs_nw",86116.5953635042,8818.90935190646,68831.5330337675,103401.657693241
"SI_2014","gradient_gini_abs_nwx",81505.6991619368,8729.73038128758,64395.4276146131,98615.9707092604
"SI_2014","gradient_gini_abs_ratio",1.05691669942387,0.00545380696756582,1.04622723776744,1.0676061610803
"SI_2014","gradient_gini_abs_ok",1,0,1,1
"SI_2014","gradient_gini_abs_keptmin",1,0,1,1
"SI_2014","gradient_gini_abs_naltmax",0,0,0,0
"SI_2014","gradient_variance_nw",180098365607.446,84189794233.708,15086368909.3781,345110362305.513
"SI_2014","gradient_variance_nwx",173616478155.451,79114599560.226,18551863017.4078,328681093293.494
"SI_2014","gradient_variance_ratio",1.03429134559739,0.0130239675041411,1.00876436928927,1.0598183219055
"SI_2014","gradient_variance_ok",1,0,1,1
"SI_2014","gradient_variance_keptmin",1,0,1,1
"SI_2014","gradient_variance_naltmax",0,0,0,0
"SI_2014","gradient_kolm0.5_nw",0.0752320828248373,0.00542254173861895,0.0646039010171441,0.0858602646325304
"SI_2014","gradient_kolm0.5_nwx",0.0725853306617943,0.00562536804612447,0.0615596092913903,0.0836110520321982
"SI_2014","gradient_kolm0.5_ratio",1.03674670120834,0.00596244544646245,1.02506030813327,1.04843309428341
"SI_2014","gradient_kolm0.5_ok",1,0,1,1
"SI_2014","gradient_kolm0.5_keptmin",1,0,1,1
"SI_2014","gradient_kolm0.5_naltmax",0,0,0,0
"SI_2014","gradient_kolm1_nw",0.098799991466989,0.010714164803368,0.0778002284523877,0.11979975448159
"SI_2014","gradient_kolm1_nwx",0.102349899374663,0.0170996531140137,0.0688345792711963,0.13586521947813
"SI_2014","gradient_kolm1_ratio",0.971490125917169,0.0559509586171232,0.861826247027607,1.08115400480673
"SI_2014","gradient_kolm1_ok",1,0,1,1
"SI_2014","gradient_kolm1_keptmin",1,0,1,1
"SI_2014","gradient_kolm1_naltmax",0,0,0,0
"SI_2014","gradient_p75_p25_nw",119629.4,1562.68261652839,116566.542071604,122692.257928396
"SI_2014","gradient_p75_p25_nwx",114983.798319023,577.575837473035,113851.749677576,116115.84696047
"SI_2014","gradient_p75_p25_ratio",1.04042655190641,0.0152512023349628,1.01053419532988,1.07031890848294
"SI_2014","gradient_p75_p25_ok",1,0,1,1
"SI_2014","gradient_p75_p25_keptmin",1,0,1,1
"SI_2014","gradient_p75_p25_naltmax",0,0,0,0
"SI_2014","gradient_p90_p10_nw",252044.4,2217.00928279518,247699.061805721,256389.738194279
"SI_2014","gradient_p90_p10_nwx",227808.4,2571.18617762308,222768.875091859,232847.924908141
"SI_2014","gradient_p90_p10_ratio",1.10648932610303,0.0166331114978211,1.0738884275673,1.13909022463876
"SI_2014","gradient_p90_p10_ok",1,0,1,1
"SI_2014","gradient_p90_p10_keptmin",1,0,1,1
"SI_2014","gradient_p90_p10_naltmax",0,0,0,0
"SI_2014","gradient_inter1_nw",0.313608173556532,0.103815589160587,0.110129618801783,0.517086728311282
"SI_2014","gradient_inter1_nwx",0.0212175556348532,0.00697052975971285,0.00755531730581603,0.0348797939638904
"SI_2014","gradient_inter1_ratio",14.9213271489784,1.89545826807524,11.2062289435509,18.6364253544058
"SI_2014","gradient_inter1_ok",1,0,1,1
"SI_2014","gradient_inter1_keptmin",1,0,1,1
"SI_2014","gradient_inter1_naltmax",0,0,0,0
"SI_2014","gradient_inter2_nw",1.19877329692185,0.617593316851965,-0.0117096041079996,2.4092561979517
"SI_2014","gradient_inter2_nwx",0.0408925444563429,0.0166235399906195,0.00831040607472877,0.0734746828379571
"SI_2014","gradient_inter2_ratio",28.9746030453318,4.79804746522884,19.5704300134833,38.3787760771803
"SI_2014","gradient_inter2_ok",1,0,1,1
"SI_2014","gradient_inter2_keptmin",1,0,1,1
"SI_2014","gradient_inter2_naltmax",0,0,0,0
"SI_2014","gradient_ge2_nw",4.35745935293794,1.4457654222379,1.52375912535166,7.19115958052423
"SI_2014","gradient_ge2_nwx",4.98654670944233,1.55218083726465,1.9442722684036,8.02882115048105
"SI_2014","gradient_ge2_ratio",0.870479874716158,0.0180950307192426,0.835013614506442,0.905946134925873
"SI_2014","gradient_ge2_ok",1,0,1,1
"SI_2014","gradient_ge2_keptmin",0.920198694685606,0.000411068035144789,0.919393001336723,0.92100438803449
"SI_2014","gradient_ge2_naltmax",0.0798013053143935,0.000411068035144844,0.0789956119655096,0.0806069986632774
"SI_2014","gradient_ge_theil_nw",0.926909928568088,0.145074759173302,0.642563400588417,1.21125645654776
"SI_2014","gradient_ge_theil_nwx",0.985484659323276,0.152819726631016,0.685957995126485,1.28501132352007
"SI_2014","gradient_ge_theil_ratio",0.940432061570545,0.00188379154801592,0.936739830136434,0.944124293004656
"SI_2014","gradient_ge_theil_ok",1,0,1,1
"SI_2014","gradient_ge_theil_keptmin",0.920198694685606,0.000411068035144789,0.919393001336723,0.92100438803449
"SI_2014","gradient_ge_theil_naltmax",0.0798013053143935,0.000411068035144844,0.0789956119655096,0.0806069986632774
"SI_2014","gradient_ge_mld_nw",1.03378834819876,0.0561017862174198,0.923828847212615,1.1437478491849
"SI_2014","gradient_ge_mld_nwx",1.065643404335,0.0602067570470502,0.947638160522784,1.18364864814722
"SI_2014","gradient_ge_mld_ratio",0.970189149754737,0.00327867511914835,0.963762946521207,0.976615352988268
"SI_2014","gradient_ge_mld_ok",1,0,1,1
"SI_2014","gradient_ge_mld_keptmin",0.920198694685606,0.000411068035144789,0.919393001336723,0.92100438803449
"SI_2014","gradient_ge_mld_naltmax",0.0798013053143935,0.000411068035144844,0.0789956119655096,0.0806069986632774
"SI_2014","gradient_atkinson05_nw",0.348019301007137,0.0292799120899675,0.290630673310801,0.405407928703474
"SI_2014","gradient_atkinson05_nwx",0.362213698617671,0.0306843867584649,0.30207230057108,0.422355096664262
"SI_2014","gradient_atkinson05_ratio",0.960843386369779,0.00121407603897064,0.958463797333397,0.963222975406162
"SI_2014","gradient_atkinson05_ok",1,0,1,1
"SI_2014","gradient_atkinson05_keptmin",0.920198694685606,0.000411068035144789,0.919393001336723,0.92100438803449
"SI_2014","gradient_atkinson05_naltmax",0.0798013053143935,0.000411068035144844,0.0789956119655096,0.0806069986632774
"SI_2014","gradient_atkinson1_nw",0.643973029837662,0.0196990849710632,0.605362823294378,0.682583236380946
"SI_2014","gradient_atkinson1_nwx",0.655081393667674,0.0204633078829699,0.614973310217053,0.695189477118295
"SI_2014","gradient_atkinson1_ratio",0.983056605378588,0.00158182338136392,0.979956231551115,0.986156979206061
"SI_2014","gradient_atkinson1_ok",1,0,1,1
"SI_2014","gradient_atkinson1_keptmin",0.920198694685606,0.000411068035144789,0.919393001336723,0.92100438803449
"SI_2014","gradient_atkinson1_naltmax",0.0798013053143935,0.000411068035144844,0.0789956119655096,0.0806069986632774
"SI_2014","gradient_atkinson2_nw",0.995772256210454,0.00103060651454598,0.993752267441944,0.997792244978964
"SI_2014","gradient_atkinson2_nwx",0.995521382070684,0.00107925074334859,0.993406050613721,0.997636713527647
"SI_2014","gradient_atkinson2_ratio",1.00025203868695,6.00001230496477e-05,1.00013443844578,1.00036963892813
"SI_2014","gradient_atkinson2_ok",1,0,1,1
"SI_2014","gradient_atkinson2_keptmin",0.920198694685606,0.000411068035144789,0.919393001336723,0.92100438803449
"SI_2014","gradient_atkinson2_naltmax",0.0798013053143935,0.000411068035144844,0.0789956119655096,0.0806069986632774
"SI_2014","gradient_ge2_bach1_nw",4.65324739351187,1.53320957224605,1.64815663190961,7.65833815511413
"SI_2014","gradient_ge2_bach1_nwx",5.46282786788041,1.68955384836007,2.15130232509467,8.77435341066615
"SI_2014","gradient_ge2_bach1_ratio",0.848607016450716,0.0174651815569943,0.814375260599008,0.882838772302425
"SI_2014","gradient_ge2_bach1_ok",1,0,1,1
"SI_2014","gradient_ge2_bach1_keptmin",1,0,1,1
"SI_2014","gradient_ge2_bach1_naltmax",0.0798013053143935,0.000411068035144844,0.0789956119655096,0.0806069986632774
"SI_2014","gradient_ge_theil_bach1_nw",0.986048541891261,0.144996768024797,0.701854876562658,1.27024220721986
"SI_2014","gradient_ge_theil_bach1_nwx",1.06864146125625,0.153250494789216,0.768270491469385,1.36901243104311
"SI_2014","gradient_ge_theil_bach1_ratio",0.922410029986515,0.00377763025796941,0.915005874680895,0.929814185292135
"SI_2014","gradient_ge_theil_bach1_ok",1,0,1,1
"SI_2014","gradient_ge_theil_bach1_keptmin",1,0,1,1
"SI_2014","gradient_ge_theil_bach1_naltmax",0.0798013053143935,0.000411068035144844,0.0789956119655096,0.0806069986632774
"SI_2014","gradient_ge_mld_bach1_nw",1.59778950454323,0.0575998930000328,1.48489371426317,1.7106852948233
"SI_2014","gradient_ge_mld_bach1_nwx",1.83961759966978,0.0649411277663034,1.71233298924782,1.96690221009173
"SI_2014","gradient_ge_mld_bach1_ratio",0.868539465115887,0.00538615537838326,0.857982600574256,0.879096329657518
"SI_2014","gradient_ge_mld_bach1_ok",1,0,1,1
"SI_2014","gradient_ge_mld_bach1_keptmin",1,0,1,1
"SI_2014","gradient_ge_mld_bach1_naltmax",0.0798013053143935,0.000411068035144844,0.0789956119655096,0.0806069986632774
"SI_2014","gradient_atkinson05_bach1_nw",0.385219312355484,0.0275904082806031,0.331142112125502,0.439296512585466
"SI_2014","gradient_atkinson05_bach1_nwx",0.412753850598613,0.0285032724996055,0.356887436499386,0.46862026469784
"SI_2014","gradient_atkinson05_bach1_ratio",0.933185339818334,0.00313877229472804,0.927033346120667,0.939337333516001
"SI_2014","gradient_atkinson05_bach1_ok",1,0,1,1
"SI_2014","gradient_atkinson05_bach1_keptmin",1,0,1,1
"SI_2014","gradient_atkinson05_bach1_naltmax",0.0798013053143935,0.000411068035144844,0.0789956119655096,0.0806069986632774
"SI_2014","gradient_atkinson1_bach1_nw",0.797434392551464,0.0115425748069757,0.774810945929792,0.820057839173136
"SI_2014","gradient_atkinson1_bach1_nwx",0.840900568670322,0.0101755177307344,0.820956553918083,0.860844583422562
"SI_2014","gradient_atkinson1_bach1_ratio",0.948293613575999,0.00316858276868837,0.942083191349369,0.954504035802628
"SI_2014","gradient_atkinson1_bach1_ok",1,0,1,1
"SI_2014","gradient_atkinson1_bach1_keptmin",1,0,1,1
"SI_2014","gradient_atkinson1_bach1_naltmax",0.0798013053143935,0.000411068035144844,0.0789956119655096,0.0806069986632774
"SI_2014","gradient_atkinson2_bach1_nw",0.999875875095841,7.84357968798768e-06,0.999860501679653,0.99989124851203
"SI_2014","gradient_atkinson2_bach1_nwx",0.99990027301192,7.30788125093866e-06,0.999885949564668,0.999914596459172
"SI_2014","gradient_atkinson2_bach1_ratio",0.999975599649031,1.88992726038173e-06,0.999971895391601,0.999979303906462
"SI_2014","gradient_atkinson2_bach1_ok",1,0,1,1
"SI_2014","gradient_atkinson2_bach1_keptmin",1,0,1,1
"SI_2014","gradient_atkinson2_bach1_naltmax",0.0798013053143935,0.000411068035144844,0.0789956119655096,0.0806069986632774
"SI_2014","gradient_mu_ratio_nw",0.995156812567232,0.000411368465546994,0.99435053037476,0.995963094759705
"SI_2014","gradient_mu_ratio_nwx",0.975773105723586,0.00188921339644792,0.972070247466548,0.979475963980624
"ES_2011","gradient_gini_nw",0.601231819927219,0.00510538963479965,0.591225256243012,0.611238383611426
"ES_2011","gradient_gini_nwx",0.745423664095449,0.102454005430345,0.544613813451974,0.946233514738925
"ES_2011","gradient_gini_ratio",0.816256320258704,0.106130020445911,0.608241480184718,1.02427116033269
"ES_2011","gradient_gini_ok",1,0,1,1
"ES_2011","gradient_gini_keptmin",1,0,1,1
"ES_2011","gradient_gini_naltmax",0,0,0,0
"ES_2011","gradient_gini_rsv_nw",0.597298660610432,0.00507377186808474,0.587354067748986,0.607243253471878
"ES_2011","gradient_gini_rsv_nwx",0.61966058395761,0.0196035148088187,0.581237694932325,0.658083472982894
"ES_2011","gradient_gini_rsv_ratio",0.964527771003749,0.0302266414925344,0.905283553678382,1.02377198832912
"ES_2011","gradient_gini_rsv_ok",1,0,1,1
"ES_2011","gradient_gini_rsv_keptmin",1,0,1,1
"ES_2011","gradient_gini_rsv_naltmax",0,0,0,0
"ES_2011","gradient_cv_nw",2.78806149266238,0.0860535272219277,2.6193965793074,2.95672640601736
"ES_2011","gradient_cv_nwx",3.99108926457588,1.3835112401514,1.27940723387914,6.70277129527262
"ES_2011","gradient_cv_ratio",0.749564939920609,0.223346300260233,0.311806191410552,1.18732368843067
"ES_2011","gradient_cv_ok",1,0,1,1
"ES_2011","gradient_cv_keptmin",1,0,1,1
"ES_2011","gradient_cv_naltmax",0,0,0,0
"ES_2011","gradient_top10_nw",0.455672534557259,0.00584573646445101,0.444214891086935,0.467130178027583
"ES_2011","gradient_top10_nwx",0.476109453992926,0.0315211488304788,0.414328002285188,0.537890905700665
"ES_2011","gradient_top10_ratio",0.959688729047342,0.0602909043268787,0.84151855656666,1.07785890152802
"ES_2011","gradient_top10_ok",1,0,1,1
"ES_2011","gradient_top10_keptmin",1,0,1,1
"ES_2011","gradient_top10_naltmax",0,0,0,0
"ES_2011","gradient_top1_nw",0.163828855593404,0.00781676392306145,0.148507998304204,0.179149712882605
"ES_2011","gradient_top1_nwx",0.172605553440568,0.0163336236757056,0.140591651036185,0.204619455844951
"ES_2011","gradient_top1_ratio",0.953780753076938,0.0835128665333028,0.790095534671664,1.11746597148221
"ES_2011","gradient_top1_ok",1,0,1,1
"ES_2011","gradient_top1_keptmin",1,0,1,1
"ES_2011","gradient_top1_naltmax",0,0,0,0
"ES_2011","gradient_sgini4_nw",0.830049549621983,0.00354718658077817,0.823097063923657,0.837002035320308
"ES_2011","gradient_sgini4_nwx",1.20119733410562,0.241298210296805,0.728252841923883,1.67414182628736
"ES_2011","gradient_sgini4_ratio",0.708615561818437,0.131812257567995,0.450263536985166,0.966967586651707
"ES_2011","gradient_sgini4_ok",1,0,1,1
"ES_2011","gradient_sgini4_keptmin",1,0,1,1
"ES_2011","gradient_sgini4_naltmax",0,0,0,0
"ES_2011","gradient_gini_abs_nw",155723.665175352,2962.78892169143,149916.598888837,161530.731461867
"ES_2011","gradient_gini_abs_nwx",146316.926938342,12359.7452928688,122091.826164319,170542.027712365
"ES_2011","gradient_gini_abs_ratio",1.06908311019861,0.0873363111116603,0.897903940419759,1.24026227997747
"ES_2011","gradient_gini_abs_ok",1,0,1,1
"ES_2011","gradient_gini_abs_keptmin",1,0,1,1
"ES_2011","gradient_gini_abs_naltmax",0,0,0,0
"ES_2011","gradient_variance_nw",522210682946.938,43268462543.396,437404496361.881,607016869531.994
"ES_2011","gradient_variance_nwx",639136410241.011,381627795439.379,-108854068820.172,1387126889302.19
"ES_2011","gradient_variance_ratio",0.993997050428023,0.462324018803896,0.0878419735723875,1.90015212728366
"ES_2011","gradient_variance_ok",1,0,1,1
"ES_2011","gradient_variance_keptmin",1,0,1,1
"ES_2011","gradient_variance_naltmax",0,0,0,0
"ES_2011","gradient_kolm0.5_nw",21.5437427386078,30.7103253440188,-38.6484949356691,81.7359804128847
"ES_2011","gradient_kolm0.5_nwx",42.8290640942509,42.8628680834581,-41.182157349327,126.840285537829
"ES_2011","gradient_kolm0.5_ratio",0.358877854670801,0.456973231096979,-0.536789678279278,1.25454538762088
"ES_2011","gradient_kolm0.5_ok",1,0,1,1
"ES_2011","gradient_kolm0.5_keptmin",1,0,1,1
"ES_2011","gradient_kolm0.5_naltmax",0,0,0,0
"ES_2011","gradient_kolm1_nw",30.9092823403148,35.2483760426546,-38.1775347032882,99.9960993839179
"ES_2011","gradient_kolm1_nwx",55.1476913621937,44.3541929220826,-31.7865267650882,142.081909489476
"ES_2011","gradient_kolm1_ratio",0.483701851261803,0.420487328980659,-0.340453313540288,1.30785701606389
"ES_2011","gradient_kolm1_ok",1,0,1,1
"ES_2011","gradient_kolm1_keptmin",1,0,1,1
"ES_2011","gradient_kolm1_naltmax",0,0,0,0
"ES_2011","gradient_p75_p25_nw",229684.83125,3561.88531568738,222703.536031253,236666.126468747
"ES_2011","gradient_p75_p25_nwx",207608.775461676,3409.93687235818,200925.299191854,214292.251731498
"ES_2011","gradient_p75_p25_ratio",1.10636648513464,0.00826883951722157,1.09015955968089,1.1225734105884
"ES_2011","gradient_p75_p25_ok",1,0,1,1
"ES_2011","gradient_p75_p25_keptmin",1,0,1,1
"ES_2011","gradient_p75_p25_naltmax",0,0,0,0
"ES_2011","gradient_p90_p10_nw",512538.159375,2278.54657983216,508072.208078529,517004.110671471
"ES_2011","gradient_p90_p10_nwx",445006.754017132,2485.42459570256,440135.321809555,449878.186224709
"ES_2011","gradient_p90_p10_ratio",1.15176966294284,0.00632164748223048,1.13937923387767,1.16416009200801
"ES_2011","gradient_p90_p10_ok",1,0,1,1
"ES_2011","gradient_p90_p10_keptmin",1,0,1,1
"ES_2011","gradient_p90_p10_naltmax",0,0,0,0
"ES_2011","gradient_inter1_nw",0.000565469067875584,0.000624972226799306,-0.000659476496651057,0.00179041463240222
"ES_2011","gradient_inter1_nwx",0.00030608733874128,0.000400723847860086,-0.000479331403064489,0.00109150608054705
"ES_2011","gradient_inter1_ratio",2.26807319848332,1.30057751506692,-0.281058731047842,4.81720512801447
"ES_2011","gradient_inter1_ok",1,0,1,1
"ES_2011","gradient_inter1_keptmin",1,0,1,1
"ES_2011","gradient_inter1_naltmax",0,0,0,0
"ES_2011","gradient_inter2_nw",0.000793680272144046,0.000927994171805363,-0.00102518830459447,0.00261254884888256
"ES_2011","gradient_inter2_nwx",0.0002532789257976,0.000268658247340264,-0.000273291238989318,0.000779849090584517
"ES_2011","gradient_inter2_ratio",2.98629646187543,2.02856993676004,-0.989700614174256,6.96229353792511
"ES_2011","gradient_inter2_ok",1,0,1,1
"ES_2011","gradient_inter2_keptmin",1,0,1,1
"ES_2011","gradient_inter2_naltmax",0,0,0,0
"ES_2011","gradient_ge2_nw",3.66935364481877,0.221635531270543,3.23494800352851,4.10375928610904
"ES_2011","gradient_ge2_nwx",3.64006267402868,0.233092578040048,3.18320122107019,4.09692412698718
"ES_2011","gradient_ge2_ratio",1.01020177005622,0.0782732099702614,0.856786278514511,1.16361726159794
"ES_2011","gradient_ge2_ok",1,0,1,1
"ES_2011","gradient_ge2_keptmin",0.934704169230703,0.00168456029889663,0.931402431044865,0.93800590741654
"ES_2011","gradient_ge2_naltmax",0.0652958307692975,0.00168456029889664,0.0619940925834601,0.0685975689551349
"ES_2011","gradient_ge_theil_nw",0.76394314290884,0.0215321887369978,0.721740052984324,0.806146232833356
"ES_2011","gradient_ge_theil_nwx",0.712826348343564,0.0232312107802996,0.667293175214177,0.758359521472951
"ES_2011","gradient_ge_theil_ratio",1.07216364821784,0.0333492454368162,1.00679912716168,1.137528169274
"ES_2011","gradient_ge_theil_ok",1,0,1,1
"ES_2011","gradient_ge_theil_keptmin",0.934704169230703,0.00168456029889663,0.931402431044865,0.93800590741654
"ES_2011","gradient_ge_theil_naltmax",0.0652958307692975,0.00168456029889664,0.0619940925834601,0.0685975689551349
"ES_2011","gradient_ge_mld_nw",0.868147033443169,0.0120577307273476,0.844513881217568,0.89178018566877
"ES_2011","gradient_ge_mld_nwx",0.823132184873711,0.0142488638805291,0.795204411667874,0.851059958079548
"ES_2011","gradient_ge_mld_ratio",1.05478209202546,0.0132841432816578,1.02874517119341,1.08081901285751
"ES_2011","gradient_ge_mld_ok",1,0,1,1
"ES_2011","gradient_ge_mld_keptmin",0.934704169230703,0.00168456029889663,0.931402431044865,0.93800590741654
"ES_2011","gradient_ge_mld_naltmax",0.0652958307692975,0.00168456029889664,0.0619940925834601,0.0685975689551349
"ES_2011","gradient_atkinson05_nw",0.307033177160082,0.00524223317609746,0.296758400134931,0.317307954185233
"ES_2011","gradient_atkinson05_nwx",0.289820199701878,0.00585161300884315,0.278351038204545,0.301289361199211
"ES_2011","gradient_atkinson05_ratio",1.0595324443324,0.0175550929417012,1.02512446216667,1.09394042649814
"ES_2011","gradient_atkinson05_ok",1,0,1,1
"ES_2011","gradient_atkinson05_keptmin",0.934704169230703,0.00168456029889663,0.931402431044865,0.93800590741654
"ES_2011","gradient_atkinson05_naltmax",0.0652958307692975,0.00168456029889664,0.0619940925834601,0.0685975689551349
"ES_2011","gradient_atkinson1_nw",0.580251114935759,0.00505048347365014,0.570352167327404,0.590150062544113
"ES_2011","gradient_atkinson1_nwx",0.56091585420461,0.00629808825591083,0.548571601223024,0.573260107186195
"ES_2011","gradient_atkinson1_ratio",1.03451127257389,0.00838423705710287,1.01807816794196,1.05094437720581
"ES_2011","gradient_atkinson1_ok",1,0,1,1
"ES_2011","gradient_atkinson1_keptmin",0.934704169230703,0.00168456029889663,0.931402431044865,0.93800590741654
"ES_2011","gradient_atkinson1_naltmax",0.0652958307692975,0.00168456029889664,0.0619940925834601,0.0685975689551349
"ES_2011","gradient_atkinson2_nw",0.997218771883244,4.28475101014641e-05,0.997134790763445,0.997302753003043
"ES_2011","gradient_atkinson2_nwx",0.996832204768271,4.4460800344071e-05,0.996745061599597,0.996919347936946
"ES_2011","gradient_atkinson2_ratio",1.00038779602697,3.4960833002305e-05,1.00031927279428,1.00045631925965
"ES_2011","gradient_atkinson2_ok",1,0,1,1
"ES_2011","gradient_atkinson2_keptmin",0.934704169230703,0.00168456029889663,0.931402431044865,0.93800590741654
"ES_2011","gradient_atkinson2_naltmax",0.0652958307692975,0.00168456029889664,0.0619940925834601,0.0685975689551349
"ES_2011","gradient_ge2_bach1_nw",3.84458450200691,0.237720622998681,3.3786520809295,4.31051692308433
"ES_2011","gradient_ge2_bach1_nwx",3.9291880677705,0.246831420433264,3.4453984837213,4.4129776518197
"ES_2011","gradient_ge2_bach1_ratio",0.980453735791354,0.0759267873787048,0.831637232529092,1.12927023905362
"ES_2011","gradient_ge2_bach1_ok",1,0,1,1
"ES_2011","gradient_ge2_bach1_keptmin",1,0,1,1
"ES_2011","gradient_ge2_bach1_naltmax",0.0652958307692975,0.00168456029889664,0.0619940925834601,0.0685975689551349
"ES_2011","gradient_ge_theil_bach1_nw",0.805056186231244,0.0232552740273596,0.759475849137619,0.850636523324868
"ES_2011","gradient_ge_theil_bach1_nwx",0.780348386844199,0.0236266204723164,0.734040210718459,0.826656562969939
"ES_2011","gradient_ge_theil_bach1_ratio",1.03199697601044,0.0302330036950919,0.972740288768057,1.09125366325282
"ES_2011","gradient_ge_theil_bach1_ok",1,0,1,1
"ES_2011","gradient_ge_theil_bach1_keptmin",1,0,1,1
"ES_2011","gradient_ge_theil_bach1_naltmax",0.0652958307692975,0.00168456029889664,0.0619940925834601,0.0685975689551349
"ES_2011","gradient_ge_mld_bach1_nw",1.29592364250632,0.0324072582174828,1.23240541640005,1.35944186861258
"ES_2011","gradient_ge_mld_bach1_nwx",1.50846015791176,0.025630598272073,1.4582241852985,1.55869613052502
"ES_2011","gradient_ge_mld_bach1_ratio",0.859054776310618,0.0107742162673808,0.837937312426552,0.880172240194685
"ES_2011","gradient_ge_mld_bach1_ok",1,0,1,1
"ES_2011","gradient_ge_mld_bach1_keptmin",1,0,1,1
"ES_2011","gradient_ge_mld_bach1_naltmax",0.0652958307692975,0.00168456029889664,0.0619940925834601,0.0685975689551349
"ES_2011","gradient_atkinson05_bach1_nw",0.334811444758755,0.0062082468347406,0.322643280962664,0.346979608554847
"ES_2011","gradient_atkinson05_bach1_nwx",0.335961731666795,0.00590892547040081,0.324380237744809,0.34754322558878
"ES_2011","gradient_atkinson05_bach1_ratio",0.996637939948392,0.0145816169217786,0.968057970781706,1.02521790911508
"ES_2011","gradient_atkinson05_bach1_ok",1,0,1,1
"ES_2011","gradient_atkinson05_bach1_keptmin",1,0,1,1
"ES_2011","gradient_atkinson05_bach1_naltmax",0.0652958307692975,0.00168456029889664,0.0619940925834601,0.0685975689551349
"ES_2011","gradient_atkinson1_bach1_nw",0.726260201570356,0.00873083624748798,0.70914776252528,0.743372640615432
"ES_2011","gradient_atkinson1_bach1_nwx",0.778701291397203,0.00564571454019747,0.767635690898416,0.78976689189599
"ES_2011","gradient_atkinson1_bach1_ratio",0.932640706779948,0.00609788910064617,0.920688844142681,0.944592569417214
"ES_2011","gradient_atkinson1_bach1_ok",1,0,1,1
"ES_2011","gradient_atkinson1_bach1_keptmin",1,0,1,1
"ES_2011","gradient_atkinson1_bach1_naltmax",0.0652958307692975,0.00168456029889664,0.0619940925834601,0.0685975689551349
"ES_2011","gradient_atkinson2_bach1_nw",0.99990721133595,5.15946964631161e-06,0.999897098775443,0.999917323896457
"ES_2011","gradient_atkinson2_bach1_nwx",0.999930588053153,2.0900208005588e-06,0.999926491612384,0.999934684493922
"ES_2011","gradient_atkinson2_bach1_ratio",0.999976621656425,3.36881975960951e-06,0.999970018769696,0.999983224543154
"ES_2011","gradient_atkinson2_bach1_ok",1,0,1,1
"ES_2011","gradient_atkinson2_bach1_keptmin",1,0,1,1
"ES_2011","gradient_atkinson2_bach1_naltmax",0.0652958307692975,0.00168456029889664,0.0619940925834601,0.0685975689551349
"ES_2011","gradient_mu_ratio_nw",0.993458193099927,0.000387274469793098,0.992699135139133,0.994217251060721
"ES_2011","gradient_mu_ratio_nwx",0.838985238537144,0.0842336213931745,0.673887340606522,1.00408313646777
"US_2013","gradient_gini_nw",0.876947904716185,0.00051374684900692,0.875940960892132,0.877954848540239
"US_2013","gradient_gini_nwx",0.943003388483692,0.00394354626051243,0.935274037813088,0.950732739154296
"US_2013","gradient_gini_ratio",0.929962305716217,0.00372573638820128,0.922659862395343,0.937264749037092
"US_2013","gradient_gini_ok",1,0,1,1
"US_2013","gradient_gini_keptmin",1,0,1,1
"US_2013","gradient_gini_naltmax",0,0,0,0
"US_2013","gradient_gini_rsv_nw",0.858540020558113,0.000725026032073238,0.85711896953525,0.859961071580977
"US_2013","gradient_gini_rsv_nwx",0.868034326984321,0.000957235289840711,0.866158145816234,0.869910508152409
"US_2013","gradient_gini_rsv_ratio",0.989062576391814,0.000594765583739088,0.987896835847685,0.990228316935942
"US_2013","gradient_gini_rsv_ok",1,0,1,1
"US_2013","gradient_gini_rsv_keptmin",1,0,1,1
"US_2013","gradient_gini_rsv_naltmax",0,0,0,0
"US_2013","gradient_cv_nw",8.1574988705893,0.105867775905857,7.94999802981382,8.36499971136478
"US_2013","gradient_cv_nwx",9.47181366485857,0.135065615188779,9.20708505908857,9.73654227062858
"US_2013","gradient_cv_ratio",0.861267978955092,0.00700058112757797,0.847546839945039,0.874989117965145
"US_2013","gradient_cv_ok",1,0,1,1
"US_2013","gradient_cv_keptmin",1,0,1,1
"US_2013","gradient_cv_naltmax",0,0,0,0
"US_2013","gradient_top10_nw",0.788071241195665,0.00114085931845172,0.7858351569315,0.790307325459831
"US_2013","gradient_top10_nwx",0.820934415191853,0.00267613027137054,0.815689199859966,0.826179630523739
"US_2013","gradient_top10_ratio",0.959973232930915,0.00235867572986784,0.955350228500374,0.964596237361456
"US_2013","gradient_top10_ok",1,0,1,1
"US_2013","gradient_top10_keptmin",1,0,1,1
"US_2013","gradient_top10_naltmax",0,0,0,0
"US_2013","gradient_top1_nw",0.405334112589931,0.00170475825241471,0.401992786415198,0.408675438764664
"US_2013","gradient_top1_nwx",0.449420491711563,0.00221464704149719,0.445079783510228,0.453761199912897
"US_2013","gradient_top1_ratio",0.901909371036049,0.00304349325433363,0.895944124257556,0.907874617814543
"US_2013","gradient_top1_ok",1,0,1,1
"US_2013","gradient_top1_keptmin",1,0,1,1
"US_2013","gradient_top1_naltmax",0,0,0,0
"US_2013","gradient_sgini4_nw",1.01021914734957,0.000393153434118599,1.0094485666187,1.01098972808044
"US_2013","gradient_sgini4_nwx",1.13748443935415,0.0077004141931954,1.12239162753548,1.15257725117281
"US_2013","gradient_sgini4_ratio",0.888144293774922,0.00608081600075437,0.876225894413444,0.900062693136401
"US_2013","gradient_sgini4_ok",1,0,1,1
"US_2013","gradient_sgini4_keptmin",1,0,1,1
"US_2013","gradient_sgini4_naltmax",0,0,0,0
"US_2013","gradient_gini_abs_nw",378635.224150827,4354.37124323886,370100.656514078,387169.791787575
"US_2013","gradient_gini_abs_nwx",339910.028413599,4349.56089913519,331384.889051294,348435.167775904
"US_2013","gradient_gini_abs_ratio",1.11394735121923,0.00521011024155943,1.10373553514578,1.12415916729269
"US_2013","gradient_gini_abs_ok",1,0,1,1
"US_2013","gradient_gini_abs_keptmin",1,0,1,1
"US_2013","gradient_gini_abs_naltmax",0,0,0,0
"US_2013","gradient_variance_nw",12403946201128.1,202158461789.044,12007715616021.6,12800176786234.6
"US_2013","gradient_variance_nwx",11654609363632.1,170014931544.648,11321380097804.6,11987838629459.7
"US_2013","gradient_variance_ratio",1.06434497492532,0.0147888872366545,1.03535875594148,1.09333119390917
"US_2013","gradient_variance_ok",1,0,1,1
"US_2013","gradient_variance_keptmin",1,0,1,1
"US_2013","gradient_variance_naltmax",0,0,0,0
"US_2013","gradient_kolm0.5_nw",36.2000798081317,2.15399998172085,31.9782398439588,40.4219197723046
"US_2013","gradient_kolm0.5_nwx",76.4731473328342,36.6013034134182,4.73459264253447,148.211702023134
"US_2013","gradient_kolm0.5_ratio",0.552365951811342,0.250663732767711,0.0610650355866273,1.04366686803606
"US_2013","gradient_kolm0.5_ok",1,0,1,1
"US_2013","gradient_kolm0.5_keptmin",1,0,1,1
"US_2013","gradient_kolm0.5_naltmax",0,0,0,0
"US_2013","gradient_kolm1_nw",49.6472173024219,2.13702256377247,45.4586530774279,53.835781527416
"US_2013","gradient_kolm1_nwx",90.0282260739118,36.6062313965814,18.2800125366123,161.776439611211
"US_2013","gradient_kolm1_ratio",0.615070924803823,0.23671213653043,0.15111513720418,1.07902671240347
"US_2013","gradient_kolm1_ok",1,0,1,1
"US_2013","gradient_kolm1_keptmin",1,0,1,1
"US_2013","gradient_kolm1_naltmax",0,0,0,0
"US_2013","gradient_p75_p25_nw",224514,1228.4038423906,222106.328468914,226921.671531086
"US_2013","gradient_p75_p25_nwx",196664.518894758,1673.67506020157,193384.115776763,199944.922012753
"US_2013","gradient_p75_p25_ratio",1.14163371954137,0.00540978727187072,1.1310305364885,1.15223690259423
"US_2013","gradient_p75_p25_ok",1,0,1,1
"US_2013","gradient_p75_p25_keptmin",1,0,1,1
"US_2013","gradient_p75_p25_naltmax",0,0,0,0
"US_2013","gradient_p90_p10_nw",659156,5249.19193781291,648867.583801887,669444.416198113
"US_2013","gradient_p90_p10_nwx",559181.077862751,2708.3966002826,553872.620526197,564489.535199305
"US_2013","gradient_p90_p10_ratio",1.17877929903418,0.00491784941489272,1.16914031418099,1.18841828388737
"US_2013","gradient_p90_p10_ok",1,0,1,1
"US_2013","gradient_p90_p10_keptmin",1,0,1,1
"US_2013","gradient_p90_p10_naltmax",0,0,0,0
"US_2013","gradient_inter1_nw",8.80775990958409e-05,5.5555901661012e-06,7.71886423702825e-05,9.89665558213992e-05
"US_2013","gradient_inter1_nwx",4.22899769714504e-05,2.65870791158581e-05,-9.82069809563152e-06,9.44006520385323e-05
"US_2013","gradient_inter1_ratio",2.70908538579146,1.56537873841335,-0.359056941498711,5.77722771308162
"US_2013","gradient_inter1_ok",1,0,1,1
"US_2013","gradient_inter1_keptmin",1,0,1,1
"US_2013","gradient_inter1_naltmax",0,0,0,0
"US_2013","gradient_inter2_nw",0.000114201188917666,7.66035637786967e-06,9.91868904170417e-05,0.000129215487418291
"US_2013","gradient_inter2_nwx",5.12681573379721e-05,3.46956081615114e-05,-1.67352346585902e-05,0.000119271549334534
"US_2013","gradient_inter2_ratio",3.03397308652924,1.88217769105724,-0.655095187942945,6.72304136100142
"US_2013","gradient_inter2_ok",1,0,1,1
"US_2013","gradient_inter2_keptmin",1,0,1,1
"US_2013","gradient_inter2_naltmax",0,0,0,0
"US_2013","gradient_ge2_nw",27.2914791240948,0.692221834787003,25.9347243279122,28.6482339202773
"US_2013","gradient_ge2_nwx",31.8060430259973,0.740825248910236,30.3540255381332,33.2580605138613
"US_2013","gradient_ge2_ratio",0.858039989203128,0.00511405880036436,0.848016433954414,0.868063544451842
"US_2013","gradient_ge2_ok",1,0,1,1
"US_2013","gradient_ge2_keptmin",0.813866094253465,0.00104261565556754,0.811822567568552,0.815909620938377
"US_2013","gradient_ge2_naltmax",0.186133905746535,0.00104261565556748,0.184090379061623,0.188177432431448
"US_2013","gradient_ge_theil_nw",1.99853376004686,0.00702710324370921,1.98476063768919,2.01230688240453
"US_2013","gradient_ge_theil_nwx",2.07160386783768,0.0088844196981037,2.0541904052294,2.08901733044596
"US_2013","gradient_ge_theil_ratio",0.964730243530094,0.00125171606473474,0.962276880043214,0.967183607016974
"US_2013","gradient_ge_theil_ok",1,0,1,1
"US_2013","gradient_ge_theil_keptmin",0.813866094253465,0.00104261565556754,0.811822567568552,0.815909620938377
"US_2013","gradient_ge_theil_naltmax",0.186133905746535,0.00104261565556748,0.184090379061623,0.188177432431448
"US_2013","gradient_ge_mld_nw",1.99149677921109,0.00735570668212739,1.97707959411412,2.00591396430806
"US_2013","gradient_ge_mld_nwx",1.97260367842988,0.00826382118892433,1.95640658889959,1.98880076796017
"US_2013","gradient_ge_mld_ratio",1.00957948076389,0.00113583328693247,1.0073532475215,1.01180571400628
"US_2013","gradient_ge_mld_ok",1,0,1,1
"US_2013","gradient_ge_mld_keptmin",0.813866094253465,0.00104261565556754,0.811822567568552,0.815909620938377
"US_2013","gradient_ge_mld_naltmax",0.186133905746535,0.00104261565556748,0.184090379061623,0.188177432431448
"US_2013","gradient_atkinson05_nw",0.619804508593537,0.00142801763349246,0.617005594031892,0.622603423155182
"US_2013","gradient_atkinson05_nwx",0.623792766748087,0.00168144223848505,0.620497139960656,0.627088393535517
"US_2013","gradient_atkinson05_ratio",0.993607419733276,0.000998023141739131,0.991651294375467,0.995563545091084
"US_2013","gradient_atkinson05_ok",1,0,1,1
"US_2013","gradient_atkinson05_keptmin",0.813866094253465,0.00104261565556754,0.811822567568552,0.815909620938377
"US_2013","gradient_atkinson05_naltmax",0.186133905746535,0.00104261565556748,0.184090379061623,0.188177432431448
"US_2013","gradient_atkinson1_nw",0.863506563431706,0.00100354587013712,0.861539613526237,0.865473513337175
"US_2013","gradient_atkinson1_nwx",0.860902611051258,0.00114671996120307,0.8586550399273,0.863150182175216
"US_2013","gradient_atkinson1_ratio",1.00302486231538,0.000363454247769258,1.00231249198975,1.00373723264101
"US_2013","gradient_atkinson1_ok",1,0,1,1
"US_2013","gradient_atkinson1_keptmin",0.813866094253465,0.00104261565556754,0.811822567568552,0.815909620938377
"US_2013","gradient_atkinson1_naltmax",0.186133905746535,0.00104261565556748,0.184090379061623,0.188177432431448
"US_2013","gradient_atkinson2_nw",0.998887031862334,3.05194852841281e-05,0.998827213671177,0.998946850053491
"US_2013","gradient_atkinson2_nwx",0.998785782240801,3.24041804297558e-05,0.998722270047158,0.998849294434443
"US_2013","gradient_atkinson2_ratio",1.0001013727684,7.47537901435364e-06,1.00008672102553,1.00011602451127
"US_2013","gradient_atkinson2_ok",1,0,1,1
"US_2013","gradient_atkinson2_keptmin",0.813866094253465,0.00104261565556754,0.811822567568552,0.815909620938377
"US_2013","gradient_atkinson2_naltmax",0.186133905746535,0.00104261565556748,0.184090379061623,0.188177432431448
"US_2013","gradient_ge2_bach1_nw",32.3750821570907,0.828200592128251,30.7518089965193,33.9983553176621
"US_2013","gradient_ge2_bach1_nwx",39.1949769176717,0.938922415015835,37.3546889842407,41.0352648511027
"US_2013","gradient_ge2_bach1_ratio",0.825985471006074,0.00435532153083003,0.817449040805647,0.834521901206501
"US_2013","gradient_ge2_bach1_ok",1,0,1,1
"US_2013","gradient_ge2_bach1_keptmin",1,0,1,1
"US_2013","gradient_ge2_bach1_naltmax",0.186133905746535,0.00104261565556748,0.184090379061623,0.188177432431448
"US_2013","gradient_ge_theil_bach1_nw",2.166509429223,0.0066962422938894,2.15338479432697,2.17963406411902
"US_2013","gradient_ge_theil_bach1_nwx",2.27755586661355,0.00911082777664859,2.25969864417132,2.29541308905578
"US_2013","gradient_ge_theil_bach1_ratio",0.951245871017488,0.00138228666394339,0.948536589156159,0.953955152878817
"US_2013","gradient_ge_theil_bach1_ok",1,0,1,1
"US_2013","gradient_ge_theil_bach1_keptmin",1,0,1,1
"US_2013","gradient_ge_theil_bach1_naltmax",0.186133905746535,0.00104261565556748,0.184090379061623,0.188177432431448
"US_2013","gradient_ge_mld_bach1_nw",3.54961333305603,0.00971248509691943,3.53057686226607,3.56864980384599
"US_2013","gradient_ge_mld_bach1_nwx",3.82727763409529,0.0149084691240595,3.79805703461213,3.85649823357844
"US_2013","gradient_ge_mld_bach1_ratio",0.927455241642715,0.002136404699994,0.923267888430727,0.931642594854703
"US_2013","gradient_ge_mld_bach1_ok",1,0,1,1
"US_2013","gradient_ge_mld_bach1_keptmin",1,0,1,1
"US_2013","gradient_ge_mld_bach1_naltmax",0.186133905746535,0.00104261565556748,0.184090379061623,0.188177432431448
"US_2013","gradient_atkinson05_bach1_nw",0.678329182508537,0.00110989949056984,0.67615377950702,0.680504585510054
"US_2013","gradient_atkinson05_bach1_nwx",0.693481794209508,0.00143049145668022,0.690678030954415,0.696285557464601
"US_2013","gradient_atkinson05_bach1_ratio",0.978150819209565,0.00102084211451202,0.976149968665122,0.980151669754009
"US_2013","gradient_atkinson05_bach1_ok",1,0,1,1
"US_2013","gradient_atkinson05_bach1_keptmin",1,0,1,1
"US_2013","gradient_atkinson05_bach1_naltmax",0.186133905746535,0.00104261565556748,0.184090379061623,0.188177432431448
"US_2013","gradient_atkinson1_bach1_nw",0.971263349818638,0.000278145101999722,0.970718185418719,0.971808514218558
"US_2013","gradient_atkinson1_bach1_nwx",0.978229590404512,0.000324289269572691,0.977593983436149,0.978865197372874
"US_2013","gradient_atkinson1_bach1_ratio",0.99287874811892,0.000193094209355047,0.992500283468584,0.993257212769256
"US_2013","gradient_atkinson1_bach1_ok",1,0,1,1
"US_2013","gradient_atkinson1_bach1_keptmin",1,0,1,1
"US_2013","gradient_atkinson1_bach1_naltmax",0.186133905746535,0.00104261565556748,0.184090379061623,0.188177432431448
"US_2013","gradient_atkinson2_bach1_nw",0.999985319148012,1.63138839911202e-07,0.999984999395886,0.999985638900138
"US_2013","gradient_atkinson2_bach1_nwx",0.999985821228288,1.75546244035033e-07,0.99998547715765,0.999986165298926
"US_2013","gradient_atkinson2_bach1_ratio",0.999999497912609,9.79933402339048e-08,0.999999305845663,0.999999689979556
"US_2013","gradient_atkinson2_bach1_ok",1,0,1,1
"US_2013","gradient_atkinson2_bach1_keptmin",1,0,1,1
"US_2013","gradient_atkinson2_bach1_naltmax",0.186133905746535,0.00104261565556748,0.184090379061623,0.188177432431448
"US_2013","gradient_mu_ratio_nw",0.979009053967974,0.000283097009358834,0.97845418382963,0.979563924106317
"US_2013","gradient_mu_ratio_nwx",0.92050851397005,0.00325588578238355,0.914126977836578,0.926890050103522
