"country","stat_name","estimate","se","ci_lo","ci_hi","grouping"
"AT_2011","cv2_total_nw",9.04873586214553,4.12829804156146,0.957271700685068,17.140200023606,"inc_noncap"
"AT_2011","cv2_within_nw",8.78429459410638,4.09116515519026,0.765610889933459,16.8029782982793,"inc_noncap"
"AT_2011","cv2_between_nw",0.26444126803915,0.0675193558623949,0.132103330548856,0.396779205529444,"inc_noncap"
"AT_2011","cv2_total_nwx",87.4374179392328,31.7307599075844,25.2451285203673,149.629707358098,"inc_noncap"
"AT_2011","cv2_within_nwx",86.513200231264,31.6907974374757,24.3992372538117,148.627163208716,"inc_noncap"
"AT_2011","cv2_between_nwx",0.9242177079688,0.364817863251099,0.209174695996646,1.63926071994095,"inc_noncap"
"AT_2011","d_cv2_within",-77.7289056371576,30.5281794463224,-137.564137351949,-17.8936739223657,"inc_noncap"
"AT_2011","d_cv2_between",-0.65977643992965,0.36958805682281,-1.38416903130236,0.0646161514430585,"inc_noncap"
"AT_2011","cv2_share_between_nw",0.0316297094001753,0.0116730140546038,0.00875060185315172,0.0545088169471988,"inc_noncap"
"AT_2011","cv2_share_between_nwx",0.0114834871880062,0.00549731931486945,0.000708741330862116,0.0222582330451504,"inc_noncap"
"AT_2011","d_cv2_share_between",0.020146222212169,0.00808510951456412,0.00429940756362335,0.0359930368607147,"inc_noncap"
"AT_2011","var_total_nw",712814007773.925,617989952810.588,-498446299734.827,1924074315282.68,"inc_noncap"
"AT_2011","var_within_nw",693283489330.111,607589192718.462,-497591328398.074,1884158307058.3,"inc_noncap"
"AT_2011","var_between_nw",19530518443.8144,10980242188.4974,-1990756245.64046,41051793133.2693,"inc_noncap"
"AT_2011","var_total_nwx",929410586074.143,740473349635.222,-521917179210.892,2380738351359.18,"inc_noncap"
"AT_2011","var_within_nwx",920619506464.478,738963370199.335,-527748699126.219,2368987712055.18,"inc_noncap"
"AT_2011","var_between_nwx",8791079609.66439,3312228101.40017,2299112530.92006,15283046688.4087,"inc_noncap"
"AT_2011","var_share_between_nw",0.0316297094001753,0.0116730140546038,0.00875060185315173,0.0545088169471988,"inc_noncap"
"AT_2011","var_share_between_nwx",0.0114834871880062,0.00549731931486945,0.000708741330862114,0.0222582330451504,"inc_noncap"
"AT_2011","d_var_share_between",0.020146222212169,0.00808510951456412,0.00429940756362335,0.0359930368607147,"inc_noncap"
"AT_2011","gini_total_nw",0.762501926258024,0.0387327702334377,0.686585696600487,0.838418155915562,"inc_noncap"
"AT_2011","gini_within_nw",0.687342146628557,0.0331649946380403,0.622338757137998,0.752345536119116,"inc_noncap"
"AT_2011","gini_between_nw",0.0751597796294673,0.0146497852344669,0.0464462005699122,0.103873358689023,"inc_noncap"
"AT_2011","gini_total_nwx",2.38779106189922,0.411749274480308,1.58076248391781,3.19481963988062,"inc_noncap"
"AT_2011","gini_within_nwx",2.10596538731924,0.226847322094953,1.66134463601313,2.55058613862535,"inc_noncap"
"AT_2011","gini_between_nwx",0.139217050604816,0.0511653513957244,0.0389329618691957,0.239501139340435,"inc_noncap"
"AT_2011","d_gini_within",-1.41956596342681,0.230598518790914,-1.871539060257,-0.967592866596615,"inc_noncap"
"AT_2011","d_gini_between",-0.0624659429556431,0.0410265498896965,-0.142877980739448,0.017946094828162,"inc_noncap"
"AT_2011","gini_share_between_nw",0.0983941752193837,0.0174949198594641,0.0641041322948342,0.132684218143933,"inc_noncap"
"AT_2011","gini_share_between_nwx",0.0615783047758378,0.0188660163909872,0.0246009126495028,0.0985556969021728,"inc_noncap"
"AT_2011","d_gini_share_between",0.0387819007231278,0.0152630754319056,0.00886627287659283,0.0686975285696627,"inc_noncap"
"AT_2011","mld_within_nw",1.46072536644354,0.125399259938838,1.21494281696342,1.70650791592367,"inc_noncap"
"AT_2011","mld_between_nw",0.121799331043806,0.0361230228543786,0.0509982062492241,0.192600455838388,"inc_noncap"
"AT_2011","mld_within_nwx",1.60603669165469,0.180154882786936,1.2529331213923,1.95914026191708,"inc_noncap"
"AT_2011","mld_between_nwx",0.134533386105104,0.0444545339346256,0.0474024995932376,0.22166427261697,"inc_noncap"
"AT_2011","d_mld_within",-0.145311325211144,0.055389037676546,-0.253873839057174,-0.0367488113651139,"inc_noncap"
"AT_2011","d_mld_between",-0.0127340550612976,0.00964404707895074,-0.0316363873360411,0.00616827721344584,"inc_noncap"
"AT_2011","mld_wtkept_nw",0.941227239456885,0.00651415977230794,0.928459486303161,0.953994992610608,"inc_noncap"
"AT_2011","mld_wtkept_nwx",0.776693958649479,0.0103560370712082,0.756396125989911,0.796991791309047,"inc_noncap"
"AT_2011","mld_ngrp_nw",3,0,3,3,"inc_noncap"
"AT_2011","mld_ngrp_nwx",3,0,3,3,"inc_noncap"
"AT_2011","I_nw",0.545168343800787,0.0188509501383728,0.508220481529577,0.582116206071998,"inc_noncap"
"AT_2011","I_nwx",0.367026239390103,0.0109291258864358,0.345605152652689,0.388447326127517,"inc_noncap"
"AT_2011","d_I",0.178142104410684,0.0148669724138687,0.149002838479502,0.207281370341867,"inc_noncap"
"AT_2011","n_valid",2337,0,2337,2337,"inc_noncap"
"AT_2011","pct_valid",1,0,1,1,"inc_noncap"
"EE_2013","cv2_total_nw",13.7314184393759,0.467283400063527,12.8155429752513,14.6472939035004,"inc_noncap"
"EE_2013","cv2_within_nw",13.4256247415385,0.464908028069637,12.514405006522,14.336844476555,"inc_noncap"
"EE_2013","cv2_between_nw",0.305793697837379,0.0291478601874344,0.248663891870007,0.36292350380475,"inc_noncap"
"EE_2013","cv2_total_nwx",26.363208610216,1.0174006215417,24.3691033919943,28.3573138284378,"inc_noncap"
"EE_2013","cv2_within_nwx",26.0702743042731,1.02385243813292,24.0635235255325,28.0770250830136,"inc_noncap"
"EE_2013","cv2_between_nwx",0.292934305942957,0.0338317968483979,0.226623984120097,0.359244627765817,"inc_noncap"
"EE_2013","d_cv2_within",-12.6446495627346,0.582621813664562,-13.7865883175171,-11.5027108079521,"inc_noncap"
"EE_2013","d_cv2_between",0.0128593918944214,0.00645842815704896,0.000200872706605423,0.0255179110822374,"inc_noncap"
"EE_2013","cv2_share_between_nw",0.0222823593030326,0.00223053571270833,0.0179105093061242,0.0266542092999409,"inc_noncap"
"EE_2013","cv2_share_between_nwx",0.0111296130644639,0.00146380861054358,0.00826054818779843,0.0139986779411293,"inc_noncap"
"EE_2013","d_cv2_share_between",0.0111527462385687,0.000785573066336957,0.00961302302854827,0.0126924694485891,"inc_noncap"
"EE_2013","var_total_nw",128924277337.286,2899277097.78087,123241694225.635,134606860448.936,"inc_noncap"
"EE_2013","var_within_nw",126049851591.349,2739325006.60866,120680774578.396,131418928604.302,"inc_noncap"
"EE_2013","var_between_nw",2874425745.93635,314822391.37396,2257373858.84338,3491477633.02931,"inc_noncap"
"EE_2013","var_total_nwx",160372798997.57,2795042708.63069,154894515288.654,165851082706.487,"inc_noncap"
"EE_2013","var_within_nwx",158587426872.371,2734195399.18965,153228403889.96,163946449854.783,"inc_noncap"
"EE_2013","var_between_nwx",1785372125.1992,240145376.100458,1314687188.0423,2256057062.3561,"inc_noncap"
"EE_2013","var_share_between_nw",0.0222823593030326,0.00223053571270833,0.0179105093061242,0.0266542092999409,"inc_noncap"
"EE_2013","var_share_between_nwx",0.0111296130644639,0.00146380861054358,0.00826054818779843,0.0139986779411293,"inc_noncap"
"EE_2013","d_var_share_between",0.0111527462385687,0.000785573066336957,0.00961302302854827,0.0126924694485891,"inc_noncap"
"EE_2013","gini_total_nw",0.690164572112359,0.00409472454700778,0.682138912000223,0.698190232224494,"inc_noncap"
"EE_2013","gini_within_nw",0.603764853132509,0.00485205516188421,0.594254825015216,0.613274881249802,"inc_noncap"
"EE_2013","gini_between_nw",0.0863997189798499,0.00756824093253141,0.0715659667520883,0.101233471207611,"inc_noncap"
"EE_2013","gini_total_nwx",0.917556479719808,0.00238805809484381,0.912875885853914,0.922237073585702,"inc_noncap"
"EE_2013","gini_within_nwx",0.811235863723219,0.00992768575951301,0.791777599634574,0.830694127811865,"inc_noncap"
"EE_2013","gini_between_nwx",0.106320615996589,0.00844404272383412,0.0897702922578743,0.122870939735304,"inc_noncap"
"EE_2013","d_gini_within",-0.20747101059071,0.00667158655067599,-0.220547320230035,-0.194394700951385,"inc_noncap"
"EE_2013","d_gini_between",-0.0199208970167393,0.00132270261332069,-0.0225133941388478,-0.0173283998946307,"inc_noncap"
"EE_2013","gini_share_between_nw",0.125154748844733,0.0103877348296741,0.104794788578572,0.145514709110894,"inc_noncap"
"EE_2013","gini_share_between_nwx",0.115882720353405,0.00937604317254732,0.0975056757352118,0.134259764971597,"inc_noncap"
"EE_2013","d_gini_share_between",0.00927202849132841,0.00166888760470866,0.00600100878609944,0.0125430481965574,"inc_noncap"
"EE_2013","mld_within_nw",1.12521560253072,0.0126619078333664,1.10039826317733,1.15003294188412,"inc_noncap"
"EE_2013","mld_between_nw",0.148280923716829,0.0143431021711396,0.120168443461395,0.176393403972262,"inc_noncap"
"EE_2013","mld_within_nwx",1.16678572961551,0.0126408829511879,1.14200959903119,1.19156186019984,"inc_noncap"
"EE_2013","mld_between_nwx",0.146616971289657,0.0148606128537985,0.117490170096212,0.175743772483102,"inc_noncap"
"EE_2013","d_mld_within",-0.0415701270847906,0.00158213856064206,-0.0446711186636491,-0.0384691355059322,"inc_noncap"
"EE_2013","d_mld_between",0.00166395242717146,0.000586514841595947,0.000514383337643399,0.00281352151669951,"inc_noncap"
"EE_2013","mld_wtkept_nw",0.951276160077149,0.000888171167785936,0.949535344588288,0.953016975566009,"inc_noncap"
"EE_2013","mld_wtkept_nwx",0.897861482630058,0.00180970291422073,0.894314464918185,0.90140850034193,"inc_noncap"
"EE_2013","mld_ngrp_nw",3,0,3,3,"inc_noncap"
"EE_2013","mld_ngrp_nwx",3,0,3,3,"inc_noncap"
"EE_2013","I_nw",0.55711095731316,0.0151816790844133,0.527354866307709,0.58686704831861,"inc_noncap"
"EE_2013","I_nwx",0.487772096766771,0.0167602765864598,0.454921954657309,0.520622238876232,"inc_noncap"
"EE_2013","d_I",0.069338860546389,0.00734400889957293,0.054944603103226,0.0837331179895519,"inc_noncap"
"EE_2013","n_valid",2205,0,2205,2205,"inc_noncap"
"EE_2013","pct_valid",1,0,1,1,"inc_noncap"
"FR_2009","cv2_total_nw",13.9530420644692,NA,NA,NA,"inc_noncap"
"FR_2009","cv2_within_nw",13.6891956687705,NA,NA,NA,"inc_noncap"
"FR_2009","cv2_between_nw",0.263846395698662,NA,NA,NA,"inc_noncap"
"FR_2009","cv2_total_nwx",26.2975770828909,NA,NA,NA,"inc_noncap"
"FR_2009","cv2_within_nwx",25.9834492549025,NA,NA,NA,"inc_noncap"
"FR_2009","cv2_between_nwx",0.314127827988363,NA,NA,NA,"inc_noncap"
"FR_2009","d_cv2_within",-12.294253586132,NA,NA,NA,"inc_noncap"
"FR_2009","d_cv2_between",-0.0502814322897012,NA,NA,NA,"inc_noncap"
"FR_2009","cv2_share_between_nw",0.0189095965223624,NA,NA,NA,"inc_noncap"
"FR_2009","cv2_share_between_nwx",0.0119451243359121,NA,NA,NA,"inc_noncap"
"FR_2009","d_cv2_share_between",0.00696447218645029,NA,NA,NA,"inc_noncap"
"FR_2009","var_total_nw",631389381071.739,NA,NA,NA,"inc_noncap"
"FR_2009","var_within_nw",619450062627.168,NA,NA,NA,"inc_noncap"
"FR_2009","var_between_nw",11939318444.5707,NA,NA,NA,"inc_noncap"
"FR_2009","var_total_nwx",903939244603.991,NA,NA,NA,"inc_noncap"
"FR_2009","var_within_nwx",893141577935.086,NA,NA,NA,"inc_noncap"
"FR_2009","var_between_nwx",10797666668.9051,NA,NA,NA,"inc_noncap"
"FR_2009","var_share_between_nw",0.0189095965223624,NA,NA,NA,"inc_noncap"
"FR_2009","var_share_between_nwx",0.0119451243359121,NA,NA,NA,"inc_noncap"
"FR_2009","d_var_share_between",0.00696447218645029,NA,NA,NA,"inc_noncap"
"FR_2009","gini_total_nw",0.672332772081831,NA,NA,NA,"inc_noncap"
"FR_2009","gini_within_nw",0.599361041319362,NA,NA,NA,"inc_noncap"
"FR_2009","gini_between_nw",0.0729717307624689,NA,NA,NA,"inc_noncap"
"FR_2009","gini_total_nwx",0.810768248845173,NA,NA,NA,"inc_noncap"
"FR_2009","gini_within_nwx",0.735444917124247,NA,NA,NA,"inc_noncap"
"FR_2009","gini_between_nwx",0.0753233317209261,NA,NA,NA,"inc_noncap"
"FR_2009","d_gini_within",-0.136083875804885,NA,NA,NA,"inc_noncap"
"FR_2009","d_gini_between",-0.00235160095845721,NA,NA,NA,"inc_noncap"
"FR_2009","gini_share_between_nw",0.108535138836855,NA,NA,NA,"inc_noncap"
"FR_2009","gini_share_between_nwx",0.0929036525890275,NA,NA,NA,"inc_noncap"
"FR_2009","d_gini_share_between",0.0156314862478272,NA,NA,NA,"inc_noncap"
"FR_2009","mld_within_nw",1.22530184533598,NA,NA,NA,"inc_noncap"
"FR_2009","mld_between_nw",0.128173196016748,NA,NA,NA,"inc_noncap"
"FR_2009","mld_within_nwx",1.21693983712071,NA,NA,NA,"inc_noncap"
"FR_2009","mld_between_nwx",0.126588242335267,NA,NA,NA,"inc_noncap"
"FR_2009","d_mld_within",0.00836200821526933,NA,NA,NA,"inc_noncap"
"FR_2009","d_mld_between",0.0015849536814812,NA,NA,NA,"inc_noncap"
"FR_2009","mld_wtkept_nw",0.971927914497887,NA,NA,NA,"inc_noncap"
"FR_2009","mld_wtkept_nwx",0.943709494551417,NA,NA,NA,"inc_noncap"
"FR_2009","mld_ngrp_nw",3,NA,NA,NA,"inc_noncap"
"FR_2009","mld_ngrp_nwx",3,NA,NA,NA,"inc_noncap"
"FR_2009","I_nw",0.535073013851386,NA,NA,NA,"inc_noncap"
"FR_2009","I_nwx",0.518998592644054,NA,NA,NA,"inc_noncap"
"FR_2009","d_I",0.0160744212073322,NA,NA,NA,"inc_noncap"
"FR_2009","n_valid",14929,NA,NA,NA,"inc_noncap"
"FR_2009","pct_valid",1,NA,NA,NA,"inc_noncap"
"GR_2009","cv2_total_nw",1.60951119255346,0.064475426687921,1.48313935624513,1.73588302886178,"inc_noncap"
"GR_2009","cv2_within_nw",1.47623467843793,0.0579396824363213,1.36267290086274,1.58979645601312,"inc_noncap"
"GR_2009","cv2_between_nw",0.133276514115527,0.0138521570904849,0.106126286218176,0.160426742012877,"inc_noncap"
"GR_2009","cv2_total_nwx",7.18535774017502,1.45016788275532,4.34302868997459,10.0276867903754,"inc_noncap"
"GR_2009","cv2_within_nwx",7.02135493399696,1.47094787679261,4.13829709548344,9.90441277251049,"inc_noncap"
"GR_2009","cv2_between_nwx",0.164002806178056,0.0312690217280429,0.102715523591091,0.22529008876502,"inc_noncap"
"GR_2009","d_cv2_within",-5.54512025555903,1.4395527442507,-8.3666436342904,-2.72359687682765,"inc_noncap"
"GR_2009","d_cv2_between",-0.0307262920625291,0.0190749579697819,-0.0681132096833016,0.00666062555824338,"inc_noncap"
"GR_2009","cv2_share_between_nw",0.0827712642321177,0.00732452222257023,0.06841520067588,0.0971273277883554,"inc_noncap"
"GR_2009","cv2_share_between_nwx",0.023828370880834,0.00802811095823563,0.00809327340269215,0.0395634683589758,"inc_noncap"
"GR_2009","d_cv2_share_between",0.0589428933512837,0.00407009056138588,0.0509655158509674,0.0669202708516,"inc_noncap"
"GR_2009","var_total_nw",35355006910.2655,1772293035.29747,31881312561.0825,38828701259.4486,"inc_noncap"
"GR_2009","var_within_nw",32428088691.8542,1621529962.17382,29249889965.9935,35606287417.7148,"inc_noncap"
"GR_2009","var_between_nw",2926918218.41137,309430963.457153,2320433530.03535,3533402906.78739,"inc_noncap"
"GR_2009","var_total_nwx",69771258394.6705,12014817611.6656,46222215875.806,93320300913.535,"inc_noncap"
"GR_2009","var_within_nwx",68167569950.6175,12240367108.1852,44176450418.5746,92158689482.6605,"inc_noncap"
"GR_2009","var_between_nwx",1603688444.05299,340632822.655636,936048111.647942,2271328776.45804,"inc_noncap"
"GR_2009","var_share_between_nw",0.0827712642321177,0.00732452222257024,0.06841520067588,0.0971273277883554,"inc_noncap"
"GR_2009","var_share_between_nwx",0.023828370880834,0.00802811095823563,0.00809327340269216,0.0395634683589758,"inc_noncap"
"GR_2009","d_var_share_between",0.0589428933512837,0.00407009056138588,0.0509655158509674,0.0669202708516,"inc_noncap"
"GR_2009","gini_total_nw",0.556301093408145,0.00277771124242536,0.550856779372991,0.561745407443299,"inc_noncap"
"GR_2009","gini_within_nw",0.511075353955438,0.00488581576340978,0.501499155059155,0.520651552851721,"inc_noncap"
"GR_2009","gini_between_nw",0.0452257394527072,0.00373975323888029,0.0378958231045018,0.0525556558009126,"inc_noncap"
"GR_2009","gini_total_nwx",0.961119442583722,0.0359455692616837,0.890666126830821,1.03157275833662,"inc_noncap"
"GR_2009","gini_within_nwx",0.896745056683374,0.0350993405434649,0.827950349218183,0.965539764148565,"inc_noncap"
"GR_2009","gini_between_nwx",0.0643743859003476,0.00280192957835216,0.0588826039267774,0.0698661678739179,"inc_noncap"
"GR_2009","d_gini_within",-0.385669702727936,0.0311692921500519,-0.446761515342038,-0.324577890113834,"inc_noncap"
"GR_2009","d_gini_between",-0.0191486464476404,0.00335449458466914,-0.0257234558335919,-0.0125738370616889,"inc_noncap"
"GR_2009","gini_share_between_nw",0.0813009782043907,0.00676275300907869,0.0680459823065964,0.0945559741021849,"inc_noncap"
"GR_2009","gini_share_between_nwx",0.0670158098663504,0.00313624633010459,0.0608687670593454,0.0731628526733554,"inc_noncap"
"GR_2009","d_gini_share_between",0.0142851683380402,0.00405121660086384,0.00634478380034711,0.0222255528757334,"inc_noncap"
"GR_2009","mld_within_nw",0.714538833562274,0.00913632063517048,0.69663164511734,0.732446022007208,"inc_noncap"
"GR_2009","mld_between_nw",0.0559468938595904,0.00614837094582238,0.0438960868057786,0.0679977009134023,"inc_noncap"
"GR_2009","mld_within_nwx",0.810522647166012,0.0117664973027098,0.787460312452701,0.833584981879323,"inc_noncap"
"GR_2009","mld_between_nwx",0.0628710749134974,0.00635731506698912,0.0504107373821987,0.075331412444796,"inc_noncap"
"GR_2009","d_mld_within",-0.0959838136037386,0.00613655259880118,-0.108011456697389,-0.0839561705100882,"inc_noncap"
"GR_2009","d_mld_between",-0.00692418105390695,0.00105069407986198,-0.00898354145043642,-0.00486482065737748,"inc_noncap"
"GR_2009","mld_wtkept_nw",0.945978102480169,0.000849195148992041,0.944313679988145,0.947642524972194,"inc_noncap"
"GR_2009","mld_wtkept_nwx",0.849801884881917,0.00205653334511467,0.845771079525493,0.853832690238342,"inc_noncap"
"GR_2009","mld_ngrp_nw",3,0,3,3,"inc_noncap"
"GR_2009","mld_ngrp_nwx",3,0,3,3,"inc_noncap"
"GR_2009","I_nw",0.471283701528812,0.0142310303143995,0.443390882112589,0.499176520945035,"inc_noncap"
"GR_2009","I_nwx",0.37460327276508,0.0120702772156263,0.350945529422453,0.398261016107708,"inc_noncap"
"GR_2009","d_I",0.0966804287637312,0.0107259442123208,0.0756575781075824,0.11770327941988,"inc_noncap"
"GR_2009","n_valid",2915,0,2915,2915,"inc_noncap"
"GR_2009","pct_valid",1,0,1,1,"inc_noncap"
"IT_2014","cv2_total_nw",2.60114517316164,NA,NA,NA,"inc_noncap"
"IT_2014","cv2_within_nw",2.28691776933663,NA,NA,NA,"inc_noncap"
"IT_2014","cv2_between_nw",0.314227403825011,NA,NA,NA,"inc_noncap"
"IT_2014","cv2_total_nwx",6.66597746584315,NA,NA,NA,"inc_noncap"
"IT_2014","cv2_within_nwx",6.34335288023454,NA,NA,NA,"inc_noncap"
"IT_2014","cv2_between_nwx",0.322624585608611,NA,NA,NA,"inc_noncap"
"IT_2014","d_cv2_within",-4.05643511089791,NA,NA,NA,"inc_noncap"
"IT_2014","d_cv2_between",-0.00839718178360016,NA,NA,NA,"inc_noncap"
"IT_2014","cv2_share_between_nw",0.120803485736659,NA,NA,NA,"inc_noncap"
"IT_2014","cv2_share_between_nwx",0.0483986913039772,NA,NA,NA,"inc_noncap"
"IT_2014","d_cv2_share_between",0.0724047944326815,NA,NA,NA,"inc_noncap"
"IT_2014","var_total_nw",143762262993.341,NA,NA,NA,"inc_noncap"
"IT_2014","var_within_nw",126395280506.355,NA,NA,NA,"inc_noncap"
"IT_2014","var_between_nw",17366982486.9858,NA,NA,NA,"inc_noncap"
"IT_2014","var_total_nwx",207090926268.532,NA,NA,NA,"inc_noncap"
"IT_2014","var_within_nwx",197067996456.207,NA,NA,NA,"inc_noncap"
"IT_2014","var_between_nwx",10022929812.3254,NA,NA,NA,"inc_noncap"
"IT_2014","var_share_between_nw",0.120803485736659,NA,NA,NA,"inc_noncap"
"IT_2014","var_share_between_nwx",0.0483986913039772,NA,NA,NA,"inc_noncap"
"IT_2014","d_var_share_between",0.0724047944326815,NA,NA,NA,"inc_noncap"
"IT_2014","gini_total_nw",0.589599552762747,NA,NA,NA,"inc_noncap"
"IT_2014","gini_within_nw",0.494341759448942,NA,NA,NA,"inc_noncap"
"IT_2014","gini_between_nw",0.0952577933138046,NA,NA,NA,"inc_noncap"
"IT_2014","gini_total_nwx",0.814276288987177,NA,NA,NA,"inc_noncap"
"IT_2014","gini_within_nwx",0.708034901857519,NA,NA,NA,"inc_noncap"
"IT_2014","gini_between_nwx",0.106241387129658,NA,NA,NA,"inc_noncap"
"IT_2014","d_gini_within",-0.213693142408577,NA,NA,NA,"inc_noncap"
"IT_2014","d_gini_between",-0.0109835938158532,NA,NA,NA,"inc_noncap"
"IT_2014","gini_share_between_nw",0.161563544048576,NA,NA,NA,"inc_noncap"
"IT_2014","gini_share_between_nwx",0.130473389151248,NA,NA,NA,"inc_noncap"
"IT_2014","d_gini_share_between",0.0310901548973279,NA,NA,NA,"inc_noncap"
"IT_2014","mld_within_nw",0.784310502233433,NA,NA,NA,"inc_noncap"
"IT_2014","mld_between_nw",0.154886808867233,NA,NA,NA,"inc_noncap"
"IT_2014","mld_within_nwx",0.807733940890589,NA,NA,NA,"inc_noncap"
"IT_2014","mld_between_nwx",0.150943986402804,NA,NA,NA,"inc_noncap"
"IT_2014","d_mld_within",-0.0234234386571552,NA,NA,NA,"inc_noncap"
"IT_2014","d_mld_between",0.00394282246442881,NA,NA,NA,"inc_noncap"
"IT_2014","mld_wtkept_nw",0.98911982114321,NA,NA,NA,"inc_noncap"
"IT_2014","mld_wtkept_nwx",0.937645795554463,NA,NA,NA,"inc_noncap"
"IT_2014","mld_ngrp_nw",3,NA,NA,NA,"inc_noncap"
"IT_2014","mld_ngrp_nwx",3,NA,NA,NA,"inc_noncap"
"IT_2014","I_nw",0.66658558523916,NA,NA,NA,"inc_noncap"
"IT_2014","I_nwx",0.566563966120284,NA,NA,NA,"inc_noncap"
"IT_2014","d_I",0.100021619118876,NA,NA,NA,"inc_noncap"
"IT_2014","n_valid",8142,NA,NA,NA,"inc_noncap"
"IT_2014","pct_valid",1,NA,NA,NA,"inc_noncap"
"LU_2010","cv2_total_nw",6.89127803633657,0.142618484846755,6.61174580603693,7.17081026663621,"inc_noncap"
"LU_2010","cv2_within_nw",6.5989032429369,0.145091482964255,6.31452393632696,6.88328254954684,"inc_noncap"
"LU_2010","cv2_between_nw",0.292374793399678,0.00891166745738155,0.27490792518321,0.309841661616145,"inc_noncap"
"LU_2010","cv2_total_nwx",11.0378443047153,0.134899982217618,10.7734403395688,11.3022482698619,"inc_noncap"
"LU_2010","cv2_within_nwx",10.707270680272,0.134118975645366,10.4443974880071,10.970143872537,"inc_noncap"
"LU_2010","cv2_between_nwx",0.330573624443278,0.0202424043653059,0.290898511887278,0.370248736999278,"inc_noncap"
"LU_2010","d_cv2_within",-4.10836743733515,0.0535539476043877,-4.21333317463974,-4.00340170003055,"inc_noncap"
"LU_2010","d_cv2_between",-0.0381988310436005,0.0134335682688541,-0.0645286248505546,-0.0118690372366464,"inc_noncap"
"LU_2010","cv2_share_between_nw",0.0424434493293858,0.00173583891915464,0.0390412050478427,0.0458456936109289,"inc_noncap"
"LU_2010","cv2_share_between_nwx",0.0299504439993267,0.001835606396261,0.0263526554626552,0.0335482325359983,"inc_noncap"
"LU_2010","d_cv2_share_between",0.0124930053300591,0.00150432053038483,0.00954453709050479,0.0154414735696133,"inc_noncap"
"LU_2010","var_total_nw",3332962367367.08,75800584635.2146,3184393221482.06,3481531513252.1,"inc_noncap"
"LU_2010","var_within_nw",3191571114915,77362261818.5203,3039941081750.7,3343201148079.3,"inc_noncap"
"LU_2010","var_between_nw",141391252452.079,3723061361.32154,134094052183.889,148688452720.269,"inc_noncap"
"LU_2010","var_total_nwx",3539562580084.65,72011328982.2871,3398420375279.36,3680704784889.93,"inc_noncap"
"LU_2010","var_within_nwx",3433574025853.96,71912566442.9604,3292625395625.76,3574522656082.17,"inc_noncap"
"LU_2010","var_between_nwx",105988554230.683,6257310051.22033,93724226530.2915,118252881931.075,"inc_noncap"
"LU_2010","var_share_between_nw",0.0424434493293858,0.00173583891915464,0.0390412050478427,0.0458456936109289,"inc_noncap"
"LU_2010","var_share_between_nwx",0.0299504439993267,0.001835606396261,0.0263526554626552,0.0335482325359983,"inc_noncap"
"LU_2010","d_var_share_between",0.0124930053300591,0.00150432053038483,0.00954453709050478,0.0154414735696133,"inc_noncap"
"LU_2010","gini_total_nw",0.668194648936377,0.00198886440559648,0.664296474701408,0.672092823171346,"inc_noncap"
"LU_2010","gini_within_nw",0.589764130135687,0.00393877687081449,0.58204412746889,0.597484132802483,"inc_noncap"
"LU_2010","gini_between_nw",0.0784305188006901,0.00236100533054375,0.0738029483528243,0.0830580892485558,"inc_noncap"
"LU_2010","gini_total_nwx",0.815334229455593,0.0030926346337611,0.809272665573421,0.821395793337764,"inc_noncap"
"LU_2010","gini_within_nwx",0.725234982402692,0.00276313894914198,0.719819230062374,0.73065073474301,"inc_noncap"
"LU_2010","gini_between_nwx",0.0900992470529006,0.0029647397650815,0.0842883571133408,0.0959101369924603,"inc_noncap"
"LU_2010","d_gini_within",-0.135470852267005,0.00394101959015138,-0.143195250663702,-0.127746453870308,"inc_noncap"
"LU_2010","d_gini_between",-0.0116687282522105,0.00130273294655444,-0.0142220848274572,-0.00911537167696379,"inc_noncap"
"LU_2010","gini_share_between_nw",0.117381904314721,0.00376093780903746,0.110010466209007,0.124753342420434,"inc_noncap"
"LU_2010","gini_share_between_nwx",0.110501598344429,0.00340840049703265,0.103821133370245,0.117182063318613,"inc_noncap"
"LU_2010","d_gini_share_between",0.00688030597029182,0.00139928037842196,0.00413771642858479,0.00962289551199885,"inc_noncap"
"LU_2010","mld_within_nw",1.14019146072463,0.0152357357438356,1.11032941866671,1.17005350278255,"inc_noncap"
"LU_2010","mld_between_nw",0.121570237588538,0.00402276774064172,0.11368561281688,0.129454862360196,"inc_noncap"
"LU_2010","mld_within_nwx",1.15216775277005,0.0122301096400863,1.12819673787548,1.17613876766462,"inc_noncap"
"LU_2010","mld_between_nwx",0.122719073016604,0.00434227904691876,0.114208206084643,0.131229939948565,"inc_noncap"
"LU_2010","d_mld_within",-0.011976292045423,0.00889045045252383,-0.0294015749323697,0.00544899084152371,"inc_noncap"
"LU_2010","d_mld_between",-0.00114883542806577,0.00344850469997085,-0.00790790464000864,0.0056102337838771,"inc_noncap"
"LU_2010","mld_wtkept_nw",0.954039651727306,0.00349953112101145,0.947180570730124,0.960898732724489,"inc_noncap"
"LU_2010","mld_wtkept_nwx",0.904559034833127,0.0040493015373719,0.896622403819878,0.912495665846376,"inc_noncap"
"LU_2010","mld_ngrp_nw",3,0,3,3,"inc_noncap"
"LU_2010","mld_ngrp_nwx",3,0,3,3,"inc_noncap"
"LU_2010","I_nw",0.583151968213681,0.0146638861293644,0.554410751400127,0.611893185027235,"inc_noncap"
"LU_2010","I_nwx",0.55368105269527,0.0240540693974154,0.506535076676336,0.600827028714204,"inc_noncap"
"LU_2010","d_I",0.0294709155184113,0.0156808752554966,-0.00126359998236199,0.0602054310191846,"inc_noncap"
"LU_2010","n_valid",947,0,947,947,"inc_noncap"
"LU_2010","pct_valid",1,0,1,1,"inc_noncap"
"SK_2010","cv2_total_nw",1.12650164143909,0.0404917701444352,1.047137771956,1.20586551092218,"inc_noncap"
"SK_2010","cv2_within_nw",1.04840943432795,0.0401465948704254,0.969722108381921,1.12709676027399,"inc_noncap"
"SK_2010","cv2_between_nw",0.0780922071111364,0.00429679333622964,0.0696704921721263,0.0865139220501465,"inc_noncap"
"SK_2010","cv2_total_nwx",2.07321237758948,0.11322198907549,1.85129727900152,2.29512747617744,"inc_noncap"
"SK_2010","cv2_within_nwx",1.95126652468597,0.104898788695298,1.74566489884318,2.15686815052875,"inc_noncap"
"SK_2010","cv2_between_nwx",0.121945852903512,0.00879747193752272,0.104702807905967,0.139188897901056,"inc_noncap"
"SK_2010","d_cv2_within",-0.902857090358014,0.0988012677478643,-1.09650757514383,-0.7092066055722,"inc_noncap"
"SK_2010","d_cv2_between",-0.0438536457923754,0.00555601014921059,-0.0547434256848281,-0.0329638658999226,"inc_noncap"
"SK_2010","cv2_share_between_nw",0.0693727130944878,0.00434027202496488,0.0608657799255566,0.077879646263419,"inc_noncap"
"SK_2010","cv2_share_between_nwx",0.0587905044953179,0.00155796083793131,0.0557369012529726,0.0618441077376633,"inc_noncap"
"SK_2010","d_cv2_share_between",0.0105822085991699,0.0029397161205031,0.00482036500298381,0.016344052195356,"inc_noncap"
"SK_2010","var_total_nw",6992926926.76667,257987306.380701,6487271806.2605,7498582047.27285,"inc_noncap"
"SK_2010","var_within_nw",6508059693.93997,251302239.701397,6015507304.12523,7000612083.75471,"inc_noncap"
"SK_2010","var_between_nw",484867232.826705,29438197.4270607,427168365.869666,542566099.783744,"inc_noncap"
"SK_2010","var_total_nwx",9330298870.87825,404651498.497693,8537181933.82277,10123415807.9337,"inc_noncap"
"SK_2010","var_within_nwx",8781477433.9706,370871445.429212,8054569400.92934,9508385467.01186,"inc_noncap"
"SK_2010","var_between_nwx",548821436.907651,35467970.1767512,479304215.361219,618338658.454084,"inc_noncap"
"SK_2010","var_share_between_nw",0.0693727130944878,0.00434027202496488,0.0608657799255566,0.077879646263419,"inc_noncap"
"SK_2010","var_share_between_nwx",0.0587905044953179,0.00155796083793131,0.0557369012529726,0.0618441077376633,"inc_noncap"
"SK_2010","d_var_share_between",0.0105822085991699,0.0029397161205031,0.00482036500298382,0.016344052195356,"inc_noncap"
"SK_2010","gini_total_nw",0.448725589082017,0.00194056239816554,0.444922086781612,0.452529091382421,"inc_noncap"
"SK_2010","gini_within_nw",0.419417745905014,0.00147216254774416,0.416532307311436,0.422303184498593,"inc_noncap"
"SK_2010","gini_between_nw",0.0293078431770024,0.00164877559827103,0.0260762430043912,0.0325394433496136,"inc_noncap"
"SK_2010","gini_total_nwx",0.573862493168853,0.00786417042977149,0.558448719126501,0.589276267211205,"inc_noncap"
"SK_2010","gini_within_nwx",0.544508787251825,0.00657461988482541,0.531622532277567,0.557395042226083,"inc_noncap"
"SK_2010","gini_between_nwx",0.029353705917028,0.00151648608618669,0.0263813931881021,0.0323260186459539,"inc_noncap"
"SK_2010","d_gini_within",-0.125091041346811,0.00785597466511462,-0.140488751690435,-0.109693331003186,"inc_noncap"
"SK_2010","d_gini_between",-4.58627400255929e-05,0.000528908458291716,-0.00108252331827736,0.00099079783822617,"inc_noncap"
"SK_2010","gini_share_between_nw",0.0653071740926505,0.0034872300365488,0.0584722032210149,0.0721421449642862,"inc_noncap"
"SK_2010","gini_share_between_nwx",0.0511363414486547,0.00205153448346026,0.0471153338610726,0.0551573490362368,"inc_noncap"
"SK_2010","d_gini_share_between",0.0141708326439958,0.00150065766737491,0.011229543615941,0.0171121216720506,"inc_noncap"
"SK_2010","mld_within_nw",0.435769698623723,0.00556707030122574,0.424858240833321,0.446681156414126,"inc_noncap"
"SK_2010","mld_between_nw",0.0357893374521676,0.00193230104867612,0.0320020273967624,0.0395766475075728,"inc_noncap"
"SK_2010","mld_within_nwx",0.47154141733097,0.00805486117208595,0.455753889433682,0.487328945228259,"inc_noncap"
"SK_2010","mld_between_nwx",0.0358799083987622,0.00181058542911802,0.0323311609576908,0.0394286558398335,"inc_noncap"
"SK_2010","d_mld_within",-0.0357717187072472,0.00501370101831676,-0.045598572703148,-0.0259448647113463,"inc_noncap"
"SK_2010","d_mld_between",-9.05709465945995e-05,0.000821974072758324,-0.00170164012920091,0.00152049823601172,"inc_noncap"
"SK_2010","mld_wtkept_nw",0.982631802355697,0.000514674374687498,0.98162304058131,0.983640564130084,"inc_noncap"
"SK_2010","mld_wtkept_nwx",0.942777359128638,0.00133750751752108,0.940155844394297,0.94539887386298,"inc_noncap"
"SK_2010","mld_ngrp_nw",3,0,3,3,"inc_noncap"
"SK_2010","mld_ngrp_nwx",3,0,3,3,"inc_noncap"
"SK_2010","I_nw",0.437513325148339,0.00316157139546021,0.431316645213237,0.443710005083441,"inc_noncap"
"SK_2010","I_nwx",0.427045445436289,0.00598018676793011,0.415324279371146,0.438766611501432,"inc_noncap"
"SK_2010","d_I",0.0104678797120503,0.00413244486444295,0.00236828777774208,0.0185674716463584,"inc_noncap"
"SK_2010","n_valid",2036,0,2036,2036,"inc_noncap"
"SK_2010","pct_valid",1,0,1,1,"inc_noncap"
"SI_2014","cv2_total_nw",9.35682977968914,3.07682535924753,3.32625207556398,15.3874074838143,"inc_noncap"
"SI_2014","cv2_within_nw",9.16733934353166,3.09038243683784,3.11018976732949,15.2244889197338,"inc_noncap"
"SI_2014","cv2_between_nw",0.189490436157477,0.027020014374135,0.136531207984172,0.242449664330781,"inc_noncap"
"SI_2014","cv2_total_nwx",14.3474660062586,4.03827707423865,6.4324429407508,22.2624890717663,"inc_noncap"
"SI_2014","cv2_within_nwx",14.1272971148043,4.05974603462914,6.17019488693114,22.0843993426774,"inc_noncap"
"SI_2014","cv2_between_nwx",0.220168891454303,0.0393545879237557,0.143033899123742,0.297303883784864,"inc_noncap"
"SI_2014","d_cv2_within",-4.9599577712726,0.982136342030829,-6.88494500165302,-3.03497054089217,"inc_noncap"
"SI_2014","d_cv2_between",-0.0306784552968263,0.0128595458384731,-0.0558831651402335,-0.00547374545341913,"inc_noncap"
"SI_2014","cv2_share_between_nw",0.0219701375249473,0.00828833750319435,0.00572499601868639,0.0382152790312082,"inc_noncap"
"SI_2014","cv2_share_between_nwx",0.0164012730859116,0.00607746522115252,0.0044894412524527,0.0283131049193706,"inc_noncap"
"SI_2014","d_cv2_share_between",0.00556886443903568,0.00227255048705388,0.00111466548441006,0.0100230633936613,"inc_noncap"
"SI_2014","var_total_nw",180098365607.446,84189794233.708,15086368909.3781,345110362305.513,"inc_noncap"
"SI_2014","var_within_nw",176578852407.933,83999966415.9198,11938918232.7307,341218786583.136,"inc_noncap"
"SI_2014","var_between_nw",3519513199.51244,476865669.953186,2584856486.40419,4454169912.62068,"inc_noncap"
"SI_2014","var_total_nwx",181584493310.11,81932552893.9459,20996689637.9763,342172296982.244,"inc_noncap"
"SI_2014","var_within_nwx",178913535813.663,81794085037.7659,18597129139.6419,339229942487.684,"inc_noncap"
"SI_2014","var_between_nwx",2670957496.44727,419759497.672669,1848228881.00884,3493686111.8857,"inc_noncap"
"SI_2014","var_share_between_nw",0.0219701375249473,0.00828833750319435,0.00572499601868639,0.0382152790312082,"inc_noncap"
"SI_2014","var_share_between_nwx",0.0164012730859116,0.00607746522115252,0.0044894412524527,0.0283131049193706,"inc_noncap"
"SI_2014","d_var_share_between",0.00556886443903568,0.00227255048705388,0.00111466548441006,0.0100230633936613,"inc_noncap"
"SI_2014","gini_total_nw",0.629711938969838,0.0217276103594146,0.587125822665386,0.672298055274291,"inc_noncap"
"SI_2014","gini_within_nw",0.574047597341585,0.0250361573744895,0.524976728887586,0.623118465795585,"inc_noncap"
"SI_2014","gini_between_nw",0.0556643416282528,0.00668218992860136,0.0425672493681942,0.0687614338883115,"inc_noncap"
"SI_2014","gini_total_nwx",0.815040452620823,0.012423951401819,0.790689507873258,0.839391397368389,"inc_noncap"
"SI_2014","gini_within_nwx",0.749488283193859,0.0175819020417895,0.715027755191952,0.783948811195767,"inc_noncap"
"SI_2014","gini_between_nwx",0.0655521694269642,0.00887330858596924,0.0481604845984645,0.082943854255464,"inc_noncap"
"SI_2014","d_gini_within",-0.175440685852274,0.00836260000536812,-0.191831381862795,-0.159049989841752,"inc_noncap"
"SI_2014","d_gini_between",-0.0098878277987114,0.00244996586875075,-0.0146897609014629,-0.00508589469595992,"inc_noncap"
"SI_2014","gini_share_between_nw",0.0885552744789541,0.0119678303802064,0.0650983269337495,0.112012222024159,"inc_noncap"
"SI_2014","gini_share_between_nwx",0.0804779129316167,0.0112884416296562,0.0583525673374906,0.102603258525743,"inc_noncap"
"SI_2014","d_gini_share_between",0.00807736154733739,0.00105324252008707,0.00601300620796672,0.010141716886708,"inc_noncap"
"SI_2014","mld_within_nw",0.950150832742552,0.0594322750285032,0.833663573686686,1.06663809179842,"inc_noncap"
"SI_2014","mld_between_nw",0.0836375154562049,0.0116041075484995,0.060893464661146,0.106381566251264,"inc_noncap"
"SI_2014","mld_within_nwx",1.01556408332983,0.0701937524111341,0.877984328604007,1.15314383805565,"inc_noncap"
"SI_2014","mld_between_nwx",0.0898760852560329,0.0141277685491903,0.06218565889962,0.117566511612446,"inc_noncap"
"SI_2014","d_mld_within",-0.065413250587278,0.0110922980051686,-0.0871541546774085,-0.0436723464971474,"inc_noncap"
"SI_2014","d_mld_between",-0.006238569799828,0.0028219541195879,-0.0117695998742203,-0.000707539725435717,"inc_noncap"
"SI_2014","mld_wtkept_nw",0.942570873037265,0.000825640211417198,0.940952618222888,0.944189127851643,"inc_noncap"
"SI_2014","mld_wtkept_nwx",0.86976357156895,0.0012590136352039,0.867295904843951,0.87223123829395,"inc_noncap"
"SI_2014","mld_ngrp_nw",3,0,3,3,"inc_noncap"
"SI_2014","mld_ngrp_nwx",3,0,3,3,"inc_noncap"
"SI_2014","I_nw",0.490189665991882,0.00733342508212881,0.47581615283091,0.504563179152855,"inc_noncap"
"SI_2014","I_nwx",0.407909175802981,0.0102338479769402,0.387850833768178,0.427967517837784,"inc_noncap"
"SI_2014","d_I",0.0822804901889014,0.00365131690900818,0.0751239090472453,0.0894370713305574,"inc_noncap"
"SI_2014","n_valid",2518,0,2518,2518,"inc_noncap"
"SI_2014","pct_valid",1,0,1,1,"inc_noncap"
"ES_2011","cv2_total_nw",7.87621314782011,0.442427794024808,7.00905467153148,8.74337162410873,"inc_noncap"
"ES_2011","cv2_within_nw",7.67259340537301,0.441424237820892,6.80740189924406,8.53778491150196,"inc_noncap"
"ES_2011","cv2_between_nw",0.203619742447097,0.00236524222513259,0.198983867685837,0.208255617208357,"inc_noncap"
"ES_2011","cv2_total_nwx",23.7273637386971,1.98878496169016,19.8293452137844,27.6253822636098,"inc_noncap"
"ES_2011","cv2_within_nwx",23.4873506816977,1.99236264367728,19.5823199000903,27.3923814633052,"inc_noncap"
"ES_2011","cv2_between_nwx",0.240013056999339,0.0113475999398617,0.21777176111721,0.262254352881468,"inc_noncap"
"ES_2011","d_cv2_within",-15.8147572763247,2.14938985274598,-20.0275613877069,-11.6019531649426,"inc_noncap"
"ES_2011","d_cv2_between",-0.0363933145522416,0.0102422918151448,-0.0564682065099254,-0.0163184225945577,"inc_noncap"
"ES_2011","cv2_share_between_nw",0.0259012297338052,0.0013300282056118,0.0232943744508061,0.0285080850168043,"inc_noncap"
"ES_2011","cv2_share_between_nwx",0.0101690625316252,0.00107282272913291,0.00806632998252469,0.0122717950807257,"inc_noncap"
"ES_2011","d_cv2_share_between",0.01573216720218,0.00154853512396983,0.0126970383591992,0.0187672960451609,"inc_noncap"
"ES_2011","var_total_nw",511741067753.663,28915984558.7925,455065738018.43,568416397488.896,"inc_noncap"
"ES_2011","var_within_nw",498509949969.234,28806006588.6435,442050177055.492,554969722882.975,"inc_noncap"
"ES_2011","var_between_nw",13231117784.4293,293688849.210818,12655487639.9761,13806747928.8825,"inc_noncap"
"ES_2011","var_total_nwx",695517273032.13,31832100972.3155,633126355126.392,757908190937.869,"inc_noncap"
"ES_2011","var_within_nwx",688460203123.858,32039435687.8314,625662909175.709,751257497072.008,"inc_noncap"
"ES_2011","var_between_nwx",7057069908.27179,585718553.777707,5909061542.86748,8205078273.67609,"inc_noncap"
"ES_2011","var_share_between_nw",0.0259012297338052,0.0013300282056118,0.0232943744508061,0.0285080850168043,"inc_noncap"
"ES_2011","var_share_between_nwx",0.0101690625316252,0.00107282272913291,0.00806632998252469,0.0122717950807257,"inc_noncap"
"ES_2011","d_var_share_between",0.01573216720218,0.00154853512396983,0.0126970383591992,0.0187672960451609,"inc_noncap"
"ES_2011","gini_total_nw",0.594794378889175,0.00299242566564279,0.588929224584515,0.600659533193835,"inc_noncap"
"ES_2011","gini_within_nw",0.536281649996468,0.00296601494814103,0.530468260698111,0.542095039294824,"inc_noncap"
"ES_2011","gini_between_nw",0.0585127288927072,0.000413261012896065,0.0577027373074309,0.0593227204779835,"inc_noncap"
"ES_2011","gini_total_nwx",0.960426787148878,0.0379377132526061,0.886068869173769,1.03478470512399,"inc_noncap"
"ES_2011","gini_within_nwx",0.880508639852625,0.0357023518619489,0.810532030203205,0.950485249502044,"inc_noncap"
"ES_2011","gini_between_nwx",0.0799181472962531,0.00231235189873522,0.0753859375747321,0.0844503570177741,"inc_noncap"
"ES_2011","d_gini_within",-0.344226989856157,0.0369071934202752,-0.416565088959896,-0.271888890752417,"inc_noncap"
"ES_2011","d_gini_between",-0.0214054184035459,0.0024923535322675,-0.0262904313267902,-0.0165204054803016,"inc_noncap"
"ES_2011","gini_share_between_nw",0.0983760595280826,0.000796881796126835,0.096814171207674,0.0999379478484912,"inc_noncap"
"ES_2011","gini_share_between_nwx",0.083235462424924,0.00110730540097644,0.0810651438390102,0.0854057810108379,"inc_noncap"
"ES_2011","d_gini_share_between",0.0151405971031585,0.000793699540085826,0.0135849460045903,0.0166962482017268,"inc_noncap"
"ES_2011","mld_within_nw",0.762884062483363,0.0084083884137112,0.746403621192489,0.779364503774237,"inc_noncap"
"ES_2011","mld_between_nw",0.0901617686398401,0.000506370191331828,0.0891692830648298,0.0911542542148505,"inc_noncap"
"ES_2011","mld_within_nwx",0.775996621828754,0.0088611431963272,0.758628781163953,0.793364462493556,"inc_noncap"
"ES_2011","mld_between_nwx",0.0948684751481182,0.00139495497139402,0.0921343634041859,0.0976025868920505,"inc_noncap"
"ES_2011","d_mld_within",-0.0131125593453911,0.0032268453593865,-0.0194371762497887,-0.00678794244099359,"inc_noncap"
"ES_2011","d_mld_between",-0.00470670650827805,0.000969303724928609,-0.00660654180913813,-0.00280687120741798,"inc_noncap"
"ES_2011","mld_wtkept_nw",0.960463549830096,0.00223628180632105,0.956080437489706,0.964846662170485,"inc_noncap"
"ES_2011","mld_wtkept_nwx",0.886643079823262,0.00173471396461564,0.883243040452615,0.890043119193908,"inc_noncap"
"ES_2011","mld_ngrp_nw",3,0,3,3,"inc_noncap"
"ES_2011","mld_ngrp_nwx",3,0,3,3,"inc_noncap"
"ES_2011","I_nw",0.476572368494025,0.00747560302511413,0.461920186564801,0.491224550423249,"inc_noncap"
"ES_2011","I_nwx",0.415611915991352,0.00750374493374665,0.400904575921209,0.430319256061496,"inc_noncap"
"ES_2011","d_I",0.0609604525026728,0.00347248586872536,0.0541543801999711,0.0677665248053745,"inc_noncap"
"ES_2011","n_valid",5704.8,4.05462698654266,5696.85293110638,5712.74706889362,"inc_noncap"
"ES_2011","pct_valid",0.93536645351697,0.000664801932536938,0.934063441729198,0.936669465304742,"inc_noncap"
"US_2013","cv2_total_nw",66.9992270293216,1.73578926047406,63.5970800787924,70.4013739798508,"inc_noncap"
"US_2013","cv2_within_nw",66.4405433305437,1.73805289821802,63.0339596500363,69.847127011051,"inc_noncap"
"US_2013","cv2_between_nw",0.558683698777927,0.00720907642532277,0.544553908984294,0.57281348857156,"inc_noncap"
"US_2013","cv2_total_nwx",109.938143955505,3.74738210278787,102.59327503404,117.283012876969,"inc_noncap"
"US_2013","cv2_within_nwx",109.260259364696,3.74726460711882,101.915620734743,116.604897994648,"inc_noncap"
"US_2013","cv2_between_nwx",0.677884590809086,0.0112091447182595,0.655914667161297,0.699854514456875,"inc_noncap"
"US_2013","d_cv2_within",-42.8197160341518,2.11082972712999,-46.9569422993266,-38.682489768977,"inc_noncap"
"US_2013","d_cv2_between",-0.119200892031159,0.00478609612866193,-0.128581640443336,-0.109820143618982,"inc_noncap"
"US_2013","cv2_share_between_nw",0.00834301223239321,0.000271409263028497,0.00781105007685735,0.00887497438792906,"inc_noncap"
"US_2013","cv2_share_between_nwx",0.00617087812095132,0.000235030043312288,0.00571021923605924,0.00663153700584341,"inc_noncap"
"US_2013","d_cv2_share_between",0.00217213411144188,5.96266460816062e-05,0.00205526588512194,0.00228900233776183,"inc_noncap"
"US_2013","var_total_nw",12248948694824.3,204891258234.865,11847361828684,12650535560964.7,"inc_noncap"
"US_2013","var_within_nw",12146771417346.5,204605908172.407,11745743837328.6,12547798997364.4,"inc_noncap"
"US_2013","var_between_nw",102177277477.812,3029172712.78942,96240098960.7445,108114455994.879,"inc_noncap"
"US_2013","var_total_nwx",12168648174092.8,227980948495.169,11721805515042.3,12615490833143.3,"inc_noncap"
"US_2013","var_within_nwx",12093576930235,228162445660.286,11646378536740.9,12540775323729.2,"inc_noncap"
"US_2013","var_between_nwx",75071243857.7814,2384138143.97591,70398333095.5886,79744154619.9742,"inc_noncap"
"US_2013","var_share_between_nw",0.00834301223239321,0.000271409263028497,0.00781105007685735,0.00887497438792906,"inc_noncap"
"US_2013","var_share_between_nwx",0.00617087812095132,0.000235030043312287,0.00571021923605924,0.00663153700584341,"inc_noncap"
"US_2013","d_var_share_between",0.00217213411144188,5.96266460816058e-05,0.00205526588512194,0.00228900233776183,"inc_noncap"
"US_2013","gini_total_nw",0.874919314037775,0.000610421450448234,0.873722887994896,0.876115740080653,"inc_noncap"
"US_2013","gini_within_nw",0.743960093283615,0.00172653872113509,0.74057607739019,0.74734410917704,"inc_noncap"
"US_2013","gini_between_nw",0.13095922075416,0.00178144654813474,0.127467585519815,0.134450855988504,"inc_noncap"
"US_2013","gini_total_nwx",1.0823213436099,0.0103080922245113,1.06211748284986,1.10252520436995,"inc_noncap"
"US_2013","gini_within_nwx",0.943894133305201,0.00987601213348127,0.924537149523577,0.963251117086824,"inc_noncap"
"US_2013","gini_between_nwx",0.138427210304702,0.00217379232150882,0.134166577354545,0.14268784325486,"inc_noncap"
"US_2013","d_gini_within",-0.199934040021586,0.00966016281594588,-0.21886795914084,-0.181000120902332,"inc_noncap"
"US_2013","d_gini_between",-0.0074679895505428,0.000629411826194166,-0.00870163672988336,-0.00623434237120223,"inc_noncap"
"US_2013","gini_share_between_nw",0.149681285746713,0.00201053525440576,0.145740636648078,0.153621934845348,"inc_noncap"
"US_2013","gini_share_between_nwx",0.127902330440698,0.00200336482454339,0.123975735384593,0.131828925496803,"inc_noncap"
"US_2013","d_gini_share_between",0.0217789553060146,0.00087207753868633,0.0200696833301894,0.0234882272818399,"inc_noncap"
"US_2013","mld_within_nw",1.77067067603805,0.0066409851460464,1.7576543451518,1.7836870069243,"inc_noncap"
"US_2013","mld_between_nw",0.214272436987098,0.00334308699353309,0.207719986479773,0.220824887494423,"inc_noncap"
"US_2013","mld_within_nwx",1.82677290126509,0.00554359850228619,1.81590744820061,1.83763835432957,"inc_noncap"
"US_2013","mld_between_nwx",0.209731955055797,0.00446388237748454,0.200982745595928,0.218481164515667,"inc_noncap"
"US_2013","d_mld_within",-0.0561022252270365,0.00310765041660378,-0.0621932200435799,-0.0500112304104931,"inc_noncap"
"US_2013","d_mld_between",0.00454048193130035,0.0015972857204233,0.00140980191927069,0.00767116194333001,"inc_noncap"
"US_2013","mld_wtkept_nw",0.845191413978578,0.00060390699600349,0.844007756266412,0.846375071690745,"inc_noncap"
"US_2013","mld_wtkept_nwx",0.773306069727113,0.0015172593038589,0.770332241491549,0.776279897962676,"inc_noncap"
"US_2013","mld_ngrp_nw",3,0,3,3,"inc_noncap"
"US_2013","mld_ngrp_nwx",3,0,3,3,"inc_noncap"
"US_2013","I_nw",0.527193677303903,0.00412805164314774,0.519102696083333,0.535284658524472,"inc_noncap"
"US_2013","I_nwx",0.47582309079092,0.00480100737057914,0.466413116344585,0.485233065237255,"inc_noncap"
"US_2013","d_I",0.0513705865129827,0.00256668232370934,0.0463398891585124,0.056401283867453,"inc_noncap"
"US_2013","n_valid",5944,0,5944,5944,"inc_noncap"
"US_2013","pct_valid",0.995644891122278,0,0.995644891122278,0.995644891122278,"inc_noncap"
"AT_2011","cv2_total_nw",9.04873586214553,4.12829804156146,0.957271700685068,17.140200023606,"inc_total"
"AT_2011","cv2_within_nw",8.64147193971177,4.08919361135927,0.626652461447591,16.6562914179759,"inc_total"
"AT_2011","cv2_between_nw",0.40726392243376,0.0867332680471249,0.237266717061395,0.577261127806125,"inc_total"
"AT_2011","cv2_total_nwx",87.4374179392328,31.7307599075844,25.2451285203673,149.629707358098,"inc_total"
"AT_2011","cv2_within_nwx",86.0840270501489,31.6655130566803,24.0196214590554,148.148432641242,"inc_total"
"AT_2011","cv2_between_nwx",1.35339088908389,0.528013528696744,0.318484372838271,2.38829740532951,"inc_total"
"AT_2011","d_cv2_within",-77.4425551104371,30.4771858731487,-137.177839421808,-17.7072707990657,"inc_total"
"AT_2011","d_cv2_between",-0.94612696665013,0.530179324902409,-1.98527844345885,0.0930245101585919,"inc_total"
"AT_2011","cv2_share_between_nw",0.0491193185382895,0.0178819742524947,0.0140706490033998,0.0841679880731791,"inc_total"
"AT_2011","cv2_share_between_nwx",0.0168056461531627,0.00787857082719241,0.00136364733186558,0.0322476449744598,"inc_total"
"AT_2011","d_cv2_share_between",0.0323136723851268,0.012680996875554,0.00745891850904086,0.0571684262612127,"inc_total"
"AT_2011","var_total_nw",712814007773.925,617989952810.588,-498446299734.827,1924074315282.68,"inc_total"
"AT_2011","var_within_nw",683042076085.646,603932232730.953,-500665100067.023,1866749252238.31,"inc_total"
"AT_2011","var_between_nw",29771931688.2795,14950030761.3073,469871396.117264,59073991980.4418,"inc_total"
"AT_2011","var_total_nwx",929410586074.143,740473349635.222,-521917179210.892,2380738351359.18,"inc_total"
"AT_2011","var_within_nwx",916532033924.852,738326564685.022,-530588032857.792,2363652100707.5,"inc_total"
"AT_2011","var_between_nwx",12878552149.2907,4869595032.96041,3334145884.68835,22422958413.8931,"inc_total"
"AT_2011","var_share_between_nw",0.0491193185382895,0.0178819742524947,0.0140706490033998,0.0841679880731791,"inc_total"
"AT_2011","var_share_between_nwx",0.0168056461531627,0.00787857082719241,0.00136364733186559,0.0322476449744598,"inc_total"
"AT_2011","d_var_share_between",0.0323136723851268,0.012680996875554,0.00745891850904086,0.0571684262612127,"inc_total"
"AT_2011","gini_total_nw",0.762501926258024,0.0387327702334377,0.686585696600487,0.838418155915562,"inc_total"
"AT_2011","gini_within_nw",0.651043476414261,0.0327684944037906,0.586817227382832,0.715269725445691,"inc_total"
"AT_2011","gini_between_nw",0.111458449843763,0.0218756701898971,0.0685821362715649,0.154334763415962,"inc_total"
"AT_2011","gini_total_nwx",2.38779106189922,0.411749274480308,1.58076248391781,3.19481963988062,"inc_total"
"AT_2011","gini_within_nwx",2.18374298124672,NA,NA,NA,"inc_total"
"AT_2011","gini_between_nwx",0.142135427083777,NA,NA,NA,"inc_total"
"AT_2011","d_gini_within",-1.53036497667373,NA,NA,NA,"inc_total"
"AT_2011","d_gini_between",-0.0615227078817066,NA,NA,NA,"inc_total"
"AT_2011","gini_share_between_nw",0.145913873662422,0.0261988099929464,0.0945642060762474,0.197263541248597,"inc_total"
"AT_2011","gini_share_between_nwx",0.061110428892025,NA,NA,NA,"inc_total"
"AT_2011","d_gini_share_between",0.0487175520223153,NA,NA,NA,"inc_total"
"AT_2011","mld_within_nw",1.38081715543299,0.118732502736728,1.148101450069,1.61353286079697,"inc_total"
"AT_2011","mld_between_nw",0.201707542054364,0.0547911508920589,0.0943168863059283,0.309098197802799,"inc_total"
"AT_2011","mld_within_nwx",1.50669687191471,0.170229469526833,1.17304711164211,1.8403466321873,"inc_total"
"AT_2011","mld_between_nwx",0.233873205845086,0.0732910035974198,0.0902228387941426,0.377523572896028,"inc_total"
"AT_2011","d_mld_within",-0.125879716481719,0.0522600788763775,-0.228309471079419,-0.0234499618840195,"inc_total"
"AT_2011","d_mld_between",-0.0321656637907218,0.0198963041795878,-0.0711624199827139,0.00683109240127027,"inc_total"
"AT_2011","mld_wtkept_nw",0.941227239456885,0.00651415977230794,0.928459486303161,0.953994992610608,"inc_total"
"AT_2011","mld_wtkept_nwx",0.776693958649479,0.0103560370712082,0.756396125989911,0.796991791309047,"inc_total"
"AT_2011","mld_ngrp_nw",3,0,3,3,"inc_total"
"AT_2011","mld_ngrp_nwx",3,0,3,3,"inc_total"
"AT_2011","I_nw",0.585709130579888,0.0219107252458475,0.542764109098027,0.628654152061749,"inc_total"
"AT_2011","I_nwx",0.381838119792704,0.0177358618473323,0.347075830571933,0.416600409013476,"inc_total"
"AT_2011","d_I",0.203871010787184,0.0152020721120305,0.174074949447604,0.233667072126764,"inc_total"
"AT_2011","n_valid",2337,0,2337,2337,"inc_total"
"AT_2011","pct_valid",1,0,1,1,"inc_total"
"EE_2013","cv2_total_nw",13.7314184393759,0.467283400063527,12.8155429752513,14.6472939035004,"inc_total"
"EE_2013","cv2_within_nw",13.3816429401829,0.466667162669261,12.4669753013511,14.2963105790146,"inc_total"
"EE_2013","cv2_between_nw",0.349775499193001,0.0339839840579249,0.283166890439468,0.416384107946534,"inc_total"
"EE_2013","cv2_total_nwx",26.363208610216,1.0174006215417,24.3691033919943,28.3573138284378,"inc_total"
"EE_2013","cv2_within_nwx",26.0200443221666,1.02661761953143,24.007873787885,28.0322148564482,"inc_total"
"EE_2013","cv2_between_nwx",0.34316428804945,0.0410469869364881,0.262712193653933,0.423616382444966,"inc_total"
"EE_2013","d_cv2_within",-12.6384013819837,0.583113571782451,-13.7813039826773,-11.4954987812901,"inc_total"
"EE_2013","d_cv2_between",0.00661121114355133,0.00858815390383019,-0.0102215705079558,0.0234439927950585,"inc_total"
"EE_2013","cv2_share_between_nw",0.0254903977006916,0.00265014125967662,0.0202961208317255,0.0306846745696578,"inc_total"
"EE_2013","cv2_share_between_nwx",0.0130395814485107,0.00178396453593081,0.00954301095808635,0.0165361519389351,"inc_total"
"EE_2013","d_cv2_share_between",0.0124508162521809,0.000893639530559006,0.0106992827722853,0.0142023497320766,"inc_total"
"EE_2013","var_total_nw",128924277337.286,2899277097.78087,123241694225.635,134606860448.936,"inc_total"
"EE_2013","var_within_nw",125636078698.032,2724635404.66055,120295793304.897,130976364091.166,"inc_total"
"EE_2013","var_between_nw",3288198639.25387,370909146.301488,2561216712.50295,4015180566.00478,"inc_total"
"EE_2013","var_total_nwx",160372798997.57,2795042708.63069,154894515288.654,165851082706.487,"inc_total"
"EE_2013","var_within_nwx",158280988007.963,2722613770.32568,152944665018.125,163617310997.801,"inc_total"
"EE_2013","var_between_nwx",2091810989.60742,292487270.525937,1518535939.37658,2665086039.83825,"inc_total"
"EE_2013","var_share_between_nw",0.0254903977006916,0.00265014125967662,0.0202961208317255,0.0306846745696578,"inc_total"
"EE_2013","var_share_between_nwx",0.0130395814485107,0.00178396453593081,0.00954301095808635,0.0165361519389351,"inc_total"
"EE_2013","d_var_share_between",0.0124508162521809,0.000893639530559004,0.0106992827722853,0.0142023497320766,"inc_total"
"EE_2013","gini_total_nw",0.690164572112359,0.00409472454700778,0.682138912000223,0.698190232224494,"inc_total"
"EE_2013","gini_within_nw",0.593833915457066,0.00584318278755443,0.58238127719346,0.605286553720673,"inc_total"
"EE_2013","gini_between_nw",0.0963306566552924,0.00877465169815522,0.0791323393269082,0.113528973983677,"inc_total"
"EE_2013","gini_total_nwx",0.917556479719808,0.00238805809484381,0.912875885853914,0.922237073585702,"inc_total"
"EE_2013","gini_within_nwx",0.798719887236827,0.0114130412540422,0.776350326378904,0.82108944809475,"inc_total"
"EE_2013","gini_between_nwx",0.118836592482981,0.00994387391847708,0.0993465996027662,0.138326585363196,"inc_total"
"EE_2013","d_gini_within",-0.204885971779761,0.00699989599627735,-0.218605767932464,-0.191166175627057,"inc_total"
"EE_2013","d_gini_between",-0.0225059358276889,0.00190143497176989,-0.0262327483723579,-0.0187791232830199,"inc_total"
"EE_2013","gini_share_between_nw",0.139537950262513,0.0120545912231898,0.115910951465061,0.163164949059965,"inc_total"
"EE_2013","gini_share_between_nwx",0.129524967937167,0.0110337808555606,0.107898757460269,0.151151178414066,"inc_total"
"EE_2013","d_gini_share_between",0.0100129823253457,0.00218859566984785,0.00572333481244395,0.0143026298382475,"inc_total"
"EE_2013","mld_within_nw",1.10877377650334,0.0133418379047543,1.08262377421002,1.13492377879666,"inc_total"
"EE_2013","mld_between_nw",0.164722749744213,0.0165838272668211,0.132218448301243,0.197227051187182,"inc_total"
"EE_2013","mld_within_nwx",1.14872340180892,0.0139357092163243,1.12140941174493,1.17603739187292,"inc_total"
"EE_2013","mld_between_nwx",0.164679299096248,0.0175772094696075,0.130227968535817,0.199130629656679,"inc_total"
"EE_2013","d_mld_within",-0.0399496253055843,0.00229766142971998,-0.0444530417078354,-0.0354462089033331,"inc_total"
"EE_2013","d_mld_between",4.34506479645769e-05,0.00144346463983413,-0.00278574004611032,0.00287264134203947,"inc_total"
"EE_2013","mld_wtkept_nw",0.951276160077149,0.000888171167785936,0.949535344588288,0.953016975566009,"inc_total"
"EE_2013","mld_wtkept_nwx",0.897861482630058,0.00180970291422073,0.894314464918185,0.90140850034193,"inc_total"
"EE_2013","mld_ngrp_nw",3,0,3,3,"inc_total"
"EE_2013","mld_ngrp_nwx",3,0,3,3,"inc_total"
"EE_2013","I_nw",0.567076460468469,0.0153324047124597,0.537024947232048,0.59712797370489,"inc_total"
"EE_2013","I_nwx",0.497245577820543,0.0175699113213301,0.462808551630736,0.53168260401035,"inc_total"
"EE_2013","d_I",0.0698308826479256,0.00896669830532416,0.0522561539694902,0.0874056113263609,"inc_total"
"EE_2013","n_valid",2205,0,2205,2205,"inc_total"
"EE_2013","pct_valid",1,0,1,1,"inc_total"
"FR_2009","cv2_total_nw",13.9530420644692,NA,NA,NA,"inc_total"
"FR_2009","cv2_within_nw",13.5548781809184,NA,NA,NA,"inc_total"
"FR_2009","cv2_between_nw",0.398163883550767,NA,NA,NA,"inc_total"
"FR_2009","cv2_total_nwx",26.2975770828909,NA,NA,NA,"inc_total"
"FR_2009","cv2_within_nwx",25.8474387981803,NA,NA,NA,"inc_total"
"FR_2009","cv2_between_nwx",0.45013828471063,NA,NA,NA,"inc_total"
"FR_2009","d_cv2_within",-12.2925606172618,NA,NA,NA,"inc_total"
"FR_2009","d_cv2_between",-0.0519744011598631,NA,NA,NA,"inc_total"
"FR_2009","cv2_share_between_nw",0.0285359910556476,NA,NA,NA,"inc_total"
"FR_2009","cv2_share_between_nwx",0.0171171010656905,NA,NA,NA,"inc_total"
"FR_2009","d_cv2_share_between",0.0114188899899571,NA,NA,NA,"inc_total"
"FR_2009","var_total_nw",631389381071.739,NA,NA,NA,"inc_total"
"FR_2009","var_within_nw",613372059340.845,NA,NA,NA,"inc_total"
"FR_2009","var_between_nw",18017321730.894,NA,NA,NA,"inc_total"
"FR_2009","var_total_nwx",903939244603.991,NA,NA,NA,"inc_total"
"FR_2009","var_within_nwx",888466425196.86,NA,NA,NA,"inc_total"
"FR_2009","var_between_nwx",15472819407.1304,NA,NA,NA,"inc_total"
"FR_2009","var_share_between_nw",0.0285359910556476,NA,NA,NA,"inc_total"
"FR_2009","var_share_between_nwx",0.0171171010656905,NA,NA,NA,"inc_total"
"FR_2009","d_var_share_between",0.011418889989957,NA,NA,NA,"inc_total"
"FR_2009","gini_total_nw",0.672332772081831,NA,NA,NA,"inc_total"
"FR_2009","gini_within_nw",0.561300471351239,NA,NA,NA,"inc_total"
"FR_2009","gini_between_nw",0.111032300730592,NA,NA,NA,"inc_total"
"FR_2009","gini_total_nwx",0.810768248845173,NA,NA,NA,"inc_total"
"FR_2009","gini_within_nwx",0.695956417184954,NA,NA,NA,"inc_total"
"FR_2009","gini_between_nwx",0.114811831660219,NA,NA,NA,"inc_total"
"FR_2009","d_gini_within",-0.134655945833715,NA,NA,NA,"inc_total"
"FR_2009","d_gini_between",-0.00377953092962668,NA,NA,NA,"inc_total"
"FR_2009","gini_share_between_nw",0.165144858827555,NA,NA,NA,"inc_total"
"FR_2009","gini_share_between_nwx",0.14160869252558,NA,NA,NA,"inc_total"
"FR_2009","d_gini_share_between",0.0235361663019745,NA,NA,NA,"inc_total"
"FR_2009","mld_within_nw",1.15430773876576,NA,NA,NA,"inc_total"
"FR_2009","mld_between_nw",0.199167302586969,NA,NA,NA,"inc_total"
"FR_2009","mld_within_nwx",1.14771549673747,NA,NA,NA,"inc_total"
"FR_2009","mld_between_nwx",0.195812582718514,NA,NA,NA,"inc_total"
"FR_2009","d_mld_within",0.006592242028296,NA,NA,NA,"inc_total"
"FR_2009","d_mld_between",0.00335471986845481,NA,NA,NA,"inc_total"
"FR_2009","mld_wtkept_nw",0.971927914497887,NA,NA,NA,"inc_total"
"FR_2009","mld_wtkept_nwx",0.943709494551417,NA,NA,NA,"inc_total"
"FR_2009","mld_ngrp_nw",3,NA,NA,NA,"inc_total"
"FR_2009","mld_ngrp_nwx",3,NA,NA,NA,"inc_total"
"FR_2009","I_nw",0.628401097158473,NA,NA,NA,"inc_total"
"FR_2009","I_nwx",0.59982176204042,NA,NA,NA,"inc_total"
"FR_2009","d_I",0.0285793351180533,NA,NA,NA,"inc_total"
"FR_2009","n_valid",14929,NA,NA,NA,"inc_total"
"FR_2009","pct_valid",1,NA,NA,NA,"inc_total"
"GR_2009","cv2_total_nw",1.60951119255346,0.064475426687921,1.48313935624513,1.73588302886178,"inc_total"
"GR_2009","cv2_within_nw",1.43947677200769,0.0596363510994649,1.32258952385274,1.55636402016264,"inc_total"
"GR_2009","cv2_between_nw",0.170034420545769,0.0128023463805068,0.144941821639975,0.195127019451562,"inc_total"
"GR_2009","cv2_total_nwx",7.18535774017502,1.45016788275532,4.34302868997459,10.0276867903754,"inc_total"
"GR_2009","cv2_within_nwx",6.96127170178149,1.47310301810153,4.07398978630248,9.84855361726049,"inc_total"
"GR_2009","cv2_between_nwx",0.224086038393533,0.0302276038128506,0.164839934920345,0.28333214186672,"inc_total"
"GR_2009","d_cv2_within",-5.52179492977379,1.43996971763371,-8.34413557633587,-2.69945428321172,"inc_total"
"GR_2009","d_cv2_between",-0.054051617847764,0.0188116546130075,-0.0909224608892587,-0.0171807748062694,"inc_total"
"GR_2009","cv2_share_between_nw",0.105661037464415,0.00715138841580969,0.0916443161694279,0.119677758759402,"inc_total"
"GR_2009","cv2_share_between_nwx",0.0324620529065488,0.00978429306204025,0.01328483850495,0.0516392673081477,"inc_total"
"GR_2009","d_cv2_share_between",0.0731989845578661,0.00366859034901495,0.0660085474737968,0.0803894216419354,"inc_total"
"GR_2009","var_total_nw",35355006910.2655,1772293035.29747,31881312561.0825,38828701259.4486,"inc_total"
"GR_2009","var_within_nw",31620841509.5068,1642557168.6638,28401429458.9258,34840253560.0878,"inc_total"
"GR_2009","var_between_nw",3734165400.75874,287650880.954768,3170369674.08739,4297961127.43008,"inc_total"
"GR_2009","var_total_nwx",69771258394.6705,12014817611.6656,46222215875.806,93320300913.535,"inc_total"
"GR_2009","var_within_nwx",67581736596.4224,12278756625.5752,43515373610.295,91648099582.5497,"inc_total"
"GR_2009","var_between_nwx",2189521798.24816,347548896.448265,1508325961.20956,2870717635.28676,"inc_total"
"GR_2009","var_share_between_nw",0.105661037464415,0.00715138841580969,0.0916443161694279,0.119677758759402,"inc_total"
"GR_2009","var_share_between_nwx",0.0324620529065488,0.00978429306204025,0.0132848385049499,0.0516392673081477,"inc_total"
"GR_2009","d_var_share_between",0.0731989845578661,0.00366859034901495,0.0660085474737968,0.0803894216419354,"inc_total"
"GR_2009","gini_total_nw",0.556301093408145,0.00277771124242536,0.550856779372991,0.561745407443299,"inc_total"
"GR_2009","gini_within_nw",0.497774171691642,0.00478608775009164,0.488393439701462,0.507154903681822,"inc_total"
"GR_2009","gini_between_nw",0.058526921716503,0.00335388845810579,0.0519533003386156,0.0651005430943903,"inc_total"
"GR_2009","gini_total_nwx",0.961119442583722,0.0359455692616837,0.890666126830821,1.03157275833662,"inc_total"
"GR_2009","gini_within_nwx",0.879644102040566,0.0351547654644238,0.810740761730295,0.948547442350836,"inc_total"
"GR_2009","gini_between_nwx",0.0814753405431559,0.000854787745055824,0.0797999565628465,0.0831507245234653,"inc_total"
"GR_2009","d_gini_within",-0.381869930348924,0.0310344931399725,-0.44269753690327,-0.321042323794577,"inc_total"
"GR_2009","d_gini_between",-0.0229484188266529,0.00379449900810527,-0.0303856368825393,-0.0155112007707666,"inc_total"
"GR_2009","gini_share_between_nw",0.10521331710394,0.0061526839054465,0.0931540566492647,0.117272577558615,"inc_total"
"GR_2009","gini_share_between_nwx",0.0848285856211606,0.00232090065673699,0.0802796203339561,0.0893775509083651,"inc_total"
"GR_2009","d_gini_share_between",0.0203847314827793,0.00437306852964313,0.0118135171646788,0.0289559458008799,"inc_total"
"GR_2009","mld_within_nw",0.694827072249985,0.00888229567904486,0.677417772719057,0.712236371780913,"inc_total"
"GR_2009","mld_between_nw",0.0756586551718791,0.00545664520976771,0.0649636305607344,0.0863536797830238,"inc_total"
"GR_2009","mld_within_nwx",0.78760499858445,0.0106083850651482,0.766812563856759,0.80839743331214,"inc_total"
"GR_2009","mld_between_nwx",0.08578872349506,0.00524118633105567,0.0755159982861908,0.0960614487039291,"inc_total"
"GR_2009","d_mld_within",-0.0927779263344652,0.00607761130284279,-0.104690044488037,-0.0808658081808934,"inc_total"
"GR_2009","d_mld_between",-0.0101300683231808,0.00158846920572637,-0.0132434679664045,-0.00701666867995717,"inc_total"
"GR_2009","mld_wtkept_nw",0.945978102480169,0.000849195148992041,0.944313679988145,0.947642524972194,"inc_total"
"GR_2009","mld_wtkept_nwx",0.849801884881917,0.00205653334511467,0.845771079525493,0.853832690238342,"inc_total"
"GR_2009","mld_ngrp_nw",3,0,3,3,"inc_total"
"GR_2009","mld_ngrp_nwx",3,0,3,3,"inc_total"
"GR_2009","I_nw",0.518293242430952,0.00982392379180646,0.499038351799011,0.537548133062893,"inc_total"
"GR_2009","I_nwx",0.415100479959859,0.00736636677729608,0.400662401076359,0.429538558843359,"inc_total"
"GR_2009","d_I",0.103192762471093,0.0108120122598738,0.0820012184417404,0.124384306500446,"inc_total"
"GR_2009","n_valid",2915,0,2915,2915,"inc_total"
"GR_2009","pct_valid",1,0,1,1,"inc_total"
"IT_2014","cv2_total_nw",2.60114517316164,NA,NA,NA,"inc_total"
"IT_2014","cv2_within_nw",2.25651869154827,NA,NA,NA,"inc_total"
"IT_2014","cv2_between_nw",0.344626481613371,NA,NA,NA,"inc_total"
"IT_2014","cv2_total_nwx",6.66597746584315,NA,NA,NA,"inc_total"
"IT_2014","cv2_within_nwx",6.34683185787607,NA,NA,NA,"inc_total"
"IT_2014","cv2_between_nwx",0.319145607967078,NA,NA,NA,"inc_total"
"IT_2014","d_cv2_within",-4.0903131663278,NA,NA,NA,"inc_total"
"IT_2014","d_cv2_between",0.0254808736462923,NA,NA,NA,"inc_total"
"IT_2014","cv2_share_between_nw",0.132490291264476,NA,NA,NA,"inc_total"
"IT_2014","cv2_share_between_nwx",0.0478767907035988,NA,NA,NA,"inc_total"
"IT_2014","d_cv2_share_between",0.0846135005608769,NA,NA,NA,"inc_total"
"IT_2014","var_total_nw",143762262993.341,NA,NA,NA,"inc_total"
"IT_2014","var_within_nw",124715158896.513,NA,NA,NA,"inc_total"
"IT_2014","var_between_nw",19047104096.8279,NA,NA,NA,"inc_total"
"IT_2014","var_total_nwx",207090926268.532,NA,NA,NA,"inc_total"
"IT_2014","var_within_nwx",197176077334.959,NA,NA,NA,"inc_total"
"IT_2014","var_between_nwx",9914848933.57292,NA,NA,NA,"inc_total"
"IT_2014","var_share_between_nw",0.132490291264476,NA,NA,NA,"inc_total"
"IT_2014","var_share_between_nwx",0.0478767907035988,NA,NA,NA,"inc_total"
"IT_2014","d_var_share_between",0.0846135005608769,NA,NA,NA,"inc_total"
"IT_2014","gini_total_nw",0.589599552762747,NA,NA,NA,"inc_total"
"IT_2014","gini_within_nw",0.484832241314779,NA,NA,NA,"inc_total"
"IT_2014","gini_between_nw",0.104767311447968,NA,NA,NA,"inc_total"
"IT_2014","gini_total_nwx",0.814276288987177,NA,NA,NA,"inc_total"
"IT_2014","gini_within_nwx",0.692730808865405,NA,NA,NA,"inc_total"
"IT_2014","gini_between_nwx",0.121545480121772,NA,NA,NA,"inc_total"
"IT_2014","d_gini_within",-0.207898567550626,NA,NA,NA,"inc_total"
"IT_2014","d_gini_between",-0.016778168673804,NA,NA,NA,"inc_total"
"IT_2014","gini_share_between_nw",0.177692318382959,NA,NA,NA,"inc_total"
"IT_2014","gini_share_between_nwx",0.149268106864507,NA,NA,NA,"inc_total"
"IT_2014","d_gini_share_between",0.0284242115184517,NA,NA,NA,"inc_total"
"IT_2014","mld_within_nw",0.768258359945721,NA,NA,NA,"inc_total"
"IT_2014","mld_between_nw",0.170938951154945,NA,NA,NA,"inc_total"
"IT_2014","mld_within_nwx",0.792711204175653,NA,NA,NA,"inc_total"
"IT_2014","mld_between_nwx",0.16596672311774,NA,NA,NA,"inc_total"
"IT_2014","d_mld_within",-0.0244528442299317,NA,NA,NA,"inc_total"
"IT_2014","d_mld_between",0.00497222803720412,NA,NA,NA,"inc_total"
"IT_2014","mld_wtkept_nw",0.98911982114321,NA,NA,NA,"inc_total"
"IT_2014","mld_wtkept_nwx",0.937645795554463,NA,NA,NA,"inc_total"
"IT_2014","mld_ngrp_nw",3,NA,NA,NA,"inc_total"
"IT_2014","mld_ngrp_nwx",3,NA,NA,NA,"inc_total"
"IT_2014","I_nw",0.689896701924829,NA,NA,NA,"inc_total"
"IT_2014","I_nwx",0.585084061480119,NA,NA,NA,"inc_total"
"IT_2014","d_I",0.10481264044471,NA,NA,NA,"inc_total"
"IT_2014","n_valid",8142,NA,NA,NA,"inc_total"
"IT_2014","pct_valid",1,NA,NA,NA,"inc_total"
"LU_2010","cv2_total_nw",6.89127803633657,0.142618484846755,6.61174580603693,7.17081026663621,"inc_total"
"LU_2010","cv2_within_nw",6.45796460445442,0.141905315515973,6.17983018604311,6.73609902286572,"inc_total"
"LU_2010","cv2_between_nw",0.433313431882159,0.012280648279278,0.409243361254774,0.457383502509543,"inc_total"
"LU_2010","cv2_total_nwx",11.0378443047153,0.134899982217618,10.7734403395688,11.3022482698619,"inc_total"
"LU_2010","cv2_within_nwx",10.5236503471429,0.13634858386886,10.2564071227599,10.7908935715259,"inc_total"
"LU_2010","cv2_between_nwx",0.514193957572414,0.0281845715382586,0.458952197357428,0.569435717787401,"inc_total"
"LU_2010","d_cv2_within",-4.06568574268849,0.0625773528808265,-4.18833735433491,-3.94303413104207,"inc_total"
"LU_2010","d_cv2_between",-0.0808805256902559,0.0199622900195732,-0.120006614128619,-0.0417544372518925,"inc_total"
"LU_2010","cv2_share_between_nw",0.0628940928520471,0.00209126899765006,0.058795205616653,0.0669929800874413,"inc_total"
"LU_2010","cv2_share_between_nwx",0.0465882319671779,0.0026100419312029,0.0414725497820202,0.0517039141523356,"inc_total"
"LU_2010","d_cv2_share_between",0.0163058608848692,0.00211662845963318,0.0121572691039882,0.0204544526657503,"inc_total"
"LU_2010","var_total_nw",3332962367367.08,75800584635.2146,3184393221482.06,3481531513252.1,"inc_total"
"LU_2010","var_within_nw",3123413016485.14,76126539398.7946,2974204999263.5,3272621033706.78,"inc_total"
"LU_2010","var_between_nw",209549350881.938,5008858204.83928,199731988800.453,219366712963.423,"inc_total"
"LU_2010","var_total_nwx",3539562580084.65,72011328982.2871,3398420375279.36,3680704784889.93,"inc_total"
"LU_2010","var_within_nwx",3374664581119.31,69644036569.1258,3238162269443.82,3511166892794.79,"inc_total"
"LU_2010","var_between_nwx",164897998965.34,9600069599.10182,146081862551.1,183714135379.579,"inc_total"
"LU_2010","var_share_between_nw",0.0628940928520471,0.00209126899765005,0.058795205616653,0.0669929800874412,"inc_total"
"LU_2010","var_share_between_nwx",0.0465882319671779,0.0026100419312029,0.0414725497820202,0.0517039141523356,"inc_total"
"LU_2010","d_var_share_between",0.0163058608848692,0.00211662845963318,0.0121572691039882,0.0204544526657503,"inc_total"
"LU_2010","gini_total_nw",0.668194648936377,0.00198886440559648,0.664296474701408,0.672092823171346,"inc_total"
"LU_2010","gini_within_nw",0.552322497055285,0.00446872960275313,0.543563787033889,0.561081207076682,"inc_total"
"LU_2010","gini_between_nw",0.115872151881091,0.0034995846666325,0.109012965934492,0.122731337827691,"inc_total"
"LU_2010","gini_total_nwx",0.815334229455593,0.0030926346337611,0.809272665573421,0.821395793337764,"inc_total"
"LU_2010","gini_within_nwx",0.682553129220428,0.00351456614705378,0.675664579572202,0.689441678868653,"inc_total"
"LU_2010","gini_between_nwx",0.132781100235165,0.00365167146840539,0.125623824157091,0.13993837631324,"inc_total"
"LU_2010","d_gini_within",-0.130230632165142,0.00321972981047279,-0.136541302593669,-0.123919961736615,"inc_total"
"LU_2010","d_gini_between",-0.0169089483540736,0.00161707313132495,-0.0200784116914705,-0.0137394850166767,"inc_total"
"LU_2010","gini_share_between_nw",0.173414595351886,0.00539383318025734,0.162842682318581,0.18398650838519,"inc_total"
"LU_2010","gini_share_between_nwx",0.162851085030228,0.00422850368984209,0.154563217798138,0.171138952262319,"inc_total"
"LU_2010","d_gini_share_between",0.0105635103216573,0.00170627750550713,0.00721920641086334,0.0139078142324513,"inc_total"
"LU_2010","mld_within_nw",1.07429746746578,0.0164111291210564,1.04213165438851,1.10646328054305,"inc_total"
"LU_2010","mld_between_nw",0.187464230847389,0.00672141619420107,0.174290255106755,0.200638206588023,"inc_total"
"LU_2010","mld_within_nwx",1.07947807415251,0.0141682146250953,1.05170837348732,1.10724777481769,"inc_total"
"LU_2010","mld_between_nwx",0.195408751634148,0.00552795451812765,0.184573960778618,0.206243542489678,"inc_total"
"LU_2010","d_mld_within",-0.0051806066867282,0.00904314627794544,-0.0229051733915013,0.0125439600180449,"inc_total"
"LU_2010","d_mld_between",-0.00794452078675947,0.00252341718922737,-0.0128904184776451,-0.00299862309587382,"inc_total"
"LU_2010","mld_wtkept_nw",0.954039651727306,0.00349953112101145,0.947180570730124,0.960898732724489,"inc_total"
"LU_2010","mld_wtkept_nwx",0.904559034833127,0.0040493015373719,0.896622403819878,0.912495665846376,"inc_total"
"LU_2010","mld_ngrp_nw",3,0,3,3,"inc_total"
"LU_2010","mld_ngrp_nwx",3,0,3,3,"inc_total"
"LU_2010","I_nw",0.649639677052082,0.0136552491898592,0.622875388639958,0.676403965464206,"inc_total"
"LU_2010","I_nwx",0.619150372676458,0.0235120375488686,0.573066779080675,0.66523396627224,"inc_total"
"LU_2010","d_I",0.0304893043756247,0.0187058718888659,-0.00617420452655257,0.067152813277802,"inc_total"
"LU_2010","n_valid",947,0,947,947,"inc_total"
"LU_2010","pct_valid",1,0,1,1,"inc_total"
"SK_2010","cv2_total_nw",1.12650164143909,0.0404917701444352,1.047137771956,1.20586551092218,"inc_total"
"SK_2010","cv2_within_nw",1.04493175431496,0.0403673631579036,0.965811722525472,1.12405178610445,"inc_total"
"SK_2010","cv2_between_nw",0.0815698871241287,0.00434471587941083,0.0730542440004835,0.090085530247774,"inc_total"
"SK_2010","cv2_total_nwx",2.07321237758948,0.11322198907549,1.85129727900152,2.29512747617744,"inc_total"
"SK_2010","cv2_within_nwx",1.95410603932838,0.107401809827936,1.74359849206562,2.16461358659113,"inc_total"
"SK_2010","cv2_between_nwx",0.119106338261103,0.00862779562427028,0.102195858837533,0.136016817684673,"inc_total"
"SK_2010","d_cv2_within",-0.909174285013415,0.101856038087784,-1.10881211966547,-0.709536450361358,"inc_total"
"SK_2010","d_cv2_between",-0.0375364511369744,0.00480983561743738,-0.0469637289471517,-0.0281091733267971,"inc_total"
"SK_2010","cv2_share_between_nw",0.0724671861754928,0.00456922627779485,0.0635115026710149,0.0814228696799707,"inc_total"
"SK_2010","cv2_share_between_nwx",0.0574598979867351,0.00295373607946458,0.0516705752709845,0.0632492207024857,"inc_total"
"SK_2010","d_cv2_share_between",0.0150072881887577,0.00404814610045061,0.00707292183187449,0.0229416545456409,"inc_total"
"SK_2010","var_total_nw",6992926926.76667,257987306.380701,6487271806.2605,7498582047.27285,"inc_total"
"SK_2010","var_within_nw",6486488225.98518,253324038.734043,5989973110.06646,6983003341.90391,"inc_total"
"SK_2010","var_between_nw",506438700.781489,29451587.6829799,448713588.922848,564163812.640129,"inc_total"
"SK_2010","var_total_nwx",9330298870.87825,404651498.497693,8537181933.82277,10123415807.9337,"inc_total"
"SK_2010","var_within_nwx",8794121684.07292,380040778.267976,8049241758.66769,9539001609.47816,"inc_total"
"SK_2010","var_between_nwx",536177186.80533,37687110.3036033,462310450.610267,610043923.000392,"inc_total"
"SK_2010","var_share_between_nw",0.0724671861754928,0.00456922627779485,0.0635115026710149,0.0814228696799707,"inc_total"
"SK_2010","var_share_between_nwx",0.0574598979867351,0.00295373607946458,0.0516705752709845,0.0632492207024857,"inc_total"
"SK_2010","d_var_share_between",0.0150072881887577,0.00404814610045061,0.00707292183187451,0.0229416545456409,"inc_total"
"SK_2010","gini_total_nw",0.448725589082017,0.00194056239816554,0.444922086781612,0.452529091382421,"inc_total"
"SK_2010","gini_within_nw",0.418220415131076,0.00158110512576874,0.415121449084569,0.421319381177582,"inc_total"
"SK_2010","gini_between_nw",0.0305051739509409,0.00166590140081447,0.0272400072053445,0.0337703406965373,"inc_total"
"SK_2010","gini_total_nwx",0.573862493168853,0.00786417042977149,0.558448719126501,0.589276267211205,"inc_total"
"SK_2010","gini_within_nwx",0.543812727464587,0.00660126462054614,0.530874248808316,0.556751206120857,"inc_total"
"SK_2010","gini_between_nwx",0.0300497657042664,0.00135497205607016,0.0273940204743689,0.032705510934164,"inc_total"
"SK_2010","d_gini_within",-0.125592312333511,0.00790158817850794,-0.141079425163386,-0.110105199503635,"inc_total"
"SK_2010","d_gini_between",0.000455408246674449,0.000786770233766941,-0.00108666141150876,0.00199747790485765,"inc_total"
"SK_2010","gini_share_between_nw",0.0679759567169715,0.00353125688679997,0.0610546932188436,0.0748972202150994,"inc_total"
"SK_2010","gini_share_between_nwx",0.0523501939167264,0.00170873412852343,0.0490010750248205,0.0556993128086323,"inc_total"
"SK_2010","d_gini_share_between",0.0156257628002451,0.00199987697711154,0.0117060039251065,0.0195455216753837,"inc_total"
"SK_2010","mld_within_nw",0.4340368098521,0.00570764580919222,0.422849824066083,0.445223795638117,"inc_total"
"SK_2010","mld_between_nw",0.0375222262237908,0.0019298901282757,0.0337396415723704,0.0413048108752112,"inc_total"
"SK_2010","mld_within_nwx",0.470299566610812,0.00787690741365995,0.454860828080038,0.485738305141585,"inc_total"
"SK_2010","mld_between_nwx",0.0371217591189208,0.00170973494614456,0.0337706786244775,0.0404728396133642,"inc_total"
"SK_2010","d_mld_within",-0.0362627567587117,0.00469105150421388,-0.0454572177069709,-0.0270682958104525,"inc_total"
"SK_2010","d_mld_between",0.000400467104869956,0.000896309726998945,-0.00135629996004798,0.00215723416978789,"inc_total"
"SK_2010","mld_wtkept_nw",0.982631802355697,0.000514674374687498,0.98162304058131,0.983640564130084,"inc_total"
"SK_2010","mld_wtkept_nwx",0.942777359128638,0.00133750751752108,0.940155844394297,0.94539887386298,"inc_total"
"SK_2010","mld_ngrp_nw",3,0,3,3,"inc_total"
"SK_2010","mld_ngrp_nwx",3,0,3,3,"inc_total"
"SK_2010","I_nw",0.441752493020704,0.00462135363971924,0.432694639886854,0.450810346154553,"inc_total"
"SK_2010","I_nwx",0.428867533855308,0.0066625087173286,0.415809016769344,0.441926050941272,"inc_total"
"SK_2010","d_I",0.0128849591653955,0.00397527161162702,0.00509342680660655,0.0206764915241845,"inc_total"
"SK_2010","n_valid",2036,0,2036,2036,"inc_total"
"SK_2010","pct_valid",1,0,1,1,"inc_total"
"SI_2014","cv2_total_nw",9.35682977968914,3.07682535924753,3.32625207556398,15.3874074838143,"inc_total"
"SI_2014","cv2_within_nw",9.14691847261515,3.09418483314496,3.08231619965103,15.2115207455793,"inc_total"
"SI_2014","cv2_between_nw",0.209911307073992,0.0268481089666,0.157289013499456,0.262533600648528,"inc_total"
"SI_2014","cv2_total_nwx",14.3474660062586,4.03827707423865,6.4324429407508,22.2624890717663,"inc_total"
"SI_2014","cv2_within_nwx",14.1093286390492,4.06414857430207,6.14359743341712,22.0750598446812,"inc_total"
"SI_2014","cv2_between_nwx",0.238137367209383,0.037590564685811,0.164459860425194,0.311814873993573,"inc_total"
"SI_2014","d_cv2_within",-4.96241016643403,0.982861530023882,-6.88881876528084,-3.03600156758722,"inc_total"
"SI_2014","d_cv2_between",-0.0282260601353915,0.0112093304845962,-0.0501963478852001,-0.00625577238558285,"inc_total"
"SI_2014","cv2_share_between_nw",0.0244186680405536,0.00942892790213793,0.00593796935236324,0.0428993667287439,"inc_total"
"SI_2014","cv2_share_between_nwx",0.0177950715170153,0.00668051874840094,0.00470125477014943,0.0308888882638811,"inc_total"
"SI_2014","d_cv2_share_between",0.0066235965235383,0.00278036778269793,0.00117407566945037,0.0120731173776262,"inc_total"
"SI_2014","var_total_nw",180098365607.446,84189794233.708,15086368909.3781,345110362305.513,"inc_total"
"SI_2014","var_within_nw",176200600953.411,84009749730.1338,11541491482.349,340859710424.474,"inc_total"
"SI_2014","var_between_nw",3897764654.03456,457675073.662564,3000721509.65594,4794807798.41319,"inc_total"
"SI_2014","var_total_nwx",181584493310.11,81932552893.9459,20996689637.9763,342172296982.244,"inc_total"
"SI_2014","var_within_nwx",178695213525.155,81795842873.0025,18375361494.0695,339015065556.24,"inc_total"
"SI_2014","var_between_nwx",2889279784.95574,389768344.589556,2125333829.56021,3653225740.35127,"inc_total"
"SI_2014","var_share_between_nw",0.0244186680405536,0.00942892790213793,0.00593796935236324,0.0428993667287439,"inc_total"
"SI_2014","var_share_between_nwx",0.0177950715170153,0.00668051874840095,0.00470125477014942,0.0308888882638811,"inc_total"
"SI_2014","d_var_share_between",0.00662359652353831,0.00278036778269793,0.00117407566945037,0.0120731173776262,"inc_total"
"SI_2014","gini_total_nw",0.629711938969838,0.0217276103594146,0.587125822665386,0.672298055274291,"inc_total"
"SI_2014","gini_within_nw",0.567861684225139,0.0251516323896924,0.518564484741342,0.617158883708936,"inc_total"
"SI_2014","gini_between_nw",0.0618502547446994,0.00628973719357666,0.0495223698452892,0.0741781396441097,"inc_total"
"SI_2014","gini_total_nwx",0.815040452620823,0.012423951401819,0.790689507873258,0.839391397368389,"inc_total"
"SI_2014","gini_within_nwx",0.744115507235977,0.0184198471962145,0.708012606731397,0.780218407740557,"inc_total"
"SI_2014","gini_between_nwx",0.0709249453848465,0.00883029865880994,0.053617560013579,0.088232330756114,"inc_total"
"SI_2014","d_gini_within",-0.176253823010838,0.00838478018032277,-0.192687992164271,-0.159819653857406,"inc_total"
"SI_2014","d_gini_between",-0.00907469064014705,0.00278477553718135,-0.0145328506930225,-0.0036165305872716,"inc_total"
"SI_2014","gini_share_between_nw",0.0983956184720566,0.01172069911702,0.0754230482026974,0.121368188741416,"inc_total"
"SI_2014","gini_share_between_nwx",0.0870867036148941,0.011468899096177,0.0646076613863871,0.109565745843401,"inc_total"
"SI_2014","d_gini_share_between",0.0113089148571625,0.00103909453622943,0.00927228956615279,0.0133455401481722,"inc_total"
"SI_2014","mld_within_nw",0.941170701699899,0.059033123340981,0.825465779951577,1.05687562344822,"inc_total"
"SI_2014","mld_between_nw",0.0926176464988581,0.0110313980918052,0.0709961062389198,0.114239186758796,"inc_total"
"SI_2014","mld_within_nwx",1.00691464759141,0.0700542387092845,0.869608339721217,1.14422095546161,"inc_total"
"SI_2014","mld_between_nwx",0.0985255209944485,0.0136311460555662,0.0718084747255388,0.125242567263358,"inc_total"
"SI_2014","d_mld_within",-0.0657439458915151,0.0114134910941545,-0.0881143884360579,-0.0433735033469724,"inc_total"
"SI_2014","d_mld_between",-0.00590787449559043,0.00299201507012031,-0.0117722240330262,-4.35249581546256e-05,"inc_total"
"SI_2014","mld_wtkept_nw",0.942570873037265,0.000825640211417198,0.940952618222888,0.944189127851643,"inc_total"
"SI_2014","mld_wtkept_nwx",0.86976357156895,0.0012590136352039,0.867295904843951,0.87223123829395,"inc_total"
"SI_2014","mld_ngrp_nw",3,0,3,3,"inc_total"
"SI_2014","mld_ngrp_nwx",3,0,3,3,"inc_total"
"SI_2014","I_nw",0.5120136701742,0.00530166662396222,0.501622403591234,0.522404936757166,"inc_total"
"SI_2014","I_nwx",0.41734473855205,0.00684222709409086,0.403933973447631,0.430755503656468,"inc_total"
"SI_2014","d_I",0.0946689316221501,0.00334340083633717,0.0881158659829293,0.101221997261371,"inc_total"
"SI_2014","n_valid",2518,0,2518,2518,"inc_total"
"SI_2014","pct_valid",1,0,1,1,"inc_total"
"ES_2011","cv2_total_nw",7.87621314782011,0.442427794024808,7.00905467153148,8.74337162410873,"inc_total"
"ES_2011","cv2_within_nw",7.60930129301418,0.441420659686624,6.7441168000284,8.47448578599996,"inc_total"
"ES_2011","cv2_between_nw",0.266911854805924,0.00298537565760104,0.261060518517026,0.272763191094822,"inc_total"
"ES_2011","cv2_total_nwx",23.7273637386971,1.98878496169016,19.8293452137844,27.6253822636098,"inc_total"
"ES_2011","cv2_within_nwx",23.4776099257515,1.9877157622955,19.5816870316523,27.3735328198507,"inc_total"
"ES_2011","cv2_between_nwx",0.249753812945572,0.014688513881869,0.220964325737108,0.278543300154035,"inc_total"
"ES_2011","d_cv2_within",-15.8683086327373,2.14324709870057,-20.0690729461904,-11.6675443192842,"inc_total"
"ES_2011","d_cv2_between",0.0171580418603525,0.0142763006613886,-0.0108235074359691,0.0451395911566741,"inc_total"
"ES_2011","cv2_share_between_nw",0.0339536209367326,0.00177936180079653,0.0304660718071714,0.0374411700662938,"inc_total"
"ES_2011","cv2_share_between_nwx",0.0105714624919785,0.00103083746953535,0.00855102105168924,0.0125919039322678,"inc_total"
"ES_2011","d_cv2_share_between",0.0233821584447541,0.00168661087251143,0.0200764011346317,0.0266879157548765,"inc_total"
"ES_2011","var_total_nw",511741067753.663,28915984558.7925,455065738018.43,568416397488.896,"inc_total"
"ES_2011","var_within_nw",494397251163.913,28792087473.5312,437964759715.792,550829742612.034,"inc_total"
"ES_2011","var_between_nw",17343816589.7498,381646368.719914,16595789707.0587,18091843472.4408,"inc_total"
"ES_2011","var_total_nwx",695517273032.13,31832100972.3155,633126355126.392,757908190937.869,"inc_total"
"ES_2011","var_within_nwx",688178102472.416,31950036077.3084,625556031760.892,750800173183.941,"inc_total"
"ES_2011","var_between_nwx",7339170559.7139,583032327.165768,6196427198.46899,8481913920.9588,"inc_total"
"ES_2011","var_share_between_nw",0.0339536209367326,0.00177936180079653,0.0304660718071714,0.0374411700662938,"inc_total"
"ES_2011","var_share_between_nwx",0.0105714624919785,0.00103083746953535,0.00855102105168924,0.0125919039322678,"inc_total"
"ES_2011","d_var_share_between",0.0233821584447541,0.00168661087251143,0.0200764011346317,0.0266879157548765,"inc_total"
"ES_2011","gini_total_nw",0.594794378889175,0.00299242566564279,0.588929224584515,0.600659533193835,"inc_total"
"ES_2011","gini_within_nw",0.518365684082987,0.00298247333014318,0.512520036355906,0.524211331810068,"inc_total"
"ES_2011","gini_between_nw",0.0764286948061882,0.000684843775863284,0.0750864010054962,0.0777709886068803,"inc_total"
"ES_2011","gini_total_nwx",0.960426787148878,0.0379377132526061,0.886068869173769,1.03478470512399,"inc_total"
"ES_2011","gini_within_nwx",0.851451966257048,0.0367874330021893,0.779348597572757,0.923555334941339,"inc_total"
"ES_2011","gini_between_nwx",0.108974820891829,0.00214395807591551,0.104772663063035,0.113176978720624,"inc_total"
"ES_2011","d_gini_within",-0.333086282174061,0.0376585660301993,-0.406897071593252,-0.259275492754871,"inc_total"
"ES_2011","d_gini_between",-0.0325461260856411,0.00247498795610546,-0.0373971024796078,-0.0276951496916744,"inc_total"
"ES_2011","gini_share_between_nw",0.128497654457171,0.00124561455015452,0.126056249938868,0.130939058975474,"inc_total"
"ES_2011","gini_share_between_nwx",0.113546844181584,0.00358027030322221,0.106529514387269,0.1205641739759,"inc_total"
"ES_2011","d_gini_share_between",0.0149508102755866,0.00301941375701365,0.00903275931183989,0.0208688612393334,"inc_total"
"ES_2011","mld_within_nw",0.733335987679454,0.00827662008299511,0.717113812316783,0.749558163042124,"inc_total"
"ES_2011","mld_between_nw",0.11970984344375,0.000989746571954103,0.11776994016272,0.12164974672478,"inc_total"
"ES_2011","mld_within_nwx",0.75161917905512,0.00867853745562622,0.734609245642093,0.768629112468147,"inc_total"
"ES_2011","mld_between_nwx",0.119245917921752,0.00216737760264396,0.11499785782057,0.123493978022934,"inc_total"
"ES_2011","d_mld_within",-0.0182831913756664,0.00269133108100918,-0.0235582002944444,-0.0130081824568884,"inc_total"
"ES_2011","d_mld_between",0.000463925521997732,0.00130465265508268,-0.00209319368196431,0.00302104472595978,"inc_total"
"ES_2011","mld_wtkept_nw",0.960463549830096,0.00223628180632105,0.956080437489706,0.964846662170485,"inc_total"
"ES_2011","mld_wtkept_nwx",0.886643079823262,0.00173471396461564,0.883243040452615,0.890043119193908,"inc_total"
"ES_2011","mld_ngrp_nw",3,0,3,3,"inc_total"
"ES_2011","mld_ngrp_nwx",3,0,3,3,"inc_total"
"ES_2011","I_nw",0.530748515712693,0.00929053400420707,0.512539069064447,0.548957962360939,"inc_total"
"ES_2011","I_nwx",0.451759175842786,0.0107808755726499,0.430628659720392,0.47288969196518,"inc_total"
"ES_2011","d_I",0.0789893398699069,0.00333938561076109,0.0724441440728152,0.0855345356669987,"inc_total"
"ES_2011","n_valid",5704.8,4.05462698654266,5696.85293110638,5712.74706889362,"inc_total"
"ES_2011","pct_valid",0.93536645351697,0.000664801932536938,0.934063441729198,0.936669465304742,"inc_total"
"US_2013","cv2_total_nw",66.9992270293216,1.73578926047406,63.5970800787924,70.4013739798508,"inc_total"
"US_2013","cv2_within_nw",65.9111115540829,1.73690667569442,62.5067744697218,69.3154486384439,"inc_total"
"US_2013","cv2_between_nw",1.08811547523873,0.00329138001851837,1.08166437040243,1.09456658007503,"inc_total"
"US_2013","cv2_total_nwx",109.938143955505,3.74738210278787,102.59327503404,117.283012876969,"inc_total"
"US_2013","cv2_within_nwx",108.692708170106,3.74582317879096,101.350894739676,116.034521600536,"inc_total"
"US_2013","cv2_between_nwx",1.24543578539852,0.00934965022849621,1.22711047095067,1.26376109984638,"inc_total"
"US_2013","d_cv2_within",-42.7815966160232,2.10951233141617,-46.9162407855989,-38.6469524464475,"inc_total"
"US_2013","d_cv2_between",-0.157320310159795,0.00864593283183426,-0.17426633851019,-0.1403742818094,"inc_total"
"US_2013","cv2_share_between_nw",0.0162483727550739,0.000445525648268759,0.0153751424844672,0.0171216030256807,"inc_total"
"US_2013","cv2_share_between_nwx",0.0113371252304087,0.000387196429834445,0.0105782202279332,0.0120960302328842,"inc_total"
"US_2013","d_cv2_share_between",0.00491124752466522,0.000119811765380239,0.00467641646451995,0.00514607858481048,"inc_total"
"US_2013","var_total_nw",12248948694824.3,204891258234.865,11847361828684,12650535560964.7,"inc_total"
"US_2013","var_within_nw",12049952128254.6,204158230700.153,11649801996082.3,12450102260426.9,"inc_total"
"US_2013","var_between_nw",198996566569.746,4833378286.74968,189523145127.717,208469988011.776,"inc_total"
"US_2013","var_total_nwx",12168648174092.8,227980948495.169,11721805515042.3,12615490833143.3,"inc_total"
"US_2013","var_within_nwx",12030726134861.7,228190518988.204,11583472717644.8,12477979552078.5,"inc_total"
"US_2013","var_between_nwx",137922039231.148,3741198052.95199,130589291047.362,145254787414.934,"inc_total"
"US_2013","var_share_between_nw",0.0162483727550739,0.000445525648268758,0.0153751424844672,0.0171216030256807,"inc_total"
"US_2013","var_share_between_nwx",0.0113371252304087,0.000387196429834445,0.0105782202279332,0.0120960302328842,"inc_total"
"US_2013","d_var_share_between",0.00491124752466522,0.000119811765380239,0.00467641646451995,0.00514607858481049,"inc_total"
"US_2013","gini_total_nw",0.874919314037775,0.000610421450448234,0.873722887994896,0.876115740080653,"inc_total"
"US_2013","gini_within_nw",0.612182667082921,0.00101519981613035,0.610192875443306,0.614172458722537,"inc_total"
"US_2013","gini_between_nw",0.262736646954853,0.00126874815933035,0.260249900562566,0.265223393347141,"inc_total"
"US_2013","gini_total_nwx",1.0823213436099,0.0103080922245113,1.06211748284986,1.10252520436995,"inc_total"
"US_2013","gini_within_nwx",0.788627684336353,0.00938160050007104,0.770239747356214,0.807015621316493,"inc_total"
"US_2013","gini_between_nwx",0.29369365927355,0.00254868620984527,0.288698234302253,0.298689084244846,"inc_total"
"US_2013","d_gini_within",-0.176445017253432,0.00856199671335029,-0.193226530811599,-0.159663503695266,"inc_total"
"US_2013","d_gini_between",-0.0309570123186963,0.00225968381748445,-0.0353859926009658,-0.0265280320364267,"inc_total"
"US_2013","gini_share_between_nw",0.300297827910437,0.00133152394779594,0.297688040972757,0.302907614848117,"inc_total"
"US_2013","gini_share_between_nwx",0.27136467535725,0.00253903704098228,0.266388162756925,0.276341187957575,"inc_total"
"US_2013","d_gini_share_between",0.0289331525531867,0.00155384659327879,0.0258876132303603,0.0319786918760132,"inc_total"
"US_2013","mld_within_nw",1.46494912490652,0.0045201770562842,1.45608957787621,1.47380867193684,"inc_total"
"US_2013","mld_between_nw",0.519993988118625,0.00325638095829484,0.513611481440367,0.526376494796883,"inc_total"
"US_2013","mld_within_nwx",1.51107687844419,0.00452196719050836,1.50221382275079,1.51993993413758,"inc_total"
"US_2013","mld_between_nwx",0.5254279778767,0.00352288008955832,0.518523132901166,0.532332822852235,"inc_total"
"US_2013","d_mld_within",-0.0461277535376617,0.00322878129083855,-0.0524561648677053,-0.0397993422076182,"inc_total"
"US_2013","d_mld_between",-0.00543398975807496,0.00128898648965343,-0.0079604032777957,-0.00290757623835423,"inc_total"
"US_2013","mld_wtkept_nw",0.845191413978578,0.00060390699600349,0.844007756266412,0.846375071690745,"inc_total"
"US_2013","mld_wtkept_nwx",0.773306069727113,0.0015172593038589,0.770332241491549,0.776279897962676,"inc_total"
"US_2013","mld_ngrp_nw",3,0,3,3,"inc_total"
"US_2013","mld_ngrp_nwx",3,0,3,3,"inc_total"
"US_2013","I_nw",0.593456133679824,0.00368391015888891,0.586235669768401,0.600676597591246,"inc_total"
"US_2013","I_nwx",0.529953030629136,0.00498417495066256,0.520184047725837,0.539722013532434,"inc_total"
"US_2013","d_I",0.0635031030506879,0.00206338727486094,0.0594588639919605,0.0675473421094154,"inc_total"
"US_2013","n_valid",5944,0,5944,5944,"inc_total"
"US_2013","pct_valid",0.995644891122278,0,0.995644891122278,0.995644891122278,"inc_total"
"AT_2011","cv2_total_nw",9.04873586214553,4.12829804156146,0.957271700685068,17.140200023606,"educ"
"AT_2011","cv2_within_nw",9.02042606414388,4.11516264821595,0.954707273640627,17.0861448546471,"educ"
"AT_2011","cv2_between_nw",0.0283097980016418,0.0158233526020181,-0.00270397309831377,0.0593235691015973,"educ"
"AT_2011","cv2_total_nwx",87.4374179392328,31.7307599075844,25.2451285203673,149.629707358098,"educ"
"AT_2011","cv2_within_nwx",87.3492373653245,31.7841846841225,25.0522353844444,149.646239346205,"educ"
"AT_2011","cv2_between_nwx",0.0881805739082913,0.0794187525627176,-0.0674801811146352,0.243841328931218,"educ"
"AT_2011","d_cv2_within",-78.3288113011806,30.6567680748334,-138.416076727854,-18.2415458745071,"educ"
"AT_2011","d_cv2_between",-0.0598707759066495,0.0757712419969571,-0.208382410220685,0.0886408584073864,"educ"
"AT_2011","cv2_share_between_nw",0.00312034485260289,0.00113292459999211,0.000899812636618356,0.00534087706858742,"educ"
"AT_2011","cv2_share_between_nwx",0.00129259630114006,0.00153532157207855,-0.00171663398013389,0.00430182658241401,"educ"
"AT_2011","d_cv2_share_between",0.00182774855146283,0.000909072422456076,4.59666034489188e-05,0.00360953049947674,"educ"
"AT_2011","var_total_nw",712814007773.925,617989952810.588,-498446299734.827,1924074315282.68,"educ"
"AT_2011","var_within_nw",710571281776.106,616052943587.468,-496892487655.331,1918035051207.54,"educ"
"AT_2011","var_between_nw",2242725997.81905,2016694512.53199,-1709995246.74365,6195447242.38174,"educ"
"AT_2011","var_total_nwx",929410586074.143,740473349635.222,-521917179210.892,2380738351359.18,"educ"
"AT_2011","var_within_nwx",928445507629.959,740513057433.445,-522960084939.593,2379851100199.51,"educ"
"AT_2011","var_between_nwx",965078444.18396,1102917858.22617,-1196640557.93933,3126797446.30725,"educ"
"AT_2011","var_share_between_nw",0.00312034485260289,0.00113292459999211,0.000899812636618356,0.00534087706858742,"educ"
"AT_2011","var_share_between_nwx",0.00129259630114006,0.00153532157207855,-0.00171663398013389,0.00430182658241401,"educ"
"AT_2011","d_var_share_between",0.00182774855146283,0.000909072422456076,4.59666034489203e-05,0.00360953049947674,"educ"
"AT_2011","gini_total_nw",0.762501926258024,0.0387327702334377,0.686585696600487,0.838418155915562,"educ"
"AT_2011","gini_within_nw",0.755245091610871,0.0366200922561239,0.683469710788868,0.827020472432874,"educ"
"AT_2011","gini_between_nw",0.00725683464715321,0.00270386525778104,0.00195725874190238,0.012556410552404,"educ"
"AT_2011","gini_total_nwx",2.38779106189922,0.411749274480308,1.58076248391781,3.19481963988062,"educ"
"AT_2011","gini_within_nwx",2.37341068759164,0.41381096060763,1.56234120480068,3.18448017038259,"educ"
"AT_2011","gini_between_nwx",0.0143803743075769,0.0106955718883802,-0.0065829465936483,0.0353436952088022,"educ"
"AT_2011","d_gini_within",-1.61816559598077,0.41480213197133,-2.43117777464457,-0.80515341731696,"educ"
"AT_2011","d_gini_between",-0.00712353966042374,0.00857749146088527,-0.0239354229237589,0.00968834360291139,"educ"
"AT_2011","gini_share_between_nw",0.00944090890508074,0.00312831375374658,0.00330941394773743,0.015572403862424,"educ"
"AT_2011","gini_share_between_nwx",0.00620690404032772,0.00461213519756442,-0.00283288094689855,0.015246689027554,"educ"
"AT_2011","d_gini_share_between",0.00323400486475301,0.00259309570141253,-0.00184846271001555,0.00831647243952157,"educ"
"AT_2011","mld_within_nw",1.57308085093981,0.144367526477725,1.29012049904347,1.85604120283615,"educ"
"AT_2011","mld_between_nw",0.00944384654754085,0.00561744164640135,-0.0015663390794058,0.0204540321744875,"educ"
"AT_2011","mld_within_nwx",1.72832863790005,0.202244123818231,1.33193015521631,2.12472712058378,"educ"
"AT_2011","mld_between_nwx",0.0122414398597476,0.00779147497688655,-0.00302985109495009,0.0275127308144452,"educ"
"AT_2011","d_mld_within",-0.155247786960237,0.0579442672863267,-0.268818550841437,-0.0416770230790362,"educ"
"AT_2011","d_mld_between",-0.00279759331220671,0.00273358347972686,-0.00815541693247135,0.00256023030805794,"educ"
"AT_2011","mld_wtkept_nw",0.941227239456885,0.00651415977230794,0.928459486303161,0.953994992610608,"educ"
"AT_2011","mld_wtkept_nwx",0.776693958649479,0.0103560370712082,0.756396125989911,0.796991791309047,"educ"
"AT_2011","mld_ngrp_nw",2,0,2,2,"educ"
"AT_2011","mld_ngrp_nwx",2,0,2,2,"educ"
"AT_2011","I_nw",0.203432054657449,0.00702958017958306,0.189654077505466,0.217210031809432,"educ"
"AT_2011","I_nwx",0.106952991812248,0.0195268938033899,0.0686802799576042,0.145225703666893,"educ"
"AT_2011","d_I",0.0964790628452004,0.0179589939199778,0.0612794347620438,0.131678690928357,"educ"
"AT_2011","n_valid",2337,0,2337,2337,"educ"
"AT_2011","pct_valid",1,0,1,1,"educ"
"EE_2013","cv2_total_nw",13.7314184393759,0.467283400063527,12.8155429752513,14.6472939035004,"educ"
"EE_2013","cv2_within_nw",13.6729279899148,0.465408265705917,12.7607277891312,14.5851281906984,"educ"
"EE_2013","cv2_between_nw",0.0584904494610741,0.00684391832840186,0.0450763695374065,0.0719045293847417,"educ"
"EE_2013","cv2_total_nwx",26.363208610216,1.0174006215417,24.3691033919943,28.3573138284378,"educ"
"EE_2013","cv2_within_nwx",26.3392425559064,1.01757577219881,24.3447940423967,28.333691069416,"educ"
"EE_2013","cv2_between_nwx",0.0239660543096489,0.00543915359994997,0.013305313253747,0.0346267953655509,"educ"
"EE_2013","d_cv2_within",-12.6663145659916,0.579668725247477,-13.8024652674767,-11.5301638645065,"educ"
"EE_2013","d_cv2_between",0.0345243951514252,0.00146740968419338,0.0316482721704061,0.0374005181324442,"educ"
"EE_2013","cv2_share_between_nw",0.00425991981078587,0.00048898081914396,0.00330151740526371,0.00521832221630803,"educ"
"EE_2013","cv2_share_between_nwx",0.000910296214383459,0.00021401774731417,0.000490821429647687,0.00132977099911923,"educ"
"EE_2013","d_cv2_share_between",0.00334962359640241,0.000275821273196616,0.00280901390093704,0.00389023329186777,"educ"
"EE_2013","var_total_nw",128924277337.286,2899277097.78087,123241694225.635,134606860448.936,"educ"
"EE_2013","var_within_nw",128374458379.693,2847396155.88959,122793561914.149,133955354845.236,"educ"
"EE_2013","var_between_nw",549818957.592651,70688925.2346895,411268664.13266,688369251.052643,"educ"
"EE_2013","var_total_nwx",160372798997.57,2795042708.63069,154894515288.654,165851082706.487,"educ"
"EE_2013","var_within_nwx",160226592777.006,2774001809.34707,154789549230.686,165663636323.327,"educ"
"EE_2013","var_between_nwx",146206220.564092,35381300.0830373,76858872.4013389,215553568.726845,"educ"
"EE_2013","var_share_between_nw",0.00425991981078587,0.00048898081914396,0.00330151740526371,0.00521832221630803,"educ"
"EE_2013","var_share_between_nwx",0.000910296214383459,0.000214017747314169,0.000490821429647687,0.00132977099911923,"educ"
"EE_2013","d_var_share_between",0.00334962359640241,0.000275821273196616,0.00280901390093704,0.00389023329186777,"educ"
"EE_2013","gini_total_nw",0.690164572112359,0.00409472454700778,0.682138912000223,0.698190232224494,"educ"
"EE_2013","gini_within_nw",0.67091497072589,0.00303602670263049,0.664964358388734,0.676865583063046,"educ"
"EE_2013","gini_between_nw",0.0192496013864684,0.00160652182164544,0.0161008186160434,0.0223983841568935,"educ"
"EE_2013","gini_total_nwx",0.917556479719808,0.00238805809484381,0.912875885853914,0.922237073585702,"educ"
"EE_2013","gini_within_nwx",0.890228166541027,0.00324109223313131,0.88387562576409,0.896580707317965,"educ"
"EE_2013","gini_between_nwx",0.027328313178781,0.00203833254868703,0.0233331813833544,0.0313234449742075,"educ"
"EE_2013","d_gini_within",-0.219313195815137,0.0058491925645079,-0.230777613241573,-0.207848778388702,"educ"
"EE_2013","d_gini_between",-0.00807871179231254,0.00068579361204279,-0.00942286727191641,-0.00673455631270867,"educ"
"EE_2013","gini_share_between_nw",0.0278848827004273,0.00221054979782062,0.0235522050966989,0.0322175603041557,"educ"
"EE_2013","gini_share_between_nwx",0.0297841882354654,0.00222798623838374,0.0254173352082333,0.0341510412626976,"educ"
"EE_2013","d_gini_share_between",-0.00189930553503815,0.000515103513526394,-0.00290890842154988,-0.000889702648526417,"educ"
"EE_2013","mld_within_nw",1.24932250363478,0.0157905488863899,1.21837302781746,1.28027197945211,"educ"
"EE_2013","mld_between_nw",0.0241740226127705,0.00312141416947981,0.0180560508405901,0.030291994384951,"educ"
"EE_2013","mld_within_nwx",1.29172803566333,0.0154710193144073,1.26140483780709,1.32205123351957,"educ"
"EE_2013","mld_between_nwx",0.0216746652418405,0.00286500960911895,0.0160592464079674,0.0272900840757137,"educ"
"EE_2013","d_mld_within",-0.0424055320285492,0.000605591345261886,-0.0435924910652625,-0.0412185729918359,"educ"
"EE_2013","d_mld_between",0.00249935737093005,0.000677242722855807,0.00117196163413266,0.00382675310772743,"educ"
"EE_2013","mld_wtkept_nw",0.951276160077149,0.000888171167785936,0.949535344588288,0.953016975566009,"educ"
"EE_2013","mld_wtkept_nwx",0.897861482630058,0.00180970291422073,0.894314464918185,0.90140850034193,"educ"
"EE_2013","mld_ngrp_nw",2,0,2,2,"educ"
"EE_2013","mld_ngrp_nwx",2,0,2,2,"educ"
"EE_2013","I_nw",0.285929717628427,0.00794800399713192,0.270351629794049,0.301507805462806,"educ"
"EE_2013","I_nwx",0.250208484323677,0.0101953459747275,0.230225606213211,0.270191362434143,"educ"
"EE_2013","d_I",0.0357212333047504,0.00291816942548239,0.0300016212308049,0.0414408453786959,"educ"
"EE_2013","n_valid",2205,0,2205,2205,"educ"
"EE_2013","pct_valid",1,0,1,1,"educ"
"FR_2009","cv2_total_nw",13.9530420644692,NA,NA,NA,"educ"
"FR_2009","cv2_within_nw",13.8821694517108,NA,NA,NA,"educ"
"FR_2009","cv2_between_nw",0.0708726127583885,NA,NA,NA,"educ"
"FR_2009","cv2_total_nwx",26.2975770828909,NA,NA,NA,"educ"
"FR_2009","cv2_within_nwx",26.2192689155661,NA,NA,NA,"educ"
"FR_2009","cv2_between_nwx",0.0783081673247966,NA,NA,NA,"educ"
"FR_2009","d_cv2_within",-12.3370994638553,NA,NA,NA,"educ"
"FR_2009","d_cv2_between",-0.00743555456640818,NA,NA,NA,"educ"
"FR_2009","cv2_share_between_nw",0.00507936637981351,NA,NA,NA,"educ"
"FR_2009","cv2_share_between_nwx",0.00297777118697919,NA,NA,NA,"educ"
"FR_2009","d_cv2_share_between",0.00210159519283432,NA,NA,NA,"educ"
"FR_2009","var_total_nw",631389381071.739,NA,NA,NA,"educ"
"FR_2009","var_within_nw",628182323076.952,NA,NA,NA,"educ"
"FR_2009","var_between_nw",3207057994.78705,NA,NA,NA,"educ"
"FR_2009","var_total_nwx",903939244603.991,NA,NA,NA,"educ"
"FR_2009","var_within_nwx",901247520366.629,NA,NA,NA,"educ"
"FR_2009","var_between_nwx",2691724237.36149,NA,NA,NA,"educ"
"FR_2009","var_share_between_nw",0.00507936637981351,NA,NA,NA,"educ"
"FR_2009","var_share_between_nwx",0.00297777118697919,NA,NA,NA,"educ"
"FR_2009","d_var_share_between",0.00210159519283432,NA,NA,NA,"educ"
"FR_2009","gini_total_nw",0.672332772081831,NA,NA,NA,"educ"
"FR_2009","gini_within_nw",0.653781149628312,NA,NA,NA,"educ"
"FR_2009","gini_between_nw",0.0185516224535189,NA,NA,NA,"educ"
"FR_2009","gini_total_nwx",0.810768248845173,NA,NA,NA,"educ"
"FR_2009","gini_within_nwx",0.793940420771222,NA,NA,NA,"educ"
"FR_2009","gini_between_nwx",0.0168278280739509,NA,NA,NA,"educ"
"FR_2009","d_gini_within",-0.14015927114291,NA,NA,NA,"educ"
"FR_2009","d_gini_between",0.00172379437956804,NA,NA,NA,"educ"
"FR_2009","gini_share_between_nw",0.0275929171146531,NA,NA,NA,"educ"
"FR_2009","gini_share_between_nwx",0.0207554108068734,NA,NA,NA,"educ"
"FR_2009","d_gini_share_between",0.00683750630777977,NA,NA,NA,"educ"
"FR_2009","mld_within_nw",1.32258418761304,NA,NA,NA,"educ"
"FR_2009","mld_between_nw",0.0308908537396853,NA,NA,NA,"educ"
"FR_2009","mld_within_nwx",1.31559210584553,NA,NA,NA,"educ"
"FR_2009","mld_between_nwx",0.0279359736104487,NA,NA,NA,"educ"
"FR_2009","d_mld_within",0.00699208176751287,NA,NA,NA,"educ"
"FR_2009","d_mld_between",0.00295488012923655,NA,NA,NA,"educ"
"FR_2009","mld_wtkept_nw",0.971927914497887,NA,NA,NA,"educ"
"FR_2009","mld_wtkept_nwx",0.943709494551417,NA,NA,NA,"educ"
"FR_2009","mld_ngrp_nw",2,NA,NA,NA,"educ"
"FR_2009","mld_ngrp_nwx",2,NA,NA,NA,"educ"
"FR_2009","I_nw",0.199399171949144,NA,NA,NA,"educ"
"FR_2009","I_nwx",0.182548555883017,NA,NA,NA,"educ"
"FR_2009","d_I",0.0168506160661271,NA,NA,NA,"educ"
"FR_2009","n_valid",14929,NA,NA,NA,"educ"
"FR_2009","pct_valid",1,NA,NA,NA,"educ"
"GR_2009","cv2_total_nw",1.60951119255346,0.064475426687921,1.48313935624513,1.73588302886178,"educ"
"GR_2009","cv2_within_nw",1.57406751525085,0.0636814687965286,1.44925183640966,1.69888319409205,"educ"
"GR_2009","cv2_between_nw",0.0354436773026051,0.00134526783247818,0.0328069523509478,0.0380804022542623,"educ"
"GR_2009","cv2_total_nwx",7.18535774017502,1.45016788275532,4.34302868997459,10.0276867903754,"educ"
"GR_2009","cv2_within_nwx",7.17030599646749,1.45705435590902,4.31447945888582,10.0261325340492,"educ"
"GR_2009","cv2_between_nwx",0.0150517437075309,0.00896311121427798,-0.00251595427245393,0.0326194416875158,"educ"
"GR_2009","d_cv2_within",-5.59623848121663,1.43091182105302,-8.40082565048055,-2.79165131195271,"educ"
"GR_2009","d_cv2_between",0.0203919335950742,0.00934748518441897,0.00207086263361298,0.0387130045565354,"educ"
"GR_2009","cv2_share_between_nw",0.0220312289807198,0.000773230746071525,0.0205156967184196,0.02354676124302,"educ"
"GR_2009","cv2_share_between_nwx",0.00228498864504326,0.00165907418940083,-0.000966796766182374,0.00553677405626889,"educ"
"GR_2009","d_cv2_share_between",0.0197462403356765,0.00156096861305434,0.01668674185409,0.022805738817263,"educ"
"GR_2009","var_total_nw",35355006910.2655,1772293035.29747,31881312561.0825,38828701259.4486,"educ"
"GR_2009","var_within_nw",34576568747.1226,1748257604.48789,31149983842.3263,38003153651.9189,"educ"
"GR_2009","var_between_nw",778438163.142935,33374512.7226582,713024118.206525,843852208.079346,"educ"
"GR_2009","var_total_nwx",69771258394.6705,12014817611.6656,46222215875.806,93320300913.535,"educ"
"GR_2009","var_within_nwx",69623757798.4638,12089151466.2522,45929020924.6095,93318494672.3181,"educ"
"GR_2009","var_between_nwx",147500596.206742,88810105.7763912,-26567211.1149847,321568403.528469,"educ"
"GR_2009","var_share_between_nw",0.0220312289807198,0.000773230746071525,0.0205156967184196,0.02354676124302,"educ"
"GR_2009","var_share_between_nwx",0.00228498864504326,0.00165907418940083,-0.000966796766182374,0.00553677405626889,"educ"
"GR_2009","d_var_share_between",0.0197462403356765,0.00156096861305434,0.01668674185409,0.022805738817263,"educ"
"GR_2009","gini_total_nw",0.556301093408145,0.00277771124242536,0.550856779372991,0.561745407443299,"educ"
"GR_2009","gini_within_nw",0.543617122556358,0.00269412835497652,0.538336630980604,0.548897614132112,"educ"
"GR_2009","gini_between_nw",0.0126839708517875,0.000303580638966893,0.0120889527994123,0.0132789889041626,"educ"
"GR_2009","gini_total_nwx",0.961119442583722,0.0359455692616837,0.890666126830821,1.03157275833662,"educ"
"GR_2009","gini_within_nwx",0.943020953517542,0.0330919501104357,0.878160731301088,1.007881175734,"educ"
"GR_2009","gini_between_nwx",0.0180984890661793,0.00324481347237046,0.0117386546603332,0.0244583234720254,"educ"
"GR_2009","d_gini_within",-0.399403830961185,0.0315033387118776,-0.461150374836465,-0.337657287085904,"educ"
"GR_2009","d_gini_between",-0.00541451821439183,0.0031873684303922,-0.0116617603379605,0.000832723909176877,"educ"
"GR_2009","gini_share_between_nw",0.0228003383365521,0.000520337143926692,0.0217804775344558,0.0238201991386484,"educ"
"GR_2009","gini_share_between_nwx",0.0187743429327865,0.00274885395017404,0.0133865891904453,0.0241620966751276,"educ"
"GR_2009","d_gini_share_between",0.00402599540376566,0.0027582256347844,-0.00138012684041177,0.00943211764794308,"educ"
"GR_2009","mld_within_nw",0.756718444644505,0.00439039607522283,0.748113268337068,0.765323620951941,"educ"
"GR_2009","mld_between_nw",0.0137672827773596,0.0006367625653448,0.0125192281492838,0.0150153374054354,"educ"
"GR_2009","mld_within_nwx",0.862164571953951,0.00745927778857507,0.847544387488344,0.876784756419559,"educ"
"GR_2009","mld_between_nwx",0.0112291501255586,0.000341491386005027,0.0105598270089888,0.0118984732421285,"educ"
"GR_2009","d_mld_within",-0.105446127309447,0.00672328728992514,-0.1186237703977,-0.0922684842211936,"educ"
"GR_2009","d_mld_between",0.00253813265180098,0.000478470072426227,0.00160033130984557,0.00347593399375638,"educ"
"GR_2009","mld_wtkept_nw",0.945978102480169,0.000849195148992041,0.944313679988145,0.947642524972194,"educ"
"GR_2009","mld_wtkept_nwx",0.849801884881917,0.00205653334511467,0.845771079525493,0.853832690238342,"educ"
"GR_2009","mld_ngrp_nw",2,0,2,2,"educ"
"GR_2009","mld_ngrp_nwx",2,0,2,2,"educ"
"GR_2009","I_nw",0.198660888491676,0.00318320886257113,0.192421799121037,0.204899977862316,"educ"
"GR_2009","I_nwx",0.136032779474571,0.0041681696041474,0.127863167050442,0.1442023918987,"educ"
"GR_2009","d_I",0.0626281090171058,0.00557424171041233,0.0517025952646976,0.073553622769514,"educ"
"GR_2009","n_valid",2915,0,2915,2915,"educ"
"GR_2009","pct_valid",1,0,1,1,"educ"
"IT_2014","cv2_total_nw",2.60114517316164,NA,NA,NA,"educ"
"IT_2014","cv2_within_nw",2.50493307519887,NA,NA,NA,"educ"
"IT_2014","cv2_between_nw",0.0962120979627687,NA,NA,NA,"educ"
"IT_2014","cv2_total_nwx",6.66597746584315,NA,NA,NA,"educ"
"IT_2014","cv2_within_nwx",6.59559787210881,NA,NA,NA,"educ"
"IT_2014","cv2_between_nwx",0.0703795937343487,NA,NA,NA,"educ"
"IT_2014","d_cv2_within",-4.09066479690993,NA,NA,NA,"educ"
"IT_2014","d_cv2_between",0.02583250422842,NA,NA,NA,"educ"
"IT_2014","cv2_share_between_nw",0.036988361493805,NA,NA,NA,"educ"
"IT_2014","cv2_share_between_nwx",0.0105580305506548,NA,NA,NA,"educ"
"IT_2014","d_cv2_share_between",0.0264303309431501,NA,NA,NA,"educ"
"IT_2014","var_total_nw",143762262993.341,NA,NA,NA,"educ"
"IT_2014","var_within_nw",138444732440.576,NA,NA,NA,"educ"
"IT_2014","var_between_nw",5317530552.76515,NA,NA,NA,"educ"
"IT_2014","var_total_nwx",207090926268.532,NA,NA,NA,"educ"
"IT_2014","var_within_nwx",204904453942.225,NA,NA,NA,"educ"
"IT_2014","var_between_nwx",2186472326.30657,NA,NA,NA,"educ"
"IT_2014","var_share_between_nw",0.036988361493805,NA,NA,NA,"educ"
"IT_2014","var_share_between_nwx",0.0105580305506548,NA,NA,NA,"educ"
"IT_2014","d_var_share_between",0.0264303309431501,NA,NA,NA,"educ"
"IT_2014","gini_total_nw",0.589599552762747,NA,NA,NA,"educ"
"IT_2014","gini_within_nw",0.564797535984925,NA,NA,NA,"educ"
"IT_2014","gini_between_nw",0.0248020167778219,NA,NA,NA,"educ"
"IT_2014","gini_total_nwx",0.814276288987177,NA,NA,NA,"educ"
"IT_2014","gini_within_nwx",0.790667998205403,NA,NA,NA,"educ"
"IT_2014","gini_between_nwx",0.0236082907817734,NA,NA,NA,"educ"
"IT_2014","d_gini_within",-0.225870462220478,NA,NA,NA,"educ"
"IT_2014","d_gini_between",0.0011937259960485,NA,NA,NA,"educ"
"IT_2014","gini_share_between_nw",0.0420658676920709,NA,NA,NA,"educ"
"IT_2014","gini_share_between_nwx",0.0289929733937582,NA,NA,NA,"educ"
"IT_2014","d_gini_share_between",0.0130728942983127,NA,NA,NA,"educ"
"IT_2014","mld_within_nw",0.904341124083495,NA,NA,NA,"educ"
"IT_2014","mld_between_nw",0.0348561870171719,NA,NA,NA,"educ"
"IT_2014","mld_within_nwx",0.930384000754622,NA,NA,NA,"educ"
"IT_2014","mld_between_nwx",0.0282939265387697,NA,NA,NA,"educ"
"IT_2014","d_mld_within",-0.0260428766711273,NA,NA,NA,"educ"
"IT_2014","d_mld_between",0.00656226047840226,NA,NA,NA,"educ"
"IT_2014","mld_wtkept_nw",0.98911982114321,NA,NA,NA,"educ"
"IT_2014","mld_wtkept_nwx",0.937645795554463,NA,NA,NA,"educ"
"IT_2014","mld_ngrp_nw",2,NA,NA,NA,"educ"
"IT_2014","mld_ngrp_nwx",2,NA,NA,NA,"educ"
"IT_2014","I_nw",0.30043072185359,NA,NA,NA,"educ"
"IT_2014","I_nwx",0.228339047700792,NA,NA,NA,"educ"
"IT_2014","d_I",0.0720916741527983,NA,NA,NA,"educ"
"IT_2014","n_valid",8142,NA,NA,NA,"educ"
"IT_2014","pct_valid",1,NA,NA,NA,"educ"
"LU_2010","cv2_total_nw",6.89127803633657,0.142618484846755,6.61174580603693,7.17081026663621,"educ"
"LU_2010","cv2_within_nw",6.81419153037368,0.145021221960852,6.52994993533042,7.09843312541695,"educ"
"LU_2010","cv2_between_nw",0.0770865059628901,0.00456719292999508,0.0681348078200997,0.0860382041056804,"educ"
"LU_2010","cv2_total_nwx",11.0378443047153,0.134899982217618,10.7734403395688,11.3022482698619,"educ"
"LU_2010","cv2_within_nwx",10.966084390284,0.13977793755404,10.6921196326781,11.2400491478899,"educ"
"LU_2010","cv2_between_nwx",0.071759914431301,0.0052809742827788,0.0614092048370546,0.0821106240255475,"educ"
"LU_2010","d_cv2_within",-4.15189285991034,0.0429383779057432,-4.23605208060559,-4.06773363921508,"educ"
"LU_2010","d_cv2_between",0.00532659153158906,0.00244793568617506,0.000528637586685948,0.0101245454764922,"educ"
"LU_2010","cv2_share_between_nw",0.0111940353911971,0.000810087190916569,0.00960626449700065,0.0127818062853936,"educ"
"LU_2010","cv2_share_between_nwx",0.00650551824698443,0.000555098694831116,0.00541752480511545,0.00759351168885342,"educ"
"LU_2010","d_cv2_share_between",0.00468851714421269,0.000320666765378783,0.00406001028407028,0.00531702400435511,"educ"
"LU_2010","var_total_nw",3332962367367.08,75800584635.2146,3184393221482.06,3481531513252.1,"educ"
"LU_2010","var_within_nw",3295684071027.28,77021690785.9284,3144721557086.86,3446646584967.7,"educ"
"LU_2010","var_between_nw",37278296339.8005,2130914446.76982,33101704024.1317,41454888655.4694,"educ"
"LU_2010","var_total_nwx",3539562580084.65,72011328982.2871,3398420375279.36,3680704784889.93,"educ"
"LU_2010","var_within_nwx",3516557712987.07,73164043586.1769,3373156187558.16,3659959238415.98,"educ"
"LU_2010","var_between_nwx",23004867097.5754,1599817883.4756,19869224045.9632,26140510149.1875,"educ"
"LU_2010","var_share_between_nw",0.0111940353911971,0.000810087190916569,0.00960626449700065,0.0127818062853936,"educ"
"LU_2010","var_share_between_nwx",0.00650551824698443,0.000555098694831116,0.00541752480511545,0.00759351168885342,"educ"
"LU_2010","d_var_share_between",0.00468851714421269,0.000320666765378783,0.00406001028407028,0.00531702400435511,"educ"
"LU_2010","gini_total_nw",0.668194648936377,0.00198886440559648,0.664296474701408,0.672092823171346,"educ"
"LU_2010","gini_within_nw",0.647194949865001,0.00287938525053641,0.64155135477395,0.652838544956053,"educ"
"LU_2010","gini_between_nw",0.0209996990713758,0.00108092640866734,0.0188810833103878,0.0231183148323638,"educ"
"LU_2010","gini_total_nwx",0.815334229455593,0.0030926346337611,0.809272665573421,0.821395793337764,"educ"
"LU_2010","gini_within_nwx",0.790479762780727,0.0023282626028432,0.785916368079154,0.795043157482299,"educ"
"LU_2010","gini_between_nwx",0.0248544666748659,0.000991454944300028,0.0229112149840379,0.026797718365694,"educ"
"LU_2010","d_gini_within",-0.143284812915726,0.00447566393448137,-0.152057114227309,-0.134512511604142,"educ"
"LU_2010","d_gini_between",-0.00385476760349015,0.000527067249066108,-0.00488781941165972,-0.00282171579532058,"educ"
"LU_2010","gini_share_between_nw",0.0314300629337863,0.00168701082056234,0.0281235217254841,0.0347366041420884,"educ"
"LU_2010","gini_share_between_nwx",0.0304815016409997,0.00111994134898542,0.0282864165969883,0.0326765866850111,"educ"
"LU_2010","d_gini_share_between",0.000948561292786541,0.000817974291748413,-0.00065466831904035,0.00255179090461343,"educ"
"LU_2010","mld_within_nw",1.23183263187148,0.0137353387928315,1.20491136783753,1.25875389590543,"educ"
"LU_2010","mld_between_nw",0.0299290664416876,0.0018358289329621,0.0263308417330819,0.0335272911502933,"educ"
"LU_2010","mld_within_nwx",1.24598743937243,0.00924638804349375,1.22786451880719,1.26411035993768,"educ"
"LU_2010","mld_between_nwx",0.0288993864142193,0.00193634827523383,0.025104143794761,0.0326946290336776,"educ"
"LU_2010","d_mld_within",-0.0141548075009553,0.0108396446072152,-0.035400510931097,0.00709089592918636,"educ"
"LU_2010","d_mld_between",0.00102968002746824,0.000964107614417244,-0.000859970896789559,0.00291933095172604,"educ"
"LU_2010","mld_wtkept_nw",0.954039651727306,0.00349953112101145,0.947180570730124,0.960898732724489,"educ"
"LU_2010","mld_wtkept_nwx",0.904559034833127,0.0040493015373719,0.896622403819878,0.912495665846376,"educ"
"LU_2010","mld_ngrp_nw",2,0,2,2,"educ"
"LU_2010","mld_ngrp_nwx",2,0,2,2,"educ"
"LU_2010","I_nw",0.220259068152117,0.0119655093048292,0.196806669914652,0.243711466389582,"educ"
"LU_2010","I_nwx",0.224163763764332,0.0157147595573708,0.193362835031885,0.254964692496778,"educ"
"LU_2010","d_I",-0.00390469561221465,0.00623859140706744,-0.0161323347700668,0.00832294354563753,"educ"
"LU_2010","n_valid",947,0,947,947,"educ"
"LU_2010","pct_valid",1,0,1,1,"educ"
"SK_2010","cv2_total_nw",1.12650164143909,0.0404917701444352,1.047137771956,1.20586551092218,"educ"
"SK_2010","cv2_within_nw",1.09423385231667,0.0377305950956343,1.02028188592923,1.16818581870411,"educ"
"SK_2010","cv2_between_nw",0.0322677891224206,0.0046705031432411,0.023113602961668,0.0414219752831731,"educ"
"SK_2010","cv2_total_nwx",2.07321237758948,0.11322198907549,1.85129727900152,2.29512747617744,"educ"
"SK_2010","cv2_within_nwx",2.03191172448991,0.113893978887795,1.80867952586983,2.25514392310999,"educ"
"SK_2010","cv2_between_nwx",0.0413006530995683,0.00802952994524177,0.0255627744068944,0.0570385317922422,"educ"
"SK_2010","d_cv2_within",-0.937677872173242,0.105678199286284,-1.14480714277436,-0.730548601572124,"educ"
"SK_2010","d_cv2_between",-0.0090328639771477,0.00370388537586092,-0.0162924793138351,-0.00177324864046029,"educ"
"SK_2010","cv2_share_between_nw",0.0286076694896327,0.0035924635841218,0.021566440864754,0.0356488981145115,"educ"
"SK_2010","cv2_share_between_nwx",0.0199712471604806,0.004046898411455,0.0120393262740288,0.0279031680469324,"educ"
"SK_2010","d_cv2_share_between",0.00863642232915213,0.00162083788129599,0.00545958008181199,0.0118132645764923,"educ"
"SK_2010","var_total_nw",6992926926.76667,257987306.380701,6487271806.2605,7498582047.27285,"educ"
"SK_2010","var_within_nw",6792489390.51301,235362224.048459,6331179431.37803,7253799349.64799,"educ"
"SK_2010","var_between_nw",200437536.253662,30293818.6964565,141061651.608607,259813420.898716,"educ"
"SK_2010","var_total_nwx",9330298870.87825,404651498.497693,8537181933.82277,10123415807.9337,"educ"
"SK_2010","var_within_nwx",9144076956.67268,401667774.056745,8356808119.52146,9931345793.8239,"educ"
"SK_2010","var_between_nwx",186221914.20557,37924004.4905421,111890865.404107,260552963.007032,"educ"
"SK_2010","var_share_between_nw",0.0286076694896327,0.0035924635841218,0.021566440864754,0.0356488981145115,"educ"
"SK_2010","var_share_between_nwx",0.0199712471604806,0.004046898411455,0.0120393262740288,0.0279031680469324,"educ"
"SK_2010","d_var_share_between",0.00863642232915213,0.00162083788129599,0.00545958008181199,0.0118132645764923,"educ"
"SK_2010","gini_total_nw",0.448725589082017,0.00194056239816554,0.444922086781612,0.452529091382421,"educ"
"SK_2010","gini_within_nw",0.437803394695936,0.00138292743355838,0.435092856926162,0.440513932465711,"educ"
"SK_2010","gini_between_nw",0.0109221943860805,0.00140227652021838,0.00817373240645248,0.0136706563657085,"educ"
"SK_2010","gini_total_nwx",0.573862493168853,0.00786417042977149,0.558448719126501,0.589276267211205,"educ"
"SK_2010","gini_within_nwx",0.564140419064782,0.00760350383059889,0.549237551556808,0.579043286572756,"educ"
"SK_2010","gini_between_nwx",0.00972207410407127,0.00108672482368001,0.00759209344965844,0.0118520547584841,"educ"
"SK_2010","d_gini_within",-0.126337024368845,0.00787945971047629,-0.141780765401379,-0.110893283336312,"educ"
"SK_2010","d_gini_between",0.00120012028200923,0.000563339593277184,9.59746791859503e-05,0.00230426588483251,"educ"
"SK_2010","gini_share_between_nw",0.0243344408300222,0.00305677482967801,0.0183431621638533,0.0303257194961911,"educ"
"SK_2010","gini_share_between_nwx",0.0169384611398876,0.00181925996715519,0.0133727116042634,0.0205042106755118,"educ"
"SK_2010","d_gini_share_between",0.00739597969013461,0.00146176331008489,0.00453092360236822,0.010261035777901,"educ"
"SK_2010","mld_within_nw",0.459136116143483,0.00521302263350309,0.448918591781817,0.469353640505149,"educ"
"SK_2010","mld_between_nw",0.0124229199324079,0.00176084978331793,0.00897165435710479,0.0158741855077111,"educ"
"SK_2010","mld_within_nwx",0.495245958665908,0.00697834715212639,0.48156839824774,0.508923519084076,"educ"
"SK_2010","mld_between_nwx",0.0121753670638229,0.00174815260286625,0.00874898796220509,0.0156017461654408,"educ"
"SK_2010","d_mld_within",-0.036109842522425,0.00506496360256491,-0.0460371711834522,-0.0261825138613978,"educ"
"SK_2010","d_mld_between",0.000247552868585001,0.0002303294971897,-0.000203892945906811,0.000698998683076812,"educ"
"SK_2010","mld_wtkept_nw",0.982631802355697,0.000514674374687498,0.98162304058131,0.983640564130084,"educ"
"SK_2010","mld_wtkept_nwx",0.942777359128638,0.00133750751752108,0.940155844394297,0.94539887386298,"educ"
"SK_2010","mld_ngrp_nw",2,0,2,2,"educ"
"SK_2010","mld_ngrp_nwx",2,0,2,2,"educ"
"SK_2010","I_nw",0.267935281052878,0.00337568298529848,0.261318942401693,0.274551619704063,"educ"
"SK_2010","I_nwx",0.22285956914389,0.00355901506830433,0.215883899610014,0.229835238677767,"educ"
"SK_2010","d_I",0.045075711908988,0.00437108949394732,0.0365083765008512,0.0536430473171247,"educ"
"SK_2010","n_valid",2036,0,2036,2036,"educ"
"SK_2010","pct_valid",1,0,1,1,"educ"
"SI_2014","cv2_total_nw",9.35682977968914,3.07682535924753,3.32625207556398,15.3874074838143,"educ"
"SI_2014","cv2_within_nw",9.33694317526661,3.08357432313148,3.2931375019289,15.3807488486043,"educ"
"SI_2014","cv2_between_nw",0.019886604422527,0.0101769231088523,-6.01648708234565e-05,0.0398333737158775,"educ"
"SI_2014","cv2_total_nwx",14.3474660062586,4.03827707423865,6.4324429407508,22.2624890717663,"educ"
"SI_2014","cv2_within_nwx",14.3389766441602,4.04246420292922,6.41574680641896,22.2622064819015,"educ"
"SI_2014","cv2_between_nwx",0.00848936209834184,0.00705536145690949,-0.00533914635720077,0.0223178705538844,"educ"
"SI_2014","d_cv2_within",-5.00203346889361,0.972309482426432,-6.90776005444942,-3.0963068833378,"educ"
"SI_2014","d_cv2_between",0.0113972423241852,0.00325537416161964,0.00501670896741069,0.0177777756809597,"educ"
"SI_2014","cv2_share_between_nw",0.0024334345403052,0.00167511739424582,-0.000849795552416612,0.00571666463302701,"educ"
"SI_2014","cv2_share_between_nwx",0.000678245443905728,0.000627921108116217,-0.000552479928002057,0.00190897081581351,"educ"
"SI_2014","d_cv2_share_between",0.00175518909639947,0.00106501357660294,-0.000332237513742293,0.00384261570654124,"educ"
"SI_2014","var_total_nw",180098365607.446,84189794233.708,15086368909.3781,345110362305.513,"educ"
"SI_2014","var_within_nw",179736993511.401,84272449332.2879,14562992820.1162,344910994202.685,"educ"
"SI_2014","var_between_nw",361372096.045277,168751203.692359,30619736.8082532,692124455.282302,"educ"
"SI_2014","var_total_nwx",181584493310.11,81932552893.9459,20996689637.9763,342172296982.244,"educ"
"SI_2014","var_within_nwx",181485436943.939,81968961512.2641,20826272379.9013,342144601507.977,"educ"
"SI_2014","var_between_nwx",99056366.1712217,79596681.6706536,-56953129.9032594,255065862.245703,"educ"
"SI_2014","var_share_between_nw",0.0024334345403052,0.00167511739424582,-0.000849795552416612,0.00571666463302701,"educ"
"SI_2014","var_share_between_nwx",0.000678245443905728,0.000627921108116217,-0.000552479928002057,0.00190897081581351,"educ"
"SI_2014","d_var_share_between",0.00175518909639947,0.00106501357660294,-0.000332237513742293,0.00384261570654124,"educ"
"SI_2014","gini_total_nw",0.629711938969838,0.0217276103594146,0.587125822665386,0.672298055274291,"educ"
"SI_2014","gini_within_nw",0.619812543093854,0.0226063981453546,0.575504002728959,0.66412108345875,"educ"
"SI_2014","gini_between_nw",0.00989939587598376,0.00151419035139971,0.00693158278724032,0.0128672089647272,"educ"
"SI_2014","gini_total_nwx",0.815040452620823,0.012423951401819,0.790689507873258,0.839391397368389,"educ"
"SI_2014","gini_within_nwx",0.807541528153798,0.0138030488305143,0.78048755244599,0.834595503861606,"educ"
"SI_2014","gini_between_nwx",0.0074989244670252,0.00230534212012787,0.00298045391157458,0.0120173950224758,"educ"
"SI_2014","d_gini_within",-0.187728985059944,0.00979667575957936,-0.206930469548719,-0.168527500571168,"educ"
"SI_2014","d_gini_between",0.00240047140895856,0.000798520262030959,0.00083537169537788,0.00396557112253924,"educ"
"SI_2014","gini_share_between_nw",0.0157630402916298,0.00273319715585871,0.0104059738661467,0.0211201067171129,"educ"
"SI_2014","gini_share_between_nwx",0.0092174733932494,0.00289991255341467,0.00353364478855665,0.0149013019979422,"educ"
"SI_2014","d_gini_share_between",0.0065455668983804,0.000354411422864326,0.00585092050956633,0.00724021328719448,"educ"
"SI_2014","mld_within_nw",1.02661853693235,0.0582514799587565,0.912445636213192,1.14079143765152,"educ"
"SI_2014","mld_between_nw",0.00716981126640261,0.00385830459799916,-0.00039246574567574,0.014732088278481,"educ"
"SI_2014","mld_within_nwx",1.1002171881922,0.0668328281852983,0.969224844949014,1.23120953143538,"educ"
"SI_2014","mld_between_nwx",0.00522298039366388,0.00365794277710295,-0.0019465874494579,0.0123925482367857,"educ"
"SI_2014","d_mld_within",-0.0735986512598442,0.00877547539995397,-0.090798583043754,-0.0563987194759344,"educ"
"SI_2014","d_mld_between",0.00194683087273872,0.000265328070833006,0.00142678785390603,0.00246687389157141,"educ"
"SI_2014","mld_wtkept_nw",0.942570873037265,0.000825640211417198,0.940952618222888,0.944189127851643,"educ"
"SI_2014","mld_wtkept_nwx",0.86976357156895,0.0012590136352039,0.867295904843951,0.87223123829395,"educ"
"SI_2014","mld_ngrp_nw",2,0,2,2,"educ"
"SI_2014","mld_ngrp_nwx",2,0,2,2,"educ"
"SI_2014","I_nw",0.256031323069011,0.00560932190652779,0.245037052132216,0.267025594005805,"educ"
"SI_2014","I_nwx",0.145088197121313,0.00559968148372455,0.134112821413213,0.156063572829413,"educ"
"SI_2014","d_I",0.110943125947698,0.00138196624647504,0.108234472104607,0.113651779790789,"educ"
"SI_2014","n_valid",2518,0,2518,2518,"educ"
"SI_2014","pct_valid",1,0,1,1,"educ"
"ES_2011","cv2_total_nw",7.78561969313336,0.482328189278407,6.84025644214768,8.73098294411904,"educ"
"ES_2011","cv2_within_nw",7.6242933119317,0.472164393860409,6.6988510999653,8.5497355238981,"educ"
"ES_2011","cv2_between_nw",0.161326381201659,0.0109384613089186,0.139886997036179,0.18276576536714,"educ"
"ES_2011","cv2_total_nwx",36.796882348338,19.9747209950859,-2.35357080203038,75.9473354987063,"educ"
"ES_2011","cv2_within_nwx",36.6020321749655,19.9101094930201,-2.42178243135385,75.6258467812848,"educ"
"ES_2011","cv2_between_nwx",0.194850173372454,0.0673960347601395,0.0627539452425805,0.326946401502327,"educ"
"ES_2011","d_cv2_within",-28.9777388630338,19.94874545271,-68.0772799503455,10.1218022242778,"educ"
"ES_2011","d_cv2_between",-0.0335237921707949,0.0653403309277022,-0.161590840789091,0.0945432564475014,"educ"
"ES_2011","cv2_share_between_nw",0.0207201555494743,0.000511930185890143,0.0197167723851297,0.021723538713819,"educ"
"ES_2011","cv2_share_between_nwx",0.00570986733716437,0.00143738591819849,0.00289259093749533,0.00852714373683342,"educ"
"ES_2011","d_cv2_share_between",0.01501028821231,0.00148227757678529,0.0121050241618108,0.0179155522628091,"educ"
"ES_2011","var_total_nw",523792522185.749,43411600094.0809,438705786001.351,608879258370.148,"educ"
"ES_2011","var_within_nw",512937524684.408,42475270829.5001,429685993858.588,596189055510.228,"educ"
"ES_2011","var_between_nw",10854997501.3413,974552401.920085,8944874793.57795,12765120209.1047,"educ"
"ES_2011","var_total_nwx",942392816725.78,376209039343.31,205023099612.892,1679762533838.67,"educ"
"ES_2011","var_within_nwx",937282440959.578,375247048963.555,201798224991.01,1672766656928.15,"educ"
"ES_2011","var_between_nwx",5110375766.2024,1180832559.85979,2795943948.87722,7424807583.52758,"educ"
"ES_2011","var_share_between_nw",0.0207201555494743,0.000511930185890143,0.0197167723851297,0.021723538713819,"educ"
"ES_2011","var_share_between_nwx",0.00570986733716437,0.00143738591819849,0.00289259093749533,0.00852714373683342,"educ"
"ES_2011","d_var_share_between",0.01501028821231,0.00148227757678529,0.0121050241618108,0.0179155522628091,"educ"
"ES_2011","gini_total_nw",0.601519067432406,0.00511391363527065,0.591495796707275,0.611542338157536,"educ"
"ES_2011","gini_within_nw",0.561351956509673,0.00290050645246688,0.555666963862838,0.567036949156508,"educ"
"ES_2011","gini_between_nw",0.0401671109227325,0.00228579414338533,0.0356869544016972,0.0446472674437677,"educ"
"ES_2011","gini_total_nwx",1.0963032657332,0.152443973741205,0.79751307720044,1.39509345426596,"educ"
"ES_2011","gini_within_nwx",1.05508089229633,0.154272221018202,0.752707339100653,1.357454445492,"educ"
"ES_2011","gini_between_nwx",0.0412223734368733,0.00318799618790502,0.0349739009085794,0.0474708459651671,"educ"
"ES_2011","d_gini_within",-0.493728935786655,0.154933724249768,-0.797399035316201,-0.190058836257109,"educ"
"ES_2011","d_gini_between",-0.00105526251414079,0.00268361474747951,-0.00631514741920062,0.00420462239091905,"educ"
"ES_2011","gini_share_between_nw",0.0667582805690818,0.0032279365371944,0.0604315249561808,0.0730850361819829,"educ"
"ES_2011","gini_share_between_nwx",0.0382227573087253,0.00719710165764062,0.0241164380597497,0.0523290765577009,"educ"
"ES_2011","d_gini_share_between",0.0285355232603566,0.00690352382291719,0.0150046165674389,0.0420664299532743,"educ"
"ES_2011","mld_within_nw",0.812698496522249,0.00839021090930302,0.796253683140015,0.829143309904483,"educ"
"ES_2011","mld_between_nw",0.0570167150832377,0.00397535085795338,0.0492250274016491,0.0648084027648264,"educ"
"ES_2011","mld_within_nwx",0.836354693267086,0.00970806552625044,0.817326884835635,0.855382501698537,"educ"
"ES_2011","mld_between_nwx",0.0496236762409738,0.00420858374468465,0.0413748521013919,0.0578725003805557,"educ"
"ES_2011","d_mld_within",-0.0236561967448369,0.00180339128785306,-0.0271908436690289,-0.0201215498206449,"educ"
"ES_2011","d_mld_between",0.00739303884226395,0.00205492502009205,0.00336538580288353,0.0114206918816444,"educ"
"ES_2011","mld_wtkept_nw",0.959586712791434,0.00207070248230128,0.955528135926124,0.963645289656745,"educ"
"ES_2011","mld_wtkept_nwx",0.886639280515844,0.00159854733951277,0.883506127730399,0.889772433301289,"educ"
"ES_2011","mld_ngrp_nw",2,0,2,2,"educ"
"ES_2011","mld_ngrp_nwx",2,0,2,2,"educ"
"ES_2011","I_nw",0.316473669285992,0.00586850864994853,0.304971392332093,0.327975946239892,"educ"
"ES_2011","I_nwx",0.23922312939477,0.00856011767322238,0.222445298755254,0.256000960034286,"educ"
"ES_2011","d_I",0.0772505398912226,0.00344489768934388,0.0704985404201086,0.0840025393623366,"educ"
"ES_2011","n_valid",6077,0,6077,6077,"educ"
"ES_2011","pct_valid",0.996392851287096,0,0.996392851287096,0.996392851287096,"educ"
"US_2013","cv2_total_nw",66.888891294003,1.7303210954609,63.4974619468996,70.2803206411063,"educ"
"US_2013","cv2_within_nw",66.4512547841369,1.73029184223754,63.0598827733514,69.8426267949225,"educ"
"US_2013","cv2_between_nw",0.437636509866003,0.00542004357403239,0.427013224460899,0.448259795271106,"educ"
"US_2013","cv2_total_nwx",108.465340307367,3.66604243888691,101.279897127149,115.650783487585,"educ"
"US_2013","cv2_within_nwx",108.000889693255,3.66346940019579,100.820489668871,115.181289717639,"educ"
"US_2013","cv2_between_nwx",0.464450614111883,0.00732823752858954,0.450087268555847,0.478813959667918,"educ"
"US_2013","d_cv2_within",-41.5496349091183,2.0347516351179,-45.5377481139494,-37.5615217042872,"educ"
"US_2013","d_cv2_between",-0.0268141042458798,0.00619301890604722,-0.0389524213017323,-0.0146757871900272,"educ"
"US_2013","cv2_share_between_nw",0.00654570016326235,0.000190318364732468,0.00617267616838672,0.00691872415813799,"educ"
"US_2013","cv2_share_between_nwx",0.00428482381338702,0.000141076909198088,0.00400831307135877,0.00456133455541527,"educ"
"US_2013","d_cv2_share_between",0.00226087634987534,8.31073906842812e-05,0.00209798586413414,0.00242376683561653,"educ"
"US_2013","var_total_nw",12435405018690.1,203213463727.938,12037106629783.3,12833703407596.9,"educ"
"US_2013","var_within_nw",12354026565162,203705594913.824,11954763599130.9,12753289531193.1,"educ"
"US_2013","var_between_nw",81378453528.1421,1564138512.63983,78312742043.368,84444165012.9162,"educ"
"US_2013","var_total_nwx",12364980177926.2,227270897425.499,11919529218972.2,12810431136880.1,"educ"
"US_2013","var_within_nwx",12312018014583.7,227868604748.912,11865395549275.9,12758640479891.6,"educ"
"US_2013","var_between_nwx",52962163342.4235,902854144.488621,51192569219.2258,54731757465.6212,"educ"
"US_2013","var_share_between_nw",0.00654570016326235,0.000190318364732468,0.00617267616838672,0.00691872415813799,"educ"
"US_2013","var_share_between_nwx",0.00428482381338702,0.000141076909198088,0.00400831307135877,0.00456133455541527,"educ"
"US_2013","d_var_share_between",0.00226087634987534,8.31073906842815e-05,0.00209798586413414,0.00242376683561653,"educ"
"US_2013","gini_total_nw",0.876816299946023,0.000520149043307762,0.87579680782114,0.877835792070906,"educ"
"US_2013","gini_within_nw",0.759714693806017,0.00192157402404126,0.755948408718896,0.763480978893138,"educ"
"US_2013","gini_between_nw",0.117101606140006,0.00147254689243705,0.11421541423083,0.119987798049183,"educ"
"US_2013","gini_total_nwx",1.08177132831187,0.0101187764769433,1.06193852641706,1.10160413020668,"educ"
"US_2013","gini_within_nwx",0.959075541858102,0.011235542226459,0.937053879094242,0.981097204621961,"educ"
"US_2013","gini_between_nwx",0.12269578645377,0.00219751521147483,0.118388656639279,0.127002916268261,"educ"
"US_2013","d_gini_within",-0.199360848052085,0.00991969349137194,-0.218803447295174,-0.179918248808996,"educ"
"US_2013","d_gini_between",-0.00559418031376373,0.00100576961982033,-0.00756548876861157,-0.00362287185891589,"educ"
"US_2013","gini_share_between_nw",0.133553756088849,0.00174486568302164,0.130133819350127,0.136973692827572,"educ"
"US_2013","gini_share_between_nwx",0.113433242153059,0.00266011148612847,0.108219423640247,0.118647060665871,"educ"
"US_2013","d_gini_share_between",0.0201205139357905,0.0010605748571496,0.0180417872157773,0.0221992406558038,"educ"
"US_2013","mld_within_nw",1.75678567805471,0.00990814402980709,1.73736571575628,1.77620564035313,"educ"
"US_2013","mld_between_nw",0.23260477072005,0.00342993634263934,0.225882095488476,0.239327445951623,"educ"
"US_2013","mld_within_nwx",1.82105625789191,0.00969311449032656,1.80205775349087,1.84005476229295,"educ"
"US_2013","mld_between_nwx",0.223715882391555,0.00465853983102475,0.214585144322746,0.232846620460363,"educ"
"US_2013","d_mld_within",-0.0642705798372044,0.00348064418001669,-0.0710926424300371,-0.0574485172443717,"educ"
"US_2013","d_mld_between",0.00888888832849494,0.00156005086679907,0.00583118862956875,0.0119465880274211,"educ"
"US_2013","mld_wtkept_nw",0.845432557384476,0.000726274099845692,0.844009060148778,0.846856054620173,"educ"
"US_2013","mld_wtkept_nwx",0.773692692834719,0.00147556724956652,0.770800581025568,0.776584804643869,"educ"
"US_2013","mld_ngrp_nw",2,0,2,2,"educ"
"US_2013","mld_ngrp_nwx",2,0,2,2,"educ"
"US_2013","I_nw",0.281790677380114,0.00220080280404483,0.277477103884186,0.286104250876042,"educ"
"US_2013","I_nwx",0.232538612288684,0.0048164027110915,0.223098462974944,0.241978761602423,"educ"
"US_2013","d_I",0.0492520650914302,0.00352357338838295,0.0423458612501996,0.0561582689326608,"educ"
"US_2013","n_valid",5947,0,5947,5947,"educ"
"US_2013","pct_valid",0.996147403685092,0,0.996147403685092,0.996147403685092,"educ"
"AT_2011","cv2_total_nw",8.01008411754704,4.24052120459328,-0.301337443455784,16.3215056785499,"occ"
"AT_2011","cv2_within_nw",7.97632730039905,4.21688539146407,-0.288768066870523,16.2414226676686,"occ"
"AT_2011","cv2_between_nw",0.0337568171479911,0.0239185933917247,-0.0131236258997893,0.0806372601957714,"occ"
"AT_2011","cv2_total_nwx",31.9885299385419,13.1603741685455,6.19419656819275,57.782863308891,"occ"
"AT_2011","cv2_within_nwx",31.9375387811283,13.1281480662233,6.20636857133074,57.668708990926,"occ"
"AT_2011","cv2_between_nwx",0.0509911574135277,0.0451341015745879,-0.0374716816726647,0.13945399649972,"occ"
"AT_2011","d_cv2_within",-23.9612114807293,9.99502172003372,-43.5514540519954,-4.3709689094632,"occ"
"AT_2011","d_cv2_between",-0.0172343402655366,0.0238716774949888,-0.0640228281557147,0.0295541476246415,"occ"
"AT_2011","cv2_share_between_nw",0.00400054239659005,0.000876787437409796,0.00228203901926685,0.00571904577391325,"occ"
"AT_2011","cv2_share_between_nwx",0.00154167479824146,0.00105081338058118,-0.000517919427697647,0.00360126902418057,"occ"
"AT_2011","d_cv2_share_between",0.00245886759834859,0.000524921623367195,0.00143002121654889,0.00348771398014829,"occ"
"AT_2011","var_total_nw",937001840084.665,1027963012237.53,-1077805663900.9,2951809344070.23,"occ"
"AT_2011","var_within_nw",932847451411.458,1022801714389.04,-1071843908791.07,2937538811613.99,"occ"
"AT_2011","var_between_nw",4154388673.20698,5166232366.07944,-5971426764.30873,14280204110.7227,"occ"
"AT_2011","var_total_nwx",1037644027315.78,1182583903754.09,-1280220424042.24,3355508478673.8,"occ"
"AT_2011","var_within_nwx",1035632788946.02,1179795387355.69,-1276766170271.14,3348031748163.18,"occ"
"AT_2011","var_between_nwx",2011238369.75967,2827778246.48109,-3531206993.34326,7553683732.8626,"occ"
"AT_2011","var_share_between_nw",0.00400054239659005,0.000876787437409796,0.00228203901926685,0.00571904577391325,"occ"
"AT_2011","var_share_between_nwx",0.00154167479824146,0.00105081338058118,-0.000517919427697647,0.00360126902418057,"occ"
"AT_2011","d_var_share_between",0.00245886759834859,0.000524921623367195,0.00143002121654889,0.00348771398014829,"occ"
"AT_2011","gini_total_nw",0.769204815483927,0.0513347112042933,0.668588781523512,0.869820849444342,"occ"
"AT_2011","gini_within_nw",0.755620475075809,0.0470767197647453,0.663350104336909,0.84789084581471,"occ"
"AT_2011","gini_between_nw",0.0135843404081174,0.00526560798011206,0.00326374876709779,0.0239049320491371,"occ"
"AT_2011","gini_total_nwx",1.51310735141215,0.19924658901486,1.12258403694302,1.90363066588128,"occ"
"AT_2011","gini_within_nwx",1.49161783992668,0.199111896865319,1.10135852207065,1.8818771577827,"occ"
"AT_2011","gini_between_nwx",0.0214895114854725,0.0115765473635934,-0.00120052134717052,0.0441795443181155,"occ"
"AT_2011","d_gini_within",-0.735997364850868,0.197363717198489,-1.12283025055991,-0.349164479141829,"occ"
"AT_2011","d_gini_between",-0.00790517107735509,0.00678320126141685,-0.0212002455497321,0.00538990339502195,"occ"
"AT_2011","gini_share_between_nw",0.01747342652927,0.00559380397635529,0.00650957073561357,0.0284372823229263,"occ"
"AT_2011","gini_share_between_nwx",0.0143360173763665,0.0072095111198184,0.000205375581522451,0.0284666591712106,"occ"
"AT_2011","d_gini_share_between",0.00313740915290343,0.0021456591968215,-0.00106808287286671,0.00734290117867356,"occ"
"AT_2011","mld_within_nw",1.50774306928142,0.203101024882761,1.10966506051121,1.90582107805163,"occ"
"AT_2011","mld_between_nw",0.0163711018602496,0.0136063529378446,-0.0102973498979258,0.0430395536184251,"occ"
"AT_2011","mld_within_nwx",1.6778351799001,0.263626668174379,1.16112691027832,2.19454344952188,"occ"
"AT_2011","mld_between_nwx",0.0205602460587924,0.0195350925877264,-0.0177285354131514,0.0588490275307361,"occ"
"AT_2011","d_mld_within",-0.170092110618679,0.0614056636546828,-0.290447211381857,-0.0497370098555008,"occ"
"AT_2011","d_mld_between",-0.00418914419854271,0.00598438233006313,-0.0159185335654664,0.00754024516838103,"occ"
"AT_2011","mld_wtkept_nw",0.937771825075026,0.0100254266349108,0.918121988870601,0.957421661279451,"occ"
"AT_2011","mld_wtkept_nwx",0.79621264183043,0.0148256155257299,0.767154435399999,0.825270848260861,"occ"
"AT_2011","mld_ngrp_nw",3,0,3,3,"occ"
"AT_2011","mld_ngrp_nwx",3,0,3,3,"occ"
"AT_2011","I_nw",0.393736445070371,0.0239916186990046,0.346712872420322,0.44076001772042,"occ"
"AT_2011","I_nwx",0.206036552015016,0.0219768530727136,0.162961919992498,0.249111184037535,"occ"
"AT_2011","d_I",0.187699893055355,0.0100234650109971,0.1680539016338,0.207345884476909,"occ"
"AT_2011","n_valid",1214,0,1214,1214,"occ"
"AT_2011","pct_valid",0.519469405220368,0,0.519469405220368,0.519469405220368,"occ"
"EE_2013","cv2_total_nw",13.7470166975099,0.60123363679562,12.5685987693905,14.9254346256293,"occ"
"EE_2013","cv2_within_nw",13.6634197886165,0.61136072286489,12.4651527718013,14.8616868054317,"occ"
"EE_2013","cv2_between_nw",0.0835969088934545,0.0142623985147861,0.0556426078044738,0.111551209982435,"occ"
"EE_2013","cv2_total_nwx",28.0972961359587,1.48543944351232,25.1858348266745,31.0087574452428,"occ"
"EE_2013","cv2_within_nwx",28.0339139586847,1.49934766000277,25.0951925450792,30.9726353722901,"occ"
"EE_2013","cv2_between_nwx",0.063382177274,0.0163669108233039,0.0313030320603244,0.0954613224876757,"occ"
"EE_2013","d_cv2_within",-14.3704941700682,0.90932587935662,-16.1527728936072,-12.5882154465292,"occ"
"EE_2013","d_cv2_between",0.0202147316194544,0.0021635519273055,0.0159741698419357,0.0244552933969732,"occ"
"EE_2013","cv2_share_between_nw",0.00611159930604503,0.00130204563199192,0.00355958986734088,0.00866360874474919,"occ"
"EE_2013","cv2_share_between_nwx",0.00227892065188966,0.000731902615849962,0.00084439152482373,0.00371344977895558,"occ"
"EE_2013","d_cv2_share_between",0.00383267865415538,0.000570804546761492,0.00271390174250286,0.0049514555658079,"occ"
"EE_2013","var_total_nw",223103854085.108,4864775541.83071,213568894023.12,232638814147.096,"occ"
"EE_2013","var_within_nw",221740019244.131,4824662321.58509,212283681093.824,231196357394.437,"occ"
"EE_2013","var_between_nw",1363834840.97723,292660798.958324,790219675.018915,1937450006.93555,"occ"
"EE_2013","var_total_nwx",280903797985.731,4717948901.63355,271656618138.529,290150977832.932,"occ"
"EE_2013","var_within_nwx",280263794243.049,4726223389.45572,271000396399.716,289527192086.382,"occ"
"EE_2013","var_between_nwx",640003742.681785,203679173.76389,240792562.10456,1039214923.25901,"occ"
"EE_2013","var_share_between_nw",0.00611159930604503,0.00130204563199192,0.00355958986734088,0.00866360874474919,"occ"
"EE_2013","var_share_between_nwx",0.00227892065188966,0.000731902615849962,0.00084439152482373,0.00371344977895558,"occ"
"EE_2013","d_var_share_between",0.00383267865415538,0.000570804546761491,0.00271390174250286,0.0049514555658079,"occ"
"EE_2013","gini_total_nw",0.689663971548315,0.0027113192839826,0.684349785751709,0.694978157344921,"occ"
"EE_2013","gini_within_nw",0.659240887052948,0.00118602027114613,0.656916287321501,0.661565486784394,"occ"
"EE_2013","gini_between_nw",0.0304230844953675,0.00333101495715561,0.0238942951793425,0.0369518738113925,"occ"
"EE_2013","gini_total_nwx",0.95509827028526,0.0070451484942024,0.941289779236623,0.968906761333897,"occ"
"EE_2013","gini_within_nwx",0.910459060058034,0.0126771012739933,0.885611941561007,0.935306178555061,"occ"
"EE_2013","gini_between_nwx",0.0446392102272261,0.00570344473934783,0.0334604585381044,0.0558179619163479,"occ"
"EE_2013","d_gini_within",-0.251218173005086,0.011908384289895,-0.274558606213281,-0.227877739796892,"occ"
"EE_2013","d_gini_between",-0.0142161257318587,0.00238450523647345,-0.0188897559953466,-0.00954249546837073,"occ"
"EE_2013","gini_share_between_nw",0.0441014642075119,0.00464768492460306,0.0349920017552899,0.0532109266597339,"occ"
"EE_2013","gini_share_between_nwx",0.046768440883246,0.00635812302077147,0.034306519762534,0.0592303620039581,"occ"
"EE_2013","d_gini_share_between",-0.0026669766757341,0.00173564254895873,-0.00606883607169321,0.000734882720225006,"occ"
"EE_2013","mld_within_nw",1.10749104388417,0.00616884707946388,1.09540010360842,1.11958198415992,"occ"
"EE_2013","mld_between_nw",0.0447625488718613,0.00702073563778611,0.0310019070218005,0.0585231907219221,"occ"
"EE_2013","mld_within_nwx",1.15692264397906,0.00812806233351738,1.14099164180537,1.17285364615276,"occ"
"EE_2013","mld_between_nwx",0.045116209994297,0.00915257194265896,0.0271771689866855,0.0630552510019086,"occ"
"EE_2013","d_mld_within",-0.0494316000948904,0.00604495742322421,-0.0612797166444099,-0.037583483545371,"occ"
"EE_2013","d_mld_between",-0.000353661122435733,0.00221259468212094,-0.00469034669939277,0.0039830244545213,"occ"
"EE_2013","mld_wtkept_nw",0.961103660114182,0.000552785559638309,0.960020200417291,0.962187119811074,"occ"
"EE_2013","mld_wtkept_nwx",0.906072914956203,0.00235528012094277,0.901456565919155,0.91068926399325,"occ"
"EE_2013","mld_ngrp_nw",3,0,3,3,"occ"
"EE_2013","mld_ngrp_nwx",3,0,3,3,"occ"
"EE_2013","I_nw",0.337716539275896,0.0148780353694369,0.3085555899518,0.366877488599993,"occ"
"EE_2013","I_nwx",0.296706814015325,0.0137070812295211,0.269840934805464,0.323572693225186,"occ"
"EE_2013","d_I",0.0410097252605713,0.0022762228913972,0.0365483283934328,0.0454711221277099,"occ"
"EE_2013","n_valid",1341,1.09544511501033,1338.85292757458,1343.14707242542,"occ"
"EE_2013","pct_valid",0.608163265306122,0.000496800505673592,0.607189536315002,0.609136994297243,"occ"
"FR_2009","cv2_total_nw",20.2664681640933,NA,NA,NA,"occ"
"FR_2009","cv2_within_nw",20.0912700190885,NA,NA,NA,"occ"
"FR_2009","cv2_between_nw",0.175198145004806,NA,NA,NA,"occ"
"FR_2009","cv2_total_nwx",22.4030912488201,NA,NA,NA,"occ"
"FR_2009","cv2_within_nwx",22.2333370344017,NA,NA,NA,"occ"
"FR_2009","cv2_between_nwx",0.169754214418352,NA,NA,NA,"occ"
"FR_2009","d_cv2_within",-2.14206701531324,NA,NA,NA,"occ"
"FR_2009","d_cv2_between",0.00544393058645457,NA,NA,NA,"occ"
"FR_2009","cv2_share_between_nw",0.00864472998384641,NA,NA,NA,"occ"
"FR_2009","cv2_share_between_nwx",0.00757726746425193,NA,NA,NA,"occ"
"FR_2009","d_cv2_share_between",0.00106746251959449,NA,NA,NA,"occ"
"FR_2009","var_total_nw",959392214694.339,NA,NA,NA,"occ"
"FR_2009","var_within_nw",951098528049.702,NA,NA,NA,"occ"
"FR_2009","var_between_nw",8293686644.63697,NA,NA,NA,"occ"
"FR_2009","var_total_nwx",925755572763.575,NA,NA,NA,"occ"
"FR_2009","var_within_nwx",918740875182.224,NA,NA,NA,"occ"
"FR_2009","var_between_nwx",7014697581.35135,NA,NA,NA,"occ"
"FR_2009","var_share_between_nw",0.00864472998384641,NA,NA,NA,"occ"
"FR_2009","var_share_between_nwx",0.00757726746425193,NA,NA,NA,"occ"
"FR_2009","d_var_share_between",0.00106746251959448,NA,NA,NA,"occ"
"FR_2009","gini_total_nw",0.696751414187264,NA,NA,NA,"occ"
"FR_2009","gini_within_nw",0.645201891196042,NA,NA,NA,"occ"
"FR_2009","gini_between_nw",0.0515495229912228,NA,NA,NA,"occ"
"FR_2009","gini_total_nwx",0.731605264606134,NA,NA,NA,"occ"
"FR_2009","gini_within_nwx",0.680497050560232,NA,NA,NA,"occ"
"FR_2009","gini_between_nwx",0.0511082140459014,NA,NA,NA,"occ"
"FR_2009","d_gini_within",-0.0352951593641907,NA,NA,NA,"occ"
"FR_2009","d_gini_between",0.000441308945321461,NA,NA,NA,"occ"
"FR_2009","gini_share_between_nw",0.0739855304798391,NA,NA,NA,"occ"
"FR_2009","gini_share_between_nwx",0.0698576356929525,NA,NA,NA,"occ"
"FR_2009","d_gini_share_between",0.00412789478688662,NA,NA,NA,"occ"
"FR_2009","mld_within_nw",1.23916396258032,NA,NA,NA,"occ"
"FR_2009","mld_between_nw",0.0933838590900867,NA,NA,NA,"occ"
"FR_2009","mld_within_nwx",1.23520102282775,NA,NA,NA,"occ"
"FR_2009","mld_between_nwx",0.0905577522001908,NA,NA,NA,"occ"
"FR_2009","d_mld_within",0.00396293975257467,NA,NA,NA,"occ"
"FR_2009","d_mld_between",0.0028261068898959,NA,NA,NA,"occ"
"FR_2009","mld_wtkept_nw",0.958455803115967,NA,NA,NA,"occ"
"FR_2009","mld_wtkept_nwx",0.937664769121084,NA,NA,NA,"occ"
"FR_2009","mld_ngrp_nw",3,NA,NA,NA,"occ"
"FR_2009","mld_ngrp_nwx",3,NA,NA,NA,"occ"
"FR_2009","I_nw",0.610634068248533,NA,NA,NA,"occ"
"FR_2009","I_nwx",0.586181538724589,NA,NA,NA,"occ"
"FR_2009","d_I",0.0244525295239444,NA,NA,NA,"occ"
"FR_2009","n_valid",7916,NA,NA,NA,"occ"
"FR_2009","pct_valid",0.530243150914328,NA,NA,NA,"occ"
"GR_2009","cv2_total_nw",1.59929704618653,0.118505307620239,1.36702664325086,1.8315674491222,"occ"
"GR_2009","cv2_within_nw",1.55101152939279,0.116767438157504,1.32214735060408,1.77987570818149,"occ"
"GR_2009","cv2_between_nw",0.0482855167937464,0.00271230132201354,0.0429694062025999,0.053601627384893,"occ"
"GR_2009","cv2_total_nwx",12.9513902627059,3.70330217939385,5.69291799109394,20.2098625343178,"occ"
"GR_2009","cv2_within_nwx",12.9331331218432,3.69475286552281,5.69141750541848,20.1748487382679,"occ"
"GR_2009","cv2_between_nwx",0.0182571408626927,0.0111338506213051,-0.00356520635506527,0.0400794880804506,"occ"
"GR_2009","d_cv2_within",-11.3821215924504,3.6730922028836,-18.5813823101023,-4.18286087479854,"occ"
"GR_2009","d_cv2_between",0.0300283759310538,0.0131927619920287,0.00417056242667758,0.0558861894354299,"occ"
"GR_2009","cv2_share_between_nw",0.0302466664850978,0.00174302820998275,0.0268303311935316,0.033663001776664,"occ"
"GR_2009","cv2_share_between_nwx",0.00138353182068095,0.000522383352040388,0.000359660450681792,0.00240740319068011,"occ"
"GR_2009","d_cv2_share_between",0.0288631346644169,0.00203992184033146,0.0248648878573672,0.0328613814714665,"occ"
"GR_2009","var_total_nw",40027581946.5848,3815320188.77467,32549554376.5864,47505609516.5831,"occ"
"GR_2009","var_within_nw",38819947216.5624,3749742639.73817,31470451642.6755,46169442790.4492,"occ"
"GR_2009","var_between_nw",1207634730.02241,81304476.3439289,1048277956.38831,1366991503.65652,"occ"
"GR_2009","var_total_nwx",103863370273.325,23532117693.6329,57740419593.8046,149986320952.845,"occ"
"GR_2009","var_within_nwx",103718184110.429,23480763827.1738,57695887009.1679,149740481211.689,"occ"
"GR_2009","var_between_nwx",145186162.896378,77769112.8233917,-7241298.23746997,297613624.030225,"occ"
"GR_2009","var_share_between_nw",0.0302466664850978,0.00174302820998275,0.0268303311935316,0.033663001776664,"occ"
"GR_2009","var_share_between_nwx",0.00138353182068095,0.000522383352040388,0.000359660450681792,0.00240740319068011,"occ"
"GR_2009","d_var_share_between",0.0288631346644169,0.00203992184033146,0.0248648878573672,0.0328613814714665,"occ"
"GR_2009","gini_total_nw",0.570913144762478,0.00450906893460285,0.562075369650656,0.5797509198743,"occ"
"GR_2009","gini_within_nw",0.551727153571257,0.00445012869769844,0.543004901323768,0.560449405818746,"occ"
"GR_2009","gini_between_nw",0.0191859911912211,0.000592082851616463,0.0180255088020528,0.0203464735803894,"occ"
"GR_2009","gini_total_nwx",1.19797298001847,0.0800183547092486,1.04113700478834,1.35480895524859,"occ"
"GR_2009","gini_within_nwx",1.15709597544863,0.072638666146799,1.0147241898009,1.29946776109635,"occ"
"GR_2009","gini_between_nwx",0.0408770045698422,0.00748969085976888,0.0261972104846952,0.0555567986549892,"occ"
"GR_2009","d_gini_within",-0.605368821877368,0.0708760242014742,-0.744285829312258,-0.466451814442479,"occ"
"GR_2009","d_gini_between",-0.021691013378621,0.00799190646585765,-0.037355150051702,-0.00602687670554005,"occ"
"GR_2009","gini_share_between_nw",0.0336063117909016,0.0010264933285763,0.0315943848668921,0.0356182387149112,"occ"
"GR_2009","gini_share_between_nwx",0.0339528156514613,0.00390417664134487,0.0263006294344254,0.0416050018684972,"occ"
"GR_2009","d_gini_share_between",-0.000346503860559694,0.00485959077897926,-0.00987130178735905,0.00917829406623966,"occ"
"GR_2009","mld_within_nw",0.808982664718033,0.00565227289548151,0.797904209842889,0.820061119593177,"occ"
"GR_2009","mld_between_nw",0.0234265958613697,0.00124507678704185,0.0209862453587677,0.0258669463639717,"occ"
"GR_2009","mld_within_nwx",0.91910624240191,0.00904128934365627,0.901385315288343,0.936827169515476,"occ"
"GR_2009","mld_between_nwx",0.0232724637212574,0.00171901306215667,0.0199031981194303,0.0266417293230845,"occ"
"GR_2009","d_mld_within",-0.110123577683877,0.00618126565088289,-0.122238858359607,-0.0980082970081462,"occ"
"GR_2009","d_mld_between",0.000154132140112303,0.000647737780276638,-0.00111543390922991,0.00142369818945451,"occ"
"GR_2009","mld_wtkept_nw",0.940733211177183,0.0014717207605697,0.937848638486466,0.943617783867899,"occ"
"GR_2009","mld_wtkept_nwx",0.836259091274608,0.00254304492829648,0.831274723215147,0.841243459334069,"occ"
"GR_2009","mld_ngrp_nw",3,0,3,3,"occ"
"GR_2009","mld_ngrp_nwx",3,0,3,3,"occ"
"GR_2009","I_nw",0.472725357170158,0.00384486557116599,0.465189420650673,0.480261293689643,"occ"
"GR_2009","I_nwx",0.266340023199687,0.0104549466619147,0.245848327742334,0.28683171865704,"occ"
"GR_2009","d_I",0.206385333970471,0.00994308827124164,0.186896880958837,0.225873786982105,"occ"
"GR_2009","n_valid",1511,0,1511,1511,"occ"
"GR_2009","pct_valid",0.518353344768439,0,0.518353344768439,0.518353344768439,"occ"
"IT_2014","cv2_total_nw",NA,NA,NA,NA,"occ"
"IT_2014","cv2_within_nw",NA,NA,NA,NA,"occ"
"IT_2014","cv2_between_nw",NA,NA,NA,NA,"occ"
"IT_2014","cv2_total_nwx",NA,NA,NA,NA,"occ"
"IT_2014","cv2_within_nwx",NA,NA,NA,NA,"occ"
"IT_2014","cv2_between_nwx",NA,NA,NA,NA,"occ"
"IT_2014","d_cv2_within",NA,NA,NA,NA,"occ"
"IT_2014","d_cv2_between",NA,NA,NA,NA,"occ"
"IT_2014","cv2_share_between_nw",NA,NA,NA,NA,"occ"
"IT_2014","cv2_share_between_nwx",NA,NA,NA,NA,"occ"
"IT_2014","d_cv2_share_between",NA,NA,NA,NA,"occ"
"IT_2014","var_total_nw",NA,NA,NA,NA,"occ"
"IT_2014","var_within_nw",NA,NA,NA,NA,"occ"
"IT_2014","var_between_nw",NA,NA,NA,NA,"occ"
"IT_2014","var_total_nwx",NA,NA,NA,NA,"occ"
"IT_2014","var_within_nwx",NA,NA,NA,NA,"occ"
"IT_2014","var_between_nwx",NA,NA,NA,NA,"occ"
"IT_2014","var_share_between_nw",NA,NA,NA,NA,"occ"
"IT_2014","var_share_between_nwx",NA,NA,NA,NA,"occ"
"IT_2014","d_var_share_between",NA,NA,NA,NA,"occ"
"IT_2014","gini_total_nw",NA,NA,NA,NA,"occ"
"IT_2014","gini_within_nw",NA,NA,NA,NA,"occ"
"IT_2014","gini_between_nw",NA,NA,NA,NA,"occ"
"IT_2014","gini_total_nwx",NA,NA,NA,NA,"occ"
"IT_2014","gini_within_nwx",NA,NA,NA,NA,"occ"
"IT_2014","gini_between_nwx",NA,NA,NA,NA,"occ"
"IT_2014","d_gini_within",NA,NA,NA,NA,"occ"
"IT_2014","d_gini_between",NA,NA,NA,NA,"occ"
"IT_2014","gini_share_between_nw",NA,NA,NA,NA,"occ"
"IT_2014","gini_share_between_nwx",NA,NA,NA,NA,"occ"
"IT_2014","d_gini_share_between",NA,NA,NA,NA,"occ"
"IT_2014","mld_within_nw",NA,NA,NA,NA,"occ"
"IT_2014","mld_between_nw",NA,NA,NA,NA,"occ"
"IT_2014","mld_within_nwx",NA,NA,NA,NA,"occ"
"IT_2014","mld_between_nwx",NA,NA,NA,NA,"occ"
"IT_2014","d_mld_within",NA,NA,NA,NA,"occ"
"IT_2014","d_mld_between",NA,NA,NA,NA,"occ"
"IT_2014","mld_wtkept_nw",NA,NA,NA,NA,"occ"
"IT_2014","mld_wtkept_nwx",NA,NA,NA,NA,"occ"
"IT_2014","mld_ngrp_nw",NA,NA,NA,NA,"occ"
"IT_2014","mld_ngrp_nwx",NA,NA,NA,NA,"occ"
"IT_2014","I_nw",NA,NA,NA,NA,"occ"
"IT_2014","I_nwx",NA,NA,NA,NA,"occ"
"IT_2014","d_I",NA,NA,NA,NA,"occ"
"IT_2014","n_valid",NA,NA,NA,NA,"occ"
"IT_2014","pct_valid",NA,NA,NA,NA,"occ"
"LU_2010","cv2_total_nw",8.77618432604578,0.291060132525116,8.20570646629655,9.34666218579501,"occ"
"LU_2010","cv2_within_nw",8.6065841183372,0.294970717837039,8.02844151137661,9.1847267252978,"occ"
"LU_2010","cv2_between_nw",0.169600207708576,0.005736445879224,0.158356773785297,0.180843641631855,"occ"
"LU_2010","cv2_total_nwx",11.530358691169,0.376725930172816,10.7919758680303,12.2687415143077,"occ"
"LU_2010","cv2_within_nwx",11.3849972308909,0.382164051226291,10.6359556904873,12.1340387712944,"occ"
"LU_2010","cv2_between_nwx",0.145361460278164,0.00761388042368144,0.130438254647748,0.16028466590858,"occ"
"LU_2010","d_cv2_within",-2.77841311255366,0.125768044820065,-3.02491848040099,-2.53190774470633,"occ"
"LU_2010","d_cv2_between",0.0242387474304116,0.00267078351434029,0.0190040117423046,0.0294734831185185,"occ"
"LU_2010","cv2_share_between_nw",0.0193493870173738,0.00119853788516873,0.0170002527624431,0.0216985212723045,"occ"
"LU_2010","cv2_share_between_nwx",0.0126263775786851,0.00100282978581128,0.010660831198495,0.0145919239588752,"occ"
"LU_2010","d_cv2_share_between",0.00672300943868871,0.000362839437002677,0.00601184414216346,0.00743417473521395,"occ"
"LU_2010","var_total_nw",3234368718899.85,116685320385.603,3005665490944.07,3463071946855.64,"occ"
"LU_2010","var_within_nw",3171840751138.78,116723730405.061,2943062239544.86,3400619262732.7,"occ"
"LU_2010","var_between_nw",62527967761.077,3088550178.77987,56474409410.6684,68581526111.4855,"occ"
"LU_2010","var_total_nwx",3193628543646.44,119697684690.854,2959021081652.37,3428236005640.52,"occ"
"LU_2010","var_within_nwx",3153330135471.31,119212159837.637,2919674302189.55,3386985968753.08,"occ"
"LU_2010","var_between_nwx",40298408175.1303,3032463001.33354,34354780692.5166,46242035657.7441,"occ"
"LU_2010","var_share_between_nw",0.0193493870173738,0.00119853788516873,0.0170002527624431,0.0216985212723045,"occ"
"LU_2010","var_share_between_nwx",0.0126263775786851,0.00100282978581128,0.010660831198495,0.0145919239588752,"occ"
"LU_2010","d_var_share_between",0.00672300943868871,0.000362839437002679,0.00601184414216346,0.00743417473521396,"occ"
"LU_2010","gini_total_nw",0.715440714620363,0.0023794016585097,0.710777087369684,0.720104341871042,"occ"
"LU_2010","gini_within_nw",0.666382572000957,0.00244918076127148,0.661582177708865,0.671182966293049,"occ"
"LU_2010","gini_between_nw",0.0490581426194062,0.00133298491760291,0.0464454921809045,0.0516707930579079,"occ"
"LU_2010","gini_total_nwx",0.800491646963485,0.00455407361419109,0.79156566267967,0.809417631247299,"occ"
"LU_2010","gini_within_nwx",0.746542962333186,0.00560034349337499,0.73556628908617,0.757519635580201,"occ"
"LU_2010","gini_between_nwx",0.0539486846302993,0.00183455903144731,0.0503529489286626,0.057544420331936,"occ"
"LU_2010","d_gini_within",-0.0801603903322288,0.00515108788024902,-0.0902565225775169,-0.0700642580869407,"occ"
"LU_2010","d_gini_between",-0.00489054201089309,0.000541228157305845,-0.00595134919921255,-0.00382973482257364,"occ"
"LU_2010","gini_share_between_nw",0.0685700960319268,0.00182528141239061,0.0649925444636412,0.0721476476002124,"occ"
"LU_2010","gini_share_between_nwx",0.0673996840723111,0.00248440609078705,0.0625302481343685,0.0722691200102537,"occ"
"LU_2010","d_gini_share_between",0.00117041195961576,0.000832898587174934,-0.000462069271247115,0.00280289319047862,"occ"
"LU_2010","mld_within_nw",1.26644225249682,0.0145349120707006,1.23795382483825,1.2949306801554,"occ"
"LU_2010","mld_between_nw",0.074730648972335,0.00323038612018772,0.0683990921767671,0.0810622057679029,"occ"
"LU_2010","mld_within_nwx",1.26820641154513,0.0136623525642783,1.24142820051914,1.29498462257112,"occ"
"LU_2010","mld_between_nwx",0.0723565945350257,0.00442180273493586,0.0636898611745514,0.0810233278955,"occ"
"LU_2010","d_mld_within",-0.0017641590483052,0.00791077412341176,-0.0172692763301923,0.0137409582335819,"occ"
"LU_2010","d_mld_between",0.0023740544373093,0.00123663253748108,-4.97453361536122e-05,0.00479785421077221,"occ"
"LU_2010","mld_wtkept_nw",0.939410272379285,0.00489331763315951,0.929819369818292,0.949001174940277,"occ"
"LU_2010","mld_wtkept_nwx",0.904462440933795,0.00564337026770969,0.893401435209084,0.915523446658506,"occ"
"LU_2010","mld_ngrp_nw",3,0,3,3,"occ"
"LU_2010","mld_ngrp_nwx",3,0,3,3,"occ"
"LU_2010","I_nw",0.583060768570032,0.00680071453451174,0.569731368082389,0.596390169057675,"occ"
"LU_2010","I_nwx",0.504884788826011,0.00745644441730492,0.490270157768093,0.519499419883928,"occ"
"LU_2010","d_I",0.0781759797440212,0.00768221088754443,0.0631188464044341,0.0932331130836083,"occ"
"LU_2010","n_valid",611,0,611,611,"occ"
"LU_2010","pct_valid",0.64519535374868,0,0.64519535374868,0.64519535374868,"occ"
"SK_2010","cv2_total_nw",1.19160339158923,0.0554026957783817,1.0830141078636,1.30019267531486,"occ"
"SK_2010","cv2_within_nw",1.1224319921971,0.0551613229373476,1.0143157992399,1.23054818515431,"occ"
"SK_2010","cv2_between_nw",0.0691713993921235,0.00635372096445533,0.056718106301791,0.0816246924824559,"occ"
"SK_2010","cv2_total_nwx",1.81199192944569,0.15264331149025,1.5128110389248,2.11117281996659,"occ"
"SK_2010","cv2_within_nwx",1.74599558384459,0.158618856928382,1.43510262426496,2.05688854342421,"occ"
"SK_2010","cv2_between_nwx",0.0659963456011091,0.00822276547769044,0.0498797252648358,0.0821129659373824,"occ"
"SK_2010","d_cv2_within",-0.623563591647481,0.145679349028272,-0.909095115742894,-0.338032067552069,"occ"
"SK_2010","d_cv2_between",0.00317505379101438,0.0042514809487282,-0.00515784886849288,0.0115079564505217,"occ"
"SK_2010","cv2_share_between_nw",0.0581147199036238,0.00573694567398377,0.0468703063826156,0.069359133424632,"occ"
"SK_2010","cv2_share_between_nwx",0.0367871978653435,0.00745315710007614,0.0221790099491942,0.0513953857814927,"occ"
"SK_2010","d_cv2_share_between",0.0213275220382804,0.00430701594761896,0.0128857707809472,0.0297692732956135,"occ"
"SK_2010","var_total_nw",8424109410.74487,434404660.291404,7572676276.57371,9275542544.91602,"occ"
"SK_2010","var_within_nw",7934906353.5386,423351686.765625,7105137047.47797,8764675659.59922,"occ"
"SK_2010","var_between_nw",489203057.206268,49298935.6540987,392577143.324234,585828971.088301,"occ"
"SK_2010","var_total_nwx",9607364718.4357,662926158.113501,8308029448.53324,10906699988.3382,"occ"
"SK_2010","var_within_nwx",9256452103.01595,694742089.382752,7894757607.82576,10618146598.2061,"occ"
"SK_2010","var_between_nwx",350912615.419746,52490705.3155811,248030833.001207,453794397.838285,"occ"
"SK_2010","var_share_between_nw",0.0581147199036238,0.00573694567398377,0.0468703063826156,0.069359133424632,"occ"
"SK_2010","var_share_between_nwx",0.0367871978653435,0.00745315710007614,0.0221790099491942,0.0513953857814927,"occ"
"SK_2010","d_var_share_between",0.0213275220382804,0.00430701594761896,0.0128857707809472,0.0297692732956135,"occ"
"SK_2010","gini_total_nw",0.460526639576527,0.00291402086979701,0.454815158671725,0.466238120481329,"occ"
"SK_2010","gini_within_nw",0.438822135927121,0.00278606704158524,0.433361444525614,0.444282827328628,"occ"
"SK_2010","gini_between_nw",0.0217045036494061,0.00150164561964702,0.018761278234898,0.0246477290639143,"occ"
"SK_2010","gini_total_nwx",0.553135716084148,0.0136720802807894,0.526338438733801,0.579932993434496,"occ"
"SK_2010","gini_within_nwx",0.530002442327196,0.0143482837581144,0.501879806161291,0.5581250784931,"occ"
"SK_2010","gini_between_nwx",0.0231332737569528,0.00143973693069063,0.0203113893727991,0.0259551581411064,"occ"
"SK_2010","d_gini_within",-0.0911803064000745,0.0124920684585895,-0.11566476057891,-0.0666958522212392,"occ"
"SK_2010","d_gini_between",-0.00142877010754664,0.000582661608210882,-0.00257078685963997,-0.000286753355453311,"occ"
"SK_2010","gini_share_between_nw",0.0471262642162849,0.00317788892021311,0.0408976019326672,0.0533549264999026,"occ"
"SK_2010","gini_share_between_nwx",0.04185814042626,0.00324061709286539,0.0355065309242438,0.0482097499282761,"occ"
"SK_2010","d_gini_share_between",0.00526812379002492,0.000783207387015796,0.00373303731147396,0.00680321026857588,"occ"
"SK_2010","mld_within_nw",0.476599824607646,0.00863768598337703,0.459669960080227,0.493529689135065,"occ"
"SK_2010","mld_between_nw",0.0265269949404495,0.00186892351071795,0.0228639048594423,0.0301900850214567,"occ"
"SK_2010","mld_within_nwx",0.524892661966497,0.0117205235972165,0.501920435715953,0.547864888217041,"occ"
"SK_2010","mld_between_nwx",0.0258595481186957,0.00161610821026136,0.0226919760265835,0.029027120210808,"occ"
"SK_2010","d_mld_within",-0.048292837358851,0.00621223111859966,-0.0604688103513063,-0.0361168643663957,"occ"
"SK_2010","d_mld_between",0.000667446821753783,0.000649025725725976,-0.00060464360066913,0.0019395372441767,"occ"
"SK_2010","mld_wtkept_nw",0.983312042283574,0.000586381121926013,0.982162735284599,0.984461349282549,"occ"
"SK_2010","mld_wtkept_nwx",0.946438288123614,0.00322400985010908,0.9401192288174,0.952757347429827,"occ"
"SK_2010","mld_ngrp_nw",3,0,3,3,"occ"
"SK_2010","mld_ngrp_nwx",3,0,3,3,"occ"
"SK_2010","I_nw",0.585373572474203,0.00509689748963676,0.575383653394515,0.595363491553891,"occ"
"SK_2010","I_nwx",0.477252692718799,0.0141355408982493,0.44954703255823,0.504958352879367,"occ"
"SK_2010","d_I",0.108120879755404,0.0114039290899922,0.0857691787390198,0.130472580771789,"occ"
"SK_2010","n_valid",1488,0,1488,1488,"occ"
"SK_2010","pct_valid",0.730844793713163,0,0.730844793713163,0.730844793713163,"occ"
"SI_2014","cv2_total_nw",10.5629800357519,2.61587026841157,5.43587430966523,15.6900857618386,"occ"
"SI_2014","cv2_within_nw",10.5129503208639,2.615471051005,5.38662706089413,15.6392735808337,"occ"
"SI_2014","cv2_between_nw",0.0500297148879661,0.0060402651758564,0.0381907951432875,0.0618686346326446,"occ"
"SI_2014","cv2_total_nwx",17.1249345473869,3.61003368631894,10.0492685222018,24.200600572572,"occ"
"SI_2014","cv2_within_nwx",17.0508659989533,3.61087400859192,9.97355294211313,24.1281790557934,"occ"
"SI_2014","cv2_between_nwx",0.0740685484336018,0.00682801461625439,0.0606856397857432,0.0874514570814604,"occ"
"SI_2014","d_cv2_within",-6.53791567808935,1.00686115006039,-8.51136353220771,-4.564467823971,"occ"
"SI_2014","d_cv2_between",-0.0240388335456358,0.00170554377127121,-0.0273816993373274,-0.0206959677539442,"occ"
"SI_2014","cv2_share_between_nw",0.0049332437618444,0.00139028390722954,0.00220828730367449,0.00765820022001431,"occ"
"SI_2014","cv2_share_between_nwx",0.00446516937234042,0.00111029511665968,0.00228899094368744,0.0066413478009934,"occ"
"SI_2014","d_cv2_share_between",0.000468074389503983,0.000291992561239426,-0.000104231030525291,0.00104037980953326,"occ"
"SI_2014","var_total_nw",317420548877.532,118591738276.609,84980741855.3776,549860355899.686,"occ"
"SI_2014","var_within_nw",315944718710.181,118377966787.3,83923903807.0735,547965533613.288,"occ"
"SI_2014","var_between_nw",1475830167.3511,277281167.803722,932359078.455811,2019301256.2464,"occ"
"SI_2014","var_total_nwx",324447393968.943,119392622690.003,90437853496.537,558456934441.349,"occ"
"SI_2014","var_within_nwx",323074274547.694,119179773194.882,89481919085.7246,556666630009.662,"occ"
"SI_2014","var_between_nwx",1373119421.24928,246553786.665479,889873999.384939,1856364843.11362,"occ"
"SI_2014","var_share_between_nw",0.0049332437618444,0.00139028390722954,0.00220828730367449,0.00765820022001431,"occ"
"SI_2014","var_share_between_nwx",0.00446516937234042,0.00111029511665968,0.00228899094368744,0.00664134780099339,"occ"
"SI_2014","d_var_share_between",0.000468074389503983,0.000291992561239426,-0.000104231030525292,0.00104037980953326,"occ"
"SI_2014","gini_total_nw",0.687075336821788,0.0183828439945291,0.651044962592511,0.723105711051065,"occ"
"SI_2014","gini_within_nw",0.66162458246382,0.0177987707207825,0.626738991851086,0.696510173076553,"occ"
"SI_2014","gini_between_nw",0.0254507543579685,0.00100461902026988,0.0234817010782395,0.0274198076376974,"occ"
"SI_2014","gini_total_nwx",0.909635695442361,0.010456187410097,0.889141568118571,0.930129822766151,"occ"
"SI_2014","gini_within_nwx",0.882866199927515,0.00995830980844662,0.86334791270296,0.902384487152071,"occ"
"SI_2014","gini_between_nwx",0.026769495514846,0.000874704754742537,0.0250550741955506,0.0284839168341414,"occ"
"SI_2014","d_gini_within",-0.221241617463696,0.0112686721636954,-0.243328214904539,-0.199155020022853,"occ"
"SI_2014","d_gini_between",-0.00131874115687756,0.0005401362680909,-0.00237740824233572,-0.000260074071419392,"occ"
"SI_2014","gini_share_between_nw",0.0370444303117139,0.00116356356736129,0.0347638457196858,0.039325014903742,"occ"
"SI_2014","gini_share_between_nwx",0.0294270259248492,0.000803350058729641,0.0278524598097391,0.0310015920399593,"occ"
"SI_2014","d_gini_share_between",0.00761740438686472,0.00049018763932787,0.0066566366137821,0.00857817215994735,"occ"
"SI_2014","mld_within_nw",1.09714727648436,0.0565394485492956,0.986329957327741,1.20796459564098,"occ"
"SI_2014","mld_between_nw",0.0408624366879935,0.00555927841500028,0.0299662509945929,0.051758622381394,"occ"
"SI_2014","mld_within_nwx",1.22179537975612,0.0679326168249793,1.08864745077917,1.35494330873308,"occ"
"SI_2014","mld_between_nwx",0.0439932095104619,0.00599979914892939,0.0322336031785603,0.0557528158423635,"occ"
"SI_2014","d_mld_within",-0.124648103271764,0.0114952745436628,-0.147178841377343,-0.102117365166185,"occ"
"SI_2014","d_mld_between",-0.00313077282246843,0.0014319317531091,-0.00593735905856227,-0.00032418658637459,"occ"
"SI_2014","mld_wtkept_nw",0.945885969365183,0.000629463703566188,0.944652220506194,0.947119718224173,"occ"
"SI_2014","mld_wtkept_nwx",0.857289051873195,0.00200590526699982,0.853357477549875,0.861220626196514,"occ"
"SI_2014","mld_ngrp_nw",3,0,3,3,"occ"
"SI_2014","mld_ngrp_nwx",3,0,3,3,"occ"
"SI_2014","I_nw",0.482106574984028,0.00938169467201668,0.463718453426875,0.500494696541181,"occ"
"SI_2014","I_nwx",0.458605340622007,0.00746599014733529,0.44397199993323,0.473238681310784,"occ"
"SI_2014","d_I",0.0235012343620211,0.00290050045320305,0.0178162534737432,0.0291862152502991,"occ"
"SI_2014","n_valid",1141,0,1141,1141,"occ"
"SI_2014","pct_valid",0.453137410643368,0,0.453137410643368,0.453137410643368,"occ"
"ES_2011","cv2_total_nw",10.2787267399858,0.724018380049708,8.8596507150884,11.6978027648833,"occ"
"ES_2011","cv2_within_nw",10.0177060165025,0.729466183349281,8.58795229713788,11.4474597358671,"occ"
"ES_2011","cv2_between_nw",0.261020723483359,0.0056721617097471,0.249903286532255,0.272138160434463,"occ"
"ES_2011","cv2_total_nwx",58.5679990969789,49.029545417524,-37.5299099213681,154.665908115326,"occ"
"ES_2011","cv2_within_nwx",58.1463122794426,48.773802932989,-37.4503414692158,153.742966028101,"occ"
"ES_2011","cv2_between_nwx",0.4216868175363,0.257467925499866,-0.0829503164434373,0.926323951516038,"occ"
"ES_2011","d_cv2_within",-48.1286062629402,49.0220034686196,-144.211733061434,47.9545205355542,"occ"
"ES_2011","d_cv2_between",-0.160666094052942,0.257517425798597,-0.665400248618192,0.344068060512309,"occ"
"ES_2011","cv2_share_between_nw",0.0254979034142093,0.00221383967369469,0.0211587776537677,0.0298370291746509,"occ"
"ES_2011","cv2_share_between_nwx",0.00818004698205928,0.0021511840046057,0.00396372633303211,0.0123963676310864,"occ"
"ES_2011","d_cv2_share_between",0.01731785643215,0.00368456981995324,0.0100960995850417,0.0245396132792584,"occ"
"ES_2011","var_total_nw",806765439271.805,85086548122.6935,639995804951.326,973535073592.285,"occ"
"ES_2011","var_within_nw",786319465747.339,84841916215.0044,620029309965.93,952609621528.748,"occ"
"ES_2011","var_between_nw",20445973524.4661,291482543.325674,19874667739.5478,21017279309.3844,"occ"
"ES_2011","var_total_nwx",1383537097652.36,782580433414.33,-150320551839.727,2917394747144.45,"occ"
"ES_2011","var_within_nwx",1373123559265.87,779277155775.642,-154259666054.391,2900506784586.13,"occ"
"ES_2011","var_between_nwx",10413538386.492,3466244378.4359,3619699404.7576,17207377368.2263,"occ"
"ES_2011","var_share_between_nw",0.0254979034142093,0.00221383967369469,0.0211587776537677,0.0298370291746509,"occ"
"ES_2011","var_share_between_nwx",0.00818004698205928,0.0021511840046057,0.00396372633303211,0.0123963676310864,"occ"
"ES_2011","d_var_share_between",0.01731785643215,0.00368456981995324,0.0100960995850417,0.0245396132792584,"occ"
"ES_2011","gini_total_nw",0.62280837643613,0.00756485748832259,0.607981255759018,0.637635497113243,"occ"
"ES_2011","gini_within_nw",0.552454057282741,0.00874323431210243,0.535317318031021,0.569590796534462,"occ"
"ES_2011","gini_between_nw",0.070354319153389,0.00134867176933812,0.0677109224854863,0.0729977158212917,"occ"
"ES_2011","gini_total_nwx",1.3015104673152,0.329419327985195,0.655848584464215,1.94717235016618,"occ"
"ES_2011","gini_within_nwx",1.19886439977687,0.321219529762702,0.56927412144197,1.82845467811176,"occ"
"ES_2011","gini_between_nwx",0.102646067538333,0.0133318617924366,0.0765156184251571,0.128776516651508,"occ"
"ES_2011","d_gini_within",-0.646410342494124,0.322438750643067,-1.27839029375453,-0.0144303912337138,"occ"
"ES_2011","d_gini_between",-0.0322917483849438,0.0125150982424049,-0.0568213409400575,-0.00776215582983023,"occ"
"ES_2011","gini_share_between_nw",0.112988854495685,0.00338770075740382,0.106348961011174,0.119628747980197,"occ"
"ES_2011","gini_share_between_nwx",0.0809437922352697,0.0146997405808474,0.0521323006968088,0.109755283773731,"occ"
"ES_2011","d_gini_share_between",0.0320450622604155,0.0138680320048218,0.00486371953096486,0.0592264049898662,"occ"
"ES_2011","mld_within_nw",0.744627621076514,0.0196453300807347,0.706122774118274,0.783132468034754,"occ"
"ES_2011","mld_between_nw",0.106677478986049,0.00176635732979394,0.103215418619652,0.110139539352445,"occ"
"ES_2011","mld_within_nwx",0.76822269716807,0.0198208581431034,0.729373815207587,0.807071579128552,"occ"
"ES_2011","mld_between_nwx",0.10984123827396,0.00441479961321079,0.101188231032067,0.118494245515853,"occ"
"ES_2011","d_mld_within",-0.023595076091556,0.0124111163210973,-0.0479208640809067,0.000730711897794761,"occ"
"ES_2011","d_mld_between",-0.00316375928791118,0.0032163027727005,-0.00946771272240416,0.0031401941465818,"occ"
"ES_2011","mld_wtkept_nw",0.953810258294297,0.00391972015885152,0.946127606782948,0.961492909805646,"occ"
"ES_2011","mld_wtkept_nwx",0.875079148081384,0.00529836804828527,0.864694346706745,0.885463949456023,"occ"
"ES_2011","mld_ngrp_nw",3,0,3,3,"occ"
"ES_2011","mld_ngrp_nwx",3,0,3,3,"occ"
"ES_2011","I_nw",0.538370045468883,0.00801788535011579,0.522654990182656,0.55408510075511,"occ"
"ES_2011","I_nwx",0.394755117522317,0.0131144166761891,0.369050860836987,0.420459374207648,"occ"
"ES_2011","d_I",0.143614927946566,0.00667411558679435,0.130533661396449,0.156696194496683,"occ"
"ES_2011","n_valid",2498,0,2498,2498,"occ"
"ES_2011","pct_valid",0.409575340219708,0,0.409575340219708,0.409575340219708,"occ"
"US_2013","cv2_total_nw",74.5379643490236,2.25492504849645,70.1183112539706,78.9576174440766,"occ"
"US_2013","cv2_within_nw",74.1451117704631,2.25537175347947,69.7245831336434,78.5656404072829,"occ"
"US_2013","cv2_between_nw",0.392852578560477,0.00375191645633072,0.385498822306069,0.400206334814886,"occ"
"US_2013","cv2_total_nwx",109.263770633874,3.85844635721167,101.701215773739,116.826325494009,"occ"
"US_2013","cv2_within_nwx",108.817290191348,3.85448841500729,101.262492897933,116.372087484762,"occ"
"US_2013","cv2_between_nwx",0.446480442526395,0.00753532817197844,0.431711199309317,0.461249685743472,"occ"
"US_2013","d_cv2_within",-34.6721784208844,1.86271064609264,-38.323091287226,-31.0212655545428,"occ"
"US_2013","d_cv2_between",-0.0536278639659173,0.00956169656630882,-0.0723687892358826,-0.034886938695952,"occ"
"US_2013","cv2_share_between_nw",0.0052738553299148,0.000173665603829067,0.00493347074640983,0.00561423991341977,"occ"
"US_2013","cv2_share_between_nwx",0.00408885722370904,0.000124727917553718,0.00384439050530375,0.00433332394211433,"occ"
"US_2013","d_cv2_share_between",0.00118499810620576,9.90836966259551e-05,0.000990794060818888,0.00137920215159263,"occ"
"US_2013","var_total_nw",16355037292099.1,206601950569.988,15950097468981.9,16759977115216.3,"occ"
"US_2013","var_within_nw",16268803252786.9,207903726199.218,15861311949436.5,16676294556137.4,"occ"
"US_2013","var_between_nw",86234039312.1856,2012782622.64963,82288985371.7923,90179093252.5788,"occ"
"US_2013","var_total_nwx",16060526312480,257967369128.844,15554910268987.5,16566142355972.5,"occ"
"US_2013","var_within_nwx",15994878111225.3,258870268904.562,15487492384172.4,16502263838278.3,"occ"
"US_2013","var_between_nwx",65648201254.6959,986059725.762322,63715524192.2017,67580878317.19,"occ"
"US_2013","var_share_between_nw",0.0052738553299148,0.000173665603829067,0.00493347074640983,0.00561423991341977,"occ"
"US_2013","var_share_between_nwx",0.00408885722370904,0.000124727917553718,0.00384439050530375,0.00433332394211433,"occ"
"US_2013","d_var_share_between",0.00118499810620576,9.90836966259551e-05,0.000990794060818888,0.00137920215159263,"occ"
"US_2013","gini_total_nw",0.895018304758596,0.000251157639983327,0.894526035784229,0.895510573732963,"occ"
"US_2013","gini_within_nw",0.780360211695536,0.00138356440737535,0.77764842545708,0.783071997933992,"occ"
"US_2013","gini_between_nw",0.11465809306306,0.00145377749359499,0.111808689175614,0.117507496950506,"occ"
"US_2013","gini_total_nwx",1.05235419212208,0.0101880754794658,1.03238556418232,1.07232282006183,"occ"
"US_2013","gini_within_nwx",0.928894664653422,0.0119492848801622,0.905474066288304,0.95231526301854,"occ"
"US_2013","gini_between_nwx",0.123459527468655,0.00426209272022732,0.115105825737009,0.1318132292003,"occ"
"US_2013","d_gini_within",-0.148534452957886,0.0115083251644645,-0.171090770280236,-0.125978135635536,"occ"
"US_2013","d_gini_between",-0.00880143440559495,0.00289608509001247,-0.0144777611820194,-0.00312510762917052,"occ"
"US_2013","gini_share_between_nw",0.128106878697348,0.00161188141552124,0.124947591122927,0.13126616627177,"occ"
"US_2013","gini_share_between_nwx",0.117330882949421,0.00442509681340395,0.108657693195149,0.126004072703692,"occ"
"US_2013","d_gini_share_between",0.0107759957479275,0.00307287264164568,0.00475316537030199,0.016798826125553,"occ"
"US_2013","mld_within_nw",1.83331675472684,0.00253495694779137,1.82834823910917,1.83828527034451,"occ"
"US_2013","mld_between_nw",0.23557070414617,0.00464504939023176,0.226466407341316,0.244675000951024,"occ"
"US_2013","mld_within_nwx",1.87202016581229,0.00386004116103514,1.86445448513666,1.87958584648792,"occ"
"US_2013","mld_between_nwx",0.248899982481382,0.00517431586265371,0.238758323390581,0.259041641572183,"occ"
"US_2013","d_mld_within",-0.0387034110854492,0.00419969432471001,-0.0469348119618808,-0.0304720102090176,"occ"
"US_2013","d_mld_between",-0.0133292783352123,0.000602784957374519,-0.0145107368516664,-0.0121478198187582,"occ"
"US_2013","mld_wtkept_nw",0.833086046029227,0.00100972391740486,0.831106987151114,0.835065104907341,"occ"
"US_2013","mld_wtkept_nwx",0.771839434485557,0.00140606045796549,0.769083555987944,0.774595312983169,"occ"
"US_2013","mld_ngrp_nw",3,0,3,3,"occ"
"US_2013","mld_ngrp_nwx",3,0,3,3,"occ"
"US_2013","I_nw",0.324514464098243,0.00290555623657973,0.318819573874547,0.33020935432194,"occ"
"US_2013","I_nwx",0.260457765620539,0.00196714270350679,0.256602165921666,0.264313365319412,"occ"
"US_2013","d_I",0.0640566984777045,0.00354536324058602,0.0571077865261559,0.0710056104292531,"occ"
"US_2013","n_valid",4056,0,4056,4056,"occ"
"US_2013","pct_valid",0.679396984924623,0,0.679396984924623,0.679396984924623,"occ"
"AT_2011","cv2_total_nw",NA,NA,NA,NA,"pared"
"AT_2011","cv2_within_nw",NA,NA,NA,NA,"pared"
"AT_2011","cv2_between_nw",NA,NA,NA,NA,"pared"
"AT_2011","cv2_total_nwx",NA,NA,NA,NA,"pared"
"AT_2011","cv2_within_nwx",NA,NA,NA,NA,"pared"
"AT_2011","cv2_between_nwx",NA,NA,NA,NA,"pared"
"AT_2011","d_cv2_within",NA,NA,NA,NA,"pared"
"AT_2011","d_cv2_between",NA,NA,NA,NA,"pared"
"AT_2011","cv2_share_between_nw",NA,NA,NA,NA,"pared"
"AT_2011","cv2_share_between_nwx",NA,NA,NA,NA,"pared"
"AT_2011","d_cv2_share_between",NA,NA,NA,NA,"pared"
"AT_2011","var_total_nw",NA,NA,NA,NA,"pared"
"AT_2011","var_within_nw",NA,NA,NA,NA,"pared"
"AT_2011","var_between_nw",NA,NA,NA,NA,"pared"
"AT_2011","var_total_nwx",NA,NA,NA,NA,"pared"
"AT_2011","var_within_nwx",NA,NA,NA,NA,"pared"
"AT_2011","var_between_nwx",NA,NA,NA,NA,"pared"
"AT_2011","var_share_between_nw",NA,NA,NA,NA,"pared"
"AT_2011","var_share_between_nwx",NA,NA,NA,NA,"pared"
"AT_2011","d_var_share_between",NA,NA,NA,NA,"pared"
"AT_2011","gini_total_nw",NA,NA,NA,NA,"pared"
"AT_2011","gini_within_nw",NA,NA,NA,NA,"pared"
"AT_2011","gini_between_nw",NA,NA,NA,NA,"pared"
"AT_2011","gini_total_nwx",NA,NA,NA,NA,"pared"
"AT_2011","gini_within_nwx",NA,NA,NA,NA,"pared"
"AT_2011","gini_between_nwx",NA,NA,NA,NA,"pared"
"AT_2011","d_gini_within",NA,NA,NA,NA,"pared"
"AT_2011","d_gini_between",NA,NA,NA,NA,"pared"
"AT_2011","gini_share_between_nw",NA,NA,NA,NA,"pared"
"AT_2011","gini_share_between_nwx",NA,NA,NA,NA,"pared"
"AT_2011","d_gini_share_between",NA,NA,NA,NA,"pared"
"AT_2011","mld_within_nw",NA,NA,NA,NA,"pared"
"AT_2011","mld_between_nw",NA,NA,NA,NA,"pared"
"AT_2011","mld_within_nwx",NA,NA,NA,NA,"pared"
"AT_2011","mld_between_nwx",NA,NA,NA,NA,"pared"
"AT_2011","d_mld_within",NA,NA,NA,NA,"pared"
"AT_2011","d_mld_between",NA,NA,NA,NA,"pared"
"AT_2011","mld_wtkept_nw",NA,NA,NA,NA,"pared"
"AT_2011","mld_wtkept_nwx",NA,NA,NA,NA,"pared"
"AT_2011","mld_ngrp_nw",NA,NA,NA,NA,"pared"
"AT_2011","mld_ngrp_nwx",NA,NA,NA,NA,"pared"
"AT_2011","I_nw",NA,NA,NA,NA,"pared"
"AT_2011","I_nwx",NA,NA,NA,NA,"pared"
"AT_2011","d_I",NA,NA,NA,NA,"pared"
"AT_2011","n_valid",NA,NA,NA,NA,"pared"
"AT_2011","pct_valid",NA,NA,NA,NA,"pared"
"EE_2013","cv2_total_nw",NA,NA,NA,NA,"pared"
"EE_2013","cv2_within_nw",NA,NA,NA,NA,"pared"
"EE_2013","cv2_between_nw",NA,NA,NA,NA,"pared"
"EE_2013","cv2_total_nwx",NA,NA,NA,NA,"pared"
"EE_2013","cv2_within_nwx",NA,NA,NA,NA,"pared"
"EE_2013","cv2_between_nwx",NA,NA,NA,NA,"pared"
"EE_2013","d_cv2_within",NA,NA,NA,NA,"pared"
"EE_2013","d_cv2_between",NA,NA,NA,NA,"pared"
"EE_2013","cv2_share_between_nw",NA,NA,NA,NA,"pared"
"EE_2013","cv2_share_between_nwx",NA,NA,NA,NA,"pared"
"EE_2013","d_cv2_share_between",NA,NA,NA,NA,"pared"
"EE_2013","var_total_nw",NA,NA,NA,NA,"pared"
"EE_2013","var_within_nw",NA,NA,NA,NA,"pared"
"EE_2013","var_between_nw",NA,NA,NA,NA,"pared"
"EE_2013","var_total_nwx",NA,NA,NA,NA,"pared"
"EE_2013","var_within_nwx",NA,NA,NA,NA,"pared"
"EE_2013","var_between_nwx",NA,NA,NA,NA,"pared"
"EE_2013","var_share_between_nw",NA,NA,NA,NA,"pared"
"EE_2013","var_share_between_nwx",NA,NA,NA,NA,"pared"
"EE_2013","d_var_share_between",NA,NA,NA,NA,"pared"
"EE_2013","gini_total_nw",NA,NA,NA,NA,"pared"
"EE_2013","gini_within_nw",NA,NA,NA,NA,"pared"
"EE_2013","gini_between_nw",NA,NA,NA,NA,"pared"
"EE_2013","gini_total_nwx",NA,NA,NA,NA,"pared"
"EE_2013","gini_within_nwx",NA,NA,NA,NA,"pared"
"EE_2013","gini_between_nwx",NA,NA,NA,NA,"pared"
"EE_2013","d_gini_within",NA,NA,NA,NA,"pared"
"EE_2013","d_gini_between",NA,NA,NA,NA,"pared"
"EE_2013","gini_share_between_nw",NA,NA,NA,NA,"pared"
"EE_2013","gini_share_between_nwx",NA,NA,NA,NA,"pared"
"EE_2013","d_gini_share_between",NA,NA,NA,NA,"pared"
"EE_2013","mld_within_nw",NA,NA,NA,NA,"pared"
"EE_2013","mld_between_nw",NA,NA,NA,NA,"pared"
"EE_2013","mld_within_nwx",NA,NA,NA,NA,"pared"
"EE_2013","mld_between_nwx",NA,NA,NA,NA,"pared"
"EE_2013","d_mld_within",NA,NA,NA,NA,"pared"
"EE_2013","d_mld_between",NA,NA,NA,NA,"pared"
"EE_2013","mld_wtkept_nw",NA,NA,NA,NA,"pared"
"EE_2013","mld_wtkept_nwx",NA,NA,NA,NA,"pared"
"EE_2013","mld_ngrp_nw",NA,NA,NA,NA,"pared"
"EE_2013","mld_ngrp_nwx",NA,NA,NA,NA,"pared"
"EE_2013","I_nw",NA,NA,NA,NA,"pared"
"EE_2013","I_nwx",NA,NA,NA,NA,"pared"
"EE_2013","d_I",NA,NA,NA,NA,"pared"
"EE_2013","n_valid",NA,NA,NA,NA,"pared"
"EE_2013","pct_valid",NA,NA,NA,NA,"pared"
"FR_2009","cv2_total_nw",NA,NA,NA,NA,"pared"
"FR_2009","cv2_within_nw",NA,NA,NA,NA,"pared"
"FR_2009","cv2_between_nw",NA,NA,NA,NA,"pared"
"FR_2009","cv2_total_nwx",NA,NA,NA,NA,"pared"
"FR_2009","cv2_within_nwx",NA,NA,NA,NA,"pared"
"FR_2009","cv2_between_nwx",NA,NA,NA,NA,"pared"
"FR_2009","d_cv2_within",NA,NA,NA,NA,"pared"
"FR_2009","d_cv2_between",NA,NA,NA,NA,"pared"
"FR_2009","cv2_share_between_nw",NA,NA,NA,NA,"pared"
"FR_2009","cv2_share_between_nwx",NA,NA,NA,NA,"pared"
"FR_2009","d_cv2_share_between",NA,NA,NA,NA,"pared"
"FR_2009","var_total_nw",NA,NA,NA,NA,"pared"
"FR_2009","var_within_nw",NA,NA,NA,NA,"pared"
"FR_2009","var_between_nw",NA,NA,NA,NA,"pared"
"FR_2009","var_total_nwx",NA,NA,NA,NA,"pared"
"FR_2009","var_within_nwx",NA,NA,NA,NA,"pared"
"FR_2009","var_between_nwx",NA,NA,NA,NA,"pared"
"FR_2009","var_share_between_nw",NA,NA,NA,NA,"pared"
"FR_2009","var_share_between_nwx",NA,NA,NA,NA,"pared"
"FR_2009","d_var_share_between",NA,NA,NA,NA,"pared"
"FR_2009","gini_total_nw",NA,NA,NA,NA,"pared"
"FR_2009","gini_within_nw",NA,NA,NA,NA,"pared"
"FR_2009","gini_between_nw",NA,NA,NA,NA,"pared"
"FR_2009","gini_total_nwx",NA,NA,NA,NA,"pared"
"FR_2009","gini_within_nwx",NA,NA,NA,NA,"pared"
"FR_2009","gini_between_nwx",NA,NA,NA,NA,"pared"
"FR_2009","d_gini_within",NA,NA,NA,NA,"pared"
"FR_2009","d_gini_between",NA,NA,NA,NA,"pared"
"FR_2009","gini_share_between_nw",NA,NA,NA,NA,"pared"
"FR_2009","gini_share_between_nwx",NA,NA,NA,NA,"pared"
"FR_2009","d_gini_share_between",NA,NA,NA,NA,"pared"
"FR_2009","mld_within_nw",NA,NA,NA,NA,"pared"
"FR_2009","mld_between_nw",NA,NA,NA,NA,"pared"
"FR_2009","mld_within_nwx",NA,NA,NA,NA,"pared"
"FR_2009","mld_between_nwx",NA,NA,NA,NA,"pared"
"FR_2009","d_mld_within",NA,NA,NA,NA,"pared"
"FR_2009","d_mld_between",NA,NA,NA,NA,"pared"
"FR_2009","mld_wtkept_nw",NA,NA,NA,NA,"pared"
"FR_2009","mld_wtkept_nwx",NA,NA,NA,NA,"pared"
"FR_2009","mld_ngrp_nw",NA,NA,NA,NA,"pared"
"FR_2009","mld_ngrp_nwx",NA,NA,NA,NA,"pared"
"FR_2009","I_nw",NA,NA,NA,NA,"pared"
"FR_2009","I_nwx",NA,NA,NA,NA,"pared"
"FR_2009","d_I",NA,NA,NA,NA,"pared"
"FR_2009","n_valid",NA,NA,NA,NA,"pared"
"FR_2009","pct_valid",NA,NA,NA,NA,"pared"
"GR_2009","cv2_total_nw",NA,NA,NA,NA,"pared"
"GR_2009","cv2_within_nw",NA,NA,NA,NA,"pared"
"GR_2009","cv2_between_nw",NA,NA,NA,NA,"pared"
"GR_2009","cv2_total_nwx",NA,NA,NA,NA,"pared"
"GR_2009","cv2_within_nwx",NA,NA,NA,NA,"pared"
"GR_2009","cv2_between_nwx",NA,NA,NA,NA,"pared"
"GR_2009","d_cv2_within",NA,NA,NA,NA,"pared"
"GR_2009","d_cv2_between",NA,NA,NA,NA,"pared"
"GR_2009","cv2_share_between_nw",NA,NA,NA,NA,"pared"
"GR_2009","cv2_share_between_nwx",NA,NA,NA,NA,"pared"
"GR_2009","d_cv2_share_between",NA,NA,NA,NA,"pared"
"GR_2009","var_total_nw",NA,NA,NA,NA,"pared"
"GR_2009","var_within_nw",NA,NA,NA,NA,"pared"
"GR_2009","var_between_nw",NA,NA,NA,NA,"pared"
"GR_2009","var_total_nwx",NA,NA,NA,NA,"pared"
"GR_2009","var_within_nwx",NA,NA,NA,NA,"pared"
"GR_2009","var_between_nwx",NA,NA,NA,NA,"pared"
"GR_2009","var_share_between_nw",NA,NA,NA,NA,"pared"
"GR_2009","var_share_between_nwx",NA,NA,NA,NA,"pared"
"GR_2009","d_var_share_between",NA,NA,NA,NA,"pared"
"GR_2009","gini_total_nw",NA,NA,NA,NA,"pared"
"GR_2009","gini_within_nw",NA,NA,NA,NA,"pared"
"GR_2009","gini_between_nw",NA,NA,NA,NA,"pared"
"GR_2009","gini_total_nwx",NA,NA,NA,NA,"pared"
"GR_2009","gini_within_nwx",NA,NA,NA,NA,"pared"
"GR_2009","gini_between_nwx",NA,NA,NA,NA,"pared"
"GR_2009","d_gini_within",NA,NA,NA,NA,"pared"
"GR_2009","d_gini_between",NA,NA,NA,NA,"pared"
"GR_2009","gini_share_between_nw",NA,NA,NA,NA,"pared"
"GR_2009","gini_share_between_nwx",NA,NA,NA,NA,"pared"
"GR_2009","d_gini_share_between",NA,NA,NA,NA,"pared"
"GR_2009","mld_within_nw",NA,NA,NA,NA,"pared"
"GR_2009","mld_between_nw",NA,NA,NA,NA,"pared"
"GR_2009","mld_within_nwx",NA,NA,NA,NA,"pared"
"GR_2009","mld_between_nwx",NA,NA,NA,NA,"pared"
"GR_2009","d_mld_within",NA,NA,NA,NA,"pared"
"GR_2009","d_mld_between",NA,NA,NA,NA,"pared"
"GR_2009","mld_wtkept_nw",NA,NA,NA,NA,"pared"
"GR_2009","mld_wtkept_nwx",NA,NA,NA,NA,"pared"
"GR_2009","mld_ngrp_nw",NA,NA,NA,NA,"pared"
"GR_2009","mld_ngrp_nwx",NA,NA,NA,NA,"pared"
"GR_2009","I_nw",NA,NA,NA,NA,"pared"
"GR_2009","I_nwx",NA,NA,NA,NA,"pared"
"GR_2009","d_I",NA,NA,NA,NA,"pared"
"GR_2009","n_valid",NA,NA,NA,NA,"pared"
"GR_2009","pct_valid",NA,NA,NA,NA,"pared"
"IT_2014","cv2_total_nw",2.58367980354477,NA,NA,NA,"pared"
"IT_2014","cv2_within_nw",2.51781351479166,NA,NA,NA,"pared"
"IT_2014","cv2_between_nw",0.0658662887531081,NA,NA,NA,"pared"
"IT_2014","cv2_total_nwx",6.68366908550972,NA,NA,NA,"pared"
"IT_2014","cv2_within_nwx",6.65289170427383,NA,NA,NA,"pared"
"IT_2014","cv2_between_nwx",0.030777381235888,NA,NA,NA,"pared"
"IT_2014","d_cv2_within",-4.13507818948217,NA,NA,NA,"pared"
"IT_2014","d_cv2_between",0.0350889075172201,NA,NA,NA,"pared"
"IT_2014","cv2_share_between_nw",0.0254932088189646,NA,NA,NA,"pared"
"IT_2014","cv2_share_between_nwx",0.00460486311367715,NA,NA,NA,"pared"
"IT_2014","d_cv2_share_between",0.0208883457052874,NA,NA,NA,"pared"
"IT_2014","var_total_nw",146077005604.547,NA,NA,NA,"pared"
"IT_2014","var_within_nw",142353033997.021,NA,NA,NA,"pared"
"IT_2014","var_between_nw",3723971607.52576,NA,NA,NA,"pared"
"IT_2014","var_total_nwx",211151140501.263,NA,NA,NA,"pared"
"IT_2014","var_within_nwx",210178818402.958,NA,NA,NA,"pared"
"IT_2014","var_between_nwx",972322098.305128,NA,NA,NA,"pared"
"IT_2014","var_share_between_nw",0.0254932088189646,NA,NA,NA,"pared"
"IT_2014","var_share_between_nwx",0.00460486311367715,NA,NA,NA,"pared"
"IT_2014","d_var_share_between",0.0208883457052874,NA,NA,NA,"pared"
"IT_2014","gini_total_nw",0.587089724591529,NA,NA,NA,"pared"
"IT_2014","gini_within_nw",0.573832016067109,NA,NA,NA,"pared"
"IT_2014","gini_between_nw",0.0132577085244195,NA,NA,NA,"pared"
"IT_2014","gini_total_nwx",0.814634094691391,NA,NA,NA,"pared"
"IT_2014","gini_within_nwx",0.799625225618749,NA,NA,NA,"pared"
"IT_2014","gini_between_nwx",0.0150088690726424,NA,NA,NA,"pared"
"IT_2014","d_gini_within",-0.22579320955164,NA,NA,NA,"pared"
"IT_2014","d_gini_between",-0.00175116054822289,NA,NA,NA,"pared"
"IT_2014","gini_share_between_nw",0.0225820823787091,NA,NA,NA,"pared"
"IT_2014","gini_share_between_nwx",0.0184240620058117,NA,NA,NA,"pared"
"IT_2014","d_gini_share_between",0.00415802037289746,NA,NA,NA,"pared"
"IT_2014","mld_within_nw",0.905178313685624,NA,NA,NA,"pared"
"IT_2014","mld_between_nw",0.0175073883805379,NA,NA,NA,"pared"
"IT_2014","mld_within_nwx",0.928948052390261,NA,NA,NA,"pared"
"IT_2014","mld_between_nwx",0.01437671531447,NA,NA,NA,"pared"
"IT_2014","d_mld_within",-0.0237697387046368,NA,NA,NA,"pared"
"IT_2014","d_mld_between",0.00313067306606787,NA,NA,NA,"pared"
"IT_2014","mld_wtkept_nw",0.989599397119067,NA,NA,NA,"pared"
"IT_2014","mld_wtkept_nwx",0.937449155678084,NA,NA,NA,"pared"
"IT_2014","mld_ngrp_nw",2,NA,NA,NA,"pared"
"IT_2014","mld_ngrp_nwx",2,NA,NA,NA,"pared"
"IT_2014","I_nw",0.411657635630494,NA,NA,NA,"pared"
"IT_2014","I_nwx",0.289525929562076,NA,NA,NA,"pared"
"IT_2014","d_I",0.122131706068418,NA,NA,NA,"pared"
"IT_2014","n_valid",7943,NA,NA,NA,"pared"
"IT_2014","pct_valid",0.975558830754114,NA,NA,NA,"pared"
"LU_2010","cv2_total_nw",NA,NA,NA,NA,"pared"
"LU_2010","cv2_within_nw",NA,NA,NA,NA,"pared"
"LU_2010","cv2_between_nw",NA,NA,NA,NA,"pared"
"LU_2010","cv2_total_nwx",NA,NA,NA,NA,"pared"
"LU_2010","cv2_within_nwx",NA,NA,NA,NA,"pared"
"LU_2010","cv2_between_nwx",NA,NA,NA,NA,"pared"
"LU_2010","d_cv2_within",NA,NA,NA,NA,"pared"
"LU_2010","d_cv2_between",NA,NA,NA,NA,"pared"
"LU_2010","cv2_share_between_nw",NA,NA,NA,NA,"pared"
"LU_2010","cv2_share_between_nwx",NA,NA,NA,NA,"pared"
"LU_2010","d_cv2_share_between",NA,NA,NA,NA,"pared"
"LU_2010","var_total_nw",NA,NA,NA,NA,"pared"
"LU_2010","var_within_nw",NA,NA,NA,NA,"pared"
"LU_2010","var_between_nw",NA,NA,NA,NA,"pared"
"LU_2010","var_total_nwx",NA,NA,NA,NA,"pared"
"LU_2010","var_within_nwx",NA,NA,NA,NA,"pared"
"LU_2010","var_between_nwx",NA,NA,NA,NA,"pared"
"LU_2010","var_share_between_nw",NA,NA,NA,NA,"pared"
"LU_2010","var_share_between_nwx",NA,NA,NA,NA,"pared"
"LU_2010","d_var_share_between",NA,NA,NA,NA,"pared"
"LU_2010","gini_total_nw",NA,NA,NA,NA,"pared"
"LU_2010","gini_within_nw",NA,NA,NA,NA,"pared"
"LU_2010","gini_between_nw",NA,NA,NA,NA,"pared"
"LU_2010","gini_total_nwx",NA,NA,NA,NA,"pared"
"LU_2010","gini_within_nwx",NA,NA,NA,NA,"pared"
"LU_2010","gini_between_nwx",NA,NA,NA,NA,"pared"
"LU_2010","d_gini_within",NA,NA,NA,NA,"pared"
"LU_2010","d_gini_between",NA,NA,NA,NA,"pared"
"LU_2010","gini_share_between_nw",NA,NA,NA,NA,"pared"
"LU_2010","gini_share_between_nwx",NA,NA,NA,NA,"pared"
"LU_2010","d_gini_share_between",NA,NA,NA,NA,"pared"
"LU_2010","mld_within_nw",NA,NA,NA,NA,"pared"
"LU_2010","mld_between_nw",NA,NA,NA,NA,"pared"
"LU_2010","mld_within_nwx",NA,NA,NA,NA,"pared"
"LU_2010","mld_between_nwx",NA,NA,NA,NA,"pared"
"LU_2010","d_mld_within",NA,NA,NA,NA,"pared"
"LU_2010","d_mld_between",NA,NA,NA,NA,"pared"
"LU_2010","mld_wtkept_nw",NA,NA,NA,NA,"pared"
"LU_2010","mld_wtkept_nwx",NA,NA,NA,NA,"pared"
"LU_2010","mld_ngrp_nw",NA,NA,NA,NA,"pared"
"LU_2010","mld_ngrp_nwx",NA,NA,NA,NA,"pared"
"LU_2010","I_nw",NA,NA,NA,NA,"pared"
"LU_2010","I_nwx",NA,NA,NA,NA,"pared"
"LU_2010","d_I",NA,NA,NA,NA,"pared"
"LU_2010","n_valid",NA,NA,NA,NA,"pared"
"LU_2010","pct_valid",NA,NA,NA,NA,"pared"
"SK_2010","cv2_total_nw",NA,NA,NA,NA,"pared"
"SK_2010","cv2_within_nw",NA,NA,NA,NA,"pared"
"SK_2010","cv2_between_nw",NA,NA,NA,NA,"pared"
"SK_2010","cv2_total_nwx",NA,NA,NA,NA,"pared"
"SK_2010","cv2_within_nwx",NA,NA,NA,NA,"pared"
"SK_2010","cv2_between_nwx",NA,NA,NA,NA,"pared"
"SK_2010","d_cv2_within",NA,NA,NA,NA,"pared"
"SK_2010","d_cv2_between",NA,NA,NA,NA,"pared"
"SK_2010","cv2_share_between_nw",NA,NA,NA,NA,"pared"
"SK_2010","cv2_share_between_nwx",NA,NA,NA,NA,"pared"
"SK_2010","d_cv2_share_between",NA,NA,NA,NA,"pared"
"SK_2010","var_total_nw",NA,NA,NA,NA,"pared"
"SK_2010","var_within_nw",NA,NA,NA,NA,"pared"
"SK_2010","var_between_nw",NA,NA,NA,NA,"pared"
"SK_2010","var_total_nwx",NA,NA,NA,NA,"pared"
"SK_2010","var_within_nwx",NA,NA,NA,NA,"pared"
"SK_2010","var_between_nwx",NA,NA,NA,NA,"pared"
"SK_2010","var_share_between_nw",NA,NA,NA,NA,"pared"
"SK_2010","var_share_between_nwx",NA,NA,NA,NA,"pared"
"SK_2010","d_var_share_between",NA,NA,NA,NA,"pared"
"SK_2010","gini_total_nw",NA,NA,NA,NA,"pared"
"SK_2010","gini_within_nw",NA,NA,NA,NA,"pared"
"SK_2010","gini_between_nw",NA,NA,NA,NA,"pared"
"SK_2010","gini_total_nwx",NA,NA,NA,NA,"pared"
"SK_2010","gini_within_nwx",NA,NA,NA,NA,"pared"
"SK_2010","gini_between_nwx",NA,NA,NA,NA,"pared"
"SK_2010","d_gini_within",NA,NA,NA,NA,"pared"
"SK_2010","d_gini_between",NA,NA,NA,NA,"pared"
"SK_2010","gini_share_between_nw",NA,NA,NA,NA,"pared"
"SK_2010","gini_share_between_nwx",NA,NA,NA,NA,"pared"
"SK_2010","d_gini_share_between",NA,NA,NA,NA,"pared"
"SK_2010","mld_within_nw",NA,NA,NA,NA,"pared"
"SK_2010","mld_between_nw",NA,NA,NA,NA,"pared"
"SK_2010","mld_within_nwx",NA,NA,NA,NA,"pared"
"SK_2010","mld_between_nwx",NA,NA,NA,NA,"pared"
"SK_2010","d_mld_within",NA,NA,NA,NA,"pared"
"SK_2010","d_mld_between",NA,NA,NA,NA,"pared"
"SK_2010","mld_wtkept_nw",NA,NA,NA,NA,"pared"
"SK_2010","mld_wtkept_nwx",NA,NA,NA,NA,"pared"
"SK_2010","mld_ngrp_nw",NA,NA,NA,NA,"pared"
"SK_2010","mld_ngrp_nwx",NA,NA,NA,NA,"pared"
"SK_2010","I_nw",NA,NA,NA,NA,"pared"
"SK_2010","I_nwx",NA,NA,NA,NA,"pared"
"SK_2010","d_I",NA,NA,NA,NA,"pared"
"SK_2010","n_valid",NA,NA,NA,NA,"pared"
"SK_2010","pct_valid",NA,NA,NA,NA,"pared"
"SI_2014","cv2_total_nw",NA,NA,NA,NA,"pared"
"SI_2014","cv2_within_nw",NA,NA,NA,NA,"pared"
"SI_2014","cv2_between_nw",NA,NA,NA,NA,"pared"
"SI_2014","cv2_total_nwx",NA,NA,NA,NA,"pared"
"SI_2014","cv2_within_nwx",NA,NA,NA,NA,"pared"
"SI_2014","cv2_between_nwx",NA,NA,NA,NA,"pared"
"SI_2014","d_cv2_within",NA,NA,NA,NA,"pared"
"SI_2014","d_cv2_between",NA,NA,NA,NA,"pared"
"SI_2014","cv2_share_between_nw",NA,NA,NA,NA,"pared"
"SI_2014","cv2_share_between_nwx",NA,NA,NA,NA,"pared"
"SI_2014","d_cv2_share_between",NA,NA,NA,NA,"pared"
"SI_2014","var_total_nw",NA,NA,NA,NA,"pared"
"SI_2014","var_within_nw",NA,NA,NA,NA,"pared"
"SI_2014","var_between_nw",NA,NA,NA,NA,"pared"
"SI_2014","var_total_nwx",NA,NA,NA,NA,"pared"
"SI_2014","var_within_nwx",NA,NA,NA,NA,"pared"
"SI_2014","var_between_nwx",NA,NA,NA,NA,"pared"
"SI_2014","var_share_between_nw",NA,NA,NA,NA,"pared"
"SI_2014","var_share_between_nwx",NA,NA,NA,NA,"pared"
"SI_2014","d_var_share_between",NA,NA,NA,NA,"pared"
"SI_2014","gini_total_nw",NA,NA,NA,NA,"pared"
"SI_2014","gini_within_nw",NA,NA,NA,NA,"pared"
"SI_2014","gini_between_nw",NA,NA,NA,NA,"pared"
"SI_2014","gini_total_nwx",NA,NA,NA,NA,"pared"
"SI_2014","gini_within_nwx",NA,NA,NA,NA,"pared"
"SI_2014","gini_between_nwx",NA,NA,NA,NA,"pared"
"SI_2014","d_gini_within",NA,NA,NA,NA,"pared"
"SI_2014","d_gini_between",NA,NA,NA,NA,"pared"
"SI_2014","gini_share_between_nw",NA,NA,NA,NA,"pared"
"SI_2014","gini_share_between_nwx",NA,NA,NA,NA,"pared"
"SI_2014","d_gini_share_between",NA,NA,NA,NA,"pared"
"SI_2014","mld_within_nw",NA,NA,NA,NA,"pared"
"SI_2014","mld_between_nw",NA,NA,NA,NA,"pared"
"SI_2014","mld_within_nwx",NA,NA,NA,NA,"pared"
"SI_2014","mld_between_nwx",NA,NA,NA,NA,"pared"
"SI_2014","d_mld_within",NA,NA,NA,NA,"pared"
"SI_2014","d_mld_between",NA,NA,NA,NA,"pared"
"SI_2014","mld_wtkept_nw",NA,NA,NA,NA,"pared"
"SI_2014","mld_wtkept_nwx",NA,NA,NA,NA,"pared"
"SI_2014","mld_ngrp_nw",NA,NA,NA,NA,"pared"
"SI_2014","mld_ngrp_nwx",NA,NA,NA,NA,"pared"
"SI_2014","I_nw",NA,NA,NA,NA,"pared"
"SI_2014","I_nwx",NA,NA,NA,NA,"pared"
"SI_2014","d_I",NA,NA,NA,NA,"pared"
"SI_2014","n_valid",NA,NA,NA,NA,"pared"
"SI_2014","pct_valid",NA,NA,NA,NA,"pared"
"ES_2011","cv2_total_nw",NA,NA,NA,NA,"pared"
"ES_2011","cv2_within_nw",NA,NA,NA,NA,"pared"
"ES_2011","cv2_between_nw",NA,NA,NA,NA,"pared"
"ES_2011","cv2_total_nwx",NA,NA,NA,NA,"pared"
"ES_2011","cv2_within_nwx",NA,NA,NA,NA,"pared"
"ES_2011","cv2_between_nwx",NA,NA,NA,NA,"pared"
"ES_2011","d_cv2_within",NA,NA,NA,NA,"pared"
"ES_2011","d_cv2_between",NA,NA,NA,NA,"pared"
"ES_2011","cv2_share_between_nw",NA,NA,NA,NA,"pared"
"ES_2011","cv2_share_between_nwx",NA,NA,NA,NA,"pared"
"ES_2011","d_cv2_share_between",NA,NA,NA,NA,"pared"
"ES_2011","var_total_nw",NA,NA,NA,NA,"pared"
"ES_2011","var_within_nw",NA,NA,NA,NA,"pared"
"ES_2011","var_between_nw",NA,NA,NA,NA,"pared"
"ES_2011","var_total_nwx",NA,NA,NA,NA,"pared"
"ES_2011","var_within_nwx",NA,NA,NA,NA,"pared"
"ES_2011","var_between_nwx",NA,NA,NA,NA,"pared"
"ES_2011","var_share_between_nw",NA,NA,NA,NA,"pared"
"ES_2011","var_share_between_nwx",NA,NA,NA,NA,"pared"
"ES_2011","d_var_share_between",NA,NA,NA,NA,"pared"
"ES_2011","gini_total_nw",NA,NA,NA,NA,"pared"
"ES_2011","gini_within_nw",NA,NA,NA,NA,"pared"
"ES_2011","gini_between_nw",NA,NA,NA,NA,"pared"
"ES_2011","gini_total_nwx",NA,NA,NA,NA,"pared"
"ES_2011","gini_within_nwx",NA,NA,NA,NA,"pared"
"ES_2011","gini_between_nwx",NA,NA,NA,NA,"pared"
"ES_2011","d_gini_within",NA,NA,NA,NA,"pared"
"ES_2011","d_gini_between",NA,NA,NA,NA,"pared"
"ES_2011","gini_share_between_nw",NA,NA,NA,NA,"pared"
"ES_2011","gini_share_between_nwx",NA,NA,NA,NA,"pared"
"ES_2011","d_gini_share_between",NA,NA,NA,NA,"pared"
"ES_2011","mld_within_nw",NA,NA,NA,NA,"pared"
"ES_2011","mld_between_nw",NA,NA,NA,NA,"pared"
"ES_2011","mld_within_nwx",NA,NA,NA,NA,"pared"
"ES_2011","mld_between_nwx",NA,NA,NA,NA,"pared"
"ES_2011","d_mld_within",NA,NA,NA,NA,"pared"
"ES_2011","d_mld_between",NA,NA,NA,NA,"pared"
"ES_2011","mld_wtkept_nw",NA,NA,NA,NA,"pared"
"ES_2011","mld_wtkept_nwx",NA,NA,NA,NA,"pared"
"ES_2011","mld_ngrp_nw",NA,NA,NA,NA,"pared"
"ES_2011","mld_ngrp_nwx",NA,NA,NA,NA,"pared"
"ES_2011","I_nw",NA,NA,NA,NA,"pared"
"ES_2011","I_nwx",NA,NA,NA,NA,"pared"
"ES_2011","d_I",NA,NA,NA,NA,"pared"
"ES_2011","n_valid",NA,NA,NA,NA,"pared"
"ES_2011","pct_valid",NA,NA,NA,NA,"pared"
"US_2013","cv2_total_nw",NA,NA,NA,NA,"pared"
"US_2013","cv2_within_nw",NA,NA,NA,NA,"pared"
"US_2013","cv2_between_nw",NA,NA,NA,NA,"pared"
"US_2013","cv2_total_nwx",NA,NA,NA,NA,"pared"
"US_2013","cv2_within_nwx",NA,NA,NA,NA,"pared"
"US_2013","cv2_between_nwx",NA,NA,NA,NA,"pared"
"US_2013","d_cv2_within",NA,NA,NA,NA,"pared"
"US_2013","d_cv2_between",NA,NA,NA,NA,"pared"
"US_2013","cv2_share_between_nw",NA,NA,NA,NA,"pared"
"US_2013","cv2_share_between_nwx",NA,NA,NA,NA,"pared"
"US_2013","d_cv2_share_between",NA,NA,NA,NA,"pared"
"US_2013","var_total_nw",NA,NA,NA,NA,"pared"
"US_2013","var_within_nw",NA,NA,NA,NA,"pared"
"US_2013","var_between_nw",NA,NA,NA,NA,"pared"
"US_2013","var_total_nwx",NA,NA,NA,NA,"pared"
"US_2013","var_within_nwx",NA,NA,NA,NA,"pared"
"US_2013","var_between_nwx",NA,NA,NA,NA,"pared"
"US_2013","var_share_between_nw",NA,NA,NA,NA,"pared"
"US_2013","var_share_between_nwx",NA,NA,NA,NA,"pared"
"US_2013","d_var_share_between",NA,NA,NA,NA,"pared"
"US_2013","gini_total_nw",NA,NA,NA,NA,"pared"
"US_2013","gini_within_nw",NA,NA,NA,NA,"pared"
"US_2013","gini_between_nw",NA,NA,NA,NA,"pared"
"US_2013","gini_total_nwx",NA,NA,NA,NA,"pared"
"US_2013","gini_within_nwx",NA,NA,NA,NA,"pared"
"US_2013","gini_between_nwx",NA,NA,NA,NA,"pared"
"US_2013","d_gini_within",NA,NA,NA,NA,"pared"
"US_2013","d_gini_between",NA,NA,NA,NA,"pared"
"US_2013","gini_share_between_nw",NA,NA,NA,NA,"pared"
"US_2013","gini_share_between_nwx",NA,NA,NA,NA,"pared"
"US_2013","d_gini_share_between",NA,NA,NA,NA,"pared"
"US_2013","mld_within_nw",NA,NA,NA,NA,"pared"
"US_2013","mld_between_nw",NA,NA,NA,NA,"pared"
"US_2013","mld_within_nwx",NA,NA,NA,NA,"pared"
"US_2013","mld_between_nwx",NA,NA,NA,NA,"pared"
"US_2013","d_mld_within",NA,NA,NA,NA,"pared"
"US_2013","d_mld_between",NA,NA,NA,NA,"pared"
"US_2013","mld_wtkept_nw",NA,NA,NA,NA,"pared"
"US_2013","mld_wtkept_nwx",NA,NA,NA,NA,"pared"
"US_2013","mld_ngrp_nw",NA,NA,NA,NA,"pared"
"US_2013","mld_ngrp_nwx",NA,NA,NA,NA,"pared"
"US_2013","I_nw",NA,NA,NA,NA,"pared"
"US_2013","I_nwx",NA,NA,NA,NA,"pared"
"US_2013","d_I",NA,NA,NA,NA,"pared"
"US_2013","n_valid",NA,NA,NA,NA,"pared"
"US_2013","pct_valid",NA,NA,NA,NA,"pared"
