"country","stat_name","estimate","se","ci_lo","ci_hi","grouping"
"AT_2011","g_bottom_wshare",0.332770128740469,0.000700905276051886,0.331396354399407,0.334143903081531,"inc_noncap"
"AT_2011","g_bottom_mean_nwx",9595.07866166503,18925.9435175007,-27499.7706326363,46689.9279559664,"inc_noncap"
"AT_2011","g_bottom_mean_nw",132419.168930413,16341.2333988901,100390.351468588,164447.986392237,"inc_noncap"
"AT_2011","g_bottom_mean_wt",122824.090268748,15622.061187012,92204.8503422041,153443.330195291,"inc_noncap"
"AT_2011","g_bottom_wt_over_nwx",22.5589179623064,36.3642861265874,-48.7150828458049,93.8329187704177,"inc_noncap"
"AT_2011","g_bottom_wt_volshare",0.251514545392606,0.0456974035904225,0.161947634355378,0.341081456429834,"inc_noncap"
"AT_2011","g_bottom_gini_nwx",28.1242227858855,43.8508998290568,-57.8235408790658,114.071986450837,"inc_noncap"
"AT_2011","g_bottom_gini_nw",0.851481671131217,0.0347392512541196,0.783392738673142,0.919570603589291,"inc_noncap"
"AT_2011","g_bottom_cv2_nwx",38495.4872696802,88915.5294852721,-135778.950521453,212769.925060814,"inc_noncap"
"AT_2011","g_bottom_cv2_nw",23.4571757211922,8.78545241669806,6.23768898446402,40.6766624579204,"inc_noncap"
"AT_2011","g_bottom_var_nwx",731387619901.069,266499375540.475,209048843841.737,1253726395960.4,"inc_noncap"
"AT_2011","g_bottom_var_nw",438233570181.015,267593574892.27,-86249836607.8353,962716976969.865,"inc_noncap"
"AT_2011","g_bottom_d_gini",-27.2792107838063,43.8689110190713,-113.262276381186,58.7038548135736,"inc_noncap"
"AT_2011","g_bottom_r_gini",0.0855371402377745,0.0644294971199082,-0.0407446741172456,0.211818954592794,"inc_noncap"
"AT_2011","g_bottom_d_cv2",-38472.030093959,88919.3676460692,-212753.990680255,135809.930492337,"inc_noncap"
"AT_2011","g_bottom_d_var",-293154049720.054,163166181187.696,-612959764847.938,26651665407.8302,"inc_noncap"
"AT_2011","g_middle_wshare",0.332767407087431,0.00140201951832521,0.330019448831514,0.335515365343349,"inc_noncap"
"AT_2011","g_middle_mean_nwx",63574.7413695677,26087.0249375327,12444.1724920037,114705.310247132,"inc_noncap"
"AT_2011","g_middle_mean_nw",208871.335072872,40104.4794184934,130266.555412625,287476.114733119,"inc_noncap"
"AT_2011","g_middle_mean_wt",145296.593703304,16602.1140200191,112756.450224067,177836.737182542,"inc_noncap"
"AT_2011","g_middle_wt_over_nwx",2.48389921776752,0.789504958228206,0.936469499640234,4.0313289358948,"inc_noncap"
"AT_2011","g_middle_wt_volshare",0.29500437689775,0.0265163604699346,0.243032310376678,0.346976443418822,"inc_noncap"
"AT_2011","g_middle_gini_nwx",2.93021860563334,0.620703378636226,1.71363998350634,4.14679722776035,"inc_noncap"
"AT_2011","g_middle_gini_nw",0.724690391890271,0.0482784313217166,0.630064666499706,0.819316117280835,"inc_noncap"
"AT_2011","g_middle_cv2_nwx",135.871764013469,64.4737557891762,9.50320266668349,262.240325360254,"inc_noncap"
"AT_2011","g_middle_cv2_nw",8.08799710058715,5.34626443354444,-2.39068118915996,18.5666753903343,"inc_noncap"
"AT_2011","g_middle_var_nwx",552424760700.65,421161362391.468,-273051509586.628,1377901030987.93,"inc_noncap"
"AT_2011","g_middle_var_nw",422810723826.145,438166844182.859,-435996290772.26,1281617738424.55,"inc_noncap"
"AT_2011","g_middle_d_gini",-2.20552821374307,0.639070785689496,-3.45810695369449,-0.952949473791661,"inc_noncap"
"AT_2011","g_middle_r_gini",0.255785274828538,0.0625962653487284,0.133096594745031,0.378473954912046,"inc_noncap"
"AT_2011","g_middle_d_cv2",-127.783766912882,64.4715457022263,-254.147996489245,-1.41953733651823,"inc_noncap"
"AT_2011","g_middle_d_var",-129614036874.505,68749241254.3391,-264362549733.01,5134475983.99919,"inc_noncap"
"AT_2011","g_top_wshare",0.3344624641721,0.000985201053720483,0.332531470106808,0.336393458237392,"inc_noncap"
"AT_2011","g_top_mean_nwx",226853.898274177,50030.6092250207,128793.904193137,324913.892355218,"inc_noncap"
"AT_2011","g_top_mean_nw",451595.3689618,90685.8266567564,273851.148714557,629339.589209042,"inc_noncap"
"AT_2011","g_top_mean_wt",224741.470687622,54598.5849350177,117728.244214988,331754.697160257,"inc_noncap"
"AT_2011","g_top_wt_over_nwx",1.00512490573878,0.198788174040735,0.615500084618939,1.39474972685862,"inc_noncap"
"AT_2011","g_top_wt_volshare",0.453481077709644,0.050369605566274,0.354756650799747,0.552205504619541,"inc_noncap"
"AT_2011","g_top_gini_nwx",1.50904264508119,0.319167340463449,0.883474657772831,2.13461063238955,"inc_noncap"
"AT_2011","g_top_gini_nw",0.679493671327216,0.0543114199525215,0.573043288220274,0.785944054434158,"inc_noncap"
"AT_2011","g_top_cv2_nwx",24.0764036460518,20.3174469222925,-15.7457923216414,63.898599613745,"inc_noncap"
"AT_2011","g_top_cv2_nw",4.96252013019611,2.9920059241039,-0.901811481047522,10.8268517414397,"inc_noncap"
"AT_2011","g_top_var_nwx",1475649694503.9,1790931811693.19,-2034576656414.75,4985876045422.54,"inc_noncap"
"AT_2011","g_top_var_nw",1216167513093.02,1305874150151.5,-1343345821203.91,3775680847389.96,"inc_noncap"
"AT_2011","g_top_d_gini",-0.829548973753975,0.284176454644872,-1.38653482485792,-0.272563122650027,"inc_noncap"
"AT_2011","g_top_r_gini",0.460026130051167,0.0799337910291562,0.303355899634021,0.616696360468313,"inc_noncap"
"AT_2011","g_top_d_cv2",-19.1138835158557,17.5825161451956,-53.5756151604391,15.3478481287277,"inc_noncap"
"AT_2011","g_top_d_var",-259482181410.874,504172625242.516,-1247660526886.21,728696164064.457,"inc_noncap"
"AT_2011","did_gini",-26.4566102487886,43.9396277734481,-112.578280684747,59.6650601871696,"inc_noncap"
"AT_2011","did_cv2",-38452.9162104431,88923.2405692168,-212742.467726108,135836.635305222,"inc_noncap"
"AT_2011","did_var",-33671868309.1799,574386132120.732,-1159468687265.81,1092124950647.45,"inc_noncap"
"AT_2011","rratio_gini",0.19441443161715,0.17075206995745,-0.140259625499452,0.529088488733753,"inc_noncap"
"EE_2013","g_bottom_wshare",0.332963511261878,0.000196080738561612,0.332579193014297,0.333347829509459,"inc_noncap"
"EE_2013","g_bottom_mean_nwx",32899.8007198118,1613.20328537092,29737.9222804848,36061.6791591388,"inc_noncap"
"EE_2013","g_bottom_mean_nw",42639.6277309811,1757.32651119618,39195.2677690366,46083.9876929256,"inc_noncap"
"EE_2013","g_bottom_mean_wt",9739.82701116931,292.381943308221,9166.75840228519,10312.8956200534,"inc_noncap"
"EE_2013","g_bottom_wt_over_nwx",0.296386891154759,0.012911778080824,0.271079806116344,0.321693976193174,"inc_noncap"
"EE_2013","g_bottom_wt_volshare",0.171631347347572,0.00521416193365462,0.161411589957609,0.181851104737535,"inc_noncap"
"EE_2013","g_bottom_gini_nwx",0.972343635440932,0.0105593821156433,0.951647246494271,0.993040024387593,"inc_noncap"
"EE_2013","g_bottom_gini_nw",0.690949792227681,0.00616560867036467,0.678865199233767,0.703034385221596,"inc_noncap"
"EE_2013","g_bottom_cv2_nwx",10.2761701402663,0.266485297510145,9.75385895714646,10.7984813233862,"inc_noncap"
"EE_2013","g_bottom_cv2_nw",5.67279098252911,0.157188328746995,5.364701858185,5.98088010687322,"inc_noncap"
"EE_2013","g_bottom_var_nwx",11125003619.428,869560021.2837,9420665977.71193,12829341261.144,"inc_noncap"
"EE_2013","g_bottom_var_nw",10325356957.2697,899720991.68166,8561903813.57369,12088810100.9658,"inc_noncap"
"EE_2013","g_bottom_d_gini",-0.281393843213251,0.0148714322629486,-0.31054185044863,-0.252245835977872,"inc_noncap"
"EE_2013","g_bottom_r_gini",0.710684178753207,0.0124902857926539,0.686203218599606,0.735165138906809,"inc_noncap"
"EE_2013","g_bottom_d_cv2",-4.60337915773723,0.23648935758462,-5.06689829860309,-4.13986001687138,"inc_noncap"
"EE_2013","g_bottom_d_var",-799646662.158235,80040239.898453,-956525532.359203,-642767791.957267,"inc_noncap"
"EE_2013","g_middle_wshare",0.333594321709124,0.000181896246527102,0.333237805065931,0.333950838352317,"inc_noncap"
"EE_2013","g_middle_mean_nwx",66757.1331071199,2908.37447674088,61056.7191327078,72457.547081532,"inc_noncap"
"EE_2013","g_middle_mean_nw",78258.8860174102,2777.60395100842,72814.7822734337,83702.9897613867,"inc_noncap"
"EE_2013","g_middle_mean_wt",11501.7529102902,443.260845068017,10632.9616539569,12370.5441666236,"inc_noncap"
"EE_2013","g_middle_wt_over_nwx",0.172584668742669,0.0118693142884932,0.149320812737222,0.195848524748116,"inc_noncap"
"EE_2013","g_middle_wt_volshare",0.203060932528353,0.00779052769073487,0.187791498254513,0.218330366802194,"inc_noncap"
"EE_2013","g_middle_gini_nwx",0.768369937038295,0.00329343213308888,0.761914810057441,0.774825064019149,"inc_noncap"
"EE_2013","g_middle_gini_nw",0.633208299027608,0.00729831432192225,0.61890360295664,0.647512995098576,"inc_noncap"
"EE_2013","g_middle_cv2_nwx",5.0605910066321,0.155321743783824,4.75616038881581,5.3650216244484,"inc_noncap"
"EE_2013","g_middle_cv2_nw",3.59025732185795,0.139398822033878,3.31703563067155,3.86347901304435,"inc_noncap"
"EE_2013","g_middle_var_nwx",22594084497.2753,2267103331.25049,18150561968.0243,27037607026.5262,"inc_noncap"
"EE_2013","g_middle_var_nw",22035443169.43,2229482462.32197,17665657543.279,26405228795.5811,"inc_noncap"
"EE_2013","g_middle_d_gini",-0.135161638010687,0.00527761974768231,-0.145505772716144,-0.12481750330523,"inc_noncap"
"EE_2013","g_middle_r_gini",0.824082643940931,0.00723089298454723,0.809910093691219,0.838255194190644,"inc_noncap"
"EE_2013","g_middle_d_cv2",-1.47033368477415,0.0716164663390117,-1.61070195879862,-1.32996541074969,"inc_noncap"
"EE_2013","g_middle_d_var",-558641327.845223,139330805.657411,-831729706.93375,-285552948.756697,"inc_noncap"
"EE_2013","g_top_wshare",0.333442167028998,0.000103453555413793,0.333239398060387,0.333644935997609,"inc_noncap"
"EE_2013","g_top_mean_nwx",134338.64609016,5335.01397385247,123882.018701409,144795.273478911,"inc_noncap"
"EE_2013","g_top_mean_nw",169773.233512717,5301.48098129101,159382.330789386,180164.136236047,"inc_noncap"
"EE_2013","g_top_mean_wt",35434.5874225568,518.269711877856,34418.7787872762,36450.3960578374,"inc_noncap"
"EE_2013","g_top_wt_over_nwx",0.26405535435724,0.0113669337856859,0.241776164137296,0.286334544577184,"inc_noncap"
"EE_2013","g_top_wt_volshare",0.625307720124075,0.00917355799900347,0.607327546446028,0.643287893802121,"inc_noncap"
"EE_2013","g_top_gini_nwx",0.908857953170154,0.0112756326190443,0.886757713236828,0.930958193103481,"inc_noncap"
"EE_2013","g_top_gini_nw",0.646800242407296,0.00419842228223613,0.638571334734114,0.655029150080479,"inc_noncap"
"EE_2013","g_top_cv2_nwx",24.5514176201614,1.76824181825391,21.0856636563837,28.0171715839391,"inc_noncap"
"EE_2013","g_top_cv2_nw",12.0084355177237,0.62341504246185,10.7865420344985,13.230329000949,"inc_noncap"
"EE_2013","g_top_var_nwx",441892068920.832,9859232883.26409,422567972469.635,461216165372.03,"inc_noncap"
"EE_2013","g_top_var_nw",345668742993.485,9977984853.38669,326111892680.847,365225593306.123,"inc_noncap"
"EE_2013","g_top_d_gini",-0.262057710762858,0.0149903054483642,-0.291438709441652,-0.232676712084064,"inc_noncap"
"EE_2013","g_top_r_gini",0.711768323474043,0.0130275894926039,0.686234248068539,0.737302398879546,"inc_noncap"
"EE_2013","g_top_d_cv2",-12.5429821024376,1.16096406133094,-14.8184716626463,-10.267492542229,"inc_noncap"
"EE_2013","g_top_d_var",-96223325927.3471,1389967478.85733,-98947662185.9074,-93498989668.7867,"inc_noncap"
"EE_2013","did_gini",-0.0193361324503926,0.0261336072568074,-0.0705580026737352,0.03188573777295,"inc_noncap"
"EE_2013","did_cv2",7.93960294470042,1.30722490098803,5.37744213876388,10.501763750637,"inc_noncap"
"EE_2013","did_var",95423679265.1888,1429764524.06526,92621340798.0209,98226017732.3568,"inc_noncap"
"EE_2013","rratio_gini",0.998796005245464,0.0304916192732516,0.939032431469891,1.05855957902104,"inc_noncap"
"FR_2009","g_bottom_wshare",0.333332029175151,NA,NA,NA,"inc_noncap"
"FR_2009","g_bottom_mean_nwx",79443.5191250933,NA,NA,NA,"inc_noncap"
"FR_2009","g_bottom_mean_nw",109728.096377487,NA,NA,NA,"inc_noncap"
"FR_2009","g_bottom_mean_wt",30284.5772523941,NA,NA,NA,"inc_noncap"
"FR_2009","g_bottom_wt_over_nwx",0.381208908994922,NA,NA,NA,"inc_noncap"
"FR_2009","g_bottom_wt_volshare",0.369475768714484,NA,NA,NA,"inc_noncap"
"FR_2009","g_bottom_gini_nwx",1.22892499964911,NA,NA,NA,"inc_noncap"
"FR_2009","g_bottom_gini_nw",0.73442446569713,NA,NA,NA,"inc_noncap"
"FR_2009","g_bottom_cv2_nwx",74.6611447998209,NA,NA,NA,"inc_noncap"
"FR_2009","g_bottom_cv2_nw",4.42240925925539,NA,NA,NA,"inc_noncap"
"FR_2009","g_bottom_var_nwx",471206847238.789,NA,NA,NA,"inc_noncap"
"FR_2009","g_bottom_var_nw",53246935791.1725,NA,NA,NA,"inc_noncap"
"FR_2009","g_bottom_d_gini",-0.494500533951984,NA,NA,NA,"inc_noncap"
"FR_2009","g_bottom_r_gini",0.597615367827023,NA,NA,NA,"inc_noncap"
"FR_2009","g_bottom_d_cv2",-70.2387355405655,NA,NA,NA,"inc_noncap"
"FR_2009","g_bottom_d_var",-417959911447.617,NA,NA,NA,"inc_noncap"
"FR_2009","g_middle_wshare",0.333144980268064,NA,NA,NA,"inc_noncap"
"FR_2009","g_middle_mean_nwx",150145.79197646,NA,NA,NA,"inc_noncap"
"FR_2009","g_middle_mean_nw",164398.336058896,NA,NA,NA,"inc_noncap"
"FR_2009","g_middle_mean_wt",14252.5440824363,NA,NA,NA,"inc_noncap"
"FR_2009","g_middle_wt_over_nwx",0.0949246988198701,NA,NA,NA,"inc_noncap"
"FR_2009","g_middle_wt_volshare",0.173785311379808,NA,NA,NA,"inc_noncap"
"FR_2009","g_middle_gini_nwx",0.690149717776808,NA,NA,NA,"inc_noncap"
"FR_2009","g_middle_gini_nw",0.623067988244923,NA,NA,NA,"inc_noncap"
"FR_2009","g_middle_cv2_nwx",3.52293922125088,NA,NA,NA,"inc_noncap"
"FR_2009","g_middle_cv2_nw",2.76469978985352,NA,NA,NA,"inc_noncap"
"FR_2009","g_middle_var_nwx",79420292240.8807,NA,NA,NA,"inc_noncap"
"FR_2009","g_middle_var_nw",74721023942.0929,NA,NA,NA,"inc_noncap"
"FR_2009","g_middle_d_gini",-0.0670817295318851,NA,NA,NA,"inc_noncap"
"FR_2009","g_middle_r_gini",0.902801192547065,NA,NA,NA,"inc_noncap"
"FR_2009","g_middle_d_cv2",-0.758239431397354,NA,NA,NA,"inc_noncap"
"FR_2009","g_middle_d_var",-4699268298.78777,NA,NA,NA,"inc_noncap"
"FR_2009","g_top_wshare",0.333522990556785,NA,NA,NA,"inc_noncap"
"FR_2009","g_top_mean_nwx",326512.6549647,NA,NA,NA,"inc_noncap"
"FR_2009","g_top_mean_nw",363928.438526444,NA,NA,NA,"inc_noncap"
"FR_2009","g_top_mean_wt",37415.7835617443,NA,NA,NA,"inc_noncap"
"FR_2009","g_top_wt_over_nwx",0.114592139057487,NA,NA,NA,"inc_noncap"
"FR_2009","g_top_wt_volshare",0.456738919905707,NA,NA,NA,"inc_noncap"
"FR_2009","g_top_gini_nwx",0.686155119118685,NA,NA,NA,"inc_noncap"
"FR_2009","g_top_gini_nw",0.5997606570135,NA,NA,NA,"inc_noncap"
"FR_2009","g_top_cv2_nwx",19.9570724769127,NA,NA,NA,"inc_noncap"
"FR_2009","g_top_cv2_nw",13.0579101511372,NA,NA,NA,"inc_noncap"
"FR_2009","g_top_var_nwx",2127633751747.21,NA,NA,NA,"inc_noncap"
"FR_2009","g_top_var_nw",1729440655538.66,NA,NA,NA,"inc_noncap"
"FR_2009","g_top_d_gini",-0.0863944621051848,NA,NA,NA,"inc_noncap"
"FR_2009","g_top_r_gini",0.874089022004016,NA,NA,NA,"inc_noncap"
"FR_2009","g_top_d_cv2",-6.89916232577554,NA,NA,NA,"inc_noncap"
"FR_2009","g_top_d_var",-398193096208.556,NA,NA,NA,"inc_noncap"
"FR_2009","did_gini",-0.4081060718468,NA,NA,NA,"inc_noncap"
"FR_2009","did_cv2",-63.3395732147899,NA,NA,NA,"inc_noncap"
"FR_2009","did_var",-19766815239.0607,NA,NA,NA,"inc_noncap"
"FR_2009","rratio_gini",0.683700804818342,NA,NA,NA,"inc_noncap"
"GR_2009","g_bottom_wshare",0.326693717502818,0.00962264412930925,0.307833335009371,0.345554099996264,"inc_noncap"
"GR_2009","g_bottom_mean_nwx",56631.3779076687,2601.64944659083,51532.1449923507,61730.6108229867,"inc_noncap"
"GR_2009","g_bottom_mean_nw",91734.2168708839,2991.21539871264,85871.4346894071,97596.9990523607,"inc_noncap"
"GR_2009","g_bottom_mean_wt",35102.8389632152,1054.10140820804,33036.8002031274,37168.877723303,"inc_noncap"
"GR_2009","g_bottom_wt_over_nwx",0.620620958919562,0.0317011598223915,0.558486685667675,0.682755232171449,"inc_noncap"
"GR_2009","g_bottom_wt_volshare",0.232063162327126,0.013748278806769,0.205116535865859,0.259009788788393,"inc_noncap"
"GR_2009","g_bottom_gini_nwx",1.0572314966553,0.0441198440116665,0.970756602392434,1.14370639091817,"inc_noncap"
"GR_2009","g_bottom_gini_nw",0.572285607104836,0.00532983059039591,0.56183913914766,0.582732075062012,"inc_noncap"
"GR_2009","g_bottom_cv2_nwx",8.33813576409669,1.36892363505584,5.65504543938724,11.0212260888061,"inc_noncap"
"GR_2009","g_bottom_cv2_nw",1.85664337204315,0.111746456873223,1.63762031657163,2.07566642751466,"inc_noncap"
"GR_2009","g_bottom_var_nwx",26639848981.6482,3527604813.79067,19725743546.6185,33553954416.6779,"inc_noncap"
"GR_2009","g_bottom_var_nw",15669795934.3073,1958234866.73235,11831655595.5119,19507936273.1027,"inc_noncap"
"GR_2009","g_bottom_d_gini",-0.484945889550464,0.0442719163995545,-0.571718845693591,-0.398172933407337,"inc_noncap"
"GR_2009","g_bottom_r_gini",0.541924219545666,0.0227740242490779,0.497287132017473,0.586561307073859,"inc_noncap"
"GR_2009","g_bottom_d_cv2",-6.48149239205355,1.3760726584275,-9.17859480257145,-3.78438998153564,"inc_noncap"
"GR_2009","g_bottom_d_var",-10970053047.3408,3107106015.39901,-17059980837.5229,-4880125257.1588,"inc_noncap"
"GR_2009","g_middle_wshare",0.339580546156853,0.00941813838987181,0.321120994912704,0.358040097401002,"inc_noncap"
"GR_2009","g_middle_mean_nwx",86586.0241323856,3390.9007584341,79939.8586458548,93232.1896189165,"inc_noncap"
"GR_2009","g_middle_mean_nw",130804.439267342,3032.22318981577,124861.281815303,136747.596719381,"inc_noncap"
"GR_2009","g_middle_mean_wt",44218.4151349561,918.628924335738,42417.9024432581,46018.9278266542,"inc_noncap"
"GR_2009","g_middle_wt_over_nwx",0.511349009690384,0.0271655860843378,0.458104460965082,0.564593558415686,"inc_noncap"
"GR_2009","g_middle_wt_volshare",0.303919345526708,0.0180157738794714,0.268608428722944,0.339230262330472,"inc_noncap"
"GR_2009","g_middle_gini_nwx",0.907952433983458,0.0276889770563746,0.853682038952964,0.962222829013952,"inc_noncap"
"GR_2009","g_middle_gini_nw",0.539997465421019,0.0085925456260534,0.523156075993954,0.556838854848083,"inc_noncap"
"GR_2009","g_middle_cv2_nwx",4.42696176622512,0.363949589711595,3.7136205703904,5.14030296205985,"inc_noncap"
"GR_2009","g_middle_cv2_nw",1.42908681380114,0.129599793899613,1.1750712177579,1.68310240984438,"inc_noncap"
"GR_2009","g_middle_var_nwx",33151503289.4176,2645929200.55917,27965482056.3217,38337524522.5136,"inc_noncap"
"GR_2009","g_middle_var_nw",24520427045.1848,3306724841.14869,18039246356.5333,31001607733.8362,"inc_noncap"
"GR_2009","g_middle_d_gini",-0.367954968562439,0.033142762492063,-0.432914783046883,-0.302995154077996,"inc_noncap"
"GR_2009","g_middle_r_gini",0.595208681629456,0.0242898712493361,0.547600533980757,0.642816829278155,"inc_noncap"
"GR_2009","g_middle_d_cv2",-2.99787495242399,0.377668621600844,-3.73810545076164,-2.25764445408633,"inc_noncap"
"GR_2009","g_middle_d_var",-8631076244.23286,1929477258.7341,-12412851671.3517,-4849300817.11403,"inc_noncap"
"GR_2009","g_top_wshare",0.333725736340329,0.000401738808632531,0.33293832827541,0.334513144405249,"inc_noncap"
"GR_2009","g_top_mean_nwx",152300.323195826,8275.45715345496,136080.427175054,168520.219216598,"inc_noncap"
"GR_2009","g_top_mean_nw",221145.101028771,4426.26668313568,212469.618329825,229820.583727717,"inc_noncap"
"GR_2009","g_top_mean_wt",68844.7778329452,5346.5825358938,58365.4760625934,79324.0796032971,"inc_noncap"
"GR_2009","g_top_wt_over_nwx",0.454139524839142,0.0608695949651018,0.334835118707542,0.573443930970741,"inc_noncap"
"GR_2009","g_top_wt_volshare",0.464017492146166,0.019078301072587,0.426624022043896,0.501410962248437,"inc_noncap"
"GR_2009","g_top_gini_nwx",0.88562669801206,0.0762017846391769,0.736271200119273,1.03498219590485,"inc_noncap"
"GR_2009","g_top_gini_nw",0.492229151313419,0.00429929216120562,0.483802538677456,0.500655763949382,"inc_noncap"
"GR_2009","g_top_cv2_nwx",6.35029551152159,2.1173581513153,2.20027353494359,10.5003174880996,"inc_noncap"
"GR_2009","g_top_cv2_nw",1.16104430916059,0.0847191890809817,0.994994698561866,1.32709391975931,"inc_noncap"
"GR_2009","g_top_var_nwx",144424700805.277,32516503697.779,80692353557.6306,208157048052.924,"inc_noncap"
"GR_2009","g_top_var_nw",56894219173.9205,6400425851.52279,44349384504.9358,69439053842.9051,"inc_noncap"
"GR_2009","g_top_d_gini",-0.393397546698641,0.0769523199380676,-0.544224093777254,-0.242570999620029,"inc_noncap"
"GR_2009","g_top_r_gini",0.558390491158813,0.0454801921931686,0.469249314460203,0.647531667857423,"inc_noncap"
"GR_2009","g_top_d_cv2",-5.189251202361,2.12309368758894,-9.35051483003531,-1.02798757468668,"inc_noncap"
"GR_2009","g_top_d_var",-87530481631.3569,33025048907.326,-152259577489.716,-22801385772.9979,"inc_noncap"
"GR_2009","did_gini",-0.0915483428518227,0.0924974402033607,-0.27284332565041,0.0897466399467644,"inc_noncap"
"GR_2009","did_cv2",-1.29224118969255,2.44871332194144,-6.09171930069777,3.50723692131267,"inc_noncap"
"GR_2009","did_var",76560428584.0161,32262934230.4307,13325077492.372,139795779675.66,"inc_noncap"
"GR_2009","rratio_gini",0.975511257791058,0.0994694519044008,0.780551132058432,1.17047138352368,"inc_noncap"
"IT_2014","g_bottom_wshare",0.333069844335591,NA,NA,NA,"inc_noncap"
"IT_2014","g_bottom_mean_nwx",79513.455247818,NA,NA,NA,"inc_noncap"
"IT_2014","g_bottom_mean_nw",104629.396628495,NA,NA,NA,"inc_noncap"
"IT_2014","g_bottom_mean_wt",25115.9413806766,NA,NA,NA,"inc_noncap"
"IT_2014","g_bottom_wt_over_nwx",0.315870330403807,NA,NA,NA,"inc_noncap"
"IT_2014","g_bottom_wt_volshare",0.142182623769962,NA,NA,NA,"inc_noncap"
"IT_2014","g_bottom_gini_nwx",0.867423883495029,NA,NA,NA,"inc_noncap"
"IT_2014","g_bottom_gini_nw",0.624864640131272,NA,NA,NA,"inc_noncap"
"IT_2014","g_bottom_cv2_nwx",5.90949669032187,NA,NA,NA,"inc_noncap"
"IT_2014","g_bottom_cv2_nw",1.92853265412045,NA,NA,NA,"inc_noncap"
"IT_2014","g_bottom_var_nwx",37362140211.9332,NA,NA,NA,"inc_noncap"
"IT_2014","g_bottom_var_nw",21112246041.8086,NA,NA,NA,"inc_noncap"
"IT_2014","g_bottom_d_gini",-0.242559243363757,NA,NA,NA,"inc_noncap"
"IT_2014","g_bottom_r_gini",0.720368267488282,NA,NA,NA,"inc_noncap"
"IT_2014","g_bottom_d_cv2",-3.98096403620142,NA,NA,NA,"inc_noncap"
"IT_2014","g_bottom_d_var",-16249894170.1246,NA,NA,NA,"inc_noncap"
"IT_2014","g_middle_wshare",0.333528255566577,NA,NA,NA,"inc_noncap"
"IT_2014","g_middle_mean_nwx",135035.719815066,NA,NA,NA,"inc_noncap"
"IT_2014","g_middle_mean_nw",184966.893867684,NA,NA,NA,"inc_noncap"
"IT_2014","g_middle_mean_wt",49931.1740526185,NA,NA,NA,"inc_noncap"
"IT_2014","g_middle_wt_over_nwx",0.369762712569685,NA,NA,NA,"inc_noncap"
"IT_2014","g_middle_wt_volshare",0.28305195531022,NA,NA,NA,"inc_noncap"
"IT_2014","g_middle_gini_nwx",0.821934780053027,NA,NA,NA,"inc_noncap"
"IT_2014","g_middle_gini_nw",0.530077560592371,NA,NA,NA,"inc_noncap"
"IT_2014","g_middle_cv2_nwx",14.6434569970312,NA,NA,NA,"inc_noncap"
"IT_2014","g_middle_cv2_nw",1.33175510985442,NA,NA,NA,"inc_noncap"
"IT_2014","g_middle_var_nwx",267018249080.037,NA,NA,NA,"inc_noncap"
"IT_2014","g_middle_var_nw",45563007067.867,NA,NA,NA,"inc_noncap"
"IT_2014","g_middle_d_gini",-0.291857219460656,NA,NA,NA,"inc_noncap"
"IT_2014","g_middle_r_gini",0.64491438184204,NA,NA,NA,"inc_noncap"
"IT_2014","g_middle_d_cv2",-13.3117018871768,NA,NA,NA,"inc_noncap"
"IT_2014","g_middle_d_var",-221455242012.17,NA,NA,NA,"inc_noncap"
"IT_2014","g_top_wshare",0.333401900097832,NA,NA,NA,"inc_noncap"
"IT_2014","g_top_mean_nwx",314143.822107629,NA,NA,NA,"inc_noncap"
"IT_2014","g_top_mean_nw",415572.511128123,NA,NA,NA,"inc_noncap"
"IT_2014","g_top_mean_wt",101428.689020494,NA,NA,NA,"inc_noncap"
"IT_2014","g_top_wt_over_nwx",0.322873416195156,NA,NA,NA,"inc_noncap"
"IT_2014","g_top_wt_volshare",0.574765420919818,NA,NA,NA,"inc_noncap"
"IT_2014","g_top_gini_nwx",0.685157373090278,NA,NA,NA,"inc_noncap"
"IT_2014","g_top_gini_nw",0.495595606200159,NA,NA,NA,"inc_noncap"
"IT_2014","g_top_cv2_nwx",2.90453598639534,NA,NA,NA,"inc_noncap"
"IT_2014","g_top_cv2_nw",1.80912240116662,NA,NA,NA,"inc_noncap"
"IT_2014","g_top_var_nwx",286638028708.369,NA,NA,NA,"inc_noncap"
"IT_2014","g_top_var_nw",312436364961.794,NA,NA,NA,"inc_noncap"
"IT_2014","g_top_d_gini",-0.189561766890119,NA,NA,NA,"inc_noncap"
"IT_2014","g_top_r_gini",0.723331055995011,NA,NA,NA,"inc_noncap"
"IT_2014","g_top_d_cv2",-1.09541358522872,NA,NA,NA,"inc_noncap"
"IT_2014","g_top_d_var",25798336253.425,NA,NA,NA,"inc_noncap"
"IT_2014","did_gini",-0.0529974764736381,NA,NA,NA,"inc_noncap"
"IT_2014","did_cv2",-2.8855504509727,NA,NA,NA,"inc_noncap"
"IT_2014","did_var",-42048230423.5496,NA,NA,NA,"inc_noncap"
"IT_2014","rratio_gini",0.995903966127027,NA,NA,NA,"inc_noncap"
"LU_2010","g_bottom_wshare",0.330987565532608,0.00220747003980434,0.326660924254592,0.335314206810625,"inc_noncap"
"LU_2010","g_bottom_mean_nwx",286669.516795236,24099.8177897003,239433.873927423,333905.159663049,"inc_noncap"
"LU_2010","g_bottom_mean_nw",376910.127473652,12265.1429200686,352870.447350318,400949.807596987,"inc_noncap"
"LU_2010","g_bottom_mean_wt",90240.6106784163,13666.515135734,63454.2410123777,117026.980344455,"inc_noncap"
"LU_2010","g_bottom_wt_over_nwx",0.31874212852214,0.0721923518787529,0.177245118839784,0.460239138204495,"inc_noncap"
"LU_2010","g_bottom_wt_volshare",0.231288607414532,0.0354815626448161,0.161744744630692,0.300832470198372,"inc_noncap"
"LU_2010","g_bottom_gini_nwx",1.03170933047646,0.087916706957079,0.859392584840586,1.20402607611234,"inc_noncap"
"LU_2010","g_bottom_gini_nw",0.746373459369774,0.00537460984428819,0.735839224074969,0.756907694664579,"inc_noncap"
"LU_2010","g_bottom_cv2_nwx",10.4059553647314,1.38163067790013,7.6979592360471,13.1139514934156,"inc_noncap"
"LU_2010","g_bottom_cv2_nw",5.15642535001725,0.267471268345222,4.63218166406062,5.68066903597389,"inc_noncap"
"LU_2010","g_bottom_var_nwx",847373569228.884,59325592151.3109,731095408612.315,963651729845.454,"inc_noncap"
"LU_2010","g_bottom_var_nw",733670589950.22,73538035996.1999,589536039397.668,877805140502.772,"inc_noncap"
"LU_2010","g_bottom_d_gini",-0.285335871106687,0.0917328023133122,-0.465132163640779,-0.105539578572595,"inc_noncap"
"LU_2010","g_bottom_r_gini",0.727241347965835,0.0672222138379971,0.59548580884336,0.858996887088309,"inc_noncap"
"LU_2010","g_bottom_d_cv2",-5.24953001471411,1.41332470391284,-8.01964643438328,-2.47941359504494,"inc_noncap"
"LU_2010","g_bottom_d_var",-113702979278.665,25177842132.216,-163051549857.808,-64354408699.5213,"inc_noncap"
"LU_2010","g_middle_wshare",0.333346800207307,0.0034095751675086,0.32666403287899,0.340029567535624,"inc_noncap"
"LU_2010","g_middle_mean_nwx",386613.806944164,11219.4471345529,364623.69056044,408603.923327888,"inc_noncap"
"LU_2010","g_middle_mean_nw",482558.271914749,5336.20106754722,472099.317822357,493017.226007142,"inc_noncap"
"LU_2010","g_middle_mean_wt",95944.4649705851,8193.76988236017,79884.6760011592,112004.253940011,"inc_noncap"
"LU_2010","g_middle_wt_over_nwx",0.248674435603338,0.0279784873366775,0.19383660042345,0.303512270783226,"inc_noncap"
"LU_2010","g_middle_wt_volshare",0.247561304940149,0.0206196663048702,0.207146758982603,0.287975850897694,"inc_noncap"
"LU_2010","g_middle_gini_nwx",0.683155937182578,0.0349777316380849,0.614599583171932,0.751712291193224,"inc_noncap"
"LU_2010","g_middle_gini_nw",0.574078061152082,0.00893584328703634,0.556563808309491,0.591592313994673,"inc_noncap"
"LU_2010","g_middle_cv2_nwx",2.87132942135046,0.496812172079345,1.89757756407494,3.84508127862597,"inc_noncap"
"LU_2010","g_middle_cv2_nw",1.86723928219893,0.237370772734772,1.40199256763878,2.33248599675908,"inc_noncap"
"LU_2010","g_middle_var_nwx",428735550743.248,71987755128.2787,287639550691.821,569831550794.674,"inc_noncap"
"LU_2010","g_middle_var_nw",435561523681.111,63914110205.8429,310289867677.658,560833179684.563,"inc_noncap"
"LU_2010","g_middle_d_gini",-0.109077876030496,0.0350333594341809,-0.17774326052149,-0.0404124915395012,"inc_noncap"
"LU_2010","g_middle_r_gini",0.841720418882561,0.0428445430295987,0.757745114544547,0.925695723220574,"inc_noncap"
"LU_2010","g_middle_d_cv2",-1.00409013915153,0.367704773287477,-1.72479149479498,-0.283388783508072,"inc_noncap"
"LU_2010","g_middle_d_var",6825972937.86299,33135749112.2702,-58120095322.1867,71772041197.9126,"inc_noncap"
"LU_2010","g_top_wshare",0.335665634260085,0.00143848700138615,0.332846199737368,0.338485068782802,"inc_noncap"
"LU_2010","g_top_mean_nwx",1020291.274786,12921.6938673894,994964.754805919,1045617.79476609,"inc_noncap"
"LU_2010","g_top_mean_nw",1220882.25023008,5963.6870526012,1209193.42360698,1232571.07685318,"inc_noncap"
"LU_2010","g_top_mean_wt",200590.975444079,9082.03784605531,182790.181265811,218391.769622348,"inc_noncap"
"LU_2010","g_top_wt_over_nwx",0.196692245435826,0.0113646341257492,0.174417562549357,0.218966928322294,"inc_noncap"
"LU_2010","g_top_wt_volshare",0.521150087645319,0.019395614565577,0.483134683096789,0.55916549219385,"inc_noncap"
"LU_2010","g_top_gini_nwx",0.731751306780163,0.0163021117157839,0.699799167817226,0.763703445743099,"inc_noncap"
"LU_2010","g_top_gini_nw",0.608932173442365,0.00501957863108329,0.599093799325441,0.618770547559288,"inc_noncap"
"LU_2010","g_top_cv2_nwx",8.61650611878072,0.227080396498819,8.17142854164304,9.0615836959184,"inc_noncap"
"LU_2010","g_top_cv2_nw",5.60376034347812,0.150009839988199,5.30974105710125,5.89777962985499,"inc_noncap"
"LU_2010","g_top_var_nwx",8967703469384.58,166882735328.548,8640613308140.63,9294793630628.53,"inc_noncap"
"LU_2010","g_top_var_nw",8352061710609.2,192473458343.188,7974813732256.55,8729309688961.85,"inc_noncap"
"LU_2010","g_top_d_gini",-0.122819133337798,0.0155881681636865,-0.153371942938624,-0.0922663237369725,"inc_noncap"
"LU_2010","g_top_r_gini",0.832398105911613,0.0174301432195676,0.798235025201261,0.866561186621966,"inc_noncap"
"LU_2010","g_top_d_cv2",-3.0127457753026,0.188855378527016,-3.38290231721555,-2.64258923338965,"inc_noncap"
"LU_2010","g_top_d_var",-615641758775.378,49111109058.9708,-711899532530.96,-519383985019.795,"inc_noncap"
"LU_2010","did_gini",-0.162516737768889,0.103544433864493,-0.365463828143295,0.0404303526055171,"inc_noncap"
"LU_2010","did_cv2",-2.23678423941151,1.58308399659544,-5.33962887273858,0.866060393915554,"inc_noncap"
"LU_2010","did_var",501938779496.713,68885367703.2816,366923458798.281,636954100195.145,"inc_noncap"
"LU_2010","rratio_gini",0.874750572942178,0.095530858578822,0.687510090127687,1.06199105575667,"inc_noncap"
"SK_2010","g_bottom_wshare",0.331414714426897,0.00233834769143431,0.326831552951685,0.335997875902108,"inc_noncap"
"SK_2010","g_bottom_mean_nwx",40654.5473931712,1017.64505541914,38659.9630845497,42649.1317017927,"inc_noncap"
"SK_2010","g_bottom_mean_nw",54940.0896161268,457.038399324181,54044.2943534514,55835.8848788022,"inc_noncap"
"SK_2010","g_bottom_mean_wt",14285.5422229557,866.209753857621,12587.7711053947,15983.3133405166,"inc_noncap"
"SK_2010","g_bottom_wt_over_nwx",0.351848622115078,0.0293126243638675,0.294395878361898,0.409301365868259,"inc_noncap"
"SK_2010","g_bottom_wt_volshare",0.404759248665269,0.0107935967030624,0.383603799127266,0.425914698203271,"inc_noncap"
"SK_2010","g_bottom_gini_nwx",0.80312464673938,0.0355285287044514,0.733488730478656,0.872760563000105,"inc_noncap"
"SK_2010","g_bottom_gini_nw",0.460895686281438,0.00245048904921281,0.456092727744981,0.465698644817895,"inc_noncap"
"SK_2010","g_bottom_cv2_nwx",5.40645517969505,0.87330401673067,3.69477930690294,7.11813105248717,"inc_noncap"
"SK_2010","g_bottom_cv2_nw",1.13690117565351,0.068852968813807,1.00194935677845,1.27185299452857,"inc_noncap"
"SK_2010","g_bottom_var_nwx",8894239046.61408,1049269118.99896,6837671573.37612,10950806519.852,"inc_noncap"
"SK_2010","g_bottom_var_nw",3432710207.83274,235256592.639085,2971607286.26014,3893813129.40535,"inc_noncap"
"SK_2010","g_bottom_d_gini",-0.342228960457942,0.0337690083379028,-0.408416216800232,-0.276041704115653,"inc_noncap"
"SK_2010","g_bottom_r_gini",0.574570100992513,0.023604483856778,0.528305312633228,0.620834889351798,"inc_noncap"
"SK_2010","g_bottom_d_cv2",-4.26955400404155,0.834147557770789,-5.90448321727229,-2.6346247908108,"inc_noncap"
"SK_2010","g_bottom_d_var",-5461528838.78134,956827658.860451,-7336911050.14782,-3586146627.41485,"inc_noncap"
"SK_2010","g_middle_wshare",0.334883500079895,0.00227307604915143,0.330428271023558,0.339338729136232,"inc_noncap"
"SK_2010","g_middle_mean_nwx",62874.7384756333,1258.05056181811,60408.9593744698,65340.5175767968,"inc_noncap"
"SK_2010","g_middle_mean_nw",73242.9099172898,919.224916647656,71441.2290806604,75044.5907539192,"inc_noncap"
"SK_2010","g_middle_mean_wt",10368.1714416565,399.887950878195,9584.3910579352,11151.9518253777,"inc_noncap"
"SK_2010","g_middle_wt_over_nwx",0.165023337485268,0.00957025130619929,0.146265644925117,0.183781030045418,"inc_noncap"
"SK_2010","g_middle_wt_volshare",0.297040819118049,0.00675758681682802,0.283795948957066,0.310285689279032,"inc_noncap"
"SK_2010","g_middle_gini_nwx",0.486840974571576,0.00609154035618667,0.47490155547345,0.498780393669702,"inc_noncap"
"SK_2010","g_middle_gini_nw",0.393667388998938,0.00834392230581984,0.377313301279531,0.410021476718345,"inc_noncap"
"SK_2010","g_middle_cv2_nwx",1.15453125109691,0.198010681444243,0.766430315466194,1.54263218672762,"inc_noncap"
"SK_2010","g_middle_cv2_nw",0.755752438557755,0.174317610571815,0.414089921836998,1.09741495527851,"inc_noncap"
"SK_2010","g_middle_var_nwx",4571979457.64532,862634903.235134,2881215047.30446,6262743867.98618,"inc_noncap"
"SK_2010","g_middle_var_nw",4062555025.48984,990693716.985559,2120795340.19815,6004314710.78154,"inc_noncap"
"SK_2010","g_middle_d_gini",-0.0931735855726386,0.00681507667833951,-0.106531135862184,-0.0798160352830931,"inc_noncap"
"SK_2010","g_middle_r_gini",0.808615629149195,0.0137049286695277,0.78175396895692,0.835477289341469,"inc_noncap"
"SK_2010","g_middle_d_cv2",-0.398778812539154,0.0511787493159182,-0.499089161198354,-0.298468463879955,"inc_noncap"
"SK_2010","g_middle_d_var",-509424432.15548,175452015.837299,-853310383.196587,-165538481.114373,"inc_noncap"
"SK_2010","g_top_wshare",0.333701785493208,0.000378217242262227,0.332960479698374,0.334443091288042,"inc_noncap"
"SK_2010","g_top_mean_nwx",97602.4040623795,1217.91693873971,95215.2868624496,99989.5212623093,"inc_noncap"
"SK_2010","g_top_mean_nw",108042.011914491,1317.00213856091,105460.687722912,110623.336106071,"inc_noncap"
"SK_2010","g_top_mean_wt",10439.607852112,196.273913813821,10054.9109810369,10824.3047231871,"inc_noncap"
"SK_2010","g_top_wt_over_nwx",0.106964136328087,0.00184069583315508,0.103356372495103,0.110571900161071,"inc_noncap"
"SK_2010","g_top_wt_volshare",0.298199932216682,0.00970339253103245,0.279181282855859,0.317218581577506,"inc_noncap"
"SK_2010","g_top_gini_nwx",0.48621875888941,0.00788240252777594,0.470769249934969,0.501668267843851,"inc_noncap"
"SK_2010","g_top_gini_nw",0.433118387835052,0.00624731650750578,0.42087364748034,0.445363128189763,"inc_noncap"
"SK_2010","g_top_cv2_nwx",1.353112979135,0.0738447754932425,1.20837721916824,1.49784873910175,"inc_noncap"
"SK_2010","g_top_cv2_nw",1.02888385424927,0.0609548370376649,0.909412373655451,1.1483553348431,"inc_noncap"
"SK_2010","g_top_var_nwx",12899830962.9279,972951435.068085,10992846150.1945,14806815775.6614,"inc_noncap"
"SK_2010","g_top_var_nw",12019436993.7196,947611934.389529,10162117602.3161,13876756385.1231,"inc_noncap"
"SK_2010","g_top_d_gini",-0.0531003710543588,0.00248745175823337,-0.0579757765004962,-0.0482249656082214,"inc_noncap"
"SK_2010","g_top_r_gini",0.89081109124276,0.00398322258880866,0.883003974968696,0.898618207516825,"inc_noncap"
"SK_2010","g_top_d_cv2",-0.324229124885722,0.0169404156341064,-0.357432339528571,-0.291025910242874,"inc_noncap"
"SK_2010","g_top_d_var",-880393969.208329,92840901.2013275,-1062362135.56293,-698425802.853727,"inc_noncap"
"SK_2010","did_gini",-0.289128589403583,0.0327426380325676,-0.353304159947416,-0.224953018859751,"inc_noncap"
"SK_2010","did_cv2",-3.94532487915583,0.822140718419863,-5.55672068725876,-2.33392907105289,"inc_noncap"
"SK_2010","did_var",-4581134869.57301,928749142.551387,-6401483188.97373,-2760786550.17229,"inc_noncap"
"SK_2010","rratio_gini",0.644967369932834,0.0251569880841873,0.595659673287827,0.694275066577841,"inc_noncap"
"SI_2014","g_bottom_wshare",0.323553727110814,0.00111262056966215,0.321372990794276,0.325734463427351,"inc_noncap"
"SI_2014","g_bottom_mean_nwx",57640.5502616916,4825.56359706177,48182.4456114506,67098.6549119327,"inc_noncap"
"SI_2014","g_bottom_mean_nw",72787.0006999336,4634.32104023052,63703.7314610818,81870.2699387854,"inc_noncap"
"SI_2014","g_bottom_mean_wt",15146.4504382419,344.287474507533,14471.6469882072,15821.2538882767,"inc_noncap"
"SI_2014","g_bottom_wt_over_nwx",0.26416278102239,0.0252433823554217,0.214685751605763,0.313639810439016,"inc_noncap"
"SI_2014","g_bottom_wt_volshare",0.18856935931059,0.00421819318310226,0.180301700671709,0.19683701794947,"inc_noncap"
"SI_2014","g_bottom_gini_nwx",0.839003448398815,0.00798545719500828,0.823351952296598,0.854654944501031,"inc_noncap"
"SI_2014","g_bottom_gini_nw",0.624416303303806,0.021890469234277,0.581510983604623,0.667321623002989,"inc_noncap"
"SI_2014","g_bottom_cv2_nwx",9.31544305452959,3.26333456076974,2.91930731542091,15.7115787936383,"inc_noncap"
"SI_2014","g_bottom_cv2_nw",5.54182049294596,2.31788856150569,0.998758912394802,10.0848820734971,"inc_noncap"
"SI_2014","g_bottom_var_nwx",32283868665.7057,16480581348.6397,-18070777.6280899,64585808109.0395,"inc_noncap"
"SI_2014","g_bottom_var_nw",30454148138.2731,16364804975.662,-1620869614.02448,62529165890.5706,"inc_noncap"
"SI_2014","g_bottom_d_gini",-0.214587145095009,0.0145430660194908,-0.243091554493211,-0.186082735696807,"inc_noncap"
"SI_2014","g_bottom_r_gini",0.744123556822668,0.0194807254716801,0.705941334898174,0.782305778747161,"inc_noncap"
"SI_2014","g_bottom_d_cv2",-3.77362256158364,0.950831877687297,-5.63725304185074,-1.90999208131654,"inc_noncap"
"SI_2014","g_bottom_d_var",-1829720527.43262,133284876.260207,-2090958884.90262,-1568482169.96261,"inc_noncap"
"SI_2014","g_middle_wshare",0.342927627317612,0.00102101345441997,0.340926440946949,0.344928813688275,"inc_noncap"
"SI_2014","g_middle_mean_nwx",92548.384260198,15259.5945029674,62639.5790343819,122457.189486014,"inc_noncap"
"SI_2014","g_middle_mean_nw",119828.750533528,15031.2350288989,90367.5298768856,149289.971190169,"inc_noncap"
"SI_2014","g_middle_mean_wt",27280.3662733295,707.51581383721,25893.6352782086,28667.0972684505,"inc_noncap"
"SI_2014","g_middle_wt_over_nwx",0.300130949781708,0.0497113570479498,0.202696689967726,0.397565209595689,"inc_noncap"
"SI_2014","g_middle_wt_volshare",0.359960550571781,0.00862617853876196,0.343053240635807,0.376867860507754,"inc_noncap"
"SI_2014","g_middle_gini_nwx",0.787530756018471,0.0290773473778486,0.730539155157888,0.844522356879055,"inc_noncap"
"SI_2014","g_middle_gini_nw",0.587259876500929,0.0471462652222193,0.49485319666538,0.679666556336479,"inc_noncap"
"SI_2014","g_middle_cv2_nwx",14.0129271184665,9.43596064253198,-4.48155574089614,32.5074099778292,"inc_noncap"
"SI_2014","g_middle_cv2_nw",8.74165886967985,6.75629872994451,-4.50068664101139,21.9840043803711,"inc_noncap"
"SI_2014","g_middle_var_nwx",140044456043.901,136437979036.312,-127373982867.271,407462894955.073,"inc_noncap"
"SI_2014","g_middle_var_nw",143361711800.102,143919817304.057,-138721130115.849,425444553716.053,"inc_noncap"
"SI_2014","g_middle_d_gini",-0.200270879517542,0.0284220257291025,-0.255978049946583,-0.144563709088501,"inc_noncap"
"SI_2014","g_middle_r_gini",0.745176895521155,0.0399046869624401,0.666963709074772,0.823390081967537,"inc_noncap"
"SI_2014","g_middle_d_cv2",-5.27126824878669,2.76328809765559,-10.6873129201916,0.144776422618254,"inc_noncap"
"SI_2014","g_middle_d_var",3317255756.20132,7777908412.25155,-11927444731.8117,18561956244.2144,"inc_noncap"
"SI_2014","g_top_wshare",0.333518645571574,0.00027684473868814,0.332976029883745,0.334061261259403,"inc_noncap"
"SI_2014","g_top_mean_nwx",180402.05605992,10445.2219351337,159929.421067058,200874.691052782,"inc_noncap"
"SI_2014","g_top_mean_nw",215581.542131888,10472.0403224207,195056.343099943,236106.741163833,"inc_noncap"
"SI_2014","g_top_mean_wt",35179.4860719681,586.772041212506,34029.4128711916,36329.5592727446,"inc_noncap"
"SI_2014","g_top_wt_over_nwx",0.19543345883233,0.0115657087362639,0.172764669709253,0.218102247955407,"inc_noncap"
"SI_2014","g_top_wt_volshare",0.45147009011763,0.00768167100956631,0.43641401493888,0.46652616529638,"inc_noncap"
"SI_2014","g_top_gini_nwx",0.768976758167685,0.0147274843323482,0.740110888876283,0.797842627459088,"inc_noncap"
"SI_2014","g_top_gini_nw",0.600789907299533,0.0191235590474908,0.563307731566451,0.638272083032615,"inc_noncap"
"SI_2014","g_top_cv2_nwx",10.921305870608,2.00888759734305,6.98388617981566,14.8587255614004,"inc_noncap"
"SI_2014","g_top_cv2_nw",7.47457727272068,1.55271647946446,4.43125297297034,10.517901572471,"inc_noncap"
"SI_2014","g_top_var_nwx",361037176390.018,106942015538.036,151430825935.468,570643526844.568,"inc_noncap"
"SI_2014","g_top_var_nw",352396767569.917,106474781687.29,143706195462.829,561087339677.006,"inc_noncap"
"SI_2014","g_top_d_gini",-0.168186850868153,0.00749664163876903,-0.18288026848014,-0.153493433256165,"inc_noncap"
"SI_2014","g_top_r_gini",0.781179376872166,0.0121087996876471,0.757446129484378,0.804912624259955,"inc_noncap"
"SI_2014","g_top_d_cv2",-3.44672859788735,0.462420701903789,-4.35307317361877,-2.54038402215592,"inc_noncap"
"SI_2014","g_top_d_var",-8640408820.10057,620525418.439361,-9856638640.24171,-7424178999.95942,"inc_noncap"
"SI_2014","did_gini",-0.0464002942268562,0.0158911998368109,-0.0775470459070056,-0.0152535425467068,"inc_noncap"
"SI_2014","did_cv2",-0.32689396369629,0.842282484566271,-1.97776763344618,1.3239797060536,"inc_noncap"
"SI_2014","did_var",6810688292.66795,546968029.41886,5738630955.00699,7882745630.32892,"inc_noncap"
"SI_2014","rratio_gini",0.952709405731505,0.028445074691457,0.896957059336249,1.00846175212676,"inc_noncap"
"ES_2011","g_bottom_wshare",0.333174362138209,0.000136448822169077,0.332906922446758,0.33344180182966,"inc_noncap"
"ES_2011","g_bottom_mean_nwx",98603.055250306,2320.38538158049,94055.0999024082,103151.010598204,"inc_noncap"
"ES_2011","g_bottom_mean_nw",153035.363932504,1562.94593919544,149971.989891681,156098.737973327,"inc_noncap"
"ES_2011","g_bottom_mean_wt",54432.3086821977,1002.03920754258,52468.3118354143,56396.3055289812,"inc_noncap"
"ES_2011","g_bottom_wt_over_nwx",0.552371962400876,0.0220583871786817,0.50913752353066,0.595606401271092,"inc_noncap"
"ES_2011","g_bottom_wt_volshare",0.217251271326273,0.0062408484546836,0.205019208355093,0.229483334297453,"inc_noncap"
"ES_2011","g_bottom_gini_nwx",0.960660183350776,0.033798332028891,0.894415452574149,1.0269049141274,"inc_noncap"
"ES_2011","g_bottom_gini_nw",0.585558319303979,0.00363521508259762,0.578433297742087,0.59268334086587,"inc_noncap"
"ES_2011","g_bottom_cv2_nwx",11.1921531395911,0.785313580984878,9.65293852086069,12.7313677583214,"inc_noncap"
"ES_2011","g_bottom_cv2_nw",4.76624725119109,0.112063902853596,4.54660200159804,4.98589250078414,"inc_noncap"
"ES_2011","g_bottom_var_nwx",108627342604.118,3379571951.38908,102003381579.395,115251303628.84,"inc_noncap"
"ES_2011","g_bottom_var_nw",111609076097.31,2075008991.17879,107542058474.6,115676093720.02,"inc_noncap"
"ES_2011","g_bottom_d_gini",-0.375101864046797,0.0319488301454145,-0.437721571131809,-0.312482156961784,"inc_noncap"
"ES_2011","g_bottom_r_gini",0.610008582866016,0.0203100029345187,0.570200977114359,0.649816188617672,"inc_noncap"
"ES_2011","g_bottom_d_cv2",-6.42590588839996,0.723096828286283,-7.84317567184107,-5.00863610495885,"inc_noncap"
"ES_2011","g_bottom_d_var",2981733493.19221,3732872604.40933,-4334696811.45008,10298163797.8345,"inc_noncap"
"ES_2011","g_middle_wshare",0.329439937415944,0.000924933642329199,0.327627067476978,0.331252807354909,"inc_noncap"
"ES_2011","g_middle_mean_nwx",125547.548808354,5302.29230109927,115155.0558982,135940.041718509,"inc_noncap"
"ES_2011","g_middle_mean_nw",194640.916291337,1547.26911892995,191608.268818234,197673.563764439,"inc_noncap"
"ES_2011","g_middle_mean_wt",69093.3674829826,5010.05720038525,59273.6553702275,78913.0795957377,"inc_noncap"
"ES_2011","g_middle_wt_over_nwx",0.552085761007436,0.0630744199490935,0.428459897907213,0.675711624107659,"inc_noncap"
"ES_2011","g_middle_wt_volshare",0.272413981354874,0.0147727560601722,0.243459379476937,0.301368583232812,"inc_noncap"
"ES_2011","g_middle_gini_nwx",0.987999743315467,0.080305789009471,0.830600396856904,1.14539908977403,"inc_noncap"
"ES_2011","g_middle_gini_nw",0.54290038480668,0.00378045150850842,0.535490699850004,0.550310069763357,"inc_noncap"
"ES_2011","g_middle_cv2_nwx",23.4419879191409,5.13671062319345,13.3740350976817,33.5099407406001,"inc_noncap"
"ES_2011","g_middle_cv2_nw",2.47571691754559,0.200067999390413,2.08358363874038,2.8678501963508,"inc_noncap"
"ES_2011","g_middle_var_nwx",365705257868.699,48733064417.4439,270188451610.509,461222064126.889,"inc_noncap"
"ES_2011","g_middle_var_nw",93831362461.3538,8358702677.34626,77448305213.7551,110214419708.952,"inc_noncap"
"ES_2011","g_middle_d_gini",-0.445099358508786,0.0831049794429176,-0.607985118216905,-0.282213598800668,"inc_noncap"
"ES_2011","g_middle_r_gini",0.552036289148485,0.0471686809094921,0.459585674565881,0.64448690373109,"inc_noncap"
"ES_2011","g_middle_d_cv2",-20.9662710015953,5.14014419261351,-31.0409536191178,-10.8915883840728,"inc_noncap"
"ES_2011","g_middle_d_var",-271873895407.346,50951123675.3544,-371738097811.04,-172009693003.651,"inc_noncap"
"ES_2011","g_top_wshare",0.337385700445848,0.000926388592297934,0.335569978804944,0.339201422086751,"inc_noncap"
"ES_2011","g_top_mean_nwx",287983.840470803,8562.41157592069,271201.513781998,304766.167159607,"inc_noncap"
"ES_2011","g_top_mean_nw",414330.749694766,3399.67196250311,407667.39264826,420994.106741272,"inc_noncap"
"ES_2011","g_top_mean_wt",126346.909223963,5438.95479193861,115686.557831763,137007.260616163,"inc_noncap"
"ES_2011","g_top_wt_over_nwx",0.439349498725994,0.0315736626404308,0.377465119950749,0.501233877501238,"inc_noncap"
"ES_2011","g_top_wt_volshare",0.510334747318853,0.0111401028609784,0.488500145711335,0.53216934892637,"inc_noncap"
"ES_2011","g_top_gini_nwx",0.88167022451258,0.0371488163834817,0.808858544400956,0.954481904624204,"inc_noncap"
"ES_2011","g_top_gini_nw",0.562660172547621,0.0044270619094423,0.553983131205115,0.571337213890128,"inc_noncap"
"ES_2011","g_top_cv2_nwx",19.0454023807188,1.52202935083778,16.0622248530768,22.0285799083609,"inc_noncap"
"ES_2011","g_top_cv2_nw",7.43152058326742,0.497688486002426,6.45605115070266,8.40699001583217,"inc_noncap"
"ES_2011","g_top_var_nwx",1576333196332.39,69917998091.7796,1439293920072.51,1713372472592.28,"inc_noncap"
"ES_2011","g_top_var_nw",1275875696007.8,89016180421.9517,1101403982380.78,1450347409634.83,"inc_noncap"
"ES_2011","g_top_d_gini",-0.319010051964958,0.0390761828178381,-0.395599370287921,-0.242420733641996,"inc_noncap"
"ES_2011","g_top_r_gini",0.63896930885869,0.0287170603007255,0.582683870669268,0.695254747048112,"inc_noncap"
"ES_2011","g_top_d_cv2",-11.6138817974514,1.51775349481346,-14.5886786472858,-8.63908494761701,"inc_noncap"
"ES_2011","g_top_d_var",-300457500324.589,90428747978.2328,-477697846361.926,-123217154287.253,"inc_noncap"
"ES_2011","did_gini",-0.0560918120818385,0.0335592965166594,-0.121868033254491,0.00968440909081392,"inc_noncap"
"ES_2011","did_cv2",5.18797590905143,1.43817413947042,2.36915459568941,8.00679722241345,"inc_noncap"
"ES_2011","did_var",303439233817.782,90215530495.6689,126616794046.271,480261673589.293,"inc_noncap"
"ES_2011","rratio_gini",0.955383220968368,0.0340903789759704,0.888566078175466,1.02220036376127,"inc_noncap"
"US_2013","g_bottom_wshare",0.330160526429504,0.000594481386191114,0.32899534291257,0.331325709946439,"inc_noncap"
"US_2013","g_bottom_mean_nwx",139520.28056746,4185.30689062505,131317.079061835,147723.482073085,"inc_noncap"
"US_2013","g_bottom_mean_nw",197561.037156625,3689.78668951708,190329.055245171,204793.019068078,"inc_noncap"
"US_2013","g_bottom_mean_wt",58040.7565891649,1522.03125346575,55057.575332372,61023.9378459577,"inc_noncap"
"US_2013","g_bottom_wt_over_nwx",0.416356337550541,0.0200405081174329,0.377076941640372,0.455635733460709,"inc_noncap"
"US_2013","g_bottom_wt_volshare",0.20201719108593,0.00534186332096103,0.191547138976846,0.212487243195013,"inc_noncap"
"US_2013","g_bottom_gini_nwx",1.37017336209871,0.0319334600850478,1.30758378033201,1.4327629438654,"inc_noncap"
"US_2013","g_bottom_gini_nw",0.928984519324802,0.00177797976039411,0.925499678994429,0.932469359655174,"inc_noncap"
"US_2013","g_bottom_cv2_nwx",452.793985636564,22.314737652031,409.057099838584,496.530871434545,"inc_noncap"
"US_2013","g_bottom_cv2_nw",214.103836224154,6.96985952855875,200.442911548179,227.764760900129,"inc_noncap"
"US_2013","g_bottom_var_nwx",8803243399748.23,220655370038.902,8370758874471.98,9235727925024.48,"inc_noncap"
"US_2013","g_bottom_var_nw",8356450187230.95,343075668987.784,7684021876014.89,9028878498447.01,"inc_noncap"
"US_2013","g_bottom_d_gini",-0.441188842773905,0.0334237295954272,-0.506699352780942,-0.375678332766867,"inc_noncap"
"US_2013","g_bottom_r_gini",0.678268638629172,0.0169802053962246,0.644987436052572,0.711549841205773,"inc_noncap"
"US_2013","g_bottom_d_cv2",-238.69014941241,18.765011874203,-275.469572685848,-201.910726138972,"inc_noncap"
"US_2013","g_bottom_d_var",-446793212517.277,132547051892.683,-706585434226.935,-187000990807.619,"inc_noncap"
"US_2013","g_middle_wshare",0.33628872695971,0.00070298968980179,0.334910867167698,0.337666586751721,"inc_noncap"
"US_2013","g_middle_mean_nwx",138377.639094997,1539.65159792373,135359.921963066,141395.356226927,"inc_noncap"
"US_2013","g_middle_mean_nw",205399.50121816,2407.47353579102,200680.853088009,210118.14934831,"inc_noncap"
"US_2013","g_middle_mean_wt",67021.8621231627,1959.10517368602,63182.0159827381,70861.7082635873,"inc_noncap"
"US_2013","g_middle_wt_over_nwx",0.484386563885829,0.0154955166186283,0.454015351313318,0.514757776458341,"inc_noncap"
"US_2013","g_middle_wt_volshare",0.237569406889513,0.00471002463910388,0.228337758596869,0.246801055182156,"inc_noncap"
"US_2013","g_middle_gini_nwx",1.31837855694179,0.0210498516960789,1.27712084761747,1.3596362662661,"inc_noncap"
"US_2013","g_middle_gini_nw",0.853732904349208,0.00228869113389137,0.849247069726781,0.858218738971635,"inc_noncap"
"US_2013","g_middle_cv2_nwx",124.450039894955,9.36631239580482,106.092067599178,142.808012190733,"inc_noncap"
"US_2013","g_middle_cv2_nw",54.758222295446,5.47427045502774,44.0286522035916,65.4877923873003,"inc_noncap"
"US_2013","g_middle_var_nwx",2384753381726.59,214630631505.663,1964077343975.5,2805429419477.69,"inc_noncap"
"US_2013","g_middle_var_nw",2309558850161.58,228136655381.263,1862411005614.3,2756706694708.85,"inc_noncap"
"US_2013","g_middle_d_gini",-0.464645652592581,0.020660439465113,-0.505140113944202,-0.424151191240959,"inc_noncap"
"US_2013","g_middle_r_gini",0.647668632897093,0.0100704135404409,0.627930622357829,0.667406643436357,"inc_noncap"
"US_2013","g_middle_d_cv2",-69.6918175995093,4.15813590389355,-77.8417639711407,-61.541871227878,"inc_noncap"
"US_2013","g_middle_d_var",-75194531565.0179,25227417768.1318,-124640270390.556,-25748792739.4795,"inc_noncap"
"US_2013","g_top_wshare",0.333550746610786,0.000136401671276321,0.333283399335084,0.333818093886487,"inc_noncap"
"US_2013","g_top_mean_nwx",720011.601055882,9805.27593008401,700793.260232917,739229.941878847,"inc_noncap"
"US_2013","g_top_mean_nw",879397.23121251,11135.1069664094,857572.421558348,901222.040866673,"inc_noncap"
"US_2013","g_top_mean_wt",159385.630156628,2394.15220507708,154693.091834677,164078.168478579,"inc_noncap"
"US_2013","g_top_wt_over_nwx",0.221378506718498,0.00330135384438151,0.21490785318351,0.227849160253486,"inc_noncap"
"US_2013","g_top_wt_volshare",0.560413402024557,0.00224136133979963,0.55602033379855,0.564806470250565,"inc_noncap"
"US_2013","g_top_gini_nwx",0.926778670938194,0.00706422854101407,0.912932782997807,0.940624558878582,"inc_noncap"
"US_2013","g_top_gini_nw",0.811498505233245,0.0010357429255022,0.80946844909926,0.813528561367229,"inc_noncap"
"US_2013","g_top_cv2_nwx",48.5116136524452,1.89060401226457,44.8060297884066,52.2171975164837,"inc_noncap"
"US_2013","g_top_cv2_nw",33.3921441173673,1.05091591602878,31.3323489219509,35.4519393127837,"inc_noncap"
"US_2013","g_top_var_nwx",25138933102371.7,651987733021.091,23861037145650.4,26416829059093.1,"inc_noncap"
"US_2013","g_top_var_nw",25816479581495.8,581305148867.562,24677121489715.4,26955837673276.3,"inc_noncap"
"US_2013","g_top_d_gini",-0.115280165704949,0.00670506009241829,-0.128422083486089,-0.10213824792381,"inc_noncap"
"US_2013","g_top_r_gini",0.875643604826741,0.0063051456229025,0.863285519405852,0.88800169024763,"inc_noncap"
"US_2013","g_top_d_cv2",-15.1194695350779,0.852691239325693,-16.7907443641562,-13.4481947059995,"inc_noncap"
"US_2013","g_top_d_var",677546479124.131,147843551934.005,387773117333.482,967319840914.78,"inc_noncap"
"US_2013","did_gini",-0.325908677068955,0.0269525248159289,-0.378735625708176,-0.273081728429734,"inc_noncap"
"US_2013","did_cv2",-223.570679877332,17.9916877087946,-258.83438778657,-188.306971968095,"inc_noncap"
"US_2013","did_var",-1124339691641.41,207384888707.207,-1530814073507.53,-717865309775.282,"inc_noncap"
"US_2013","rratio_gini",0.774530919131932,0.0140184799284303,0.747054698472208,0.802007139791655,"inc_noncap"
"AT_2011","g_bottom_wshare",0.333042463695495,0.00025284608548903,0.332546885367936,0.333538042023053,"inc_total"
"AT_2011","g_bottom_mean_nwx",-15963.836869788,18011.8867324579,-51267.1348654055,19339.4611258296,"inc_total"
"AT_2011","g_bottom_mean_nw",98518.2488831792,16417.1308100721,66340.6724954379,130695.82527092,"inc_total"
"AT_2011","g_bottom_mean_wt",114482.085752967,10787.4182478309,93338.7459872186,135625.425518716,"inc_total"
"AT_2011","g_bottom_wt_over_nwx",23.7235680414542,NA,NA,NA,"inc_total"
"AT_2011","g_bottom_wt_volshare",0.234532475179231,0.0368043058590582,0.162396035695477,0.306668914662985,"inc_total"
"AT_2011","g_bottom_gini_nwx",30.6428174290572,NA,NA,NA,"inc_total"
"AT_2011","g_bottom_gini_nw",0.818086377812802,0.0493379030873542,0.721384087761588,0.914788667864017,"inc_total"
"AT_2011","g_bottom_cv2_nwx",10019.2729604742,15204.0945786779,-19780.7524137346,39819.2983346829,"inc_total"
"AT_2011","g_bottom_cv2_nw",17.3882876274719,16.1070431962619,-14.1815170372013,48.9580922921452,"inc_total"
"AT_2011","g_bottom_var_nwx",491369708604.788,246982923154.458,7283179222.05011,975456237987.525,"inc_total"
"AT_2011","g_bottom_var_nw",206339920578.412,255513938936.957,-294467399738.025,707147240894.848,"inc_total"
"AT_2011","g_bottom_d_gini",-29.8160507448175,NA,NA,NA,"inc_total"
"AT_2011","g_bottom_r_gini",0.026980765921862,NA,NA,NA,"inc_total"
"AT_2011","g_bottom_d_cv2",-10001.8846728467,15188.2504131069,-39770.8554825362,19767.0861368428,"inc_total"
"AT_2011","g_bottom_d_var",-285029788026.376,162046738667.526,-602641395814.727,32581819761.9753,"inc_total"
"AT_2011","g_middle_wshare",0.333286683934697,0.000390125330253103,0.332522038287401,0.334051329581994,"inc_total"
"AT_2011","g_middle_mean_nwx",65089.7065299156,30221.6565416543,5855.25970827322,124324.153351558,"inc_total"
"AT_2011","g_middle_mean_nw",198391.136426867,37062.2254687367,125749.174508143,271033.098345591,"inc_total"
"AT_2011","g_middle_mean_wt",133301.429896952,11742.4494790786,110286.228917958,156316.630875946,"inc_total"
"AT_2011","g_middle_wt_over_nwx",2.27565984899081,0.821873523857927,0.664787742229277,3.88653195575235,"inc_total"
"AT_2011","g_middle_wt_volshare",0.27162386415866,0.0253111866643528,0.222013938296528,0.321233790020791,"inc_total"
"AT_2011","g_middle_gini_nwx",2.74208289037315,0.758853599765582,1.25472983483261,4.22943594591369,"inc_total"
"AT_2011","g_middle_gini_nw",0.723377775502653,0.0499063652092812,0.625561299692462,0.821194251312844,"inc_total"
"AT_2011","g_middle_cv2_nwx",132.858835137417,91.2660692456706,-46.0226605840979,311.740330858931,"inc_total"
"AT_2011","g_middle_cv2_nw",8.78118921273226,6.7339280878713,-4.41730983949549,21.97968826496,"inc_total"
"AT_2011","g_middle_var_nwx",546784336535.682,454885690490.937,-344791616826.555,1438360289897.92,"inc_total"
"AT_2011","g_middle_var_nw",422193426390.952,495374083633.562,-548739777530.83,1393126630312.73,"inc_total"
"AT_2011","g_middle_d_gini",-2.0187051148705,0.776852290049357,-3.54133560336724,-0.49607462637376,"inc_total"
"AT_2011","g_middle_r_gini",0.27785763297287,0.0846935020087326,0.111858369035754,0.443856896909986,"inc_total"
"AT_2011","g_middle_d_cv2",-124.077645924684,91.6800763143779,-303.770595500865,55.6153036514964,"inc_total"
"AT_2011","g_middle_d_var",-124590910144.73,85664734042.7198,-292493788868.461,43311968579.0008,"inc_total"
"AT_2011","g_top_wshare",0.333670852369808,0.000199891607985644,0.333279064818156,0.33406263992146,"inc_total"
"AT_2011","g_top_mean_nwx",251337.721941002,52867.5302869751,147717.362578531,354958.081303473,"inc_total"
"AT_2011","g_top_mean_nw",496543.642977288,96311.3521247908,307773.392812698,685313.893141878,"inc_total"
"AT_2011","g_top_mean_wt",245205.921036286,59127.0267255486,129316.948654211,361094.893418362,"inc_total"
"AT_2011","g_top_wt_over_nwx",0.987807575932635,0.191196040374873,0.613063336797883,1.36255181506739,"inc_total"
"AT_2011","g_top_wt_volshare",0.49384366066211,0.0561097273462823,0.383868595063396,0.603818726260823,"inc_total"
"AT_2011","g_top_gini_nwx",1.50760283464222,0.314061325809528,0.892042636055541,2.12316303322889,"inc_total"
"AT_2011","g_top_gini_nw",0.682649996601029,0.0490996980771371,0.58641458836984,0.778885404832217,"inc_total"
"AT_2011","g_top_cv2_nwx",23.8165592252045,17.0795484800203,-9.65935579563518,57.2924742460443,"inc_total"
"AT_2011","g_top_cv2_nw",4.99190850648344,2.29406920586737,0.495532862983399,9.48828414998348,"inc_total"
"AT_2011","g_top_var_nwx",1709881176125.35,1808917010000.23,-1835596163475.09,5255358515725.8,"inc_total"
"AT_2011","g_top_var_nw",1419194730655.9,1303060064714.7,-1134802996184.92,3973192457496.72,"inc_total"
"AT_2011","g_top_d_gini",-0.824952838041188,0.282659630457745,-1.37896571373837,-0.270939962344008,"inc_total"
"AT_2011","g_top_r_gini",0.462299349008072,0.0778580356580612,0.309697599118273,0.614901098897872,"inc_total"
"AT_2011","g_top_d_cv2",-18.8246507187211,15.0084331587605,-48.2411797098917,10.5918782724495,"inc_total"
"AT_2011","g_top_d_var",-290686445469.456,526560945592.319,-1322745898830.4,741373007891.49,"inc_total"
"AT_2011","did_gini",-29.0061442473497,NA,NA,NA,"inc_total"
"AT_2011","did_cv2",-9983.06002212799,15183.9372197579,-39743.5769728535,19777.4569285975,"inc_total"
"AT_2011","did_var",5656657443.07999,591986434892.74,-1154636754946.69,1165950069832.85,"inc_total"
"AT_2011","rratio_gini",0.06074488556537,NA,NA,NA,"inc_total"
"EE_2013","g_bottom_wshare",0.332801851723046,0.000226518596724482,0.332357875273466,0.333245828172626,"inc_total"
"EE_2013","g_bottom_mean_nwx",32358.8833253783,1692.50001430948,29041.5832973317,35676.1833534249,"inc_total"
"EE_2013","g_bottom_mean_nw",42201.8590093647,2004.97457323271,38272.1088458286,46131.6091729008,"inc_total"
"EE_2013","g_bottom_mean_wt",9842.97568398638,401.028554320295,9056.9597175186,10628.9916504542,"inc_total"
"EE_2013","g_bottom_wt_over_nwx",0.30441990419429,0.0111145552416521,0.282635375920652,0.326204432467928,"inc_total"
"EE_2013","g_bottom_wt_volshare",0.173363550693348,0.00706268717801273,0.159520683824443,0.187206417562253,"inc_total"
"EE_2013","g_bottom_gini_nwx",0.972997680956,0.0101418794101959,0.953119597312016,0.992875764599984,"inc_total"
"EE_2013","g_bottom_gini_nw",0.689664898275921,0.0071102997096023,0.6757287108451,0.703601085706741,"inc_total"
"EE_2013","g_bottom_cv2_nwx",10.2940674598871,0.253947787021931,9.79632979732411,10.7918051224501,"inc_total"
"EE_2013","g_bottom_cv2_nw",5.62841477538882,0.106016694804198,5.42062205357259,5.83620749720505,"inc_total"
"EE_2013","g_bottom_var_nwx",10782734747.6052,913431115.33748,8992409761.54376,12573059733.6667,"inc_total"
"EE_2013","g_bottom_var_nw",10038334164.5224,959836219.243912,8157055174.80434,11919613154.2405,"inc_total"
"EE_2013","g_bottom_d_gini",-0.283332782680079,0.0147574451267209,-0.312257375128452,-0.254408190231706,"inc_total"
"EE_2013","g_bottom_r_gini",0.708878850732315,0.0125857191958726,0.684210841108405,0.733546860356226,"inc_total"
"EE_2013","g_bottom_d_cv2",-4.66565268449827,0.206078566701036,-5.0695666752323,-4.26173869376424,"inc_total"
"EE_2013","g_bottom_d_var",-744400583.082817,144521353.844812,-1027662436.61865,-461138729.546986,"inc_total"
"EE_2013","g_middle_wshare",0.333712457005602,0.000407642888948717,0.332913476943263,0.334511437067942,"inc_total"
"EE_2013","g_middle_mean_nwx",61265.240704708,2869.06962432033,55641.8642410402,66888.6171683759,"inc_total"
"EE_2013","g_middle_mean_nw",72476.6738042202,2796.30860223808,66995.9089438336,77957.4386646068,"inc_total"
"EE_2013","g_middle_mean_wt",11211.4330995122,584.105611700531,10066.5861005791,12356.2800984452,"inc_total"
"EE_2013","g_middle_wt_over_nwx",0.183334494844983,0.0143254745673247,0.155256564693027,0.21141242499694,"inc_total"
"EE_2013","g_middle_wt_volshare",0.198002059025237,0.0101975068845542,0.17801494553151,0.217989172518963,"inc_total"
"EE_2013","g_middle_gini_nwx",0.758857136663957,0.00292099079957336,0.753131994696793,0.76458227863112,"inc_total"
"EE_2013","g_middle_gini_nw",0.613744328463464,0.00841755151958873,0.59724592748507,0.630242729441858,"inc_total"
"EE_2013","g_middle_cv2_nwx",4.3714475737972,0.264826824825602,3.85238699713902,4.89050815045538,"inc_total"
"EE_2013","g_middle_cv2_nw",2.9049253412925,0.250744421231423,2.41346627567891,3.39638440690609,"inc_total"
"EE_2013","g_middle_var_nwx",16485743793.5716,2477637192.75506,11629574895.7717,21341912691.3716,"inc_total"
"EE_2013","g_middle_var_nw",15336701601.3767,2469137906.26144,10497191305.1043,20176211897.6492,"inc_total"
"EE_2013","g_middle_d_gini",-0.145112808200492,0.00669755164098005,-0.158240009416813,-0.131985606984171,"inc_total"
"EE_2013","g_middle_r_gini",0.808762573658343,0.00917956692818163,0.790770622479107,0.826754524837579,"inc_total"
"EE_2013","g_middle_d_cv2",-1.4665222325047,0.0557827005897571,-1.57585632566063,-1.35718813934878,"inc_total"
"EE_2013","g_middle_d_var",-1149042192.1949,150376582.683675,-1443780294.2549,-854304090.134896,"inc_total"
"EE_2013","g_top_wshare",0.333485691271351,0.000204974344592285,0.333083941555951,0.333887440986752,"inc_total"
"EE_2013","g_top_mean_nwx",140346.766794885,5801.53223374284,128975.763616749,151717.769973021,"inc_total"
"EE_2013","g_top_mean_nw",175965.313474447,5701.00061653841,164791.352266032,187139.274682862,"inc_total"
"EE_2013","g_top_mean_wt",35618.5466795624,570.796611207302,34499.7853215961,36737.3080375287,"inc_total"
"EE_2013","g_top_wt_over_nwx",0.254097938065432,0.0118355827504914,0.230900195874469,0.277295680256395,"inc_total"
"EE_2013","g_top_wt_volshare",0.628634390281415,0.00994710033665829,0.609138073621565,0.648130706941266,"inc_total"
"EE_2013","g_top_gini_nwx",0.902132201609964,0.0108425589724318,0.880880786023997,0.92338361719593,"inc_total"
"EE_2013","g_top_gini_nw",0.649593879911608,0.00462842590744135,0.640522165133023,0.658665594690193,"inc_total"
"EE_2013","g_top_cv2_nwx",22.7772717373836,1.68166427590676,19.4812097566063,26.0733337181609,"inc_total"
"EE_2013","g_top_cv2_nw",11.3634817458011,0.601378231372482,10.1847804123111,12.5421830792912,"inc_total"
"EE_2013","g_top_var_nwx",447366583592.21,9890549233.25448,427981107095.031,466752060089.389,"inc_total"
"EE_2013","g_top_var_nw",351369026214.232,10136081903.7478,331502305682.886,371235746745.578,"inc_total"
"EE_2013","g_top_d_gini",-0.252538321698356,0.0149990358672817,-0.281936431998228,-0.223140211398484,"inc_total"
"EE_2013","g_top_r_gini",0.720170078045052,0.0133800078388416,0.693945262680922,0.746394893409181,"inc_total"
"EE_2013","g_top_d_cv2",-11.4137899915825,1.09682376312329,-13.5635645673041,-9.2640154158608,"inc_total"
"EE_2013","g_top_d_var",-95997557377.9782,1427292449.3887,-98795050578.78,-93200064177.1763,"inc_total"
"EE_2013","did_gini",-0.0307944609817232,0.0250158908027014,-0.0798256069550178,0.0182366849915715,"inc_total"
"EE_2013","did_cv2",6.74813730708418,1.20438167322354,4.38754922756604,9.10872538660232,"inc_total"
"EE_2013","did_var",95253156794.8954,1483131165.62696,92346219710.2665,98160093879.5242,"inc_total"
"EE_2013","rratio_gini",0.984616639876488,0.0290562988518067,0.927666294126947,1.04156698562603,"inc_total"
"FR_2009","g_bottom_wshare",0.333260649982899,NA,NA,NA,"inc_total"
"FR_2009","g_bottom_mean_nwx",62874.4923428156,NA,NA,NA,"inc_total"
"FR_2009","g_bottom_mean_nw",85996.0616857638,NA,NA,NA,"inc_total"
"FR_2009","g_bottom_mean_wt",23121.5693429483,NA,NA,NA,"inc_total"
"FR_2009","g_bottom_wt_over_nwx",0.367741646594627,NA,NA,NA,"inc_total"
"FR_2009","g_bottom_wt_volshare",0.282025738093596,NA,NA,NA,"inc_total"
"FR_2009","g_bottom_gini_nwx",1.23223446432621,NA,NA,NA,"inc_total"
"FR_2009","g_bottom_gini_nw",0.732881757012444,NA,NA,NA,"inc_total"
"FR_2009","g_bottom_cv2_nwx",104.293628661197,NA,NA,NA,"inc_total"
"FR_2009","g_bottom_cv2_nw",4.35675724040145,NA,NA,NA,"inc_total"
"FR_2009","g_bottom_var_nwx",412293759234.41,NA,NA,NA,"inc_total"
"FR_2009","g_bottom_var_nw",32219625393.5849,NA,NA,NA,"inc_total"
"FR_2009","g_bottom_d_gini",-0.499352707313767,NA,NA,NA,"inc_total"
"FR_2009","g_bottom_r_gini",0.594758366390268,NA,NA,NA,"inc_total"
"FR_2009","g_bottom_d_cv2",-99.9368714207956,NA,NA,NA,"inc_total"
"FR_2009","g_bottom_d_var",-380074133840.826,NA,NA,NA,"inc_total"
"FR_2009","g_middle_wshare",0.333386265260387,NA,NA,NA,"inc_total"
"FR_2009","g_middle_mean_nwx",137323.90979002,NA,NA,NA,"inc_total"
"FR_2009","g_middle_mean_nw",153664.434250785,NA,NA,NA,"inc_total"
"FR_2009","g_middle_mean_wt",16340.5244607644,NA,NA,NA,"inc_total"
"FR_2009","g_middle_wt_over_nwx",0.118992566449284,NA,NA,NA,"inc_total"
"FR_2009","g_middle_wt_volshare",0.199388953961938,NA,NA,NA,"inc_total"
"FR_2009","g_middle_gini_nwx",0.687765805787731,NA,NA,NA,"inc_total"
"FR_2009","g_middle_gini_nw",0.592249439005385,NA,NA,NA,"inc_total"
"FR_2009","g_middle_cv2_nwx",3.02749069474208,NA,NA,NA,"inc_total"
"FR_2009","g_middle_cv2_nw",1.59772803470415,NA,NA,NA,"inc_total"
"FR_2009","g_middle_var_nwx",57091984168.3375,NA,NA,NA,"inc_total"
"FR_2009","g_middle_var_nw",37726765998.2631,NA,NA,NA,"inc_total"
"FR_2009","g_middle_d_gini",-0.0955163667823459,NA,NA,NA,"inc_total"
"FR_2009","g_middle_r_gini",0.861120797256057,NA,NA,NA,"inc_total"
"FR_2009","g_middle_d_cv2",-1.42976266003793,NA,NA,NA,"inc_total"
"FR_2009","g_middle_d_var",-19365218170.0743,NA,NA,NA,"inc_total"
"FR_2009","g_top_wshare",0.333353084756715,NA,NA,NA,"inc_total"
"FR_2009","g_top_mean_nwx",355974.998592913,NA,NA,NA,"inc_total"
"FR_2009","g_top_mean_nw",398478.854505986,NA,NA,NA,"inc_total"
"FR_2009","g_top_mean_wt",42503.8559130724,NA,NA,NA,"inc_total"
"FR_2009","g_top_wt_over_nwx",0.119401239078813,NA,NA,NA,"inc_total"
"FR_2009","g_top_wt_volshare",0.518585307944465,NA,NA,NA,"inc_total"
"FR_2009","g_top_gini_nwx",0.679842080543218,NA,NA,NA,"inc_total"
"FR_2009","g_top_gini_nw",0.587611150720678,NA,NA,NA,"inc_total"
"FR_2009","g_top_cv2_nwx",17.3295095192924,NA,NA,NA,"inc_total"
"FR_2009","g_top_cv2_nw",11.1475360159264,NA,NA,NA,"inc_total"
"FR_2009","g_top_var_nwx",2195964246638.27,NA,NA,NA,"inc_total"
"FR_2009","g_top_var_nw",1770065937305.16,NA,NA,NA,"inc_total"
"FR_2009","g_top_d_gini",-0.0922309298225404,NA,NA,NA,"inc_total"
"FR_2009","g_top_r_gini",0.864334773527339,NA,NA,NA,"inc_total"
"FR_2009","g_top_d_cv2",-6.181973503366,NA,NA,NA,"inc_total"
"FR_2009","g_top_d_var",-425898309333.109,NA,NA,NA,"inc_total"
"FR_2009","did_gini",-0.407121777491227,NA,NA,NA,"inc_total"
"FR_2009","did_cv2",-93.7548979174296,NA,NA,NA,"inc_total"
"FR_2009","did_var",45824175492.2834,NA,NA,NA,"inc_total"
"FR_2009","rratio_gini",0.688111116903311,NA,NA,NA,"inc_total"
"GR_2009","g_bottom_wshare",0.333182524905758,9.93156062666595e-05,0.332987866317475,0.33337718349404,"inc_total"
"GR_2009","g_bottom_mean_nwx",47957.8681054469,1991.37583431514,44054.7714701893,51860.9647407046,"inc_total"
"GR_2009","g_bottom_mean_nw",81337.708449039,1549.31499819482,78301.0510525772,84374.3658455009,"inc_total"
"GR_2009","g_bottom_mean_wt",33379.8403435921,975.346128423221,31468.1619318826,35291.5187553016,"inc_total"
"GR_2009","g_bottom_wt_over_nwx",0.697169911872664,0.0445748325170067,0.609803240139331,0.784536583605997,"inc_total"
"GR_2009","g_bottom_wt_volshare",0.22494869645226,0.00757952849271813,0.210092820606532,0.239804572297987,"inc_total"
"GR_2009","g_bottom_gini_nwx",1.10710876382023,0.0521930051735698,1.00481047368003,1.20940705396042,"inc_total"
"GR_2009","g_bottom_gini_nw",0.553536589508776,0.00665272013711543,0.54049725804003,0.566575920977522,"inc_total"
"GR_2009","g_bottom_cv2_nwx",8.74011566369848,1.03006536525344,6.72118754780173,10.7590437795952,"inc_total"
"GR_2009","g_bottom_cv2_nw",1.51816168755534,0.149959299576865,1.22424146038469,1.812081914726,"inc_total"
"GR_2009","g_bottom_var_nwx",20036125439.5167,1702837891.59817,16698563171.9843,23373687707.0491,"inc_total"
"GR_2009","g_bottom_var_nw",10071382542.3834,1408188186.17963,7311333697.4713,12831431387.2955,"inc_total"
"GR_2009","g_bottom_d_gini",-0.55357217431145,0.0535812408181382,-0.658591406315001,-0.4485529423079,"inc_total"
"GR_2009","g_bottom_r_gini",0.500761337276042,0.0255829258051615,0.450618802697926,0.550903871854159,"inc_total"
"GR_2009","g_bottom_d_cv2",-7.22195397614313,1.08148529969582,-9.34166516354694,-5.10224278873932,"inc_total"
"GR_2009","g_bottom_d_var",-9964742897.13333,1692073116.38544,-13281206205.2488,-6648279589.01787,"inc_total"
"GR_2009","g_middle_wshare",0.328640755534819,0.00480137837442523,0.319230053920946,0.338051457148693,"inc_total"
"GR_2009","g_middle_mean_nwx",87190.6030504494,3891.34410255238,79563.5686094467,94817.637491452,"inc_total"
"GR_2009","g_middle_mean_nw",133591.709254105,3092.69194140178,127530.033048958,139653.385459253,"inc_total"
"GR_2009","g_middle_mean_wt",46401.1062036557,1434.05909944087,43590.3503687516,49211.8620385598,"inc_total"
"GR_2009","g_middle_wt_over_nwx",0.533183147257174,0.0358786334379045,0.462861025718881,0.603505268795467,"inc_total"
"GR_2009","g_middle_wt_volshare",0.30868202555584,0.0187807150003399,0.271871824155174,0.345492226956506,"inc_total"
"GR_2009","g_middle_gini_nwx",0.908242133333462,0.0389272309561775,0.831944760659354,0.984539506007569,"inc_total"
"GR_2009","g_middle_gini_nw",0.534085398327451,0.00703551961122174,0.520295779889456,0.547875016765446,"inc_total"
"GR_2009","g_middle_cv2_nwx",4.4438527511984,0.702505943672625,3.06694110160006,5.82076440079675,"inc_total"
"GR_2009","g_middle_cv2_nw",1.34785783127869,0.104213013633955,1.14360032455613,1.55211533800124,"inc_total"
"GR_2009","g_middle_var_nwx",33646943012.1684,4137404599.2444,25537629997.6494,41756256026.6874,"inc_total"
"GR_2009","g_middle_var_nw",24113735139.6005,2932434373.42726,18366163767.6831,29861306511.5179,"inc_total"
"GR_2009","g_middle_d_gini",-0.374156735006011,0.0414160893784663,-0.455332270187805,-0.292981199824217,"inc_total"
"GR_2009","g_middle_r_gini",0.588835807918061,0.0289605653936714,0.532073099746466,0.645598516089657,"inc_total"
"GR_2009","g_middle_d_cv2",-3.09599491991972,0.705564571755706,-4.4789014805609,-1.71308835927853,"inc_total"
"GR_2009","g_middle_d_var",-9533207872.56789,3868015889.4918,-17114519015.9718,-1951896729.16396,"inc_total"
"GR_2009","g_top_wshare",0.338176719559423,0.0048755368900979,0.328620667254832,0.347732771864015,"inc_total"
"GR_2009","g_top_mean_nwx",160014.538490843,8566.19577240776,143224.794776924,176804.282204763,"inc_total"
"GR_2009","g_top_mean_nw",228290.235738876,4844.06330183092,218795.871667288,237784.599810465,"inc_total"
"GR_2009","g_top_mean_wt",68275.6972480328,5208.17288400522,58067.6783953826,78483.716100683,"inc_total"
"GR_2009","g_top_wt_over_nwx",0.428604258162945,0.0564997755596173,0.317864698066095,0.539343818259795,"inc_total"
"GR_2009","g_top_wt_volshare",0.4663692779919,0.0209753113607434,0.425257667724843,0.507480888258957,"inc_total"
"GR_2009","g_top_gini_nwx",0.862681994322022,0.0719786369682053,0.72160386586434,1.0037601227797,"inc_total"
"GR_2009","g_top_gini_nw",0.490262816727134,0.00245881054231961,0.485443548064188,0.495082085390081,"inc_total"
"GR_2009","g_top_cv2_nwx",5.86232219617595,1.89507698795498,2.14797129978419,9.57667309256771,"inc_total"
"GR_2009","g_top_cv2_nw",1.15330491676277,0.0637331095726881,1.0283880220003,1.27822181152523,"inc_total"
"GR_2009","g_top_var_nwx",147282079204.185,31756733523.4128,85038881498.2964,209525276910.074,"inc_total"
"GR_2009","g_top_var_nw",60194927237.3004,5635528606.05951,49149291169.4238,71240563305.177,"inc_total"
"GR_2009","g_top_d_gini",-0.372419177594888,0.0720858064547153,-0.51370735824613,-0.231130996943646,"inc_total"
"GR_2009","g_top_r_gini",0.570759193403217,0.044320331169978,0.48389134431006,0.657627042496374,"inc_total"
"GR_2009","g_top_d_cv2",-4.70901727941318,1.89442297895742,-8.42208631816972,-0.995948240656646,"inc_total"
"GR_2009","g_top_d_var",-87087151966.885,32316068371.0962,-150426645974.234,-23747657959.5365,"inc_total"
"GR_2009","did_gini",-0.181152996716562,0.0688750521370153,-0.316148098905113,-0.0461578945280125,"inc_total"
"GR_2009","did_cv2",-2.51293669672995,1.44017233581576,-5.33567447492884,0.309801081468948,"inc_total"
"GR_2009","did_var",77122409069.7517,31253199567.8772,15866137916.7124,138378680222.791,"inc_total"
"GR_2009","rratio_gini",0.880399645033133,0.071892407835378,0.739490525675792,1.02130876439047,"inc_total"
"IT_2014","g_bottom_wshare",0.333324459154894,NA,NA,NA,"inc_total"
"IT_2014","g_bottom_mean_nwx",75464.6432644479,NA,NA,NA,"inc_total"
"IT_2014","g_bottom_mean_nw",99698.6751414053,NA,NA,NA,"inc_total"
"IT_2014","g_bottom_mean_wt",24234.0318769574,NA,NA,NA,"inc_total"
"IT_2014","g_bottom_wt_over_nwx",0.321130940645078,NA,NA,NA,"inc_total"
"IT_2014","g_bottom_wt_volshare",0.137294963926965,NA,NA,NA,"inc_total"
"IT_2014","g_bottom_gini_nwx",0.868711775052322,NA,NA,NA,"inc_total"
"IT_2014","g_bottom_gini_nw",0.620340525131139,NA,NA,NA,"inc_total"
"IT_2014","g_bottom_cv2_nwx",6.05035332943747,NA,NA,NA,"inc_total"
"IT_2014","g_bottom_cv2_nw",1.82953655981787,NA,NA,NA,"inc_total"
"IT_2014","g_bottom_var_nwx",34456232097.5225,NA,NA,NA,"inc_total"
"IT_2014","g_bottom_var_nw",18185274744.9705,NA,NA,NA,"inc_total"
"IT_2014","g_bottom_d_gini",-0.248371249921183,NA,NA,NA,"inc_total"
"IT_2014","g_bottom_r_gini",0.714092456147238,NA,NA,NA,"inc_total"
"IT_2014","g_bottom_d_cv2",-4.2208167696196,NA,NA,NA,"inc_total"
"IT_2014","g_bottom_d_var",-16270957352.552,NA,NA,NA,"inc_total"
"IT_2014","g_middle_wshare",0.33320695858433,NA,NA,NA,"inc_total"
"IT_2014","g_middle_mean_nwx",141454.442644836,NA,NA,NA,"inc_total"
"IT_2014","g_middle_mean_nw",180993.420031797,NA,NA,NA,"inc_total"
"IT_2014","g_middle_mean_wt",39538.9773869604,NA,NA,NA,"inc_total"
"IT_2014","g_middle_wt_over_nwx",0.279517395478592,NA,NA,NA,"inc_total"
"IT_2014","g_middle_wt_volshare",0.223924310005241,NA,NA,NA,"inc_total"
"IT_2014","g_middle_gini_nwx",0.707526283373527,NA,NA,NA,"inc_total"
"IT_2014","g_middle_gini_nw",0.52084619295019,NA,NA,NA,"inc_total"
"IT_2014","g_middle_cv2_nwx",2.81142377610656,NA,NA,NA,"inc_total"
"IT_2014","g_middle_cv2_nw",1.23148813607104,NA,NA,NA,"inc_total"
"IT_2014","g_middle_var_nwx",56254788604.2727,NA,NA,NA,"inc_total"
"IT_2014","g_middle_var_nw",40341849537.8362,NA,NA,NA,"inc_total"
"IT_2014","g_middle_d_gini",-0.186680090423337,NA,NA,NA,"inc_total"
"IT_2014","g_middle_r_gini",0.736151016845289,NA,NA,NA,"inc_total"
"IT_2014","g_middle_d_cv2",-1.57993564003552,NA,NA,NA,"inc_total"
"IT_2014","g_middle_d_var",-15912939066.4366,NA,NA,NA,"inc_total"
"IT_2014","g_top_wshare",0.333468582260777,NA,NA,NA,"inc_total"
"IT_2014","g_top_mean_nwx",311783.774973674,NA,NA,NA,"inc_total"
"IT_2014","g_top_mean_nw",424486.685352998,NA,NA,NA,"inc_total"
"IT_2014","g_top_mean_wt",112702.910379324,NA,NA,NA,"inc_total"
"IT_2014","g_top_wt_over_nwx",0.361477791424009,NA,NA,NA,"inc_total"
"IT_2014","g_top_wt_volshare",0.638780726067795,NA,NA,NA,"inc_total"
"IT_2014","g_top_gini_nwx",0.726144963255114,NA,NA,NA,"inc_total"
"IT_2014","g_top_gini_nw",0.492098832132937,NA,NA,NA,"inc_total"
"IT_2014","g_top_cv2_nwx",5.15009612839788,NA,NA,NA,"inc_total"
"IT_2014","g_top_cv2_nw",1.75097375536845,NA,NA,NA,"inc_total"
"IT_2014","g_top_var_nwx",500636324591.888,NA,NA,NA,"inc_total"
"IT_2014","g_top_var_nw",315506115527,NA,NA,NA,"inc_total"
"IT_2014","g_top_d_gini",-0.234046131122177,NA,NA,NA,"inc_total"
"IT_2014","g_top_r_gini",0.677686766464631,NA,NA,NA,"inc_total"
"IT_2014","g_top_d_cv2",-3.39912237302943,NA,NA,NA,"inc_total"
"IT_2014","g_top_d_var",-185130209064.888,NA,NA,NA,"inc_total"
"IT_2014","did_gini",-0.0143251187990054,NA,NA,NA,"inc_total"
"IT_2014","did_cv2",-0.821694396590165,NA,NA,NA,"inc_total"
"IT_2014","did_var",168859251712.336,NA,NA,NA,"inc_total"
"IT_2014","rratio_gini",1.05372052618428,NA,NA,NA,"inc_total"
"LU_2010","g_bottom_wshare",0.331451001668515,0.00259868805466,0.326357573081381,0.336544430255648,"inc_total"
"LU_2010","g_bottom_mean_nwx",239484.196796057,22457.243003862,195468.000508488,283500.393083627,"inc_total"
"LU_2010","g_bottom_mean_nw",309251.675782288,13840.9255946291,282123.461616815,336379.889947761,"inc_total"
"LU_2010","g_bottom_mean_wt",69767.478986231,9516.42387976678,51115.2881818881,88419.6697905739,"inc_total"
"LU_2010","g_bottom_wt_over_nwx",0.295030206188608,0.0602634454144713,0.176913853176244,0.413146559200971,"inc_total"
"LU_2010","g_bottom_wt_volshare",0.179049769957131,0.024792637832123,0.13045619980617,0.227643340108092,"inc_total"
"LU_2010","g_bottom_gini_nwx",0.963497255908851,0.0737076393589839,0.819030282765243,1.10796422905246,"inc_total"
"LU_2010","g_bottom_gini_nw",0.7246346747536,0.0077331728585388,0.709477655950864,0.739791693556336,"inc_total"
"LU_2010","g_bottom_cv2_nwx",8.93781211775947,0.754933721607172,7.45814202340942,10.4174822121095,"inc_total"
"LU_2010","g_bottom_cv2_nw",5.08907725624934,0.410943976368541,4.28362706256701,5.89452744993168,"inc_total"
"LU_2010","g_bottom_var_nwx",510977088872.153,63071517415.4519,387356914737.867,634597263006.439,"inc_total"
"LU_2010","g_bottom_var_nw",489165895892.334,82156183031.7032,328139777150.196,650192014634.473,"inc_total"
"LU_2010","g_bottom_d_gini",-0.238862581155251,0.0783491959920691,-0.392427005299707,-0.085298157010796,"inc_total"
"LU_2010","g_bottom_r_gini",0.755549091657769,0.0684371976338861,0.621412184295352,0.889685999020186,"inc_total"
"LU_2010","g_bottom_d_cv2",-3.84873486151013,1.03900527762884,-5.88518520566265,-1.81228451735761,"inc_total"
"LU_2010","g_bottom_d_var",-21811192979.8187,30177592688.664,-80959274649.6001,37336888689.9627,"inc_total"
"LU_2010","g_middle_wshare",0.334839118302055,0.00259165366808224,0.329759477112614,0.339918759491496,"inc_total"
"LU_2010","g_middle_mean_nwx",320385.365638521,19239.8172619682,282675.323805063,358095.407471979,"inc_total"
"LU_2010","g_middle_mean_nw",437464.379768359,7155.14753158568,423440.290606451,451488.468930267,"inc_total"
"LU_2010","g_middle_mean_wt",117079.014129838,14840.7507042257,87991.1427495558,146166.88551012,"inc_total"
"LU_2010","g_middle_wt_over_nwx",0.368140050876709,0.0693523417128313,0.23220946111956,0.504070640633858,"inc_total"
"LU_2010","g_middle_wt_volshare",0.303828163260128,0.0425229237195934,0.220483232769725,0.387173093750531,"inc_total"
"LU_2010","g_middle_gini_nwx",0.73241516094418,0.0703651041687678,0.594499556773395,0.870330765114965,"inc_total"
"LU_2010","g_middle_gini_nw",0.537111023764808,0.00619854245070431,0.524961880561428,0.549260166968189,"inc_total"
"LU_2010","g_middle_cv2_nwx",3.19501820381968,0.708123131385282,1.80709686630452,4.58293954133483,"inc_total"
"LU_2010","g_middle_cv2_nw",1.23712484760191,0.0403440664419924,1.15805047737561,1.31619921782822,"inc_total"
"LU_2010","g_middle_var_nwx",323237921302.259,29629256710.0699,265164578150.523,381311264453.996,"inc_total"
"LU_2010","g_middle_var_nw",236856781432.878,12788712195.4928,211790905529.712,261922657336.044,"inc_total"
"LU_2010","g_middle_d_gini",-0.195304137179372,0.0714433039402892,-0.335333012902338,-0.0552752614564047,"inc_total"
"LU_2010","g_middle_r_gini",0.737725355886737,0.0692132715891435,0.602067343572016,0.873383368201458,"inc_total"
"LU_2010","g_middle_d_cv2",-1.95789335621776,0.709864031612948,-3.34922685817914,-0.566559854256384,"inc_total"
"LU_2010","g_middle_d_var",-86381139869.3813,34932922766.6708,-154849668492.056,-17912611246.7067,"inc_total"
"LU_2010","g_top_wshare",0.33370988002943,0.000310811104094739,0.333100690265405,0.334319069793456,"inc_total"
"LU_2010","g_top_mean_nwx",1137686.96199487,19159.6968956339,1100133.95607943,1175239.96791032,"inc_total"
"LU_2010","g_top_mean_nw",1337940.25373037,6619.02238996555,1324966.96984604,1350913.5376147,"inc_total"
"LU_2010","g_top_mean_wt",200253.291735496,13625.8268766464,173546.671057269,226959.912413723,"inc_total"
"LU_2010","g_top_wt_over_nwx",0.176183916584372,0.0150337447044415,0.146717776963667,0.205650056205077,"inc_total"
"LU_2010","g_top_wt_volshare",0.517122066782741,0.0293386681614836,0.459618277186233,0.574625856379249,"inc_total"
"LU_2010","g_top_gini_nwx",0.715229663764043,0.0168146217395731,0.68227300515448,0.748186322373607,"inc_total"
"LU_2010","g_top_gini_nw",0.606466146573559,0.00381402202272228,0.598990663409023,0.613941629738094,"inc_total"
"LU_2010","g_top_cv2_nwx",7.17345879615973,0.228066186417948,6.72644907078055,7.62046852153891,"inc_total"
"LU_2010","g_top_cv2_nw",4.8246279055505,0.10477191343468,4.61927495521853,5.02998085588247,"inc_total"
"LU_2010","g_top_var_nwx",9280853672074.58,162833537659.733,8961699938261.5,9600007405887.65,"inc_total"
"LU_2010","g_top_var_nw",8636456258697.09,194074060996.334,8256071099144.27,9016841418249.9,"inc_total"
"LU_2010","g_top_d_gini",-0.108763517190485,0.0178682365554224,-0.143785260839113,-0.073741773541857,"inc_total"
"LU_2010","g_top_r_gini",0.848253537760463,0.0211015714769622,0.806894457665617,0.889612617855309,"inc_total"
"LU_2010","g_top_d_cv2",-2.34883089060923,0.210486651830818,-2.76138472819763,-1.93627705302083,"inc_total"
"LU_2010","g_top_d_var",-644397413377.489,51051305155.1177,-744457971481.519,-544336855273.458,"inc_total"
"LU_2010","did_gini",-0.130099063964767,0.0762497329678489,-0.27954854058175,0.0193504126522171,"inc_total"
"LU_2010","did_cv2",-1.4999039709009,1.04497109798869,-3.54804732295873,0.548239381156933,"inc_total"
"LU_2010","did_var",622586220397.67,53245134053.6343,518225757652.547,726946683142.793,"inc_total"
"LU_2010","rratio_gini",0.890720863938813,0.0765685822258521,0.740646442776143,1.04079528510148,"inc_total"
"SK_2010","g_bottom_wshare",0.331323323554457,0.0028189861902224,0.325798110621621,0.336848536487293,"inc_total"
"SK_2010","g_bottom_mean_nwx",41769.9810607078,901.325900716439,40003.3822953036,43536.5798261121,"inc_total"
"SK_2010","g_bottom_mean_nw",54335.4560946986,487.227858194935,53380.4894926365,55290.4226967607,"inc_total"
"SK_2010","g_bottom_mean_wt",12565.4750339908,523.40539359961,11539.6004625355,13591.349605446,"inc_total"
"SK_2010","g_bottom_wt_over_nwx",0.30107913900022,0.018527080047374,0.264766062107367,0.337392215893073,"inc_total"
"SK_2010","g_bottom_wt_volshare",0.356148312276162,0.00922038517307751,0.33807635733693,0.374220267215394,"inc_total"
"SK_2010","g_bottom_gini_nwx",0.743415622166762,0.0260160477609029,0.692424168555393,0.794407075778132,"inc_total"
"SK_2010","g_bottom_gini_nw",0.457708662995548,0.00251269561607048,0.45278377958805,0.462633546403046,"inc_total"
"SK_2010","g_bottom_cv2_nwx",4.5897071858326,0.674895997340002,3.2669110310462,5.91250334061901,"inc_total"
"SK_2010","g_bottom_cv2_nw",1.10521935020502,0.0809852742249194,0.946488212724173,1.26395048768586,"inc_total"
"SK_2010","g_bottom_var_nwx",7983466637.10399,912926250.048803,6194131187.00834,9772802087.19965,"inc_total"
"SK_2010","g_bottom_var_nw",3264260714.64603,265339213.24236,2744195856.691,3784325572.60106,"inc_total"
"SK_2010","g_bottom_d_gini",-0.285706959171215,0.0256730542962513,-0.336026145591867,-0.235387772750562,"inc_total"
"SK_2010","g_bottom_r_gini",0.616168022154999,0.0210706512880707,0.57486954563038,0.657466498679617,"inc_total"
"SK_2010","g_bottom_d_cv2",-3.48448783562759,0.646717332919921,-4.75205380815063,-2.21692186310454,"inc_total"
"SK_2010","g_bottom_d_var",-4719205922.45796,863001522.63739,-6410688906.82725,-3027722938.08868,"inc_total"
"SK_2010","g_middle_wshare",0.335168474918825,0.0028700261259112,0.329543223712039,0.340793726125611,"inc_total"
"SK_2010","g_middle_mean_nwx",61654.2938628337,1106.94515732447,59484.6813544778,63823.9063711897,"inc_total"
"SK_2010","g_middle_mean_nw",73242.7389084073,783.322025424875,71707.4277385745,74778.05007824,"inc_total"
"SK_2010","g_middle_mean_wt",11588.4450455735,333.982254788785,10933.8398261875,12243.0502649595,"inc_total"
"SK_2010","g_middle_wt_over_nwx",0.188063069592454,0.00880836072002374,0.170798682581208,0.205327456603701,"inc_total"
"SK_2010","g_middle_wt_volshare",0.332313850301626,0.00463702317651652,0.323225284875653,0.341402415727598,"inc_total"
"SK_2010","g_middle_gini_nwx",0.512586977224971,0.00497545954349954,0.502835076519712,0.52233887793023,"inc_total"
"SK_2010","g_middle_gini_nw",0.391796452549153,0.0079673291486395,0.37618048741782,0.407412417680487,"inc_total"
"SK_2010","g_middle_cv2_nwx",1.32834288069722,0.197879462431653,0.94049913433118,1.71618662706326,"inc_total"
"SK_2010","g_middle_cv2_nw",0.739618105940065,0.172426231153837,0.401662692878546,1.07757351900159,"inc_total"
"SK_2010","g_middle_var_nwx",5057880748.35553,848280217.380949,3395251522.28887,6720509974.42219,"inc_total"
"SK_2010","g_middle_var_nw",3975092928.77691,974103814.239657,2065849452.86718,5884336404.68664,"inc_total"
"SK_2010","g_middle_d_gini",-0.120790524675818,0.00691325416153922,-0.134340502832435,-0.107240546519201,"inc_total"
"SK_2010","g_middle_r_gini",0.764347802752051,0.013319316334621,0.738241942736194,0.790453662767908,"inc_total"
"SK_2010","g_middle_d_cv2",-0.588724774757154,0.0511579182635342,-0.688994294553681,-0.488455254960627,"inc_total"
"SK_2010","g_middle_d_var",-1082787819.57862,168444122.840681,-1412938300.34635,-752637338.810883,"inc_total"
"SK_2010","g_top_wshare",0.333508201526717,0.000124510623958818,0.333264160703758,0.333752242349677,"inc_total"
"SK_2010","g_top_mean_nwx",97738.5543124875,1383.2168494173,95027.4492876296,100449.659337345,"inc_total"
"SK_2010","g_top_mean_nw",108658.900539662,1314.00762092247,106083.445602654,111234.35547667,"inc_total"
"SK_2010","g_top_mean_wt",10920.3462271743,587.56419882416,9768.72039747895,12071.9720568697,"inc_total"
"SK_2010","g_top_wt_over_nwx",0.111764081016343,0.00678842231382278,0.0984587732812508,0.125069388751436,"inc_total"
"SK_2010","g_top_wt_volshare",0.311537837422212,0.0121283241723594,0.287766322044388,0.335309352800037,"inc_total"
"SK_2010","g_top_gini_nwx",0.491151838091776,0.00893224815502085,0.473644631707935,0.508659044475617,"inc_total"
"SK_2010","g_top_gini_nw",0.434909446008116,0.00566917637213057,0.42379786031874,0.446021031697492,"inc_total"
"SK_2010","g_top_cv2_nwx",1.3988257133265,0.131227068423371,1.14162065921669,1.65603076743631,"inc_total"
"SK_2010","g_top_cv2_nw",1.03378458270788,0.0583358960195328,0.919446226509598,1.14812293890617,"inc_total"
"SK_2010","g_top_var_nwx",13357726887.6696,1187376530.20854,11030468888.4609,15684984886.8783,"inc_total"
"SK_2010","g_top_var_nw",12214052575.6504,916926548.822761,10416876539.9577,14011228611.343,"inc_total"
"SK_2010","g_top_d_gini",-0.0562423920836598,0.00807159389945995,-0.0720627161266014,-0.0404220680407183,"inc_total"
"SK_2010","g_top_r_gini",0.885619118052885,0.0147357668041325,0.856737015116785,0.914501220988984,"inc_total"
"SK_2010","g_top_d_cv2",-0.365041130618617,0.103101625068562,-0.567120315752999,-0.162961945484235,"inc_total"
"SK_2010","g_top_d_var",-1143674312.01925,770325958.688391,-2653513191.0485,366164567.009996,"inc_total"
"SK_2010","did_gini",-0.229464567087555,0.0269471339779717,-0.282280949684379,-0.17664818449073,"inc_total"
"SK_2010","did_cv2",-3.11944670500897,0.666180401636427,-4.42516029221637,-1.81373311780157,"inc_total"
"SK_2010","did_var",-3575531610.43871,1289883221.44902,-6103702724.4788,-1047360496.39863,"inc_total"
"SK_2010","rratio_gini",0.695901712907434,0.0274593769875068,0.642081334011921,0.749722091802948,"inc_total"
"SI_2014","g_bottom_wshare",0.328161287580702,0.00743581306307644,0.313587093977073,0.342735481184332,"inc_total"
"SI_2014","g_bottom_mean_nwx",56335.8658544986,4645.30878511635,47231.0606356706,65440.6710733267,"inc_total"
"SI_2014","g_bottom_mean_nw",71150.4663198268,4306.55310088187,62709.6222420983,79591.3103975553,"inc_total"
"SI_2014","g_bottom_mean_wt",14814.6004653281,362.108850012882,14104.8671193029,15524.3338113534,"inc_total"
"SI_2014","g_bottom_wt_over_nwx",0.264474028019326,0.0273985500562272,0.21077286990912,0.318175186129531,"inc_total"
"SI_2014","g_bottom_wt_volshare",0.187042801832785,0.00512205451197226,0.177003574989319,0.19708202867625,"inc_total"
"SI_2014","g_bottom_gini_nwx",0.840694353315828,0.00736753191996144,0.826253990752704,0.855134715878953,"inc_total"
"SI_2014","g_bottom_gini_nw",0.625390217236043,0.0215537261681175,0.583144913946533,0.667635520525554,"inc_total"
"SI_2014","g_bottom_cv2_nwx",9.56525417570365,3.36614342237702,2.9676130678447,16.1628952835626,"inc_total"
"SI_2014","g_bottom_cv2_nw",5.69436500298977,2.39778464720448,0.994707094468994,10.3940229115105,"inc_total"
"SI_2014","g_bottom_var_nwx",31646268886.6212,16075964131.4995,137379188.882141,63155158584.3602,"inc_total"
"SI_2014","g_bottom_var_nw",29863934560.8333,15961817049.8205,-1421226856.81498,61149095978.4815,"inc_total"
"SI_2014","g_bottom_d_gini",-0.215304136079785,0.01567502897973,-0.246027192880056,-0.184581079279514,"inc_total"
"SI_2014","g_bottom_r_gini",0.743806716430298,0.0202899543179692,0.704038405967078,0.783575026893518,"inc_total"
"SI_2014","g_bottom_d_cv2",-3.87088917271388,0.975797166505456,-5.78345161906457,-1.95832672636319,"inc_total"
"SI_2014","g_bottom_d_var",-1782334325.78791,117022878.339127,-2011699167.3326,-1552969484.24323,"inc_total"
"SI_2014","g_middle_wshare",0.337473124548398,0.00606543589806411,0.325584870188192,0.349361378908603,"inc_total"
"SI_2014","g_middle_mean_nwx",91345.3547993221,16287.3341849853,59422.179796751,123268.529801893,"inc_total"
"SI_2014","g_middle_mean_nw",117428.431112837,16783.4109205383,84532.9457085815,150323.916517092,"inc_total"
"SI_2014","g_middle_mean_wt",26083.0763135145,570.947784830346,24964.0186552471,27202.133971782,"inc_total"
"SI_2014","g_middle_wt_over_nwx",0.290628089350861,0.0429766538856361,0.206393847735014,0.374862330966708,"inc_total"
"SI_2014","g_middle_wt_volshare",0.338667556177057,0.0076320681314155,0.323708702639482,0.353626409714631,"inc_total"
"SI_2014","g_middle_gini_nwx",0.782848908346734,0.0408365373533977,0.702809295134074,0.862888521559393,"inc_total"
"SI_2014","g_middle_gini_nw",0.579743665316616,0.0515051516356074,0.478793568110826,0.680693762522407,"inc_total"
"SI_2014","g_middle_cv2_nwx",13.5213479365536,10.5597768571483,-7.17581470345709,34.2185105765644,"inc_total"
"SI_2014","g_middle_cv2_nw",8.5538145249322,7.43954923226072,-6.02770197029882,23.1353310201632,"inc_total"
"SI_2014","g_middle_var_nwx",136244115045.17,147231544841.6,-152329712844.365,424817942934.706,"inc_total"
"SI_2014","g_middle_var_nw",139405469128.715,154669178617.82,-163746120962.213,442557059219.643,"inc_total"
"SI_2014","g_middle_d_gini",-0.203105243030117,0.0203616215204902,-0.243014021210278,-0.163196464849956,"inc_total"
"SI_2014","g_middle_r_gini",0.739799955713975,0.0325689263364201,0.675964860094592,0.803635051333358,"inc_total"
"SI_2014","g_middle_d_cv2",-4.96753341162145,3.1892726022581,-11.2185077120473,1.28344088880442,"inc_total"
"SI_2014","g_middle_d_var",3161354083.54437,7817625085.20362,-12161191083.4547,18483899250.5435,"inc_total"
"SI_2014","g_top_wshare",0.3343655878709,0.00137519678272004,0.331670202176769,0.337060973565031,"inc_total"
"SI_2014","g_top_mean_nwx",183292.015548697,10143.3922222576,163410.966793072,203173.064304322,"inc_total"
"SI_2014","g_top_mean_nw",220156.659415495,10080.1208211618,200399.622606018,239913.696224972,"inc_total"
"SI_2014","g_top_mean_wt",36864.6438667982,421.516898219728,36038.4707462875,37690.8169873088,"inc_total"
"SI_2014","g_top_wt_over_nwx",0.201541978022284,0.0115073690270828,0.178987534729202,0.224096421315366,"inc_total"
"SI_2014","g_top_wt_volshare",0.474289641990159,0.00491111512388415,0.464663856347346,0.483915427632971,"inc_total"
"SI_2014","g_top_gini_nwx",0.766492885498681,0.010428842941457,0.746052353333425,0.786933417663936,"inc_total"
"SI_2014","g_top_gini_nw",0.59753739222587,0.0155856985524241,0.566989423063118,0.628085361388621,"inc_total"
"SI_2014","g_top_cv2_nwx",10.782223208279,1.71919179470363,7.41260729065985,14.1518391258981,"inc_total"
"SI_2014","g_top_cv2_nw",7.3018355113203,1.34560624636124,4.66444726845226,9.93922375418833,"inc_total"
"SI_2014","g_top_var_nwx",366966561313.024,98740659169.2956,173434869341.205,560498253284.844,"inc_total"
"SI_2014","g_top_var_nw",358118528566.745,98403995683.4305,165246697027.221,550990360106.269,"inc_total"
"SI_2014","g_top_d_gini",-0.168955493272811,0.00788914771819417,-0.184418222800472,-0.153492763745151,"inc_total"
"SI_2014","g_top_r_gini",0.77950510833784,0.0118794148295234,0.756221455271974,0.802788761403706,"inc_total"
"SI_2014","g_top_d_cv2",-3.48038769695867,0.377145666741473,-4.21959320377195,-2.74118219014538,"inc_total"
"SI_2014","g_top_d_var",-8848032746.27908,523357743.010099,-9873813922.57887,-7822251569.97928,"inc_total"
"SI_2014","did_gini",-0.0463486428069738,0.0146923017801804,-0.0751455542961273,-0.0175517313178203,"inc_total"
"SI_2014","did_cv2",-0.390501475755213,0.889333176915552,-2.1335945025097,1.35259155099927,"inc_total"
"SI_2014","did_var",7065698420.49116,511943471.508035,6062289216.33541,8069107624.64691,"inc_total"
"SI_2014","rratio_gini",0.954286697574211,0.0264320187304293,0.90247994086257,1.00609345428585,"inc_total"
"ES_2011","g_bottom_wshare",0.33306768132892,0.000252449697330119,0.332572879922153,0.333562482735687,"inc_total"
"ES_2011","g_bottom_mean_nwx",89126.1921239757,1815.52207344478,85567.768860024,92684.6153879275,"inc_total"
"ES_2011","g_bottom_mean_nw",135881.600654614,1066.59455146828,133791.075333736,137972.125975492,"inc_total"
"ES_2011","g_bottom_mean_wt",46755.4085306385,887.399650600319,45016.1052154618,48494.7118458151,"inc_total"
"ES_2011","g_bottom_wt_over_nwx",0.524869521494783,0.0204030213327214,0.484879599682649,0.564859443306917,"inc_total"
"ES_2011","g_bottom_wt_volshare",0.186556033177018,0.00564382098500905,0.1754941440464,0.197617922307635,"inc_total"
"ES_2011","g_bottom_gini_nwx",0.953880114598323,0.0335195944205449,0.888181709534055,1.01957851966259,"inc_total"
"ES_2011","g_bottom_gini_nw",0.564706824017736,0.00186624813002738,0.561048977682882,0.56836467035259,"inc_total"
"ES_2011","g_bottom_cv2_nwx",4.94457702052768,0.988421035260606,3.00727179141689,6.88188224963847,"inc_total"
"ES_2011","g_bottom_cv2_nw",1.85574197988655,0.220534571658092,1.42349421943669,2.28798974033641,"inc_total"
"ES_2011","g_bottom_var_nwx",39094819115.7717,6334762252.32788,26678685101.209,51510953130.3343,"inc_total"
"ES_2011","g_bottom_var_nw",34238002886.7623,3719375213.56001,26948027468.1847,41527978305.3399,"inc_total"
"ES_2011","g_bottom_d_gini",-0.389173290580587,0.0330824244736338,-0.454014842548909,-0.324331738612265,"inc_total"
"ES_2011","g_bottom_r_gini",0.592493843547135,0.0207223974745412,0.551877944497034,0.633109742597235,"inc_total"
"ES_2011","g_bottom_d_cv2",-3.08883504064113,0.77709083097629,-4.61193306935465,-1.5657370119276,"inc_total"
"ES_2011","g_bottom_d_var",-4856816229.00939,3004799604.66821,-10746223454.1591,1032590996.1403,"inc_total"
"ES_2011","g_middle_wshare",0.333128910583716,0.000446743625791356,0.332253293077165,0.334004528090267,"inc_total"
"ES_2011","g_middle_mean_nwx",135460.716031694,6753.63779555243,122223.585952412,148697.846110977,"inc_total"
"ES_2011","g_middle_mean_nw",190131.312446365,1203.74404829265,187771.974111711,192490.650781018,"inc_total"
"ES_2011","g_middle_mean_wt",54670.5964146705,6824.18348461797,41295.1967848193,68045.9960445217,"inc_total"
"ES_2011","g_middle_wt_over_nwx",0.406009039090081,0.0731793503134692,0.262577512475681,0.54944056570448,"inc_total"
"ES_2011","g_middle_wt_volshare",0.217739715722997,0.0214710656337979,0.175656427080754,0.259823004365241,"inc_total"
"ES_2011","g_middle_gini_nwx",0.789328990086725,0.092897578878994,0.607249735483896,0.971408244689553,"inc_total"
"ES_2011","g_middle_gini_nw",0.527702721392041,0.00445150151662414,0.518977778419458,0.536427664364624,"inc_total"
"ES_2011","g_middle_cv2_nwx",4.46415693681163,1.56611335954895,1.39457475209568,7.53373912152757,"inc_total"
"ES_2011","g_middle_cv2_nw",1.75739552989553,0.0622100691811997,1.63546379430038,1.87932726549068,"inc_total"
"ES_2011","g_middle_var_nwx",80186098256.1804,18886263083.7727,43169022611.986,117203173900.375,"inc_total"
"ES_2011","g_middle_var_nw",63528945526.7134,2294141036.66998,59032429094.8402,68025461958.5865,"inc_total"
"ES_2011","g_middle_d_gini",-0.261626268694684,0.0932478651693001,-0.444392084426512,-0.0788604529628554,"inc_total"
"ES_2011","g_middle_r_gini",0.674354257643762,0.0748302829456138,0.527686903070359,0.821021612217165,"inc_total"
"ES_2011","g_middle_d_cv2",-2.70676140691609,1.58686519467753,-5.81701718848406,0.403494374651875,"inc_total"
"ES_2011","g_middle_d_var",-16657152729.4671,19484688364.5956,-54847141924.0745,21532836465.1404,"inc_total"
"ES_2011","g_top_wshare",0.333803408087364,0.000561911424048594,0.332702061696229,0.3349047544785,"inc_total"
"ES_2011","g_top_mean_nwx",289289.553934983,8132.93681036138,273348.997786674,305230.110083291,"inc_total"
"ES_2011","g_top_mean_nw",438290.183240129,3609.72572220487,431215.120824608,445365.245655651,"inc_total"
"ES_2011","g_top_mean_wt",149000.629305147,4659.78238939108,139867.45582194,158133.802788353,"inc_total"
"ES_2011","g_top_wt_over_nwx",0.515618937199969,0.0301324353002477,0.456559364011483,0.574678510388454,"inc_total"
"ES_2011","g_top_wt_volshare",0.595704251099985,0.0178451897280625,0.560727679232983,0.630680822966988,"inc_total"
"ES_2011","g_top_gini_nwx",0.962462401213618,0.0315493823306303,0.900625611845583,1.02429919058165,"inc_total"
"ES_2011","g_top_gini_nw",0.562326091668028,0.00571710022912115,0.551120575218951,0.573531608117105,"inc_total"
"ES_2011","g_top_cv2_nwx",23.2607374928989,1.89855178786448,19.5395759886846,26.9818989971133,"inc_total"
"ES_2011","g_top_cv2_nw",7.20173307626549,0.44126266404099,6.33685825474515,8.06660789778583,"inc_total"
"ES_2011","g_top_var_nwx",1942590334264.34,84326316749.2906,1777310753435.73,2107869915092.95,"inc_total"
"ES_2011","g_top_var_nw",1383450064177.7,86321499875.7281,1214259924421.27,1552640203934.13,"inc_total"
"ES_2011","g_top_d_gini",-0.40013630954559,0.0340346106472906,-0.46684414641428,-0.333428472676901,"inc_total"
"ES_2011","g_top_r_gini",0.584721775946844,0.0219913040973522,0.541618819916034,0.627824731977655,"inc_total"
"ES_2011","g_top_d_cv2",-16.0590044166334,1.88476929025906,-19.7531522255412,-12.3648566077257,"inc_total"
"ES_2011","g_top_d_var",-559140270086.643,117903919975.716,-790231953239.046,-328048586934.241,"inc_total"
"ES_2011","did_gini",0.0109630189650036,0.0357911996645988,-0.0591877323776101,0.0811137703076174,"inc_total"
"ES_2011","did_cv2",12.9701693759923,1.85536320960096,9.33365748517443,16.6066812668102,"inc_total"
"ES_2011","did_var",554283453857.634,118012647796.026,322978664177.422,785588243537.846,"inc_total"
"ES_2011","rratio_gini",1.01380210019799,0.0366900385199812,0.941889624698831,1.08571457569716,"inc_total"
"US_2013","g_bottom_wshare",0.33251996690329,0.00076330434035147,0.331023890396201,0.334016043410379,"inc_total"
"US_2013","g_bottom_mean_nwx",48315.1985885641,2035.47516953602,44325.6672562735,52304.7299208547,"inc_total"
"US_2013","g_bottom_mean_nw",83183.6937741992,978.458848657418,81265.9144308306,85101.4731175677,"inc_total"
"US_2013","g_bottom_mean_wt",34868.4951856351,2450.15410078664,30066.1931480933,39670.7972231769,"inc_total"
"US_2013","g_bottom_wt_over_nwx",0.723876909949747,0.0806333255020932,0.565835591965644,0.88191822793385,"inc_total"
"US_2013","g_bottom_wt_volshare",0.122225672369177,0.00846982949203151,0.105624806564795,0.138826538173559,"inc_total"
"US_2013","g_bottom_gini_nwx",1.78418751543681,0.120771639223538,1.54747510255867,2.02089992831494,"inc_total"
"US_2013","g_bottom_gini_nw",0.888868263904502,0.00229911133060801,0.88436200569651,0.893374522112493,"inc_total"
"US_2013","g_bottom_cv2_nwx",239.85370182233,58.5890663873167,125.019131703189,354.688271941471,"inc_total"
"US_2013","g_bottom_cv2_nw",75.7865128012945,22.411189986835,31.860580427098,119.712445175491,"inc_total"
"US_2013","g_bottom_var_nwx",561284553679.906,149101447384.354,269045716806.573,853523390553.239,"inc_total"
"US_2013","g_bottom_var_nw",524842282196.948,156097223526.404,218891724085.197,830792840308.699,"inc_total"
"US_2013","g_bottom_d_gini",-0.895319251532308,0.122410999575386,-1.13524481070006,-0.655393692364551,"inc_total"
"US_2013","g_bottom_r_gini",0.499732766186288,0.0341962784144684,0.43270806049393,0.566757471878646,"inc_total"
"US_2013","g_bottom_d_cv2",-164.067189021035,39.3469710952666,-241.187252367758,-86.9471256743127,"inc_total"
"US_2013","g_bottom_d_var",-36442271482.9579,15785755383.93,-67382352035.4607,-5502190930.45514,"inc_total"
"US_2013","g_middle_wshare",0.333469278339744,0.00134649856647602,0.330830141149451,0.336108415530037,"inc_total"
"US_2013","g_middle_mean_nwx",91757.1946120883,1205.39006337874,89394.630087866,94119.7591363106,"inc_total"
"US_2013","g_middle_mean_nw",141066.253450111,2454.35506293727,136255.717526754,145876.789373468,"inc_total"
"US_2013","g_middle_mean_wt",49309.058838023,1898.42632031679,45588.1432502021,53029.9744258439,"inc_total"
"US_2013","g_middle_wt_over_nwx",0.537411621033513,0.0205521830795941,0.497129342197508,0.577693899869517,"inc_total"
"US_2013","g_middle_wt_volshare",0.17330176265965,0.00479679297758482,0.163900048423584,0.182703476895716,"inc_total"
"US_2013","g_middle_gini_nwx",1.22571935176054,0.0229680190384075,1.18070203444526,1.27073666907582,"inc_total"
"US_2013","g_middle_gini_nw",0.791504795749779,0.00206167985844243,0.787463903227232,0.795545688272326,"inc_total"
"US_2013","g_middle_cv2_nwx",19.4684822117849,1.9499621057967,15.6465564844233,23.2904079391464,"inc_total"
"US_2013","g_middle_cv2_nw",9.35954100466187,0.586201813556697,8.21058545009074,10.508496559233,"inc_total"
"US_2013","g_middle_var_nwx",163755297100.612,14027659085.9301,136261085292.189,191249508909.035,"inc_total"
"US_2013","g_middle_var_nw",186175303107.54,10516353055.5476,165563251118.667,206787355096.413,"inc_total"
"US_2013","g_middle_d_gini",-0.43421455601076,0.0232454361700243,-0.479775610904008,-0.388653501117513,"inc_total"
"US_2013","g_middle_r_gini",0.645899412404453,0.0122924675931125,0.621806175921952,0.669992648886953,"inc_total"
"US_2013","g_middle_d_cv2",-10.108941207123,1.54985259268792,-13.1466522887913,-7.07123012545467,"inc_total"
"US_2013","g_middle_d_var",22420006006.9284,6552626343.01705,9576858374.61497,35263153639.2418,"inc_total"
"US_2013","g_top_wshare",0.334010754756966,0.000893689094440841,0.332259124131862,0.33576238538207,"inc_total"
"US_2013","g_top_mean_nwx",856533.457417669,10814.4695453096,835337.097108862,877729.817726476,"inc_total"
"US_2013","g_top_mean_nw",1056611.88950969,11944.0997172108,1033201.45406396,1080022.32495543,"inc_total"
"US_2013","g_top_mean_wt",200078.432092023,3062.46240339172,194076.005781375,206080.858402671,"inc_total"
"US_2013","g_top_wt_over_nwx",0.233608577212974,0.00406868502724611,0.225633954559572,0.241583199866377,"inc_total"
"US_2013","g_top_wt_volshare",0.704472564971173,0.0058821326453778,0.692943584986233,0.716001544956114,"inc_total"
"US_2013","g_top_gini_nwx",0.960158767192548,0.00841276108833604,0.943669755459409,0.976647778925687,"inc_total"
"US_2013","g_top_gini_nw",0.814200457991224,0.00116340778877057,0.811920178725234,0.816480737257214,"inc_total"
"US_2013","g_top_cv2_nwx",48.1282794127364,1.69195728867846,44.8120431269266,51.4445156985462,"inc_total"
"US_2013","g_top_cv2_nw",31.6862761938625,0.893412584093654,29.9351875290389,33.437364858686,"inc_total"
"US_2013","g_top_var_nwx",35298248401565,886066815116.382,33561557443936.9,37034939359193.1,"inc_total"
"US_2013","g_top_var_nw",35369508486073.2,831647674505.848,33739479044041.8,36999537928104.7,"inc_total"
"US_2013","g_top_d_gini",-0.145958309201324,0.00831028692311569,-0.162246471570631,-0.129670146832017,"inc_total"
"US_2013","g_top_r_gini",0.848027592414742,0.00734793319617888,0.833625643350231,0.862429541479253,"inc_total"
"US_2013","g_top_d_cv2",-16.4420032188739,0.856599940053299,-18.1209391013784,-14.7630673363695,"inc_total"
"US_2013","g_top_d_var",71260084508.2188,186176494010.003,-293645843751.387,436166012767.825,"inc_total"
"US_2013","did_gini",-0.749360942330983,0.117720484726244,-0.980093092394422,-0.518628792267545,"inc_total"
"US_2013","did_cv2",-147.625185802161,39.0337696758157,-224.13137436676,-71.1189972375625,"inc_total"
"US_2013","did_var",-107702355991.177,185172561788.864,-470640577097.35,255235865114.996,"inc_total"
"US_2013","rratio_gini",0.58917669535684,0.0373279337039409,0.516013945297116,0.662339445416564,"inc_total"
"AT_2011","g_lower_wshare",0.860974244053831,0,0.860974244053831,0.860974244053831,"educ"
"AT_2011","g_lower_mean_nwx",89091.8756823317,25705.9769795523,38708.1608024092,139475.590562254,"educ"
"AT_2011","g_lower_mean_nw",246758.957231196,35900.9022569373,176393.188807599,317124.725654794,"educ"
"AT_2011","g_lower_mean_wt",157667.081548865,13093.7009151867,132003.427755099,183330.735342631,"educ"
"AT_2011","g_lower_wt_over_nwx",1.84866236202422,0.447368838034525,0.971819439476548,2.72550528457189,"educ"
"AT_2011","g_lower_wt_volshare",0.828337521568836,0.0323471269409333,0.764937152764606,0.891737890373065,"educ"
"AT_2011","g_lower_gini_nwx",2.54673457817573,0.436519257445551,1.69115683358244,3.40231232276901,"educ"
"AT_2011","g_lower_gini_nw",0.77087446961656,0.0352201874357731,0.701842902242444,0.839906036990675,"educ"
"AT_2011","g_lower_cv2_nwx",104.469258391472,33.434420997136,38.9377932370856,170.000723545859,"educ"
"AT_2011","g_lower_cv2_nw",9.71015515967408,3.72752477994188,2.40420659098799,17.0161037283602,"educ"
"AT_2011","g_lower_var_nwx",852417366866.898,576708986874.058,-277932247406.256,1982766981140.05,"educ"
"AT_2011","g_lower_var_nw",646310493439.718,482554597158.672,-299496516991.279,1592117503870.71,"educ"
"AT_2011","g_lower_d_gini",-1.77586010855917,0.442297900763377,-2.64276399405539,-0.908956223062946,"educ"
"AT_2011","g_lower_r_gini",0.308383344555733,0.0523848632667334,0.205709012552935,0.41105767655853,"educ"
"AT_2011","g_lower_d_cv2",-94.759103231798,33.8537448480736,-161.112443134022,-28.4057633295736,"educ"
"AT_2011","g_lower_d_var",-206106873427.18,132993211304.479,-466773567583.958,54559820729.5979,"educ"
"AT_2011","g_upper_wshare",0.139025755946169,0,0.139025755946169,0.139025755946169,"educ"
"AT_2011","g_upper_mean_nwx",169276.928081123,62401.1871429715,46970.6012808984,291583.254881347,"educ"
"AT_2011","g_upper_mean_nw",375225.97754933,91933.9402129629,195035.454731923,555416.500366737,"educ"
"AT_2011","g_upper_mean_wt",205949.049468208,66518.5398193825,75572.711422218,336325.387514197,"educ"
"AT_2011","g_upper_wt_over_nwx",1.32073041129109,0.522647748763046,0.296340823715516,2.34511999886666,"educ"
"AT_2011","g_upper_wt_volshare",0.171662478431164,0.0323471269409333,0.108262109626935,0.235062847235394,"educ"
"AT_2011","g_upper_gini_nwx",1.91415914417126,0.603780137805702,0.730750074072082,3.09756821427043,"educ"
"AT_2011","g_upper_gini_nw",0.70500446348181,0.0622425164940441,0.583009131153483,0.826999795810136,"educ"
"AT_2011","g_upper_cv2_nwx",43.4467470692825,37.8677082349369,-30.7739610711939,117.667455209759,"educ"
"AT_2011","g_upper_cv2_nw",5.92438700841085,4.78348450573581,-3.45124262283133,15.300016639653,"educ"
"AT_2011","g_upper_var_nwx",1399281077447.98,1770190914569.5,-2070293115108.25,4868855270004.2,"educ"
"AT_2011","g_upper_var_nw",1108532675934.24,1460456239777.5,-1753961554029.67,3971026905898.15,"educ"
"AT_2011","g_upper_d_gini",-1.20915468068945,0.588431703033734,-2.36248081863557,-0.0558285427433285,"educ"
"AT_2011","g_upper_r_gini",0.396188053533329,0.141224149376033,0.119388720756303,0.672987386310354,"educ"
"AT_2011","g_upper_d_cv2",-37.5223600608717,34.1597613010577,-104.475492210945,29.4307720892014,"educ"
"AT_2011","g_upper_d_var",-290748401513.737,342420764221.125,-961893099387.142,380396296359.669,"educ"
"AT_2011","did_gini",-0.566705427869718,0.651592027771704,-1.84382580230226,0.710414946562823,"educ"
"AT_2011","did_cv2",-57.2367431709263,40.5413391290601,-136.697767863884,22.2242815220314,"educ"
"AT_2011","did_var",84641528086.5564,244343847143.918,-394272412315.524,563555468488.636,"educ"
"AT_2011","rratio_gini",0.829801240970121,0.267523497690275,0.305455185497182,1.35414729644306,"educ"
"EE_2013","g_lower_wshare",0.646059319385661,0.000516789766991138,0.645046411442358,0.647072227328963,"educ"
"EE_2013","g_lower_mean_nwx",69116.3910656624,1247.17623000635,66671.92565485,71560.8564764749,"educ"
"EE_2013","g_lower_mean_nw",79583.3534821026,1242.75635112358,77147.5510339004,82019.1559303048,"educ"
"EE_2013","g_lower_mean_wt",10466.9624164402,8.36444077759548,10450.5681125161,10483.3567203643,"educ"
"EE_2013","g_lower_wt_over_nwx",0.151473495187693,0.00281462710087226,0.145956826069983,0.156990164305402,"educ"
"EE_2013","g_lower_wt_volshare",0.357880956626721,0,0.357880956626721,0.357880956626721,"educ"
"EE_2013","g_lower_gini_nwx",0.833461029177286,0.00450911839070819,0.824623157131498,0.842298901223074,"educ"
"EE_2013","g_lower_gini_nw",0.714393480008116,0.00388716466712061,0.706774637260559,0.722012322755672,"educ"
"EE_2013","g_lower_cv2_nwx",34.9109973432058,1.64481012633126,31.6871694955965,38.1348251908151,"educ"
"EE_2013","g_lower_cv2_nw",26.2851857547249,1.12165108048133,24.0867496369815,28.4836218724683,"educ"
"EE_2013","g_lower_var_nwx",166632588214.813,3231200327.7662,160299435572.391,172965740857.235,"educ"
"EE_2013","g_lower_var_nw",166369360286.732,3232227100.83281,160034195169.1,172704525404.365,"educ"
"EE_2013","g_lower_d_gini",-0.11906754916917,0.0015189392666304,-0.122044670131765,-0.116090428206574,"educ"
"EE_2013","g_lower_r_gini",0.857141672286886,0.00154142129634174,0.854120486546057,0.860162858027716,"educ"
"EE_2013","g_lower_d_cv2",-8.62581158848091,0.526474116768441,-9.65770085734705,-7.59392231961476,"educ"
"EE_2013","g_lower_d_var",-263227928.080609,14495215.2260422,-291638549.923652,-234817306.237566,"educ"
"EE_2013","g_upper_wshare",0.353940680614339,0.000516789766991138,0.352927772671037,0.354953588557642,"educ"
"EE_2013","g_upper_mean_nwx",94268.9323543292,2983.1980441213,88421.8641878514,100116.000520807,"educ"
"EE_2013","g_upper_mean_nw",128548.865980157,3024.20732489991,122621.419623353,134476.31233696,"educ"
"EE_2013","g_upper_mean_wt",34279.9336258274,50.1418923354827,34181.6555168498,34378.2117348049,"educ"
"EE_2013","g_upper_wt_over_nwx",0.363872139220767,0.0110302392901387,0.342252870212095,0.385491408229439,"educ"
"EE_2013","g_upper_wt_volshare",0.642119043373279,0,0.642119043373279,0.642119043373279,"educ"
"EE_2013","g_upper_gini_nwx",0.996719812843379,0.0134633050418243,0.970331734961404,1.02310789072535,"educ"
"EE_2013","g_upper_gini_nw",0.632803884899917,0.00565114555278167,0.621727639616465,0.643880130183369,"educ"
"EE_2013","g_upper_cv2_nwx",16.7281137516946,0.697350159323907,15.3613074394197,18.0949200639694,"educ"
"EE_2013","g_upper_cv2_nw",3.56578620277136,0.26876398410987,3.03900879391601,4.09256361162671,"educ"
"EE_2013","g_upper_var_nwx",148537230806.08,5455502228.54816,137844446438.126,159230015174.035,"educ"
"EE_2013","g_upper_var_nw",59025957636.0749,6387934461.46237,46505606091.6087,71546309180.5412,"educ"
"EE_2013","g_upper_d_gini",-0.363915927943462,0.018244732707168,-0.399675604049511,-0.328156251837413,"educ"
"EE_2013","g_upper_r_gini",0.635004432678915,0.0135621074678749,0.60842270204188,0.66158616331595,"educ"
"EE_2013","g_upper_d_cv2",-13.1623275489232,0.7568148039058,-14.6456845645786,-11.6789705332678,"educ"
"EE_2013","g_upper_d_var",-89511273170.0056,1373186726.15323,-92202719153.2659,-86819827186.7452,"educ"
"EE_2013","did_gini",0.244848378774292,0.0190500421204484,0.207510296218214,0.282186461330371,"educ"
"EE_2013","did_cv2",4.5365159604423,0.82104603859187,2.92726572480224,6.14576619608237,"educ"
"EE_2013","did_var",89248045241.9249,1384390163.09415,86534640522.2604,91961449961.5895,"educ"
"EE_2013","rratio_gini",1.35023470170211,0.0292614982921533,1.29288216504949,1.40758723835473,"educ"
"FR_2009","g_lower_wshare",0.763448116612189,NA,NA,NA,"educ"
"FR_2009","g_lower_mean_nwx",156521.426403465,NA,NA,NA,"educ"
"FR_2009","g_lower_mean_nw",181199.92099536,NA,NA,NA,"educ"
"FR_2009","g_lower_mean_wt",24678.4945918952,NA,NA,NA,"educ"
"FR_2009","g_lower_wt_over_nwx",0.157668474910786,NA,NA,NA,"educ"
"FR_2009","g_lower_wt_volshare",0.689581483723312,NA,NA,NA,"educ"
"FR_2009","g_lower_gini_nwx",0.826693875335757,NA,NA,NA,"educ"
"FR_2009","g_lower_gini_nw",0.659635995337664,NA,NA,NA,"educ"
"FR_2009","g_lower_cv2_nwx",20.8170341582629,NA,NA,NA,"educ"
"FR_2009","g_lower_cv2_nw",8.90375492428892,NA,NA,NA,"educ"
"FR_2009","g_lower_var_nwx",509995623115.714,NA,NA,NA,"educ"
"FR_2009","g_lower_var_nw",292340648155.486,NA,NA,NA,"educ"
"FR_2009","g_lower_d_gini",-0.167057879998092,NA,NA,NA,"educ"
"FR_2009","g_lower_r_gini",0.797920506027406,NA,NA,NA,"educ"
"FR_2009","g_lower_d_cv2",-11.913279233974,NA,NA,NA,"educ"
"FR_2009","g_lower_d_var",-217654974960.228,NA,NA,NA,"educ"
"FR_2009","g_upper_wshare",0.236551883387811,NA,NA,NA,"educ"
"FR_2009","g_upper_mean_nwx",278606.42805938,NA,NA,NA,"educ"
"FR_2009","g_upper_mean_nw",314460.113916501,NA,NA,NA,"educ"
"FR_2009","g_upper_mean_wt",35853.6858571215,NA,NA,NA,"educ"
"FR_2009","g_upper_wt_over_nwx",0.128689370546325,NA,NA,NA,"educ"
"FR_2009","g_upper_wt_volshare",0.310418516276688,NA,NA,NA,"educ"
"FR_2009","g_upper_gini_nwx",0.762636634178528,NA,NA,NA,"educ"
"FR_2009","g_upper_gini_nw",0.674995274651376,NA,NA,NA,"educ"
"FR_2009","g_upper_cv2_nwx",27.878534545111,NA,NA,NA,"educ"
"FR_2009","g_upper_cv2_nw",17.3138061888485,NA,NA,NA,"educ"
"FR_2009","g_upper_var_nwx",2163974833289.6,NA,NA,NA,"educ"
"FR_2009","g_upper_var_nw",1712078551365.82,NA,NA,NA,"educ"
"FR_2009","g_upper_d_gini",-0.0876413595271529,NA,NA,NA,"educ"
"FR_2009","g_upper_r_gini",0.885081104684205,NA,NA,NA,"educ"
"FR_2009","g_upper_d_cv2",-10.5647283562625,NA,NA,NA,"educ"
"FR_2009","g_upper_d_var",-451896281923.776,NA,NA,NA,"educ"
"FR_2009","did_gini",-0.0794165204709393,NA,NA,NA,"educ"
"FR_2009","did_cv2",-1.34855087771151,NA,NA,NA,"educ"
"FR_2009","did_var",234241306963.547,NA,NA,NA,"educ"
"FR_2009","rratio_gini",0.901522472691475,NA,NA,NA,"educ"
"GR_2009","g_lower_wshare",0.794229237680436,0,0.794229237680436,0.794229237680436,"educ"
"GR_2009","g_lower_mean_nwx",92731.5329543899,1831.87851854879,89141.0510580343,96322.0148507455,"educ"
"GR_2009","g_lower_mean_nw",133991.245825497,819.584783307785,132384.859650214,135597.63200078,"educ"
"GR_2009","g_lower_mean_wt",41259.7128711071,1115.09277018128,39074.1310415518,43445.2947006624,"educ"
"GR_2009","g_lower_wt_over_nwx",0.445206770319122,0.0207575162654072,0.404522038438924,0.485891502199321,"educ"
"GR_2009","g_lower_wt_volshare",0.662986842256354,0.0282319553889502,0.607652209694011,0.718321474818696,"educ"
"GR_2009","g_lower_gini_nwx",0.899436641086884,0.0204421672482367,0.85936999328034,0.939503288893428,"educ"
"GR_2009","g_lower_gini_nw",0.550453172165588,0.002609126327077,0.545339284564517,0.555567059766658,"educ"
"GR_2009","g_lower_cv2_nwx",4.76814643050184,0.359088111332218,4.06433373229069,5.47195912871299,"educ"
"GR_2009","g_lower_cv2_nw",1.67413710645649,0.0780111716698941,1.5212352099835,1.82703900292948,"educ"
"GR_2009","g_lower_var_nwx",40946849357.107,2010256192.83093,37006747219.1584,44886951495.0556,"educ"
"GR_2009","g_lower_var_nw",30065131159.195,1671578204.2485,26788837878.868,33341424439.5221,"educ"
"GR_2009","g_lower_d_gini",-0.348983468921296,0.0221196661851523,-0.392338014644195,-0.305628923198398,"educ"
"GR_2009","g_lower_r_gini",0.612233357318632,0.0157231349197924,0.581416012875839,0.643050701761426,"educ"
"GR_2009","g_lower_d_cv2",-3.09400932404535,0.368637276700545,-3.81653838637842,-2.37148026171228,"educ"
"GR_2009","g_lower_d_var",-10881718197.912,2148981244.60762,-15093721437.3429,-6669714958.48102,"educ"
"GR_2009","g_upper_wshare",0.205770762319564,0,0.205770762319564,0.205770762319564,"educ"
"GR_2009","g_upper_mean_nwx",121850.955616845,8136.90856769826,105902.614824156,137799.296409533,"educ"
"GR_2009","g_upper_mean_nw",202996.267409943,1829.59010149033,199410.270811022,206582.264008864,"educ"
"GR_2009","g_upper_mean_wt",81145.3117930984,9283.07403255856,62950.4866892836,99340.1368969132,"educ"
"GR_2009","g_upper_wt_over_nwx",0.671299254678966,0.120871934354106,0.434390263344918,0.908208246013015,"educ"
"GR_2009","g_upper_wt_volshare",0.337013157743646,0.0282319553889502,0.281678525181304,0.392347790305989,"educ"
"GR_2009","g_upper_gini_nwx",1.11862612759163,0.150670033433405,0.823312862062154,1.4139393931211,"educ"
"GR_2009","g_upper_gini_nw",0.540065558262562,0.00487953202124693,0.530501675500918,0.549629441024206,"educ"
"GR_2009","g_upper_cv2_nwx",12.5719895295754,5.37315024323388,2.04061505283696,23.1033640063138,"educ"
"GR_2009","g_upper_cv2_nw",1.26115519223243,0.0528871577007704,1.15749636313892,1.36481402132594,"educ"
"GR_2009","g_upper_var_nwx",180310226923.942,54516354621.8068,73458171865.2005,287162281982.683,"educ"
"GR_2009","g_upper_var_nw",51989711391.4501,2913689296.85223,46278880369.6198,57700542413.2805,"educ"
"GR_2009","g_upper_d_gini",-0.578560569329066,0.147537952208775,-0.867734955658265,-0.289386182999866,"educ"
"GR_2009","g_upper_r_gini",0.488413260082932,0.0628608320596552,0.365206029246008,0.611620490919856,"educ"
"GR_2009","g_upper_d_cv2",-11.3108343373429,5.33673732639829,-21.7708394970836,-0.850829177602282,"educ"
"GR_2009","g_upper_d_var",-128320515532.492,52454602687.0018,-231131536799.015,-25509494265.9682,"educ"
"GR_2009","did_gini",0.229577100407769,0.154529262598178,-0.0733002542846593,0.532454455100198,"educ"
"GR_2009","did_cv2",8.21682501329758,5.31788625013986,-2.20623203697654,18.6398820635717,"educ"
"GR_2009","did_var",117438797334.58,52073343337.6226,15375044392.8395,219502550276.32,"educ"
"GR_2009","rratio_gini",1.26833851805463,0.173911272849375,0.92747242326986,1.60920461283941,"educ"
"IT_2014","g_lower_wshare",0.865167645745568,NA,NA,NA,"educ"
"IT_2014","g_lower_mean_nwx",157798.452657292,NA,NA,NA,"educ"
"IT_2014","g_lower_mean_nw",206305.881708323,NA,NA,NA,"educ"
"IT_2014","g_lower_mean_wt",48507.4290510313,NA,NA,NA,"educ"
"IT_2014","g_lower_wt_over_nwx",0.307401170506913,NA,NA,NA,"educ"
"IT_2014","g_lower_wt_volshare",0.713296801321783,NA,NA,NA,"educ"
"IT_2014","g_lower_gini_nwx",0.800443232152165,NA,NA,NA,"educ"
"IT_2014","g_lower_gini_nw",0.575793104583404,NA,NA,NA,"educ"
"IT_2014","g_lower_cv2_nwx",7.41200979978214,NA,NA,NA,"educ"
"IT_2014","g_lower_cv2_nw",2.34470164519439,NA,NA,NA,"educ"
"IT_2014","g_lower_var_nwx",184561650529.618,NA,NA,NA,"educ"
"IT_2014","g_lower_var_nw",99795465348.2748,NA,NA,NA,"educ"
"IT_2014","g_lower_d_gini",-0.224650127568761,NA,NA,NA,"educ"
"IT_2014","g_lower_r_gini",0.719342835887637,NA,NA,NA,"educ"
"IT_2014","g_lower_d_cv2",-5.06730815458775,NA,NA,NA,"educ"
"IT_2014","g_lower_d_var",-84766185181.3428,NA,NA,NA,"educ"
"IT_2014","g_upper_wshare",0.134832354254432,NA,NA,NA,"educ"
"IT_2014","g_upper_mean_nwx",294705.183022803,NA,NA,NA,"educ"
"IT_2014","g_upper_mean_nw",419810.76031583,NA,NA,NA,"educ"
"IT_2014","g_upper_mean_wt",125105.577293027,NA,NA,NA,"educ"
"IT_2014","g_upper_wt_over_nwx",0.424510950264987,NA,NA,NA,"educ"
"IT_2014","g_upper_wt_volshare",0.286703198678217,NA,NA,NA,"educ"
"IT_2014","g_upper_gini_nwx",0.808893551275095,NA,NA,NA,"educ"
"IT_2014","g_upper_gini_nw",0.574259787478656,NA,NA,NA,"educ"
"IT_2014","g_upper_cv2_nwx",3.8621994331231,NA,NA,NA,"educ"
"IT_2014","g_upper_cv2_nw",2.19269144670289,NA,NA,NA,"educ"
"IT_2014","g_upper_var_nwx",335436442600.818,NA,NA,NA,"educ"
"IT_2014","g_upper_var_nw",386442296563.347,NA,NA,NA,"educ"
"IT_2014","g_upper_d_gini",-0.234633763796438,NA,NA,NA,"educ"
"IT_2014","g_upper_r_gini",0.709932458447005,NA,NA,NA,"educ"
"IT_2014","g_upper_d_cv2",-1.66950798642021,NA,NA,NA,"educ"
"IT_2014","g_upper_d_var",51005853962.5285,NA,NA,NA,"educ"
"IT_2014","did_gini",0.00998363622767751,NA,NA,NA,"educ"
"IT_2014","did_cv2",-3.39780016816754,NA,NA,NA,"educ"
"IT_2014","did_var",-135772039143.871,NA,NA,NA,"educ"
"IT_2014","rratio_gini",1.01325531369733,NA,NA,NA,"educ"
"LU_2010","g_lower_wshare",0.736780400733094,0.00177705388286373,0.733297375122681,0.740263426343507,"educ"
"LU_2010","g_lower_mean_nwx",475648.73113388,5665.87972942452,464543.606864208,486753.855403552,"educ"
"LU_2010","g_lower_mean_nw",580070.566098961,5058.85546483393,570155.209387887,589985.922810036,"educ"
"LU_2010","g_lower_mean_wt",104421.834965081,2653.67543145423,99220.6311194306,109623.038810731,"educ"
"LU_2010","g_lower_wt_over_nwx",0.219576268897783,0.00718607140592487,0.20549156894217,0.233660968853395,"educ"
"LU_2010","g_lower_wt_volshare",0.595552660343739,0.0105326966507826,0.574908574908205,0.616196745779273,"educ"
"LU_2010","g_lower_gini_nwx",0.796848484341599,0.00789218707363156,0.781379797677281,0.812317171005917,"educ"
"LU_2010","g_lower_gini_nw",0.657812523922457,0.0023765189041838,0.653154546870257,0.662470500974658,"educ"
"LU_2010","g_lower_cv2_nwx",12.3030169741565,0.16675948506756,11.976168383424,12.6298655648889,"educ"
"LU_2010","g_lower_cv2_nw",8.18206461256593,0.212890545888791,7.76479914262389,8.59933008250796,"educ"
"LU_2010","g_lower_var_nwx",2783978534060.27,89355990502.131,2608840792676.09,2959116275444.45,"educ"
"LU_2010","g_lower_var_nw",2753463805924.89,95724744901.3483,2565843305918.25,2941084305931.53,"educ"
"LU_2010","g_lower_d_gini",-0.139035960419142,0.00810196329290817,-0.154915808473242,-0.123156112365042,"educ"
"LU_2010","g_lower_r_gini",0.825570339350954,0.00850764764691174,0.808895349963007,0.842245328738901,"educ"
"LU_2010","g_lower_d_cv2",-4.12095236159054,0.0873488409188768,-4.29215608979154,-3.94974863338954,"educ"
"LU_2010","g_lower_d_var",-30514728135.3833,11946196898.7828,-53929274056.9976,-7100182213.76899,"educ"
"LU_2010","g_upper_wshare",0.263219599266907,0.00177705388286371,0.259736573656494,0.266702624877319,"educ"
"LU_2010","g_upper_mean_nwx",819936.116295923,9420.23201333975,801472.461549777,838399.771042068,"educ"
"LU_2010","g_upper_mean_nw",1018388.10597093,9370.54173831862,1000021.84416383,1036754.36777804,"educ"
"LU_2010","g_upper_mean_wt",198451.989675012,3370.33026807081,191846.142349593,205057.83700043,"educ"
"LU_2010","g_upper_wt_over_nwx",0.242061048996904,0.0054292390137844,0.231419740529886,0.252702357463921,"educ"
"LU_2010","g_upper_wt_volshare",0.404447339656261,0.0105326966507827,0.383803254220727,0.425091425091795,"educ"
"LU_2010","g_upper_gini_nwx",0.817216529111663,0.00866057463038114,0.800241802836116,0.83419125538721,"educ"
"LU_2010","g_upper_gini_nw",0.659788631456169,0.00577694344550051,0.648465822302988,0.67111144060935,"educ"
"LU_2010","g_upper_cv2_nwx",8.28217938572623,0.186219743176105,7.91718868910107,8.6471700823514,"educ"
"LU_2010","g_upper_cv2_nw",4.64150937362896,0.0947547005537035,4.45579016054371,4.82722858671422,"educ"
"LU_2010","g_upper_var_nwx",5567049580653.84,82058290081.1088,5406215332094.87,5727883829212.82,"educ"
"LU_2010","g_upper_var_nw",4813248446749.57,76703214301.0585,4662910146719.5,4963586746779.65,"educ"
"LU_2010","g_upper_d_gini",-0.157427897655494,0.00339829131379294,-0.164088548630528,-0.150767246680459,"educ"
"LU_2010","g_upper_r_gini",0.807372858924275,0.00246193946448441,0.802547457573885,0.812198260274664,"educ"
"LU_2010","g_upper_d_cv2",-3.64067001209727,0.0933006600318974,-3.82353930575979,-3.45780071843475,"educ"
"LU_2010","g_upper_d_var",-753801133904.268,41024380488.1082,-834208919660.96,-673393348147.575,"educ"
"LU_2010","did_gini",0.0183919372363521,0.0106228628534621,-0.00242887395643364,0.0392127484291379,"educ"
"LU_2010","did_cv2",-0.480282349493272,0.157362579095187,-0.788713004519838,-0.171851694466706,"educ"
"LU_2010","did_var",723286405768.884,32342698329.7815,659894717042.513,786678094495.256,"educ"
"LU_2010","rratio_gini",1.02255311580253,0.0120142478759925,0.999005189965581,1.04610104163947,"educ"
"SK_2010","g_lower_wshare",0.835498839848897,0,0.835498839848897,0.835498839848897,"educ"
"SK_2010","g_lower_mean_nwx",61067.6913821812,563.633867770075,59962.9690013518,62172.4137630105,"educ"
"SK_2010","g_lower_mean_nw",72519.0022493627,418.273453086614,71699.1862813129,73338.8182174124,"educ"
"SK_2010","g_lower_mean_wt",11451.3108671815,262.905958132546,10936.0151892417,11966.6065451213,"educ"
"SK_2010","g_lower_wt_over_nwx",0.187548007126078,0.00569400022498202,0.176387766685114,0.198708247567043,"educ"
"SK_2010","g_lower_wt_volshare",0.818732704004912,0.0158503888954563,0.787665941769818,0.849799466240007,"educ"
"SK_2010","g_lower_gini_nwx",0.581164020162489,0.00676285224993199,0.567908829752622,0.594419210572356,"educ"
"SK_2010","g_lower_gini_nw",0.438702857425246,0.00289114105973687,0.433036220948162,0.444369493902331,"educ"
"SK_2010","g_lower_cv2_nwx",2.18960551958686,0.122323211785814,1.94985202448666,2.42935901468705,"educ"
"SK_2010","g_lower_cv2_nw",1.04522377338841,0.0361105065653298,0.974447180520367,1.11600036625646,"educ"
"SK_2010","g_lower_var_nwx",8161206371.26988,330535104.102289,7513357567.22939,8809055175.31036,"educ"
"SK_2010","g_lower_var_nw",5496270233.85242,170057742.480508,5162957058.59062,5829583409.11421,"educ"
"SK_2010","g_lower_d_gini",-0.142461162737243,0.00778624855963252,-0.157722209914123,-0.127200115560363,"educ"
"SK_2010","g_lower_r_gini",0.754943898998349,0.0107814256703818,0.733812304684401,0.776075493312298,"educ"
"SK_2010","g_lower_d_cv2",-1.14438174619844,0.127574078045565,-1.39442693916775,-0.894336553229135,"educ"
"SK_2010","g_lower_d_var",-2664936137.41746,410128974.976973,-3468788928.37233,-1861083346.46259,"educ"
"SK_2010","g_upper_wshare",0.164501160151103,0,0.164501160151103,0.164501160151103,"educ"
"SK_2010","g_upper_mean_nwx",97735.7353538101,3736.57877975492,90412.0409454904,105059.42976213,"educ"
"SK_2010","g_upper_mean_nw",110632.472341994,2752.06356782478,105238.427749058,116026.516934931,"educ"
"SK_2010","g_upper_mean_wt",12896.7369881844,1443.03967770539,10068.3792198818,15725.094756487,"educ"
"SK_2010","g_upper_wt_over_nwx",0.132395277611557,0.0195563758393455,0.0940647809664396,0.170725774256674,"educ"
"SK_2010","g_upper_wt_volshare",0.181267295995088,0.0158503888954562,0.150200533759993,0.212334058230182,"educ"
"SK_2010","g_upper_gini_nwx",0.522440190746848,0.0185868811937734,0.486009903607052,0.558870477886644,"educ"
"SK_2010","g_upper_gini_nw",0.449925508148373,0.0122336914100913,0.425947472984594,0.473903543312152,"educ"
"SK_2010","g_upper_cv2_nwx",1.48644281629558,0.197586751092201,1.09917278415487,1.8737128484363,"educ"
"SK_2010","g_upper_cv2_nw",1.09045715793657,0.0651631938573667,0.962737297976128,1.21817701789701,"educ"
"SK_2010","g_upper_var_nwx",14136061408.7662,1134942370.81992,11911574361.9591,16360548455.5732,"educ"
"SK_2010","g_upper_var_nw",13375966373.8064,1422284307.83789,10588289130.4441,16163643617.1687,"educ"
"SK_2010","g_upper_d_gini",-0.0725146825984753,0.0237832855449938,-0.119129922266663,-0.0258994429302874,"educ"
"SK_2010","g_upper_r_gini",0.862006460609098,0.0407204048534977,0.782194467096242,0.941818454121953,"educ"
"SK_2010","g_upper_d_cv2",-0.395985658359018,0.228307413356186,-0.843468188537142,0.0514968718191068,"educ"
"SK_2010","g_upper_d_var",-760095034.959791,1659855238.03084,-4013411301.50024,2493221231.58066,"educ"
"SK_2010","did_gini",-0.0699464801387674,0.0253497483380214,-0.119631986881289,-0.0202609733962454,"educ"
"SK_2010","did_cv2",-0.748396087839425,0.27950804706987,-1.29623186009637,-0.200560315582479,"educ"
"SK_2010","did_var",-1904841102.45767,1809640076.61136,-5451735652.61594,1642053447.70059,"educ"
"SK_2010","rratio_gini",0.87720713861651,0.0467173681016278,0.78564109713732,0.968773180095701,"educ"
"SI_2014","g_lower_wshare",0.799966861131631,0,0.799966861131631,0.799966861131631,"educ"
"SI_2014","g_lower_mean_nwx",105971.104139176,10472.1914872828,85445.6088241017,126496.59945425,"educ"
"SI_2014","g_lower_mean_nw",127238.197308255,10469.2144472426,106718.536991659,147757.85762485,"educ"
"SI_2014","g_lower_mean_wt",21267.0931690789,12.7171199874332,21242.1676139035,21292.0187242543,"educ"
"SI_2014","g_lower_wt_over_nwx",0.201947521855455,0.0191531243059488,0.164407398215796,0.239487645495115,"educ"
"SI_2014","g_lower_wt_volshare",0.65463304667984,0.000135174278574781,0.654368105093834,0.654897988265847,"educ"
"SI_2014","g_lower_gini_nwx",0.804170970475777,0.0166688272868276,0.771500068993595,0.83684187195796,"educ"
"SI_2014","g_lower_gini_nw",0.642781716812523,0.0252564249156087,0.59327912397793,0.692284309647116,"educ"
"SI_2014","g_lower_cv2_nwx",16.6401337020397,4.63376255230738,7.55795909951724,25.7223083045622,"educ"
"SI_2014","g_lower_cv2_nw",11.6093921792801,3.77540601313396,4.20959639353755,19.0091879650227,"educ"
"SI_2014","g_lower_var_nwx",195029268264.076,95373574722.5453,8097061807.88739,381961474720.265,"educ"
"SI_2014","g_lower_var_nw",195594573058.254,98336270030.2835,2855483798.89847,388333662317.61,"educ"
"SI_2014","g_lower_d_gini",-0.161389253663255,0.00952781090977107,-0.180063763046406,-0.142714744280104,"educ"
"SI_2014","g_lower_r_gini",0.799115740315282,0.0153818251747295,0.768967362972812,0.829264117657752,"educ"
"SI_2014","g_lower_d_cv2",-5.03074152275959,0.874922778529562,-6.74559016867754,-3.31589287684165,"educ"
"SI_2014","g_lower_d_var",565304794.178006,3145017714.40416,-5598929926.05415,6729539514.41017,"educ"
"SI_2014","g_upper_wshare",0.200033138868369,0,0.200033138868369,0.200033138868369,"educ"
"SI_2014","g_upper_mean_nwx",128896.664396165,9689.91641254944,109904.428227568,147888.900564762,"educ"
"SI_2014","g_upper_mean_nw",173767.170376301,9689.91641254944,154774.934207704,192759.406544898,"educ"
"SI_2014","g_upper_mean_wt",44870.5059801366,0,44870.5059801366,44870.5059801366,"educ"
"SI_2014","g_upper_wt_over_nwx",0.349425980630863,0.0262854982316325,0.297906404096863,0.400945557164863,"educ"
"SI_2014","g_upper_wt_volshare",0.34536695332016,0.000135174278574791,0.345102011734153,0.345631894906166,"educ"
"SI_2014","g_upper_gini_nwx",0.826786408641231,0.0106421325301948,0.805927828882049,0.847644988400412,"educ"
"SI_2014","g_upper_gini_nw",0.55559971463469,0.0213960043020273,0.513663546202717,0.597535883066664,"educ"
"SI_2014","g_upper_cv2_nwx",7.24918141469943,4.14767407334143,-0.88025976904977,15.3786225984486,"educ"
"SI_2014","g_upper_cv2_nw",3.67116560911749,2.50053984046855,-1.22989247820086,8.57222369643584,"educ"
"SI_2014","g_upper_var_nwx",127321330485.579,92997931707.384,-54954615660.8939,309597276632.052,"educ"
"SI_2014","g_upper_var_nw",116319810703.56,92771379010.466,-65512092156.9537,298151713564.073,"educ"
"SI_2014","g_upper_d_gini",-0.27118669400654,0.0144399769820324,-0.299489048891323,-0.242884339121756,"educ"
"SI_2014","g_upper_r_gini",0.671896830166944,0.0197044068284224,0.633276192783236,0.710517467550651,"educ"
"SI_2014","g_upper_d_cv2",-3.57801580558194,1.64903141111576,-6.81011737136884,-0.345914239795047,"educ"
"SI_2014","g_upper_d_var",-11001519782.0191,356107160.561848,-11699489816.7204,-10303549747.3179,"educ"
"SI_2014","did_gini",0.109797440343285,0.0117954726550918,0.0866783139393052,0.132916566747265,"educ"
"SI_2014","did_cv2",-1.45272571717765,1.7263126488166,-4.83629850885819,1.93084707450289,"educ"
"SI_2014","did_var",11566824576.1971,3012008463.59079,5663287987.55919,17470361164.8351,"educ"
"SI_2014","rratio_gini",1.1898208686819,0.0317587005896874,1.12757381552611,1.25206792183769,"educ"
"ES_2011","g_lower_wshare",0.802977589383002,0,0.802977589383002,0.802977589383002,"educ"
"ES_2011","g_lower_mean_nwx",128496.945492167,14311.4088191507,100446.584206632,156547.306777703,"educ"
"ES_2011","g_lower_mean_nw",207686.333328436,556.35738012354,206595.872863394,208776.793793478,"educ"
"ES_2011","g_lower_mean_wt",79189.3878362687,14067.1561501404,51617.7617819936,106761.013890544,"educ"
"ES_2011","g_lower_wt_over_nwx",0.630226920526972,0.188345886900964,0.261068982201083,0.999384858852862,"educ"
"ES_2011","g_lower_wt_volshare",0.662986099241714,0.039238081151097,0.586079460185564,0.739892738297864,"educ"
"ES_2011","g_lower_gini_nwx",1.16240063253188,0.249401279632237,0.673574124452694,1.65122714061106,"educ"
"ES_2011","g_lower_gini_nw",0.568379436879188,0.0013212661884777,0.565789755149772,0.570969118608605,"educ"
"ES_2011","g_lower_cv2_nwx",51.329685562912,43.4221079029448,-33.7776459268599,136.437017052684,"educ"
"ES_2011","g_lower_cv2_nw",5.44808272538834,0.328603438276722,4.80401998636596,6.09214546441071,"educ"
"ES_2011","g_lower_var_nwx",754323186959.423,455265043888.394,-137996299061.829,1646642672980.68,"educ"
"ES_2011","g_lower_var_nw",234990769090.425,14079696084.6257,207394564764.559,262586973416.292,"educ"
"ES_2011","g_lower_d_gini",-0.59402119565269,0.249893657900358,-1.08381276513739,-0.104229626167989,"educ"
"ES_2011","g_lower_r_gini",0.503216697588822,0.100043195087501,0.30713203521732,0.699301359960325,"educ"
"ES_2011","g_lower_d_cv2",-45.8816028375237,43.4083967780115,-130.962060522426,39.198854847379,"educ"
"ES_2011","g_lower_d_var",-519332417868.998,454515172857.988,-1410182156670.65,371517320932.658,"educ"
"ES_2011","g_upper_wshare",0.197022410616998,0,0.197022410616998,0.197022410616998,"educ"
"ES_2011","g_upper_mean_nwx",307451.330519886,15636.1432428102,276804.489763978,338098.171275793,"educ"
"ES_2011","g_upper_mean_nw",469455.814522614,12115.6815590832,445709.078666811,493202.550378417,"educ"
"ES_2011","g_upper_mean_wt",162004.484002729,10168.5293217901,142074.16653202,181934.801473437,"educ"
"ES_2011","g_upper_wt_over_nwx",0.528550035881421,0.0546938584054837,0.421350073406673,0.635749998356169,"educ"
"ES_2011","g_upper_wt_volshare",0.337013900758286,0.039238081151097,0.260107261702136,0.413920539814436,"educ"
"ES_2011","g_upper_gini_nwx",0.949637939248842,0.0467129891444075,0.858080480525803,1.04119539797188,"educ"
"ES_2011","g_upper_gini_nw",0.612021537764106,0.0119104888174746,0.588676979681856,0.635366095846357,"educ"
"ES_2011","g_upper_cv2_nwx",17.879875336476,2.47117719682539,13.0363680306982,22.7233826422537,"educ"
"ES_2011","g_upper_cv2_nw",7.44570641627996,0.539481700540732,6.38832228322013,8.5030905493398,"educ"
"ES_2011","g_upper_var_nwx",1682944725124.53,171817852312.352,1346181734592.32,2019707715656.74,"educ"
"ES_2011","g_upper_var_nw",1645727520932.82,207640149726.813,1238752827468.27,2052702214397.38,"educ"
"ES_2011","g_upper_d_gini",-0.337616401484735,0.0489334831389587,-0.433526028437094,-0.241706774532376,"educ"
"ES_2011","g_upper_r_gini",0.645526604384372,0.0342135026107083,0.578468139267384,0.712585069501361,"educ"
"ES_2011","g_upper_d_cv2",-10.434168920196,2.66021450770584,-15.6481893552995,-5.22014848509257,"educ"
"ES_2011","g_upper_d_var",-37217204191.7085,211812282668.437,-452369278221.845,377934869838.428,"educ"
"ES_2011","did_gini",-0.256404794167955,0.245296335419753,-0.737185611590672,0.224376023254762,"educ"
"ES_2011","did_cv2",-35.4474339173276,43.2836858369035,-120.283458157659,49.3885903230032,"educ"
"ES_2011","did_var",-482115213677.29,446617158048.712,-1357484843452.77,393254416098.187,"educ"
"ES_2011","rratio_gini",0.779559553030539,0.148265496591439,0.48895917971132,1.07015992634976,"educ"
"US_2013","g_lower_wshare",0.581242091139729,0.000850220361808431,0.579575659230585,0.582908523048874,"educ"
"US_2013","g_lower_mean_nwx",142365.89691692,2726.91210232479,137021.149196363,147710.644637476,"educ"
"US_2013","g_lower_mean_nw",189090.529607243,2849.5760929741,183505.360465013,194675.698749472,"educ"
"US_2013","g_lower_mean_wt",46724.6326903229,1607.783044452,43573.377923197,49875.8874574488,"educ"
"US_2013","g_lower_wt_over_nwx",0.328311276300878,0.0139790673173802,0.300912304358813,0.355710248242943,"educ"
"US_2013","g_lower_wt_volshare",0.290407884203983,0.00927701962229892,0.272224925744277,0.308590842663689,"educ"
"US_2013","g_lower_gini_nwx",1.20197359915359,0.0246249921367782,1.1537086145655,1.25023858374167,"educ"
"US_2013","g_lower_gini_nw",0.859067797143539,0.00211229243413639,0.854927703972632,0.863207890314447,"educ"
"US_2013","g_lower_cv2_nwx",156.836030309448,6.69977876435688,143.704463931309,169.967596687588,"educ"
"US_2013","g_lower_cv2_nw",84.6535016831425,3.07249789064958,78.6314058174693,90.6755975488156,"educ"
"US_2013","g_lower_var_nwx",3179589560358.17,183235462654.09,2820448053556.15,3538731067160.18,"educ"
"US_2013","g_lower_var_nw",3028316065008.35,173795778998.231,2687676338171.81,3368955791844.88,"educ"
"US_2013","g_lower_d_gini",-0.342905802010046,0.0241049293434044,-0.390151463523119,-0.295660140496973,"educ"
"US_2013","g_lower_r_gini",0.714906003729031,0.0141391017478071,0.687193364303329,0.742618643154733,"educ"
"US_2013","g_lower_d_cv2",-72.1825286263058,4.42639015863931,-80.8582533372389,-63.5068039153728,"educ"
"US_2013","g_lower_d_var",-151273495349.82,11679952751.7327,-174166202743.216,-128380787956.423,"educ"
"US_2013","g_upper_wshare",0.418757908860271,0.000850220361808369,0.417091476951126,0.420424340769415,"educ"
"US_2013","g_upper_mean_nwx",608823.661748786,5576.77527785432,597893.182204192,619754.141293381,"educ"
"US_2013","g_upper_mean_nw",767294.441747665,7051.32866560383,753473.837563081,781115.045932248,"educ"
"US_2013","g_upper_mean_wt",158470.779998879,3105.33692795206,152384.319620093,164557.240377665,"educ"
"US_2013","g_upper_wt_over_nwx",0.260296625154867,0.00503162709788581,0.25043463604301,0.270158614266723,"educ"
"US_2013","g_upper_wt_volshare",0.709592115796017,0.00927701962229895,0.691409157336311,0.727775074255723,"educ"
"US_2013","g_upper_gini_nwx",1.01183138986272,0.00818574418372739,0.995787331262616,1.02787544846283,"educ"
"US_2013","g_upper_gini_nw",0.84959519320604,0.000381089668741404,0.848848257455307,0.850342128956773,"educ"
"US_2013","g_upper_cv2_nwx",67.4400093123282,2.46825158624348,62.602236203291,72.2777824213654,"educ"
"US_2013","g_upper_cv2_nw",42.9820970651474,1.26922326533742,40.4944194650861,45.4697746652088,"educ"
"US_2013","g_upper_var_nwx",24988537750500.6,510233047904.129,23988480976608.5,25988594524392.7,"educ"
"US_2013","g_upper_var_nw",25298641526845.1,404580234169.519,24505664267872.9,26091618785817.4,"educ"
"US_2013","g_upper_d_gini",-0.162236196656682,0.00840840214034572,-0.178716664851759,-0.145755728461604,"educ"
"US_2013","g_upper_r_gini",0.839698665864966,0.00702095013633907,0.825937603597741,0.85345972813219,"educ"
"US_2013","g_upper_d_cv2",-24.4579122471808,1.26679025660961,-26.9408211501357,-21.975003344226,"educ"
"US_2013","g_upper_d_var",310103776344.526,146475864144.401,23011082621.4991,597196470067.552,"educ"
"US_2013","did_gini",-0.180669605353364,0.0231519749386994,-0.226047476233215,-0.135291734473514,"educ"
"US_2013","did_cv2",-47.724616379125,4.40047201865232,-56.3495415356836,-39.0996912225665,"educ"
"US_2013","did_var",-461377271694.345,146987253241.019,-749472288046.742,-173282255341.949,"educ"
"US_2013","rratio_gini",0.851398376818091,0.0164634762988182,0.819129963272408,0.883666790363775,"educ"
"AT_2011","g_lower_wshare",0.0725594846183282,0.00063175535852779,0.0713212441156138,0.0737977251210427,"occ"
"AT_2011","g_lower_mean_nwx",84123.4163164006,10934.2656992467,62692.255545877,105554.577086924,"occ"
"AT_2011","g_lower_mean_nw",139068.533246221,16195.5042149466,107325.344984926,170811.721507517,"occ"
"AT_2011","g_lower_mean_wt",54945.1169298208,7246.80826127648,40741.3727377189,69148.8611219227,"occ"
"AT_2011","g_lower_wt_over_nwx",0.656747183346352,0.0822291889370027,0.495577973029826,0.817916393662877,"occ"
"AT_2011","g_lower_wt_volshare",0.0278462376611742,0.00578156215642847,0.0165143758345744,0.039178099487774,"occ"
"AT_2011","g_lower_gini_nwx",1.27349125997765,0.17657216726064,0.927409812146792,1.6195727078085,"occ"
"AT_2011","g_lower_gini_nw",0.845273951411731,0.0773152844682189,0.693735993854022,0.99681190896944,"occ"
"AT_2011","g_lower_cv2_nwx",15.5552546120775,4.68300101091103,6.37657263069192,24.7339365934631,"occ"
"AT_2011","g_lower_cv2_nw",7.06018690794499,1.69646590118273,3.73511374162683,10.3852600742631,"occ"
"AT_2011","g_lower_var_nwx",112867064712.529,47807841199.3179,19163695961.8661,206570433463.192,"occ"
"AT_2011","g_lower_var_nw",137721021648.939,43192262057.4187,53064188016.3988,222377855281.48,"occ"
"AT_2011","g_lower_d_gini",-0.428217308565916,0.137156923364387,-0.697044878360114,-0.159389738771718,"occ"
"AT_2011","g_lower_r_gini",0.668499991552741,0.0684242514798922,0.534388458652152,0.802611524453329,"occ"
"AT_2011","g_lower_d_cv2",-8.49506770413254,3.30693162539382,-14.9766536899044,-2.01348171836066,"occ"
"AT_2011","g_lower_d_var",24853956936.4102,9349183200.9889,6529557862.47195,43178356010.3484,"occ"
"AT_2011","g_middle_wshare",0.691828068111617,0.00182951447040397,0.688242219749626,0.695413916473609,"occ"
"AT_2011","g_middle_mean_nwx",156335.205319293,43973.1805396166,70147.7714616449,242522.639176942,"occ"
"AT_2011","g_middle_mean_nw",303285.926948766,64737.5145039656,176400.398520993,430171.455376539,"occ"
"AT_2011","g_middle_mean_wt",146950.721629472,27601.4409925904,92851.8972839952,201049.54597495,"occ"
"AT_2011","g_middle_wt_over_nwx",0.972676959767946,0.224117787810214,0.533406095659926,1.41194782387597,"occ"
"AT_2011","g_middle_wt_volshare",0.696391974615206,0.0368338842993821,0.624197561388417,0.768586387841995,"occ"
"AT_2011","g_middle_gini_nwx",1.55837096445875,0.272501754511106,1.02426752561699,2.09247440330052,"occ"
"AT_2011","g_middle_gini_nw",0.782745351103882,0.045321640867082,0.693914935004401,0.871575767203363,"occ"
"AT_2011","g_middle_cv2_nwx",38.3544366319091,20.7702635367198,-2.35527990006176,79.0641531638799,"occ"
"AT_2011","g_middle_cv2_nw",8.54040948753872,3.41300975192983,1.85091037375625,15.2299086013212,"occ"
"AT_2011","g_middle_var_nwx",1089401461799.38,1189753612201.96,-1242515618116.47,3421318541715.22,"occ"
"AT_2011","g_middle_var_nw",904182122669.587,819178985284.625,-701408688488.279,2509772933827.45,"occ"
"AT_2011","g_middle_d_gini",-0.775625613354872,0.24826100574866,-1.26221718462225,-0.289034042087498,"occ"
"AT_2011","g_middle_r_gini",0.510964230498728,0.0795952737441796,0.354957493960136,0.66697096703732,"occ"
"AT_2011","g_middle_d_cv2",-29.8140271443704,18.1277154991232,-65.3443495226519,5.71629523391114,"occ"
"AT_2011","g_middle_d_var",-185219339129.791,390120272272.22,-949855072783.341,579416394523.759,"occ"
"AT_2011","g_upper_wshare",0.235612447270054,0.00151301145867578,0.23264694481105,0.238577949729059,"occ"
"AT_2011","g_upper_mean_nwx",204155.789578933,123705.730214895,-38307.4416422612,446619.020800127,"occ"
"AT_2011","g_upper_mean_nw",375108.316341527,135215.439251563,110086.055408463,640130.57727459,"occ"
"AT_2011","g_upper_mean_wt",170952.526762594,36892.1568228453,98643.899389817,243261.15413537,"occ"
"AT_2011","g_upper_wt_over_nwx",1.08771701475986,0.783182633100696,-0.447320946117505,2.62275497563722,"occ"
"AT_2011","g_upper_wt_volshare",0.27576178772362,0.0361724982624308,0.204863691129255,0.346659884317984,"occ"
"AT_2011","g_upper_gini_nwx",1.57095433387317,0.733145927304007,0.133988316357313,3.00792035138902,"occ"
"AT_2011","g_upper_gini_nw",0.699360612242198,0.0791708242885604,0.54418579663662,0.854535427847776,"occ"
"AT_2011","g_upper_cv2_nwx",24.9908928579196,21.8565302190979,-17.8479063715122,67.8296920873514,"occ"
"AT_2011","g_upper_cv2_nw",5.6604372578139,5.16035980840112,-4.45386796665229,15.7747424822801,"occ"
"AT_2011","g_upper_var_nwx",1160179074328.49,1529986849790.4,-1838595151260.7,4158953299917.68,"occ"
"AT_2011","g_upper_var_nw",1258845010597.22,1928120354432.85,-2520270884091.17,5037960905285.61,"occ"
"AT_2011","g_upper_d_gini",-0.871593721630969,0.773771423448671,-2.38818571159036,0.644998268328427,"occ"
"AT_2011","g_upper_r_gini",0.499309617927234,0.186356366001589,0.134051140564119,0.864568095290349,"occ"
"AT_2011","g_upper_d_cv2",-19.3304556001057,22.8125686584548,-64.0430901706771,25.3821789704657,"occ"
"AT_2011","g_upper_d_var",98665936268.725,423366626596.365,-731132651860.151,928464524397.601,"occ"
"AT_2011","did_gini",0.443376413065053,0.745637988262067,-1.0180740439286,1.9048268700587,"occ"
"AT_2011","did_cv2",10.8353878959732,24.8116125783411,-37.7953727575754,59.4661485495217,"occ"
"AT_2011","did_var",-73811979332.3148,422149891292.787,-901225766266.177,753601807601.547,"occ"
"AT_2011","rratio_gini",1.50818371865995,0.723340796795047,0.0904357569416596,2.92593168037824,"occ"
"EE_2013","g_lower_wshare",0.0811319278790489,0.0004667551206632,0.080217087842549,0.0820467679155488,"occ"
"EE_2013","g_lower_mean_nwx",54609.1699326218,4370.41738904157,46043.1518501004,63175.1880151433,"occ"
"EE_2013","g_lower_mean_nw",62784.373757397,4380.65386176718,54198.2921883333,71370.4553264606,"occ"
"EE_2013","g_lower_mean_wt",8175.20382477513,47.0569753825805,8082.97215302527,8267.43549652499,"occ"
"EE_2013","g_lower_wt_over_nwx",0.150288724499219,0.011029215385639,0.128671462343367,0.171905986655072,"occ"
"EE_2013","g_lower_wt_volshare",0.0242155231152891,0,0.0242155231152891,0.0242155231152891,"occ"
"EE_2013","g_lower_gini_nwx",0.671557986660315,0.0350531111108373,0.602853888883074,0.740262084437556,"occ"
"EE_2013","g_lower_gini_nw",0.589220256881808,0.0212608271981328,0.547549035573467,0.630891478190148,"occ"
"EE_2013","g_lower_cv2_nwx",4.44619332452635,0.286331594045139,3.88498340019788,5.00740324885482,"occ"
"EE_2013","g_lower_cv2_nw",3.30442557230819,0.199152346281407,2.91408697359663,3.69476417101975,"occ"
"EE_2013","g_lower_var_nwx",13377311735.4105,2919214238.52884,7655651827.89396,19098971642.927,"occ"
"EE_2013","g_lower_var_nw",13133093018.8382,2678229122.48946,7883763938.75881,18382422098.9175,"occ"
"EE_2013","g_lower_d_gini",-0.0823377297785078,0.0239266164034163,-0.129233897929204,-0.0354415616278119,"occ"
"EE_2013","g_lower_r_gini",0.878201542198109,0.0322942770895779,0.814904759102536,0.941498325293681,"occ"
"EE_2013","g_lower_d_cv2",-1.14176775221816,0.13313476318093,-1.40271188805279,-0.88082361638354,"occ"
"EE_2013","g_lower_d_var",-244218716.572338,360663614.737256,-951119401.457359,462681968.312683,"occ"
"EE_2013","g_middle_wshare",0.548352211818607,0.00101284819935504,0.546367029347871,0.550337394289343,"occ"
"EE_2013","g_middle_mean_nwx",85972.784196617,1565.57231957543,82904.2624502492,89041.3059429849,"occ"
"EE_2013","g_middle_mean_nw",106275.115169259,1575.30567055473,103187.516054971,109362.714283546,"occ"
"EE_2013","g_middle_mean_wt",20302.3309726415,36.6474861747905,20230.5018997389,20374.1600455441,"occ"
"EE_2013","g_middle_wt_over_nwx",0.236199153929183,0.00420656240118402,0.227954291622862,0.244444016235503,"occ"
"EE_2013","g_middle_wt_volshare",0.406459797502671,8.8921058244554e-06,0.406442368975255,0.406477226030087,"occ"
"EE_2013","g_middle_gini_nwx",0.900301948734322,0.0131831863598145,0.874462903469085,0.926140993999558,"occ"
"EE_2013","g_middle_gini_nw",0.702991286017939,0.00631853882437837,0.690606949922157,0.715375622113721,"occ"
"EE_2013","g_middle_cv2_nwx",46.1217150971637,2.46080033689532,41.2985464368489,50.9448837574786,"occ"
"EE_2013","g_middle_cv2_nw",29.6703693874118,1.44600646679075,26.8361967125019,32.5045420623217,"occ"
"EE_2013","g_middle_var_nwx",340690867413.701,13513062656.5043,314205264606.953,367176470220.45,"occ"
"EE_2013","g_middle_var_nw",334958089961.019,12543277526.533,310373266009.014,359542913913.023,"occ"
"EE_2013","g_middle_d_gini",-0.197310662716383,0.00955314923276027,-0.216034835212593,-0.178586490220172,"occ"
"EE_2013","g_middle_r_gini",0.780901095714827,0.00788764614492314,0.765441309270778,0.796360882158877,"occ"
"EE_2013","g_middle_d_cv2",-16.4513457097519,1.02477093902296,-18.4598967502369,-14.4427946692669,"occ"
"EE_2013","g_middle_d_var",-5732777452.68264,1401891144.8925,-8480484096.67195,-2985070808.69333,"occ"
"EE_2013","g_upper_wshare",0.370515860302344,0.000983033047930919,0.368589115528399,0.372442605076288,"occ"
"EE_2013","g_upper_mean_nwx",130836.069964246,7733.6467722891,115678.122290559,145994.017637933,"occ"
"EE_2013","g_upper_mean_nw",172922.51641702,7691.5236917272,157847.129981235,187997.902852805,"occ"
"EE_2013","g_upper_mean_wt",42086.4464527738,115.550106503265,41859.9682440274,42312.9246615202,"occ"
"EE_2013","g_upper_wt_over_nwx",0.322395862580813,0.0183587804766848,0.28641265284651,0.358379072315115,"occ"
"EE_2013","g_upper_wt_volshare",0.56932467938204,8.8921058244282e-06,0.569307250854624,0.569342107909456,"occ"
"EE_2013","g_upper_gini_nwx",0.995808063898998,0.00811483278631333,0.979902991637824,1.01171313616017,"occ"
"EE_2013","g_upper_gini_nw",0.65153421339329,0.011210963549277,0.629560724836707,0.673507701949873,"occ"
"EE_2013","g_upper_cv2_nwx",14.5848174830631,0.809024640228024,12.9991291882162,16.17050577791,"occ"
"EE_2013","g_upper_cv2_nw",3.3198296198725,0.323769031808569,2.68524231752771,3.9544169222173,"occ"
"EE_2013","g_upper_var_nwx",249249347043,17655000870.7683,214645545336.294,283853148749.706,"occ"
"EE_2013","g_upper_var_nw",99834564171.1674,17948451977.2354,64655598295.7861,135013530046.549,"occ"
"EE_2013","g_upper_d_gini",-0.344273850505708,0.0159941276990477,-0.375622340795841,-0.312925360215574,"occ"
"EE_2013","g_upper_r_gini",0.65432777898887,0.0141521172294922,0.626589629219065,0.682065928758675,"occ"
"EE_2013","g_upper_d_cv2",-11.2649878631906,0.970027549098135,-13.1662418594229,-9.36373386695823,"occ"
"EE_2013","g_upper_d_var",-149414782871.833,506789607.358462,-150408090502.255,-148421475241.41,"occ"
"EE_2013","did_gini",0.2619361207272,0.0107280839682087,0.240909076149511,0.282963165304889,"occ"
"EE_2013","did_cv2",10.1232201109724,0.85390911077681,8.44955825384987,11.796881968095,"occ"
"EE_2013","did_var",149170564155.26,304700979.500752,148573350235.439,149767778075.082,"occ"
"EE_2013","rratio_gini",1.34188364576097,0.0222888429490341,1.29819751358087,1.38556977794108,"occ"
"FR_2009","g_lower_wshare",0.104018993588118,NA,NA,NA,"occ"
"FR_2009","g_lower_mean_nwx",61228.1999111534,NA,NA,NA,"occ"
"FR_2009","g_lower_mean_nw",67503.27210864,NA,NA,NA,"occ"
"FR_2009","g_lower_mean_wt",6275.07219748664,NA,NA,NA,"occ"
"FR_2009","g_lower_wt_over_nwx",0.102486635350904,NA,NA,NA,"occ"
"FR_2009","g_lower_wt_volshare",0.0456603957103854,NA,NA,NA,"occ"
"FR_2009","g_lower_gini_nwx",0.859790579705222,NA,NA,NA,"occ"
"FR_2009","g_lower_gini_nw",0.758320970290937,NA,NA,NA,"occ"
"FR_2009","g_lower_cv2_nwx",6.47284151497461,NA,NA,NA,"occ"
"FR_2009","g_lower_cv2_nw",4.44181067029155,NA,NA,NA,"occ"
"FR_2009","g_lower_var_nwx",24265986778.486,NA,NA,NA,"occ"
"FR_2009","g_lower_var_nw",20239962015.8276,NA,NA,NA,"occ"
"FR_2009","g_lower_d_gini",-0.101469609414285,NA,NA,NA,"occ"
"FR_2009","g_lower_r_gini",0.881983343607843,NA,NA,NA,"occ"
"FR_2009","g_lower_d_cv2",-2.03103084468307,NA,NA,NA,"occ"
"FR_2009","g_lower_d_var",-4026024762.65833,NA,NA,NA,"occ"
"FR_2009","g_middle_wshare",0.667583222409198,NA,NA,NA,"occ"
"FR_2009","g_middle_mean_nwx",177533.814888596,NA,NA,NA,"occ"
"FR_2009","g_middle_mean_nw",188430.272712442,NA,NA,NA,"occ"
"FR_2009","g_middle_mean_wt",10896.4578238467,NA,NA,NA,"occ"
"FR_2009","g_middle_wt_over_nwx",0.0613768021077246,NA,NA,NA,"occ"
"FR_2009","g_middle_wt_volshare",0.508860865404076,NA,NA,NA,"occ"
"FR_2009","g_middle_gini_nwx",0.710239971467027,NA,NA,NA,"occ"
"FR_2009","g_middle_gini_nw",0.680511268594296,NA,NA,NA,"occ"
"FR_2009","g_middle_cv2_nwx",15.4115009649333,NA,NA,NA,"occ"
"FR_2009","g_middle_cv2_nw",13.7971778086936,NA,NA,NA,"occ"
"FR_2009","g_middle_var_nwx",485743623955.478,NA,NA,NA,"occ"
"FR_2009","g_middle_var_nw",489882149274.601,NA,NA,NA,"occ"
"FR_2009","g_middle_d_gini",-0.0297287028727303,NA,NA,NA,"occ"
"FR_2009","g_middle_r_gini",0.958142734755797,NA,NA,NA,"occ"
"FR_2009","g_middle_d_cv2",-1.61432315623977,NA,NA,NA,"occ"
"FR_2009","g_middle_d_var",4138525319.12213,NA,NA,NA,"occ"
"FR_2009","g_upper_wshare",0.228397784002685,NA,NA,NA,"occ"
"FR_2009","g_upper_mean_nwx",343227.031780184,NA,NA,NA,"occ"
"FR_2009","g_upper_mean_nw",371109.216441527,NA,NA,NA,"occ"
"FR_2009","g_upper_mean_wt",27882.1846613431,NA,NA,NA,"occ"
"FR_2009","g_upper_wt_over_nwx",0.081235398379694,NA,NA,NA,"occ"
"FR_2009","g_upper_wt_volshare",0.445478738885539,NA,NA,NA,"occ"
"FR_2009","g_upper_gini_nwx",0.688247907666334,NA,NA,NA,"occ"
"FR_2009","g_upper_gini_nw",0.64892790719295,NA,NA,NA,"occ"
"FR_2009","g_upper_cv2_nwx",22.0000990650337,NA,NA,NA,"occ"
"FR_2009","g_upper_cv2_nw",19.7726261091809,NA,NA,NA,"occ"
"FR_2009","g_upper_var_nwx",2591717167917.99,NA,NA,NA,"occ"
"FR_2009","g_upper_var_nw",2723126612076.77,NA,NA,NA,"occ"
"FR_2009","g_upper_d_gini",-0.0393200004733844,NA,NA,NA,"occ"
"FR_2009","g_upper_r_gini",0.942869422434268,NA,NA,NA,"occ"
"FR_2009","g_upper_d_cv2",-2.22747295585284,NA,NA,NA,"occ"
"FR_2009","g_upper_d_var",131409444158.778,NA,NA,NA,"occ"
"FR_2009","did_gini",-0.0621496089409006,NA,NA,NA,"occ"
"FR_2009","did_cv2",0.196442111169771,NA,NA,NA,"occ"
"FR_2009","did_var",-135435468921.437,NA,NA,NA,"occ"
"FR_2009","rratio_gini",0.935424696805596,NA,NA,NA,"occ"
"GR_2009","g_lower_wshare",0.10796464961134,0,0.10796464961134,0.10796464961134,"occ"
"GR_2009","g_lower_mean_nwx",62283.4928453156,1450.05759028223,59441.3799683625,65125.6057222688,"occ"
"GR_2009","g_lower_mean_nw",75642.3596154955,1100.93481144134,73484.5273850705,77800.1918459205,"occ"
"GR_2009","g_lower_mean_wt",13358.8667701798,543.763837445532,12293.0896487866,14424.6438915731,"occ"
"GR_2009","g_lower_wt_over_nwx",0.214662589454602,0.0128314715279577,0.189512905259805,0.239812273649399,"occ"
"GR_2009","g_lower_wt_volshare",0.0212464612720153,0.0017833229974406,0.0177511481970318,0.0247417743469989,"occ"
"GR_2009","g_lower_gini_nwx",0.755429992311149,0.00744080592303392,0.740846012702002,0.770013971920295,"occ"
"GR_2009","g_lower_gini_nw",0.663701625012481,0.00394044699334186,0.655978348905531,0.671424901119431,"occ"
"GR_2009","g_lower_cv2_nwx",2.44253532259235,0.081226296819071,2.28333178082697,2.60173886435773,"occ"
"GR_2009","g_lower_cv2_nw",1.75340664428426,0.0769166083854587,1.60265009184876,1.90416319671975,"occ"
"GR_2009","g_lower_var_nwx",9485513779.67772,713086944.88834,8087863367.69657,10883164191.6589,"occ"
"GR_2009","g_lower_var_nw",10041982306.7646,730642091.262499,8609923807.89008,11474040805.6391,"occ"
"GR_2009","g_lower_d_gini",-0.0917283672986678,0.00784129638667926,-0.107097308216559,-0.0763594263807765,"occ"
"GR_2009","g_lower_r_gini",0.878625786254308,0.00933707520151142,0.860325118859346,0.896926453649271,"occ"
"GR_2009","g_lower_d_cv2",-0.689128678308091,0.040218941928148,-0.767957804487261,-0.610299552128921,"occ"
"GR_2009","g_lower_d_var",556468527.086863,49366657.1327995,459709879.106575,653227175.06715,"occ"
"GR_2009","g_middle_wshare",0.648031158379264,0,0.648031158379264,0.648031158379264,"occ"
"GR_2009","g_middle_mean_nwx",96044.6795215735,2177.93646556361,91775.9240490689,100313.434994078,"occ"
"GR_2009","g_middle_mean_nw",155396.570596894,1765.01674562605,151937.137775467,158856.003418321,"occ"
"GR_2009","g_middle_mean_wt",59351.8910753202,879.589771250609,57627.895123669,61075.8870269714,"occ"
"GR_2009","g_middle_wt_over_nwx",0.618260723913388,0.0209587957954835,0.57718148415424,0.659339963672535,"occ"
"GR_2009","g_middle_wt_volshare",0.566115990449999,0.031500630733928,0.5043747542115,0.627857226688498,"occ"
"GR_2009","g_middle_gini_nwx",1.0289175009444,0.0150709723773738,0.999378395084743,1.05845660680405,"occ"
"GR_2009","g_middle_gini_nw",0.575081217103132,0.00405522043810617,0.567132985044444,0.58302944916182,"occ"
"GR_2009","g_middle_cv2_nwx",6.05864336330276,0.380140747511686,5.31356749817985,6.80371922842566,"occ"
"GR_2009","g_middle_cv2_nw",1.66071395772155,0.0863050057050781,1.4915561465396,1.82987176890351,"occ"
"GR_2009","g_middle_var_nwx",55841054731.5227,2791783608.72581,50369158858.4202,61312950604.6253,"occ"
"GR_2009","g_middle_var_nw",40125885276.9971,2745214063.74643,34745265712.0541,45506504841.9401,"occ"
"GR_2009","g_middle_d_gini",-0.453836283841264,0.0171321473293137,-0.487415292606719,-0.42025727507581,"occ"
"GR_2009","g_middle_r_gini",0.559015286874978,0.0105157366941479,0.538404442954448,0.579626130795508,"occ"
"GR_2009","g_middle_d_cv2",-4.39792940558121,0.378726034751451,-5.14023243369405,-3.65562637746836,"occ"
"GR_2009","g_middle_d_var",-15715169454.5256,2490498271.00664,-20596546065.6986,-10833792843.3526,"occ"
"GR_2009","g_upper_wshare",0.244004192009396,0,0.244004192009396,0.244004192009396,"occ"
"GR_2009","g_upper_mean_nwx",86417.1511105672,15599.6093963901,55841.9166936426,116992.385527492,"occ"
"GR_2009","g_upper_mean_nw",201845.00502547,3820.40113922276,194357.018792593,209332.991258346,"occ"
"GR_2009","g_upper_mean_wt",115427.853914903,15360.5829695986,85321.1112944894,145534.596535316,"occ"
"GR_2009","g_upper_wt_over_nwx",1.39421682457263,0.490583948650761,0.43267228521714,2.35576136392812,"occ"
"GR_2009","g_upper_wt_volshare",0.412637548277986,0.0331130533460908,0.347735963719648,0.477539132836324,"occ"
"GR_2009","g_upper_gini_nwx",1.83981773929525,0.562684145777833,0.736956813570699,2.9426786650198,"occ"
"GR_2009","g_upper_gini_nw",0.499136998948413,0.00811315870973968,0.483235207877323,0.515038790019503,"occ"
"GR_2009","g_upper_cv2_nwx",42.9977951083846,33.8714350450262,-23.3902175798668,109.385807796636,"occ"
"GR_2009","g_upper_cv2_nw",1.17619798229777,0.159934889604226,0.862725598673491,1.48967036592206,"occ"
"GR_2009","g_upper_var_nwx",272566385062.24,91745571645.5806,92745064636.9017,452387705487.578,"occ"
"GR_2009","g_upper_var_nw",48085010760.4363,8503000814.3108,31419129164.3871,64750892356.4854,"occ"
"GR_2009","g_upper_d_gini",-1.34068074034684,0.562833706641142,-2.44383480536348,-0.2375266753302,"occ"
"GR_2009","g_upper_r_gini",0.285838765795594,0.0724447389597911,0.143847077434403,0.427830454156784,"occ"
"GR_2009","g_upper_d_cv2",-41.8215971260868,33.8852105014648,-108.236609708958,24.5934154567843,"occ"
"GR_2009","g_upper_d_var",-224481374301.803,90703845020.9789,-402260910542.922,-46701838060.6848,"occ"
"GR_2009","did_gini",1.24895237304817,0.567102247685506,0.137431967584578,2.36047277851176,"occ"
"GR_2009","did_cv2",41.1324684477787,33.8858443634849,-25.2837865046516,107.548723400209,"occ"
"GR_2009","did_var",225037842828.89,90719074656.6342,47228456501.8873,402847229155.893,"occ"
"GR_2009","rratio_gini",3.24323557039166,1.02125920470662,1.2415675291667,5.24490361161663,"occ"
"IT_2014","g_lower_wshare",NA,NA,NA,NA,"occ"
"IT_2014","g_lower_mean_nwx",NA,NA,NA,NA,"occ"
"IT_2014","g_lower_mean_nw",NA,NA,NA,NA,"occ"
"IT_2014","g_lower_mean_wt",NA,NA,NA,NA,"occ"
"IT_2014","g_lower_wt_over_nwx",NA,NA,NA,NA,"occ"
"IT_2014","g_lower_wt_volshare",NA,NA,NA,NA,"occ"
"IT_2014","g_lower_gini_nwx",NA,NA,NA,NA,"occ"
"IT_2014","g_lower_gini_nw",NA,NA,NA,NA,"occ"
"IT_2014","g_lower_cv2_nwx",NA,NA,NA,NA,"occ"
"IT_2014","g_lower_cv2_nw",NA,NA,NA,NA,"occ"
"IT_2014","g_lower_var_nwx",NA,NA,NA,NA,"occ"
"IT_2014","g_lower_var_nw",NA,NA,NA,NA,"occ"
"IT_2014","g_lower_d_gini",NA,NA,NA,NA,"occ"
"IT_2014","g_lower_r_gini",NA,NA,NA,NA,"occ"
"IT_2014","g_lower_d_cv2",NA,NA,NA,NA,"occ"
"IT_2014","g_lower_d_var",NA,NA,NA,NA,"occ"
"IT_2014","g_middle_wshare",NA,NA,NA,NA,"occ"
"IT_2014","g_middle_mean_nwx",NA,NA,NA,NA,"occ"
"IT_2014","g_middle_mean_nw",NA,NA,NA,NA,"occ"
"IT_2014","g_middle_mean_wt",NA,NA,NA,NA,"occ"
"IT_2014","g_middle_wt_over_nwx",NA,NA,NA,NA,"occ"
"IT_2014","g_middle_wt_volshare",NA,NA,NA,NA,"occ"
"IT_2014","g_middle_gini_nwx",NA,NA,NA,NA,"occ"
"IT_2014","g_middle_gini_nw",NA,NA,NA,NA,"occ"
"IT_2014","g_middle_cv2_nwx",NA,NA,NA,NA,"occ"
"IT_2014","g_middle_cv2_nw",NA,NA,NA,NA,"occ"
"IT_2014","g_middle_var_nwx",NA,NA,NA,NA,"occ"
"IT_2014","g_middle_var_nw",NA,NA,NA,NA,"occ"
"IT_2014","g_middle_d_gini",NA,NA,NA,NA,"occ"
"IT_2014","g_middle_r_gini",NA,NA,NA,NA,"occ"
"IT_2014","g_middle_d_cv2",NA,NA,NA,NA,"occ"
"IT_2014","g_middle_d_var",NA,NA,NA,NA,"occ"
"IT_2014","g_upper_wshare",NA,NA,NA,NA,"occ"
"IT_2014","g_upper_mean_nwx",NA,NA,NA,NA,"occ"
"IT_2014","g_upper_mean_nw",NA,NA,NA,NA,"occ"
"IT_2014","g_upper_mean_wt",NA,NA,NA,NA,"occ"
"IT_2014","g_upper_wt_over_nwx",NA,NA,NA,NA,"occ"
"IT_2014","g_upper_wt_volshare",NA,NA,NA,NA,"occ"
"IT_2014","g_upper_gini_nwx",NA,NA,NA,NA,"occ"
"IT_2014","g_upper_gini_nw",NA,NA,NA,NA,"occ"
"IT_2014","g_upper_cv2_nwx",NA,NA,NA,NA,"occ"
"IT_2014","g_upper_cv2_nw",NA,NA,NA,NA,"occ"
"IT_2014","g_upper_var_nwx",NA,NA,NA,NA,"occ"
"IT_2014","g_upper_var_nw",NA,NA,NA,NA,"occ"
"IT_2014","g_upper_d_gini",NA,NA,NA,NA,"occ"
"IT_2014","g_upper_r_gini",NA,NA,NA,NA,"occ"
"IT_2014","g_upper_d_cv2",NA,NA,NA,NA,"occ"
"IT_2014","g_upper_d_var",NA,NA,NA,NA,"occ"
"IT_2014","did_gini",NA,NA,NA,NA,"occ"
"IT_2014","did_cv2",NA,NA,NA,NA,"occ"
"IT_2014","did_var",NA,NA,NA,NA,"occ"
"IT_2014","rratio_gini",NA,NA,NA,NA,"occ"
"LU_2010","g_lower_wshare",0.10379691678913,0.000760228925649487,0.102306868094857,0.105286965483403,"occ"
"LU_2010","g_lower_mean_nwx",174451.156956539,3842.83661850218,166919.197184274,181983.116728803,"occ"
"LU_2010","g_lower_mean_nw",186530.475142817,3592.60529060013,179488.968773241,193571.981512393,"occ"
"LU_2010","g_lower_mean_wt",12079.3181862783,1488.64850539288,9161.56711570824,14997.0692568483,"occ"
"LU_2010","g_lower_wt_over_nwx",0.0693077039876844,0.00924208821528958,0.0511932110857169,0.087422196889652,"occ"
"LU_2010","g_lower_wt_volshare",0.0155003500939749,0.00151300406459708,0.0125348621273646,0.0184658380605852,"occ"
"LU_2010","g_lower_gini_nwx",0.834416608152397,0.00521768549961548,0.824189944573151,0.844643271731644,"occ"
"LU_2010","g_lower_gini_nw",0.804262475568857,0.00483775273940811,0.794780480199617,0.813744470938097,"occ"
"LU_2010","g_lower_cv2_nwx",4.47574147931022,0.0397981831191368,4.39773704039671,4.55374591822373,"occ"
"LU_2010","g_lower_cv2_nw",4.20122682702408,0.0444222314377733,4.11415925340605,4.28829440064212,"occ"
"LU_2010","g_lower_var_nwx",136236465348.909,5501858525.33497,125452822639.253,147020108058.566,"occ"
"LU_2010","g_lower_var_nw",146188792122.93,4919184377.00314,136547190744.004,155830393501.856,"occ"
"LU_2010","g_lower_d_gini",-0.0301541325835401,0.00107053361576501,-0.0322523784704395,-0.0280558866966407,"occ"
"LU_2010","g_lower_r_gini",0.963863446740339,0.00120255580787822,0.961506437356897,0.96622045612378,"occ"
"LU_2010","g_lower_d_cv2",-0.274514652286138,0.016774898221975,-0.307393452801209,-0.241635851771067,"occ"
"LU_2010","g_lower_d_var",9952326774.02019,1714687086.67091,6591540084.14521,13313113463.8952,"occ"
"LU_2010","g_middle_wshare",0.605069318626881,0.00133478144890525,0.602453146987027,0.607685490266735,"occ"
"LU_2010","g_middle_mean_nwx",449104.139072293,5072.51107649713,439162.017362359,459046.260782227,"occ"
"LU_2010","g_middle_mean_nw",505606.777077239,4375.08333998642,497031.613730866,514181.940423613,"occ"
"LU_2010","g_middle_mean_wt",56502.6380049464,2092.2712962647,52401.7862642676,60603.4897456252,"occ"
"LU_2010","g_middle_wt_over_nwx",0.125840605657933,0.00553925344952699,0.11498366889686,0.136697542419005,"occ"
"LU_2010","g_middle_wt_volshare",0.42320705319087,0.00796117914346794,0.407603142069673,0.438810964312068,"occ"
"LU_2010","g_middle_gini_nwx",0.741011709590295,0.00893201890127312,0.7235049525438,0.758518466636791,"occ"
"LU_2010","g_middle_gini_nw",0.693216196539043,0.00408954728146575,0.68520068386737,0.701231709210716,"occ"
"LU_2010","g_middle_cv2_nwx",13.4158917219234,0.795089916299615,11.8575154859762,14.9742679578707,"occ"
"LU_2010","g_middle_cv2_nw",10.8394627767528,0.721377823873132,9.42556224196146,12.2533633115441,"occ"
"LU_2010","g_middle_var_nwx",2708258235992.57,217243122304.36,2282461716276.03,3134054755709.12,"occ"
"LU_2010","g_middle_var_nw",2772686977056.17,223201324301.436,2335212381425.36,3210161572686.99,"occ"
"LU_2010","g_middle_d_gini",-0.0477955130512521,0.00821591590208042,-0.0638987082193297,-0.0316923178831745,"occ"
"LU_2010","g_middle_r_gini",0.935572433696463,0.0103255116830913,0.915334430797604,0.955810436595322,"occ"
"LU_2010","g_middle_d_cv2",-2.57642894517063,0.123427435838302,-2.8183467194137,-2.33451117092756,"occ"
"LU_2010","g_middle_d_var",64428741063.598,7288687432.99147,50142913694.9348,78714568432.2613,"occ"
"LU_2010","g_upper_wshare",0.291133764583989,0.0020017892267957,0.287210257699469,0.295057271468508,"occ"
"LU_2010","g_upper_mean_nwx",812201.958017114,20410.0263078237,772198.306453779,852205.609580448,"occ"
"LU_2010","g_upper_mean_nw",967940.235726247,16767.5209495123,935075.894665203,1000804.57678729,"occ"
"LU_2010","g_upper_mean_wt",155738.277709133,5065.70607873658,145809.493794809,165667.061623457,"occ"
"LU_2010","g_upper_wt_over_nwx",0.191913124085185,0.0106249020950921,0.171088315978805,0.212737932191566,"occ"
"LU_2010","g_upper_wt_volshare",0.561292596715155,0.00918441945149715,0.54329113459022,0.579294058840089,"occ"
"LU_2010","g_upper_gini_nwx",0.82407826747098,0.00895813953955165,0.806520313973458,0.841636220968501,"occ"
"LU_2010","g_upper_gini_nw",0.688265114252025,0.00330531031123979,0.681786706041995,0.694743522462055,"occ"
"LU_2010","g_upper_cv2_nwx",7.82130670456484,0.391694022276517,7.05358642090286,8.58902698822681,"occ"
"LU_2010","g_upper_cv2_nw",5.42475910316546,0.207840494751742,5.01739173345205,5.83212647287888,"occ"
"LU_2010","g_upper_var_nwx",5154420258175,142875203041.454,4874384860213.75,5434455656136.25,"occ"
"LU_2010","g_upper_var_nw",5080382104651.48,143262327946.145,4799587941877.03,5361176267425.92,"occ"
"LU_2010","g_upper_d_gini",-0.135813153218955,0.007326125227268,-0.1501723586644,-0.121453947773509,"occ"
"LU_2010","g_upper_r_gini",0.835240984894894,0.00717999299501576,0.821168198624663,0.849313771165125,"occ"
"LU_2010","g_upper_d_cv2",-2.39654760139937,0.188755875640584,-2.76650911765492,-2.02658608514383,"occ"
"LU_2010","g_upper_d_var",-74038153523.5227,44310338678.0094,-160886417332.421,12810110285.3758,"occ"
"LU_2010","did_gini",0.105659020635415,0.00729962894437102,0.0913517479044473,0.119966293366382,"occ"
"LU_2010","did_cv2",2.12203294911323,0.192267386897881,1.74518887079339,2.49887702743308,"occ"
"LU_2010","did_var",83990480297.5428,43394079829.7154,-1061916168.69925,169042876763.785,"occ"
"LU_2010","rratio_gini",1.15405069867516,0.00992031286250507,1.13460688546465,1.17349451188567,"occ"
"SK_2010","g_lower_wshare",0.0575230572168144,0,0.0575230572168144,0.0575230572168144,"occ"
"SK_2010","g_lower_mean_nwx",42136.5425974246,1184.64016575874,39814.6478725374,44458.4373223117,"occ"
"SK_2010","g_lower_mean_nw",47885.9197591103,1206.68376833256,45520.8195731784,50251.0199450421,"occ"
"SK_2010","g_lower_mean_wt",5749.3771616857,223.494879797767,5311.32719728208,6187.42712608932,"occ"
"SK_2010","g_lower_wt_over_nwx",0.136519060818348,0.00669394259837879,0.123398933325526,0.149639188311171,"occ"
"SK_2010","g_lower_wt_volshare",0.0295258189146092,0.00207156802505044,0.0254655455855103,0.033586092243708,"occ"
"SK_2010","g_lower_gini_nwx",0.543789711792762,0.0181700084104896,0.508176495308202,0.579402928277322,"occ"
"SK_2010","g_lower_gini_nw",0.475131304218149,0.00845529570753812,0.458558924631375,0.491703683804924,"occ"
"SK_2010","g_lower_cv2_nwx",0.950540164674365,0.0636115197676779,0.825861585929717,1.07521874341901,"occ"
"SK_2010","g_lower_cv2_nw",0.742603108801661,0.036048510118456,0.671948028969487,0.813258188633834,"occ"
"SK_2010","g_lower_var_nwx",1686932168.70776,116640651.487553,1458316491.79216,1915547845.62336,"occ"
"SK_2010","g_lower_var_nw",1701386546.61511,57190990.0662518,1589292206.08525,1813480887.14496,"occ"
"SK_2010","g_lower_d_gini",-0.0686584075746126,0.0119557205924308,-0.0920916199357771,-0.0452251952134482,"occ"
"SK_2010","g_lower_r_gini",0.874088344916654,0.0175621062027936,0.839666616759179,0.90851007307413,"occ"
"SK_2010","g_lower_d_cv2",-0.207937055872704,0.0392808598278986,-0.284927541135386,-0.130946570610023,"occ"
"SK_2010","g_lower_d_var",14454377.9073455,64195190.8839886,-111368196.225272,140276952.039963,"occ"
"SK_2010","g_middle_wshare",0.81562253531862,0,0.81562253531862,0.81562253531862,"occ"
"SK_2010","g_middle_mean_nwx",67783.1160849927,395.443122864274,67008.0475641788,68558.1846058067,"occ"
"SK_2010","g_middle_mean_nw",78077.1645578554,551.250490300469,76996.7135968665,79157.6155188444,"occ"
"SK_2010","g_middle_mean_wt",10294.0484728627,660.500692149939,8999.46711624882,11588.6298294766,"occ"
"SK_2010","g_middle_wt_over_nwx",0.15189186573188,0.0102674547962671,0.131767654331196,0.172016077132563,"occ"
"SK_2010","g_middle_wt_volshare",0.747879976745082,0.0199240160824897,0.708828905223403,0.786931048266762,"occ"
"SK_2010","g_middle_gini_nwx",0.528350047277476,0.0140627904474065,0.500786978000559,0.555913116554393,"occ"
"SK_2010","g_middle_gini_nw",0.442693465049735,0.00257993302670564,0.437636796317392,0.447750133782078,"occ"
"SK_2010","g_middle_cv2_nwx",1.49179812080102,0.175145652095813,1.14851264269323,1.83508359890882,"occ"
"SK_2010","g_middle_cv2_nw",1.02557551172922,0.0682738151858483,0.891758833964955,1.15939218949348,"occ"
"SK_2010","g_middle_var_nwx",6849544769.17346,746354171.209799,5386690593.60225,8312398944.74466,"occ"
"SK_2010","g_middle_var_nw",6252993591.7732,446415216.171352,5378019768.07735,7127967415.46905,"occ"
"SK_2010","g_middle_d_gini",-0.0856565822277411,0.0129494495546569,-0.111037503354869,-0.0602756611006136,"occ"
"SK_2010","g_middle_r_gini",0.838230684947906,0.0202470961233538,0.798546376546133,0.87791499334968,"occ"
"SK_2010","g_middle_d_cv2",-0.466222609071808,0.138604168188787,-0.737886778721829,-0.194558439421786,"occ"
"SK_2010","g_middle_d_var",-596551177.400262,498648319.296898,-1573901883.22218,380799528.421658,"occ"
"SK_2010","g_upper_wshare",0.126854407464566,0,0.126854407464566,0.126854407464566,"occ"
"SK_2010","g_upper_mean_nwx",119343.984821739,4692.89825495496,110145.904242027,128542.065401451,"occ"
"SK_2010","g_upper_mean_nw",139049.332580647,3666.48144887734,131863.028940848,146235.636220447,"occ"
"SK_2010","g_upper_mean_wt",19705.3477589086,2158.05600582973,15475.5579874823,23935.1375303349,"occ"
"SK_2010","g_upper_wt_over_nwx",0.165577349629825,0.0225656498858837,0.121348675853493,0.209806023406157,"occ"
"SK_2010","g_upper_wt_volshare",0.222594204340308,0.0195013653253952,0.184371528302534,0.260816880378083,"occ"
"SK_2010","g_upper_gini_nwx",0.582364451501118,0.0266307323211975,0.530168216151571,0.634560686850665,"occ"
"SK_2010","g_upper_gini_nw",0.450999342318783,0.00493515520718594,0.441326438112698,0.460672246524867,"occ"
"SK_2010","g_upper_cv2_nwx",1.98878573953631,0.368597415897307,1.26633480437759,2.71123667469503,"occ"
"SK_2010","g_upper_cv2_nw",1.11548338814867,0.0296881421596496,1.05729462951575,1.17367214678158,"occ"
"SK_2010","g_upper_var_nwx",28164346894.6148,3984850951.01882,20354039030.618,35974654758.6117,"occ"
"SK_2010","g_upper_var_nw",21575560249.8961,1204460680.84328,19214817315.4433,23936303184.3489,"occ"
"SK_2010","g_upper_d_gini",-0.131365109182336,0.0255236814152504,-0.181391524756226,-0.0813386936084448,"occ"
"SK_2010","g_upper_r_gini",0.775418477662045,0.0335895555676495,0.709582948749451,0.841254006574638,"occ"
"SK_2010","g_upper_d_cv2",-0.873302351387639,0.353901802838277,-1.56694988495066,-0.179654817824616,"occ"
"SK_2010","g_upper_d_var",-6588786644.71876,3828390944.73638,-14092432896.4021,914859606.964551,"occ"
"SK_2010","did_gini",0.0627067016077229,0.0179307755316732,0.0275623815656434,0.0978510216498024,"occ"
"SK_2010","did_cv2",0.665365295514935,0.326035630106953,0.0263354605053061,1.30439513052456,"occ"
"SK_2010","did_var",6603241022.6261,3799971868.90063,-844703840.419141,14051185885.6713,"occ"
"SK_2010","rratio_gini",1.1281727967625,0.0352742423053661,1.05903528184398,1.19731031168102,"occ"
"SI_2014","g_lower_wshare",0.0975243907345083,0,0.0975243907345083,0.0975243907345083,"occ"
"SI_2014","g_lower_mean_nwx",26808.0275418967,2835.34712194011,21250.747182894,32365.3079008993,"occ"
"SI_2014","g_lower_mean_nw",60076.6264248477,2781.41540972934,54625.0522217782,65528.2006279172,"occ"
"SI_2014","g_lower_mean_wt",33268.598882951,182.617025945019,32910.6695120988,33626.5282538033,"occ"
"SI_2014","g_lower_wt_over_nwx",1.25058189265624,0.136000568853186,0.984020777703993,1.51714300760848,"occ"
"SI_2014","g_lower_wt_volshare",0.0914111987378217,0.000443188588803084,0.0905425491037677,0.0922798483718758,"occ"
"SI_2014","g_lower_gini_nwx",1.78936308616,0.105798291435463,1.58199843494649,1.9967277373735,"occ"
"SI_2014","g_lower_gini_nw",0.620711790614044,0.0158092444710873,0.589725671450713,0.651697909777376,"occ"
"SI_2014","g_lower_cv2_nwx",27.3696862551996,4.25526370319131,19.0293693969446,35.7100031134545,"occ"
"SI_2014","g_lower_cv2_nw",1.85660112858357,0.158825051275515,1.54530402808357,2.16789822908358,"occ"
"SI_2014","g_lower_var_nwx",19397189385.3949,1275440889.0152,16897325242.9251,21897053527.8647,"occ"
"SI_2014","g_lower_var_nw",6732144113.09636,1090875223.4631,4594028675.10869,8870259551.08403,"occ"
"SI_2014","g_lower_d_gini",-1.16865129554595,0.112587670707584,-1.38932313013282,-0.947979460959086,"occ"
"SI_2014","g_lower_r_gini",0.347817979821587,0.0252075508483199,0.29841118015888,0.397224779484294,"occ"
"SI_2014","g_lower_d_cv2",-25.513085126616,4.33694050056005,-34.0134885077137,-17.0126817455183,"occ"
"SI_2014","g_lower_d_var",-12665045272.2985,236515989.248763,-13128616611.2261,-12201473933.371,"occ"
"SI_2014","g_middle_wshare",0.661324894088598,0,0.661324894088598,0.661324894088598,"occ"
"SI_2014","g_middle_mean_nwx",143979.168899342,12745.5286571367,118997.932731354,168960.40506733,"occ"
"SI_2014","g_middle_mean_nw",177615.750197781,12737.8406178177,152649.582586858,202581.917808704,"occ"
"SI_2014","g_middle_mean_wt",33636.5812984392,15.9447987470271,33605.329492895,33667.8331039834,"occ"
"SI_2014","g_middle_wt_over_nwx",0.234872193354709,0.0212119195826069,0.193296830972799,0.276447555736618,"occ"
"SI_2014","g_middle_wt_volshare",0.626728322505836,0.000277646357243225,0.626184135645639,0.627272509366032,"occ"
"SI_2014","g_middle_gini_nwx",0.912361336301981,0.0111855612270542,0.890437636296954,0.934285036307007,"occ"
"SI_2014","g_middle_gini_nw",0.709454936553149,0.018680388872569,0.672841374362914,0.746068498743384,"occ"
"SI_2014","g_middle_cv2_nwx",19.1238649673513,3.14338461388812,12.9628311241306,25.284898810572,"occ"
"SI_2014","g_middle_cv2_nw",12.4259914974794,2.46123604329345,7.60196885262421,17.2500141423345,"occ"
"SI_2014","g_middle_var_nwx",406083079707.459,133702034409.183,144027092265.46,668139067149.458,"occ"
"SI_2014","g_middle_var_nw",400684127242.339,132422469977.506,141136086086.427,660232168398.251,"occ"
"SI_2014","g_middle_d_gini",-0.202906399748832,0.0115612464385318,-0.225566442768354,-0.180246356729309,"occ"
"SI_2014","g_middle_r_gini",0.777544524941302,0.013808689521122,0.750479493479903,0.804609556402701,"occ"
"SI_2014","g_middle_d_cv2",-6.69787346987192,0.683837051147985,-8.03819409012197,-5.35755284962187,"occ"
"SI_2014","g_middle_d_var",-5398952465.1199,1450336649.18678,-8241612297.52598,-2556292632.71381,"occ"
"SI_2014","g_upper_wshare",0.241150715176894,0,0.241150715176894,0.241150715176894,"occ"
"SI_2014","g_upper_mean_nwx",158002.978441193,18373.8280499621,121990.275463267,194015.681419119,"occ"
"SI_2014","g_upper_mean_nw",199488.156221735,18373.8280499621,163475.453243809,235500.859199661,"occ"
"SI_2014","g_upper_mean_wt",41485.1777805419,0,41485.1777805419,41485.1777805419,"occ"
"SI_2014","g_upper_wt_over_nwx",0.265008269790188,0.0317736366863725,0.202731941884898,0.327284597695479,"occ"
"SI_2014","g_upper_wt_volshare",0.281860478756343,0.000196382394711817,0.281475569262708,0.282245388249978,"occ"
"SI_2014","g_upper_gini_nwx",0.795139128179054,0.0217535326595757,0.752502204166286,0.837776052191822,"occ"
"SI_2014","g_upper_gini_nw",0.596804260239702,0.036403771287124,0.525452868516939,0.668155651962465,"occ"
"SI_2014","g_upper_cv2_nwx",7.9491954165395,5.02364490408038,-1.89714859545803,17.795539428537,"occ"
"SI_2014","g_upper_cv2_nw",4.81944504447287,3.46924571194663,-1.98027655094252,11.6191666398883,"occ"
"SI_2014","g_upper_var_nwx",218244120709.359,186690329234.314,-147668924589.897,584157166008.615,"occ"
"SI_2014","g_upper_var_nw",208607228922.339,186440482113.604,-156816116020.325,574030573865.003,"occ"
"SI_2014","g_upper_d_gini",-0.198334867939352,0.0168278583127718,-0.231317470232385,-0.165352265646319,"occ"
"SI_2014","g_upper_r_gini",0.750139424718321,0.0270348776558256,0.697151064512903,0.803127784923739,"occ"
"SI_2014","g_upper_d_cv2",-3.12975037206663,1.5567950683978,-6.18106870612633,-0.078432038006941,"occ"
"SI_2014","g_upper_d_var",-9636891787.02016,458034839.125631,-10534640071.7064,-8739143502.33393,"occ"
"SI_2014","did_gini",-0.970316427606599,0.118747501347716,-1.20306153024812,-0.737571324965076,"occ"
"SI_2014","did_cv2",-22.3833347545494,4.25390486590879,-30.7209882917306,-14.0456812173682,"occ"
"SI_2014","did_var",-3028153485.27839,675947440.028569,-4353010467.73438,-1703296502.82239,"occ"
"SI_2014","rratio_gini",0.464437898399527,0.0442294276207099,0.377748220262936,0.551127576536119,"occ"
"ES_2011","g_lower_wshare",0.132563085985317,0,0.132563085985317,0.132563085985317,"occ"
"ES_2011","g_lower_mean_nwx",82093.9112478952,1802.02538973558,78561.9414840135,85625.881011777,"occ"
"ES_2011","g_lower_mean_nw",108611.350683602,902.548590876981,106842.355445483,110380.34592172,"occ"
"ES_2011","g_lower_mean_wt",26517.4394357063,1315.86802269993,23938.3381112144,29096.5407601982,"occ"
"ES_2011","g_lower_wt_over_nwx",0.323327413054295,0.0228386897898176,0.278563581066252,0.368091245042337,"occ"
"ES_2011","g_lower_wt_volshare",0.0311173022158185,0.0053522078320522,0.0206269748649962,0.0416076295666409,"occ"
"ES_2011","g_lower_gini_nwx",0.780934010390299,0.0291480608991063,0.723803811028051,0.838064209752547,"occ"
"ES_2011","g_lower_gini_nw",0.564601516815378,0.00300266916700766,0.558716285248043,0.570486748382713,"occ"
"ES_2011","g_lower_cv2_nwx",2.53412003301103,0.38930210313899,1.77108791085861,3.29715215516345,"occ"
"ES_2011","g_lower_cv2_nw",1.27595129588885,0.0143287808537215,1.24786688541556,1.30403570636215,"occ"
"ES_2011","g_lower_var_nwx",17014239264.4155,1863228610.16614,13362311188.4899,20666167340.3411,"occ"
"ES_2011","g_lower_var_nw",15050604097.1204,109762062.507738,14835470454.6052,15265737739.6355,"occ"
"ES_2011","g_lower_d_gini",-0.216332493574921,0.0274762728436862,-0.270185988348546,-0.162478998801296,"occ"
"ES_2011","g_lower_r_gini",0.723577265478828,0.0241288135696775,0.67628479088226,0.770869740075396,"occ"
"ES_2011","g_lower_d_cv2",-1.25816873712218,0.382793421241865,-2.00844384275623,-0.507893631488122,"occ"
"ES_2011","g_lower_d_var",-1963635167.29514,1879460825.06931,-5647378384.43099,1720108049.84071,"occ"
"ES_2011","g_middle_wshare",0.644147296952926,0,0.644147296952926,0.644147296952926,"occ"
"ES_2011","g_middle_mean_nwx",116889.072024907,36958.7578920817,44449.9065564273,189328.237493387,"occ"
"ES_2011","g_middle_mean_nw",226240.177618918,5807.3448970463,214857.781620708,237622.573617129,"occ"
"ES_2011","g_middle_mean_wt",109351.105594011,36971.9022704042,36886.1771440189,181816.034044003,"occ"
"ES_2011","g_middle_wt_over_nwx",1.09580213136696,0.769759291151761,-0.412926079290487,2.60453034202442,"occ"
"ES_2011","g_middle_wt_volshare",0.599724778037377,0.0868356769008853,0.429526851311642,0.769922704763113,"occ"
"ES_2011","g_middle_gini_nwx",1.69980712173964,0.995901191106481,-0.25215921282906,3.65177345630835,"occ"
"ES_2011","g_middle_gini_nw",0.555152361454955,0.0126156361509162,0.530425714599159,0.579879008310751,"occ"
"ES_2011","g_middle_cv2_nwx",147.644832177906,239.198164055803,-321.183569371468,616.47323372728,"occ"
"ES_2011","g_middle_cv2_nw",2.55616745925725,0.681367841594491,1.22068648973205,3.89164842878245,"occ"
"ES_2011","g_middle_var_nwx",993840167922.545,1186098781015.82,-1330913442868.47,3318593778713.56,"occ"
"ES_2011","g_middle_var_nw",132089722949.503,42896738478.5404,48012115531.5641,216167330367.442,"occ"
"ES_2011","g_middle_d_gini",-1.14465476028469,0.996340386445876,-3.0974819177186,0.808172397149229,"occ"
"ES_2011","g_middle_r_gini",0.396042566425718,0.181419629167144,0.0404600932581151,0.751625039593321,"occ"
"ES_2011","g_middle_d_cv2",-145.088664718649,239.278124465638,-614.073788671299,323.896459234001,"occ"
"ES_2011","g_middle_d_var",-861750444973.042,1190733600645.5,-3195588302238.23,1472087412292.15,"occ"
"ES_2011","g_upper_wshare",0.223289617061757,0,0.223289617061757,0.223289617061757,"occ"
"ES_2011","g_upper_mean_nwx",350799.995566988,19852.8302091351,311888.448357083,389711.542776893,"occ"
"ES_2011","g_upper_mean_nw",536468.296866502,5659.52557876228,525375.626732128,547560.967000876,"occ"
"ES_2011","g_upper_mean_wt",185668.301299514,17341.647802786,151678.671606053,219657.930992975,"occ"
"ES_2011","g_upper_wt_over_nwx",0.53227157069164,0.080805625581899,0.373892544551118,0.690650596832162,"occ"
"ES_2011","g_upper_wt_volshare",0.369157919746804,0.0823604816581034,0.207731375696921,0.530584463796687,"occ"
"ES_2011","g_upper_gini_nwx",1.06669669370391,0.111102523766836,0.848935747120911,1.28445764028691,"occ"
"ES_2011","g_upper_gini_nw",0.652759663692297,0.0054262596781913,0.642124194723042,0.663395132661552,"occ"
"ES_2011","g_upper_cv2_nwx",26.7467841236301,3.20926590538606,20.4566229490734,33.0369452981868,"occ"
"ES_2011","g_upper_cv2_nw",10.8721357297748,0.686088301608619,9.52740265862188,12.2168688009277,"occ"
"ES_2011","g_upper_var_nwx",3272380736049.38,170653211521.614,2937900441467.01,3606861030631.74,"occ"
"ES_2011","g_upper_var_nw",3131534204009.61,258458106885.692,2624956314513.65,3638112093505.57,"occ"
"ES_2011","g_upper_d_gini",-0.413937030011612,0.110473004170946,-0.630464118186665,-0.197409941836558,"occ"
"ES_2011","g_upper_r_gini",0.616036965669773,0.0593690513654027,0.499673624993584,0.732400306345963,"occ"
"ES_2011","g_upper_d_cv2",-15.8746483938553,3.44007260843082,-22.6171907063797,-9.13210608133091,"occ"
"ES_2011","g_upper_d_var",-140846532039.767,229741790542.185,-591140441502.45,309447377422.917,"occ"
"ES_2011","did_gini",0.19760453643669,0.126939864434067,-0.0511975978540811,0.446406670727461,"occ"
"ES_2011","did_cv2",14.6164796567331,3.63779181341435,7.48640770244101,21.7465516110253,"occ"
"ES_2011","did_var",138882896872.471,228875750586.32,-309713574276.716,587479368021.659,"occ"
"ES_2011","rratio_gini",1.18372546276318,0.14613508271293,0.897300700645837,1.47015022488052,"occ"
"US_2013","g_lower_wshare",0.0715557257564057,0.000189038632996598,0.0711852100357323,0.071926241477079,"occ"
"US_2013","g_lower_mean_nwx",58231.2886617498,13422.573920426,31923.0437777149,84539.5335457846,"occ"
"US_2013","g_lower_mean_nw",86620.6707496822,2463.87450856376,81791.4767128972,91449.8647864672,"occ"
"US_2013","g_lower_mean_wt",28389.3820879325,15002.1806169619,-1014.89192131287,57793.6560971778,"occ"
"US_2013","g_lower_wt_over_nwx",0.569364489863386,0.532691018774794,-0.474709906935211,1.61343888666198,"occ"
"US_2013","g_lower_wt_volshare",0.0238321244048977,0.0122301200881351,-0.000138910967847079,0.0478031597776425,"occ"
"US_2013","g_lower_gini_nwx",1.58650845058792,0.899424518640509,-0.176363605947474,3.34938050712332,"occ"
"US_2013","g_lower_gini_nw",0.833507392903873,0.00796002147772472,0.817905750807533,0.849109035000214,"occ"
"US_2013","g_lower_cv2_nwx",60.8712995389663,112.975067565467,-160.55983288935,282.302431967283,"occ"
"US_2013","g_lower_cv2_nw",7.33843794903497,1.2973323342434,4.79566657391791,9.88120932415204,"occ"
"US_2013","g_lower_var_nwx",112593294707.769,131280752166.596,-144716979538.758,369903568954.297,"occ"
"US_2013","g_lower_var_nw",55401465126.1129,12489505600.3733,30922034149.3813,79880896102.8444,"occ"
"US_2013","g_lower_d_gini",-0.75300105768405,0.891580583064107,-2.5004990004897,0.9944968851216,"occ"
"US_2013","g_lower_r_gini",0.602724682647694,0.207096974758153,0.196814612121714,1.00863475317367,"occ"
"US_2013","g_lower_d_cv2",-53.5328615899313,112.041087907459,-273.133393888551,166.067670708688,"occ"
"US_2013","g_lower_d_var",-57191829581.6564,122074838763.447,-296458513558.013,182074854394.701,"occ"
"US_2013","g_middle_wshare",0.458160460154459,0.000885920440238363,0.456424056091592,0.459896864217326,"occ"
"US_2013","g_middle_mean_nwx",156431.39930336,2150.96783873212,152215.502339445,160647.296267275,"occ"
"US_2013","g_middle_mean_nw",209991.281803963,1821.86301397646,206420.430296569,213562.133311357,"occ"
"US_2013","g_middle_mean_wt",53559.8825006028,1445.93498147643,50725.8499369089,56393.9150642966,"occ"
"US_2013","g_middle_wt_over_nwx",0.342475950493686,0.0124747025311041,0.318025533532722,0.36692636745465,"occ"
"US_2013","g_middle_wt_volshare",0.28869097982151,0.00919532897834138,0.270668135023961,0.306713824619059,"occ"
"US_2013","g_middle_gini_nwx",1.1891767323271,0.0205028531712413,1.14899114011147,1.22936232454274,"occ"
"US_2013","g_middle_gini_nw",0.892516099800977,0.000699620680673599,0.891144843266857,0.893887356335097,"occ"
"US_2013","g_middle_cv2_nwx",90.2632259961702,6.17198944350533,78.1661266868998,102.360325305441,"occ"
"US_2013","g_middle_cv2_nw",52.2451327865851,2.06580597806407,48.1961530695795,56.2941125035907,"occ"
"US_2013","g_middle_var_nwx",2208203473561.78,145697834833.709,1922635717287.71,2493771229835.85,"occ"
"US_2013","g_middle_var_nw",2304542287730.7,119988047073.472,2069365715466.69,2539718859994.7,"occ"
"US_2013","g_middle_d_gini",-0.296660632526127,0.0207958795623911,-0.337420556468413,-0.25590070858384,"occ"
"US_2013","g_middle_r_gini",0.750684891368453,0.0132433698935719,0.724727886377052,0.776641896359854,"occ"
"US_2013","g_middle_d_cv2",-38.0180932095851,4.24720884441374,-46.3426225446361,-29.6935638745342,"occ"
"US_2013","g_middle_d_var",96338814168.9138,32796683490.4618,32057314527.6088,160620313810.219,"occ"
"US_2013","g_upper_wshare",0.470283814089136,0.00103739225548056,0.468250525268394,0.472317102909877,"occ"
"US_2013","g_upper_mean_nwx",654136.66023346,5343.7843644493,643662.842879139,664610.477587781,"occ"
"US_2013","g_upper_mean_nw",778429.702299961,7231.65325548785,764255.661919205,792603.742680717,"occ"
"US_2013","g_upper_mean_wt",124293.042066501,4068.73166419705,116318.328004675,132267.756128327,"occ"
"US_2013","g_upper_wt_over_nwx",0.190013558755052,0.0061358008242481,0.177987389139526,0.202039728370578,"occ"
"US_2013","g_upper_wt_volshare",0.687476895773593,0.0152545707789515,0.657577937046848,0.717375854500338,"occ"
"US_2013","g_upper_gini_nwx",0.990250671857603,0.00880110190253942,0.973000512128626,1.00750083158658,"occ"
"US_2013","g_upper_gini_nw",0.870230507763375,0.000799484170131265,0.868663518789917,0.871797496736832,"occ"
"US_2013","g_upper_cv2_nwx",74.4450365601925,2.77356257615328,69.0088539109321,79.881219209453,"occ"
"US_2013","g_upper_cv2_nw",53.3904271896186,1.84974217972878,49.7649325173502,57.015921861887,"occ"
"US_2013","g_upper_var_nwx",31843811979300.5,725355066777.719,30422116048416.2,33265507910184.8,"occ"
"US_2013","g_upper_var_nw",32340892873794.1,595511616416.137,31173690105618.5,33508095641969.7,"occ"
"US_2013","g_upper_d_gini",-0.120020164094228,0.00879058669423735,-0.137249714014933,-0.102790614173523,"occ"
"US_2013","g_upper_r_gini",0.878844284703834,0.00781685478068076,0.8635232493337,0.894165320073969,"occ"
"US_2013","g_upper_d_cv2",-21.0546093705739,1.12709107676701,-23.2637078810373,-18.8455108601106,"occ"
"US_2013","g_upper_d_var",497080894493.616,164332468965.496,174989255321.243,819172533665.988,"occ"
"US_2013","did_gini",-0.632980893589822,0.890919162051489,-2.37918245121074,1.1132206640311,"occ"
"US_2013","did_cv2",-32.4782522193574,111.79948972188,-251.605252074241,186.648747635526,"occ"
"US_2013","did_var",-554272724075.272,158497177410.332,-864927191799.522,-243618256351.022,"occ"
"US_2013","rratio_gini",0.685815464722909,0.236026751670256,0.223203031449207,1.14842789799661,"occ"
"AT_2011","g_lower_wshare",NA,NA,NA,NA,"pared"
"AT_2011","g_lower_mean_nwx",NA,NA,NA,NA,"pared"
"AT_2011","g_lower_mean_nw",NA,NA,NA,NA,"pared"
"AT_2011","g_lower_mean_wt",NA,NA,NA,NA,"pared"
"AT_2011","g_lower_wt_over_nwx",NA,NA,NA,NA,"pared"
"AT_2011","g_lower_wt_volshare",NA,NA,NA,NA,"pared"
"AT_2011","g_lower_gini_nwx",NA,NA,NA,NA,"pared"
"AT_2011","g_lower_gini_nw",NA,NA,NA,NA,"pared"
"AT_2011","g_lower_cv2_nwx",NA,NA,NA,NA,"pared"
"AT_2011","g_lower_cv2_nw",NA,NA,NA,NA,"pared"
"AT_2011","g_lower_var_nwx",NA,NA,NA,NA,"pared"
"AT_2011","g_lower_var_nw",NA,NA,NA,NA,"pared"
"AT_2011","g_lower_d_gini",NA,NA,NA,NA,"pared"
"AT_2011","g_lower_r_gini",NA,NA,NA,NA,"pared"
"AT_2011","g_lower_d_cv2",NA,NA,NA,NA,"pared"
"AT_2011","g_lower_d_var",NA,NA,NA,NA,"pared"
"AT_2011","g_upper_wshare",NA,NA,NA,NA,"pared"
"AT_2011","g_upper_mean_nwx",NA,NA,NA,NA,"pared"
"AT_2011","g_upper_mean_nw",NA,NA,NA,NA,"pared"
"AT_2011","g_upper_mean_wt",NA,NA,NA,NA,"pared"
"AT_2011","g_upper_wt_over_nwx",NA,NA,NA,NA,"pared"
"AT_2011","g_upper_wt_volshare",NA,NA,NA,NA,"pared"
"AT_2011","g_upper_gini_nwx",NA,NA,NA,NA,"pared"
"AT_2011","g_upper_gini_nw",NA,NA,NA,NA,"pared"
"AT_2011","g_upper_cv2_nwx",NA,NA,NA,NA,"pared"
"AT_2011","g_upper_cv2_nw",NA,NA,NA,NA,"pared"
"AT_2011","g_upper_var_nwx",NA,NA,NA,NA,"pared"
"AT_2011","g_upper_var_nw",NA,NA,NA,NA,"pared"
"AT_2011","g_upper_d_gini",NA,NA,NA,NA,"pared"
"AT_2011","g_upper_r_gini",NA,NA,NA,NA,"pared"
"AT_2011","g_upper_d_cv2",NA,NA,NA,NA,"pared"
"AT_2011","g_upper_d_var",NA,NA,NA,NA,"pared"
"AT_2011","did_gini",NA,NA,NA,NA,"pared"
"AT_2011","did_cv2",NA,NA,NA,NA,"pared"
"AT_2011","did_var",NA,NA,NA,NA,"pared"
"AT_2011","rratio_gini",NA,NA,NA,NA,"pared"
"EE_2013","g_lower_wshare",NA,NA,NA,NA,"pared"
"EE_2013","g_lower_mean_nwx",NA,NA,NA,NA,"pared"
"EE_2013","g_lower_mean_nw",NA,NA,NA,NA,"pared"
"EE_2013","g_lower_mean_wt",NA,NA,NA,NA,"pared"
"EE_2013","g_lower_wt_over_nwx",NA,NA,NA,NA,"pared"
"EE_2013","g_lower_wt_volshare",NA,NA,NA,NA,"pared"
"EE_2013","g_lower_gini_nwx",NA,NA,NA,NA,"pared"
"EE_2013","g_lower_gini_nw",NA,NA,NA,NA,"pared"
"EE_2013","g_lower_cv2_nwx",NA,NA,NA,NA,"pared"
"EE_2013","g_lower_cv2_nw",NA,NA,NA,NA,"pared"
"EE_2013","g_lower_var_nwx",NA,NA,NA,NA,"pared"
"EE_2013","g_lower_var_nw",NA,NA,NA,NA,"pared"
"EE_2013","g_lower_d_gini",NA,NA,NA,NA,"pared"
"EE_2013","g_lower_r_gini",NA,NA,NA,NA,"pared"
"EE_2013","g_lower_d_cv2",NA,NA,NA,NA,"pared"
"EE_2013","g_lower_d_var",NA,NA,NA,NA,"pared"
"EE_2013","g_upper_wshare",NA,NA,NA,NA,"pared"
"EE_2013","g_upper_mean_nwx",NA,NA,NA,NA,"pared"
"EE_2013","g_upper_mean_nw",NA,NA,NA,NA,"pared"
"EE_2013","g_upper_mean_wt",NA,NA,NA,NA,"pared"
"EE_2013","g_upper_wt_over_nwx",NA,NA,NA,NA,"pared"
"EE_2013","g_upper_wt_volshare",NA,NA,NA,NA,"pared"
"EE_2013","g_upper_gini_nwx",NA,NA,NA,NA,"pared"
"EE_2013","g_upper_gini_nw",NA,NA,NA,NA,"pared"
"EE_2013","g_upper_cv2_nwx",NA,NA,NA,NA,"pared"
"EE_2013","g_upper_cv2_nw",NA,NA,NA,NA,"pared"
"EE_2013","g_upper_var_nwx",NA,NA,NA,NA,"pared"
"EE_2013","g_upper_var_nw",NA,NA,NA,NA,"pared"
"EE_2013","g_upper_d_gini",NA,NA,NA,NA,"pared"
"EE_2013","g_upper_r_gini",NA,NA,NA,NA,"pared"
"EE_2013","g_upper_d_cv2",NA,NA,NA,NA,"pared"
"EE_2013","g_upper_d_var",NA,NA,NA,NA,"pared"
"EE_2013","did_gini",NA,NA,NA,NA,"pared"
"EE_2013","did_cv2",NA,NA,NA,NA,"pared"
"EE_2013","did_var",NA,NA,NA,NA,"pared"
"EE_2013","rratio_gini",NA,NA,NA,NA,"pared"
"FR_2009","g_lower_wshare",NA,NA,NA,NA,"pared"
"FR_2009","g_lower_mean_nwx",NA,NA,NA,NA,"pared"
"FR_2009","g_lower_mean_nw",NA,NA,NA,NA,"pared"
"FR_2009","g_lower_mean_wt",NA,NA,NA,NA,"pared"
"FR_2009","g_lower_wt_over_nwx",NA,NA,NA,NA,"pared"
"FR_2009","g_lower_wt_volshare",NA,NA,NA,NA,"pared"
"FR_2009","g_lower_gini_nwx",NA,NA,NA,NA,"pared"
"FR_2009","g_lower_gini_nw",NA,NA,NA,NA,"pared"
"FR_2009","g_lower_cv2_nwx",NA,NA,NA,NA,"pared"
"FR_2009","g_lower_cv2_nw",NA,NA,NA,NA,"pared"
"FR_2009","g_lower_var_nwx",NA,NA,NA,NA,"pared"
"FR_2009","g_lower_var_nw",NA,NA,NA,NA,"pared"
"FR_2009","g_lower_d_gini",NA,NA,NA,NA,"pared"
"FR_2009","g_lower_r_gini",NA,NA,NA,NA,"pared"
"FR_2009","g_lower_d_cv2",NA,NA,NA,NA,"pared"
"FR_2009","g_lower_d_var",NA,NA,NA,NA,"pared"
"FR_2009","g_upper_wshare",NA,NA,NA,NA,"pared"
"FR_2009","g_upper_mean_nwx",NA,NA,NA,NA,"pared"
"FR_2009","g_upper_mean_nw",NA,NA,NA,NA,"pared"
"FR_2009","g_upper_mean_wt",NA,NA,NA,NA,"pared"
"FR_2009","g_upper_wt_over_nwx",NA,NA,NA,NA,"pared"
"FR_2009","g_upper_wt_volshare",NA,NA,NA,NA,"pared"
"FR_2009","g_upper_gini_nwx",NA,NA,NA,NA,"pared"
"FR_2009","g_upper_gini_nw",NA,NA,NA,NA,"pared"
"FR_2009","g_upper_cv2_nwx",NA,NA,NA,NA,"pared"
"FR_2009","g_upper_cv2_nw",NA,NA,NA,NA,"pared"
"FR_2009","g_upper_var_nwx",NA,NA,NA,NA,"pared"
"FR_2009","g_upper_var_nw",NA,NA,NA,NA,"pared"
"FR_2009","g_upper_d_gini",NA,NA,NA,NA,"pared"
"FR_2009","g_upper_r_gini",NA,NA,NA,NA,"pared"
"FR_2009","g_upper_d_cv2",NA,NA,NA,NA,"pared"
"FR_2009","g_upper_d_var",NA,NA,NA,NA,"pared"
"FR_2009","did_gini",NA,NA,NA,NA,"pared"
"FR_2009","did_cv2",NA,NA,NA,NA,"pared"
"FR_2009","did_var",NA,NA,NA,NA,"pared"
"FR_2009","rratio_gini",NA,NA,NA,NA,"pared"
"GR_2009","g_lower_wshare",NA,NA,NA,NA,"pared"
"GR_2009","g_lower_mean_nwx",NA,NA,NA,NA,"pared"
"GR_2009","g_lower_mean_nw",NA,NA,NA,NA,"pared"
"GR_2009","g_lower_mean_wt",NA,NA,NA,NA,"pared"
"GR_2009","g_lower_wt_over_nwx",NA,NA,NA,NA,"pared"
"GR_2009","g_lower_wt_volshare",NA,NA,NA,NA,"pared"
"GR_2009","g_lower_gini_nwx",NA,NA,NA,NA,"pared"
"GR_2009","g_lower_gini_nw",NA,NA,NA,NA,"pared"
"GR_2009","g_lower_cv2_nwx",NA,NA,NA,NA,"pared"
"GR_2009","g_lower_cv2_nw",NA,NA,NA,NA,"pared"
"GR_2009","g_lower_var_nwx",NA,NA,NA,NA,"pared"
"GR_2009","g_lower_var_nw",NA,NA,NA,NA,"pared"
"GR_2009","g_lower_d_gini",NA,NA,NA,NA,"pared"
"GR_2009","g_lower_r_gini",NA,NA,NA,NA,"pared"
"GR_2009","g_lower_d_cv2",NA,NA,NA,NA,"pared"
"GR_2009","g_lower_d_var",NA,NA,NA,NA,"pared"
"GR_2009","g_upper_wshare",NA,NA,NA,NA,"pared"
"GR_2009","g_upper_mean_nwx",NA,NA,NA,NA,"pared"
"GR_2009","g_upper_mean_nw",NA,NA,NA,NA,"pared"
"GR_2009","g_upper_mean_wt",NA,NA,NA,NA,"pared"
"GR_2009","g_upper_wt_over_nwx",NA,NA,NA,NA,"pared"
"GR_2009","g_upper_wt_volshare",NA,NA,NA,NA,"pared"
"GR_2009","g_upper_gini_nwx",NA,NA,NA,NA,"pared"
"GR_2009","g_upper_gini_nw",NA,NA,NA,NA,"pared"
"GR_2009","g_upper_cv2_nwx",NA,NA,NA,NA,"pared"
"GR_2009","g_upper_cv2_nw",NA,NA,NA,NA,"pared"
"GR_2009","g_upper_var_nwx",NA,NA,NA,NA,"pared"
"GR_2009","g_upper_var_nw",NA,NA,NA,NA,"pared"
"GR_2009","g_upper_d_gini",NA,NA,NA,NA,"pared"
"GR_2009","g_upper_r_gini",NA,NA,NA,NA,"pared"
"GR_2009","g_upper_d_cv2",NA,NA,NA,NA,"pared"
"GR_2009","g_upper_d_var",NA,NA,NA,NA,"pared"
"GR_2009","did_gini",NA,NA,NA,NA,"pared"
"GR_2009","did_cv2",NA,NA,NA,NA,"pared"
"GR_2009","did_var",NA,NA,NA,NA,"pared"
"GR_2009","rratio_gini",NA,NA,NA,NA,"pared"
"IT_2014","g_lower_wshare",0.970602740009982,NA,NA,NA,"pared"
"IT_2014","g_lower_mean_nwx",172314.941615423,NA,NA,NA,"pared"
"IT_2014","g_lower_mean_nw",227157.675709972,NA,NA,NA,"pared"
"IT_2014","g_lower_mean_wt",54842.7340945487,NA,NA,NA,"pared"
"IT_2014","g_lower_wt_over_nwx",0.318270334426065,NA,NA,NA,"pared"
"IT_2014","g_lower_wt_volshare",0.886638907454138,NA,NA,NA,"pared"
"IT_2014","g_lower_gini_nwx",0.796716503955848,NA,NA,NA,"pared"
"IT_2014","g_lower_gini_nw",0.580521922093057,NA,NA,NA,"pared"
"IT_2014","g_lower_cv2_nwx",6.73669967049114,NA,NA,NA,"pared"
"IT_2014","g_lower_cv2_nw",2.51489264817105,NA,NA,NA,"pared"
"IT_2014","g_lower_var_nwx",200029044727.502,NA,NA,NA,"pared"
"IT_2014","g_lower_var_nw",129769993809.582,NA,NA,NA,"pared"
"IT_2014","g_lower_d_gini",-0.216194581862791,NA,NA,NA,"pared"
"IT_2014","g_lower_r_gini",0.728643023221756,NA,NA,NA,"pared"
"IT_2014","g_lower_d_cv2",-4.22180702232009,NA,NA,NA,"pared"
"IT_2014","g_lower_d_var",-70259050917.9196,NA,NA,NA,"pared"
"IT_2014","g_upper_wshare",0.0293972599900182,NA,NA,NA,"pared"
"IT_2014","g_upper_mean_nwx",356914.600834411,NA,NA,NA,"pared"
"IT_2014","g_upper_mean_nw",588425.261956879,NA,NA,NA,"pared"
"IT_2014","g_upper_mean_wt",231510.661122468,NA,NA,NA,"pared"
"IT_2014","g_upper_wt_over_nwx",0.648644411243564,NA,NA,NA,"pared"
"IT_2014","g_upper_wt_volshare",0.113361092545863,NA,NA,NA,"pared"
"IT_2014","g_upper_gini_nwx",0.977941326390105,NA,NA,NA,"pared"
"IT_2014","g_upper_gini_nw",0.56300172440455,NA,NA,NA,"pared"
"IT_2014","g_upper_cv2_nwx",4.28055610644331,NA,NA,NA,"pared"
"IT_2014","g_upper_cv2_nw",1.61101415291977,NA,NA,NA,"pared"
"IT_2014","g_upper_var_nwx",545291619501.563,NA,NA,NA,"pared"
"IT_2014","g_upper_var_nw",557804449800.077,NA,NA,NA,"pared"
"IT_2014","g_upper_d_gini",-0.414939601985554,NA,NA,NA,"pared"
"IT_2014","g_upper_r_gini",0.575700923165575,NA,NA,NA,"pared"
"IT_2014","g_upper_d_cv2",-2.66954195352353,NA,NA,NA,"pared"
"IT_2014","g_upper_d_var",12512830298.5134,NA,NA,NA,"pared"
"IT_2014","did_gini",0.198745020122764,NA,NA,NA,"pared"
"IT_2014","did_cv2",-1.55226506879656,NA,NA,NA,"pared"
"IT_2014","did_var",-82771881216.4329,NA,NA,NA,"pared"
"IT_2014","rratio_gini",1.26566241932566,NA,NA,NA,"pared"
"LU_2010","g_lower_wshare",NA,NA,NA,NA,"pared"
"LU_2010","g_lower_mean_nwx",NA,NA,NA,NA,"pared"
"LU_2010","g_lower_mean_nw",NA,NA,NA,NA,"pared"
"LU_2010","g_lower_mean_wt",NA,NA,NA,NA,"pared"
"LU_2010","g_lower_wt_over_nwx",NA,NA,NA,NA,"pared"
"LU_2010","g_lower_wt_volshare",NA,NA,NA,NA,"pared"
"LU_2010","g_lower_gini_nwx",NA,NA,NA,NA,"pared"
"LU_2010","g_lower_gini_nw",NA,NA,NA,NA,"pared"
"LU_2010","g_lower_cv2_nwx",NA,NA,NA,NA,"pared"
"LU_2010","g_lower_cv2_nw",NA,NA,NA,NA,"pared"
"LU_2010","g_lower_var_nwx",NA,NA,NA,NA,"pared"
"LU_2010","g_lower_var_nw",NA,NA,NA,NA,"pared"
"LU_2010","g_lower_d_gini",NA,NA,NA,NA,"pared"
"LU_2010","g_lower_r_gini",NA,NA,NA,NA,"pared"
"LU_2010","g_lower_d_cv2",NA,NA,NA,NA,"pared"
"LU_2010","g_lower_d_var",NA,NA,NA,NA,"pared"
"LU_2010","g_upper_wshare",NA,NA,NA,NA,"pared"
"LU_2010","g_upper_mean_nwx",NA,NA,NA,NA,"pared"
"LU_2010","g_upper_mean_nw",NA,NA,NA,NA,"pared"
"LU_2010","g_upper_mean_wt",NA,NA,NA,NA,"pared"
"LU_2010","g_upper_wt_over_nwx",NA,NA,NA,NA,"pared"
"LU_2010","g_upper_wt_volshare",NA,NA,NA,NA,"pared"
"LU_2010","g_upper_gini_nwx",NA,NA,NA,NA,"pared"
"LU_2010","g_upper_gini_nw",NA,NA,NA,NA,"pared"
"LU_2010","g_upper_cv2_nwx",NA,NA,NA,NA,"pared"
"LU_2010","g_upper_cv2_nw",NA,NA,NA,NA,"pared"
"LU_2010","g_upper_var_nwx",NA,NA,NA,NA,"pared"
"LU_2010","g_upper_var_nw",NA,NA,NA,NA,"pared"
"LU_2010","g_upper_d_gini",NA,NA,NA,NA,"pared"
"LU_2010","g_upper_r_gini",NA,NA,NA,NA,"pared"
"LU_2010","g_upper_d_cv2",NA,NA,NA,NA,"pared"
"LU_2010","g_upper_d_var",NA,NA,NA,NA,"pared"
"LU_2010","did_gini",NA,NA,NA,NA,"pared"
"LU_2010","did_cv2",NA,NA,NA,NA,"pared"
"LU_2010","did_var",NA,NA,NA,NA,"pared"
"LU_2010","rratio_gini",NA,NA,NA,NA,"pared"
"SK_2010","g_lower_wshare",NA,NA,NA,NA,"pared"
"SK_2010","g_lower_mean_nwx",NA,NA,NA,NA,"pared"
"SK_2010","g_lower_mean_nw",NA,NA,NA,NA,"pared"
"SK_2010","g_lower_mean_wt",NA,NA,NA,NA,"pared"
"SK_2010","g_lower_wt_over_nwx",NA,NA,NA,NA,"pared"
"SK_2010","g_lower_wt_volshare",NA,NA,NA,NA,"pared"
"SK_2010","g_lower_gini_nwx",NA,NA,NA,NA,"pared"
"SK_2010","g_lower_gini_nw",NA,NA,NA,NA,"pared"
"SK_2010","g_lower_cv2_nwx",NA,NA,NA,NA,"pared"
"SK_2010","g_lower_cv2_nw",NA,NA,NA,NA,"pared"
"SK_2010","g_lower_var_nwx",NA,NA,NA,NA,"pared"
"SK_2010","g_lower_var_nw",NA,NA,NA,NA,"pared"
"SK_2010","g_lower_d_gini",NA,NA,NA,NA,"pared"
"SK_2010","g_lower_r_gini",NA,NA,NA,NA,"pared"
"SK_2010","g_lower_d_cv2",NA,NA,NA,NA,"pared"
"SK_2010","g_lower_d_var",NA,NA,NA,NA,"pared"
"SK_2010","g_upper_wshare",NA,NA,NA,NA,"pared"
"SK_2010","g_upper_mean_nwx",NA,NA,NA,NA,"pared"
"SK_2010","g_upper_mean_nw",NA,NA,NA,NA,"pared"
"SK_2010","g_upper_mean_wt",NA,NA,NA,NA,"pared"
"SK_2010","g_upper_wt_over_nwx",NA,NA,NA,NA,"pared"
"SK_2010","g_upper_wt_volshare",NA,NA,NA,NA,"pared"
"SK_2010","g_upper_gini_nwx",NA,NA,NA,NA,"pared"
"SK_2010","g_upper_gini_nw",NA,NA,NA,NA,"pared"
"SK_2010","g_upper_cv2_nwx",NA,NA,NA,NA,"pared"
"SK_2010","g_upper_cv2_nw",NA,NA,NA,NA,"pared"
"SK_2010","g_upper_var_nwx",NA,NA,NA,NA,"pared"
"SK_2010","g_upper_var_nw",NA,NA,NA,NA,"pared"
"SK_2010","g_upper_d_gini",NA,NA,NA,NA,"pared"
"SK_2010","g_upper_r_gini",NA,NA,NA,NA,"pared"
"SK_2010","g_upper_d_cv2",NA,NA,NA,NA,"pared"
"SK_2010","g_upper_d_var",NA,NA,NA,NA,"pared"
"SK_2010","did_gini",NA,NA,NA,NA,"pared"
"SK_2010","did_cv2",NA,NA,NA,NA,"pared"
"SK_2010","did_var",NA,NA,NA,NA,"pared"
"SK_2010","rratio_gini",NA,NA,NA,NA,"pared"
"SI_2014","g_lower_wshare",NA,NA,NA,NA,"pared"
"SI_2014","g_lower_mean_nwx",NA,NA,NA,NA,"pared"
"SI_2014","g_lower_mean_nw",NA,NA,NA,NA,"pared"
"SI_2014","g_lower_mean_wt",NA,NA,NA,NA,"pared"
"SI_2014","g_lower_wt_over_nwx",NA,NA,NA,NA,"pared"
"SI_2014","g_lower_wt_volshare",NA,NA,NA,NA,"pared"
"SI_2014","g_lower_gini_nwx",NA,NA,NA,NA,"pared"
"SI_2014","g_lower_gini_nw",NA,NA,NA,NA,"pared"
"SI_2014","g_lower_cv2_nwx",NA,NA,NA,NA,"pared"
"SI_2014","g_lower_cv2_nw",NA,NA,NA,NA,"pared"
"SI_2014","g_lower_var_nwx",NA,NA,NA,NA,"pared"
"SI_2014","g_lower_var_nw",NA,NA,NA,NA,"pared"
"SI_2014","g_lower_d_gini",NA,NA,NA,NA,"pared"
"SI_2014","g_lower_r_gini",NA,NA,NA,NA,"pared"
"SI_2014","g_lower_d_cv2",NA,NA,NA,NA,"pared"
"SI_2014","g_lower_d_var",NA,NA,NA,NA,"pared"
"SI_2014","g_upper_wshare",NA,NA,NA,NA,"pared"
"SI_2014","g_upper_mean_nwx",NA,NA,NA,NA,"pared"
"SI_2014","g_upper_mean_nw",NA,NA,NA,NA,"pared"
"SI_2014","g_upper_mean_wt",NA,NA,NA,NA,"pared"
"SI_2014","g_upper_wt_over_nwx",NA,NA,NA,NA,"pared"
"SI_2014","g_upper_wt_volshare",NA,NA,NA,NA,"pared"
"SI_2014","g_upper_gini_nwx",NA,NA,NA,NA,"pared"
"SI_2014","g_upper_gini_nw",NA,NA,NA,NA,"pared"
"SI_2014","g_upper_cv2_nwx",NA,NA,NA,NA,"pared"
"SI_2014","g_upper_cv2_nw",NA,NA,NA,NA,"pared"
"SI_2014","g_upper_var_nwx",NA,NA,NA,NA,"pared"
"SI_2014","g_upper_var_nw",NA,NA,NA,NA,"pared"
"SI_2014","g_upper_d_gini",NA,NA,NA,NA,"pared"
"SI_2014","g_upper_r_gini",NA,NA,NA,NA,"pared"
"SI_2014","g_upper_d_cv2",NA,NA,NA,NA,"pared"
"SI_2014","g_upper_d_var",NA,NA,NA,NA,"pared"
"SI_2014","did_gini",NA,NA,NA,NA,"pared"
"SI_2014","did_cv2",NA,NA,NA,NA,"pared"
"SI_2014","did_var",NA,NA,NA,NA,"pared"
"SI_2014","rratio_gini",NA,NA,NA,NA,"pared"
"ES_2011","g_lower_wshare",NA,NA,NA,NA,"pared"
"ES_2011","g_lower_mean_nwx",NA,NA,NA,NA,"pared"
"ES_2011","g_lower_mean_nw",NA,NA,NA,NA,"pared"
"ES_2011","g_lower_mean_wt",NA,NA,NA,NA,"pared"
"ES_2011","g_lower_wt_over_nwx",NA,NA,NA,NA,"pared"
"ES_2011","g_lower_wt_volshare",NA,NA,NA,NA,"pared"
"ES_2011","g_lower_gini_nwx",NA,NA,NA,NA,"pared"
"ES_2011","g_lower_gini_nw",NA,NA,NA,NA,"pared"
"ES_2011","g_lower_cv2_nwx",NA,NA,NA,NA,"pared"
"ES_2011","g_lower_cv2_nw",NA,NA,NA,NA,"pared"
"ES_2011","g_lower_var_nwx",NA,NA,NA,NA,"pared"
"ES_2011","g_lower_var_nw",NA,NA,NA,NA,"pared"
"ES_2011","g_lower_d_gini",NA,NA,NA,NA,"pared"
"ES_2011","g_lower_r_gini",NA,NA,NA,NA,"pared"
"ES_2011","g_lower_d_cv2",NA,NA,NA,NA,"pared"
"ES_2011","g_lower_d_var",NA,NA,NA,NA,"pared"
"ES_2011","g_upper_wshare",NA,NA,NA,NA,"pared"
"ES_2011","g_upper_mean_nwx",NA,NA,NA,NA,"pared"
"ES_2011","g_upper_mean_nw",NA,NA,NA,NA,"pared"
"ES_2011","g_upper_mean_wt",NA,NA,NA,NA,"pared"
"ES_2011","g_upper_wt_over_nwx",NA,NA,NA,NA,"pared"
"ES_2011","g_upper_wt_volshare",NA,NA,NA,NA,"pared"
"ES_2011","g_upper_gini_nwx",NA,NA,NA,NA,"pared"
"ES_2011","g_upper_gini_nw",NA,NA,NA,NA,"pared"
"ES_2011","g_upper_cv2_nwx",NA,NA,NA,NA,"pared"
"ES_2011","g_upper_cv2_nw",NA,NA,NA,NA,"pared"
"ES_2011","g_upper_var_nwx",NA,NA,NA,NA,"pared"
"ES_2011","g_upper_var_nw",NA,NA,NA,NA,"pared"
"ES_2011","g_upper_d_gini",NA,NA,NA,NA,"pared"
"ES_2011","g_upper_r_gini",NA,NA,NA,NA,"pared"
"ES_2011","g_upper_d_cv2",NA,NA,NA,NA,"pared"
"ES_2011","g_upper_d_var",NA,NA,NA,NA,"pared"
"ES_2011","did_gini",NA,NA,NA,NA,"pared"
"ES_2011","did_cv2",NA,NA,NA,NA,"pared"
"ES_2011","did_var",NA,NA,NA,NA,"pared"
"ES_2011","rratio_gini",NA,NA,NA,NA,"pared"
"US_2013","g_lower_wshare",NA,NA,NA,NA,"pared"
"US_2013","g_lower_mean_nwx",NA,NA,NA,NA,"pared"
"US_2013","g_lower_mean_nw",NA,NA,NA,NA,"pared"
"US_2013","g_lower_mean_wt",NA,NA,NA,NA,"pared"
"US_2013","g_lower_wt_over_nwx",NA,NA,NA,NA,"pared"
"US_2013","g_lower_wt_volshare",NA,NA,NA,NA,"pared"
"US_2013","g_lower_gini_nwx",NA,NA,NA,NA,"pared"
"US_2013","g_lower_gini_nw",NA,NA,NA,NA,"pared"
"US_2013","g_lower_cv2_nwx",NA,NA,NA,NA,"pared"
"US_2013","g_lower_cv2_nw",NA,NA,NA,NA,"pared"
"US_2013","g_lower_var_nwx",NA,NA,NA,NA,"pared"
"US_2013","g_lower_var_nw",NA,NA,NA,NA,"pared"
"US_2013","g_lower_d_gini",NA,NA,NA,NA,"pared"
"US_2013","g_lower_r_gini",NA,NA,NA,NA,"pared"
"US_2013","g_lower_d_cv2",NA,NA,NA,NA,"pared"
"US_2013","g_lower_d_var",NA,NA,NA,NA,"pared"
"US_2013","g_upper_wshare",NA,NA,NA,NA,"pared"
"US_2013","g_upper_mean_nwx",NA,NA,NA,NA,"pared"
"US_2013","g_upper_mean_nw",NA,NA,NA,NA,"pared"
"US_2013","g_upper_mean_wt",NA,NA,NA,NA,"pared"
"US_2013","g_upper_wt_over_nwx",NA,NA,NA,NA,"pared"
"US_2013","g_upper_wt_volshare",NA,NA,NA,NA,"pared"
"US_2013","g_upper_gini_nwx",NA,NA,NA,NA,"pared"
"US_2013","g_upper_gini_nw",NA,NA,NA,NA,"pared"
"US_2013","g_upper_cv2_nwx",NA,NA,NA,NA,"pared"
"US_2013","g_upper_cv2_nw",NA,NA,NA,NA,"pared"
"US_2013","g_upper_var_nwx",NA,NA,NA,NA,"pared"
"US_2013","g_upper_var_nw",NA,NA,NA,NA,"pared"
"US_2013","g_upper_d_gini",NA,NA,NA,NA,"pared"
"US_2013","g_upper_r_gini",NA,NA,NA,NA,"pared"
"US_2013","g_upper_d_cv2",NA,NA,NA,NA,"pared"
"US_2013","g_upper_d_var",NA,NA,NA,NA,"pared"
"US_2013","did_gini",NA,NA,NA,NA,"pared"
"US_2013","did_cv2",NA,NA,NA,NA,"pared"
"US_2013","did_var",NA,NA,NA,NA,"pared"
"US_2013","rratio_gini",NA,NA,NA,NA,"pared"
