"country","regime","allocation","measure","value_nw","value_nwx","ratio","p1","kept_nw","kept_nwx"
"AT_2011","baseline_3pct","actual","atkinson05",0.483943131012402,0.533182452768508,0.908254150909007,0.374860962545551,0.941227239456885,0.776693958649479
"AT_2011","baseline_3pct","actual","atkinson1",0.793085134386691,0.822192771963174,0.964713930524281,0.374860962545551,0.941227239456885,0.776693958649479
"AT_2011","baseline_3pct","actual","atkinson2",0.994362301350404,0.994552008319434,0.999809372670919,0.374860962545551,0.941227239456885,0.776693958649479
"AT_2011","baseline_3pct","actual","cv",2.96268403500397,9.24626599539715,0.325828023103347,0.374860962545551,0.941227239456885,0.776693958649479
"AT_2011","baseline_3pct","actual","ge2",4.15361128787706,5.80759812932878,0.703488068464726,0.374860962545551,0.941227239456885,0.776693958649479
"AT_2011","baseline_3pct","actual","ge_mld",1.58252469748735,1.74057007775979,0.910876023425801,0.374860962545551,0.941227239456885,0.776693958649479
"AT_2011","baseline_3pct","actual","ge_theil",1.22740849625675,1.44426070047455,0.850395025389058,0.374860962545551,0.941227239456885,0.776693958649479
"AT_2011","baseline_3pct","actual","gini",0.762501926258024,2.38779106189922,0.325623742090802,0.374860962545551,0.941227239456885,0.776693958649479
"AT_2011","baseline_3pct","actual","top1",0.233770179584283,0.572309621279702,0.407066338082271,0.374860962545551,0.941227239456885,0.776693958649479
"AT_2011","baseline_3pct","actual","top10",0.613621987691234,1.30668618811,0.473326234594997,0.374860962545551,0.941227239456885,0.776693958649479
"AT_2011","baseline_3pct","equal_hh","atkinson05",0.21470648486454,0.533182452768508,0.399574139033202,0.374860962545551,0.91740101729806,0.776693958649479
"AT_2011","baseline_3pct","equal_hh","atkinson1",0.329270085479229,0.822192771963174,0.399199635742486,0.374860962545551,0.91740101729806,0.776693958649479
"AT_2011","baseline_3pct","equal_hh","atkinson2",0.553257909970497,0.994552008319434,0.556222153236666,0.374860962545551,0.91740101729806,0.776693958649479
"AT_2011","baseline_3pct","equal_hh","cv",3.43280624696644,9.24626599539715,0.374860962545551,0.374860962545551,0.91740101729806,0.776693958649479
"AT_2011","baseline_3pct","equal_hh","ge2",2.25149268095077,5.80759812932878,0.378230956741596,0.374860962545551,0.91740101729806,0.776693958649479
"AT_2011","baseline_3pct","equal_hh","ge_mld",0.40168231399752,1.74057007775979,0.229352496779637,0.374860962545551,0.91740101729806,0.776693958649479
"AT_2011","baseline_3pct","equal_hh","ge_theil",0.616096659701804,1.44426070047455,0.421412694362117,0.374860962545551,0.91740101729806,0.776693958649479
"AT_2011","baseline_3pct","equal_hh","gini",0.881222960196879,2.38779106189922,0.374860962545551,0.374860962545551,0.91740101729806,0.776693958649479
"AT_2011","baseline_3pct","equal_hh","top1",0.22216181969039,0.572309621279702,0.386140089518261,0.374860962545551,0.91740101729806,0.776693958649479
"AT_2011","baseline_3pct","equal_hh","top10",0.548954881441681,1.30668618811,0.423038188361608,0.374860962545551,0.91740101729806,0.776693958649479
"AT_2011","baseline_3pct","equal_pc","atkinson05",0.260386255973948,0.533182452768508,0.48642677729906,0.374860962545551,0.914718993994257,0.776693958649479
"AT_2011","baseline_3pct","equal_pc","atkinson1",0.415375348221279,0.822192771963174,0.504364246230288,0.374860962545551,0.914718993994257,0.776693958649479
"AT_2011","baseline_3pct","equal_pc","atkinson2",0.692546672621353,0.994552008319434,0.696439597369032,0.374860962545551,0.914718993994257,0.776693958649479
"AT_2011","baseline_3pct","equal_pc","cv",3.49613628484239,9.24626599539715,0.381910938967408,0.374860962545551,0.914718993994257,0.776693958649479
"AT_2011","baseline_3pct","equal_pc","ge2",2.35615337370562,5.80759812932878,0.398074910329891,0.374860962545551,0.914718993994257,0.776693958649479
"AT_2011","baseline_3pct","equal_pc","ge_mld",0.538833856633005,1.74057007775979,0.309097174232911,0.374860962545551,0.914718993994257,0.776693958649479
"AT_2011","baseline_3pct","equal_pc","ge_theil",0.70436476115957,1.44426070047455,0.484581009855907,0.374860962545551,0.914718993994257,0.776693958649479
"AT_2011","baseline_3pct","equal_pc","gini",0.972123399604628,2.38779106189922,0.413428300444819,0.374860962545551,0.914718993994257,0.776693958649479
"AT_2011","baseline_3pct","equal_pc","top1",0.226189567495452,0.572309621279702,0.393416599504804,0.374860962545551,0.914718993994257,0.776693958649479
"AT_2011","baseline_3pct","equal_pc","top10",0.576291473746854,1.30668618811,0.444168399629258,0.374860962545551,0.914718993994257,0.776693958649479
"AT_2011","baseline_3pct","mean_nwx","atkinson05",0.3016489839407,0.533182452768508,0.572659724199497,0.374860962545551,1,0.776693958649479
"AT_2011","baseline_3pct","mean_nwx","atkinson1",0.434283613675651,0.822192771963174,0.529733003957279,0.374860962545551,1,0.776693958649479
"AT_2011","baseline_3pct","mean_nwx","atkinson2",0.531230046496636,0.994552008319434,0.534203870050115,0.374860962545551,1,0.776693958649479
"AT_2011","baseline_3pct","mean_nwx","cv",2.43048462446517,9.24626599539715,0.263903621445879,0.374860962545551,1,0.776693958649479
"AT_2011","baseline_3pct","mean_nwx","ge2",3.00087913628294,5.80759812932878,0.562404416864106,0.374860962545551,1,0.776693958649479
"AT_2011","baseline_3pct","mean_nwx","ge_mld",0.573521060628923,1.74057007775979,0.334578139795941,0.374860962545551,1,0.776693958649479
"AT_2011","baseline_3pct","mean_nwx","ge_theil",0.876500712117141,1.44426070047455,0.62505169211814,0.374860962545551,1,0.776693958649479
"AT_2011","baseline_3pct","mean_nwx","gini",0.558764439118067,2.38779106189922,0.236264420912659,0.374860962545551,1,0.776693958649479
"AT_2011","baseline_3pct","mean_nwx","top1",0.202200093736243,0.572309621279702,0.360759771724798,0.374860962545551,1,0.776693958649479
"AT_2011","baseline_3pct","mean_nwx","top10",0.542851688999144,1.30668618811,0.418014332489413,0.374860962545551,1,0.776693958649479
"AT_2011","capped_3pct","actual","atkinson05",0.483943131012402,0.533182452768508,0.908254150909007,0.690307526566031,0.941227239456885,0.776693958649479
"AT_2011","capped_3pct","actual","atkinson1",0.793085134386691,0.822192771963174,0.964713930524281,0.690307526566031,0.941227239456885,0.776693958649479
"AT_2011","capped_3pct","actual","atkinson2",0.994362301350404,0.994552008319434,0.999809372670919,0.690307526566031,0.941227239456885,0.776693958649479
"AT_2011","capped_3pct","actual","cv",2.96268403500397,3.91211822693487,0.75443307741611,0.690307526566031,0.941227239456885,0.776693958649479
"AT_2011","capped_3pct","actual","ge2",4.15361128787706,5.80759812932878,0.703488068464726,0.690307526566031,0.941227239456885,0.776693958649479
"AT_2011","capped_3pct","actual","ge_mld",1.58252469748735,1.74057007775979,0.910876023425801,0.690307526566031,0.941227239456885,0.776693958649479
"AT_2011","capped_3pct","actual","ge_theil",1.22740849625675,1.44426070047455,0.850395025389058,0.690307526566031,0.941227239456885,0.776693958649479
"AT_2011","capped_3pct","actual","gini",0.762501926258024,0.84107236048638,0.906474066676621,0.690307526566031,0.941227239456885,0.776693958649479
"AT_2011","capped_3pct","actual","top1",0.233770179584283,0.310148319752178,0.750606105695323,0.690307526566031,0.941227239456885,0.776693958649479
"AT_2011","capped_3pct","actual","top10",0.613621987691234,0.702608057258248,0.873201813876039,0.690307526566031,0.941227239456885,0.776693958649479
"AT_2011","capped_3pct","equal_hh","atkinson05",0.3002460947203,0.533182452768508,0.55917961341462,0.690307526566031,0.995131124917871,0.776693958649479
"AT_2011","capped_3pct","equal_hh","atkinson1",0.435035412906369,0.822192771963174,0.527529314777824,0.690307526566031,0.995131124917871,0.776693958649479
"AT_2011","capped_3pct","equal_hh","atkinson2",0.558130746393405,0.994552008319434,0.561170093912088,0.690307526566031,0.995131124917871,0.776693958649479
"AT_2011","capped_3pct","equal_hh","cv",2.71586638545849,3.91211822693487,0.690307526566031,0.690307526566031,0.995131124917871,0.776693958649479
"AT_2011","capped_3pct","equal_hh","ge2",3.76607777738156,5.80759812932878,0.633230700700063,0.690307526566031,0.995131124917871,0.776693958649479
"AT_2011","capped_3pct","equal_hh","ge_mld",0.576099856615667,1.74057007775979,0.32861131632102,0.690307526566031,0.995131124917871,0.776693958649479
"AT_2011","capped_3pct","equal_hh","ge_theil",0.895423713180317,1.44426070047455,0.613227692633239,0.690307526566031,0.995131124917871,0.776693958649479
"AT_2011","capped_3pct","equal_hh","gini",0.581386863577407,0.84107236048638,0.690307526566031,0.690307526566031,0.995131124917871,0.776693958649479
"AT_2011","capped_3pct","equal_hh","top1",0.219007354050185,0.310148319752178,0.700852780671592,0.690307526566031,0.995131124917871,0.776693958649479
"AT_2011","capped_3pct","equal_hh","top10",0.517410225039633,0.702608057258248,0.734892716216511,0.690307526566031,0.995131124917871,0.776693958649479
"AT_2011","capped_3pct","equal_pc","atkinson05",0.337112297481241,0.533182452768508,0.629289888117519,0.690307526566031,0.994210280207267,0.776693958649479
"AT_2011","capped_3pct","equal_pc","atkinson1",0.506617653803284,0.822192771963174,0.614929826040405,0.690307526566031,0.994210280207267,0.776693958649479
"AT_2011","capped_3pct","equal_pc","atkinson2",0.674206763067944,0.994552008319434,0.677874240284209,0.690307526566031,0.994210280207267,0.776693958649479
"AT_2011","capped_3pct","equal_pc","cv",2.74932070507362,3.91211822693487,0.699181679093452,0.690307526566031,0.994210280207267,0.776693958649479
"AT_2011","capped_3pct","equal_pc","ge2",3.85320390587376,5.80759812932878,0.649193922264898,0.690307526566031,0.994210280207267,0.776693958649479
"AT_2011","capped_3pct","equal_pc","ge_mld",0.711752005389596,1.74057007775979,0.407142447987081,0.690307526566031,0.994210280207267,0.776693958649479
"AT_2011","capped_3pct","equal_pc","ge_theil",0.962593150827178,1.44426070047455,0.661298115224065,0.690307526566031,0.994210280207267,0.776693958649479
"AT_2011","capped_3pct","equal_pc","gini",0.631653502561981,0.84107236048638,0.750362116539662,0.690307526566031,0.994210280207267,0.776693958649479
"AT_2011","capped_3pct","equal_pc","top1",0.22098280848635,0.310148319752178,0.707584143238739,0.690307526566031,0.994210280207267,0.776693958649479
"AT_2011","capped_3pct","equal_pc","top10",0.529136257009781,0.702608057258248,0.751811587804821,0.690307526566031,0.994210280207267,0.776693958649479
"AT_2011","capped_3pct","mean_nwx","atkinson05",0.0884166491541143,0.533182452768508,0.16883248878253,0.690307526566032,1,0.776693958649479
"AT_2011","capped_3pct","mean_nwx","atkinson1",0.142471507781759,0.822192771963174,0.174142629733073,0.690307526566032,1,0.776693958649479
"AT_2011","capped_3pct","mean_nwx","atkinson2",0.201097692189286,0.994552008319434,0.202218206617431,0.690307526566032,1,0.776693958649479
"AT_2011","capped_3pct","mean_nwx","cv",0.971721585110178,3.91211822693487,0.255362147714016,0.690307526566032,1,0.776693958649479
"AT_2011","capped_3pct","mean_nwx","ge2",0.474417485113097,5.80759812932878,0.0909261831159783,0.690307526566032,1,0.776693958649479
"AT_2011","capped_3pct","mean_nwx","ge_mld",0.153918489922558,1.74057007775979,0.0902162738714892,0.690307526566032,1,0.776693958649479
"AT_2011","capped_3pct","mean_nwx","ge_theil",0.226740210789124,1.44426070047455,0.163488308179528,0.690307526566032,1,0.776693958649479
"AT_2011","capped_3pct","mean_nwx","gini",0.269938467803198,0.84107236048638,0.322298021887573,0.690307526566032,1,0.776693958649479
"AT_2011","capped_3pct","mean_nwx","top1",0.079666056738861,0.310148319752178,0.269167903217418,0.690307526566032,1,0.776693958649479
"AT_2011","capped_3pct","mean_nwx","top10",0.303443329218921,0.702608057258248,0.435820090961976,0.690307526566032,1,0.776693958649479
"AT_2011","gradient","actual","atkinson05",0.483943131012402,0.488205754160145,0.9922556200714,0.725997636914195,0.941227239456885,0.90486331397018
"AT_2011","gradient","actual","atkinson1",0.793085134386691,0.782953313972648,1.01320768005175,0.725997636914195,0.941227239456885,0.90486331397018
"AT_2011","gradient","actual","atkinson2",0.994362301350404,0.993140542461587,1.00123084263345,0.725997636914195,0.941227239456885,0.90486331397018
"AT_2011","gradient","actual","cv",2.96268403500397,3.7562299777535,0.787859238253499,0.725997636914195,0.941227239456885,0.90486331397018
"AT_2011","gradient","actual","ge2",4.15361128787706,5.25072813525202,0.779798177820223,0.725997636914195,0.941227239456885,0.90486331397018
"AT_2011","gradient","actual","ge_mld",1.58252469748735,1.53747375838016,1.03080821671289,0.725997636914195,0.941227239456885,0.90486331397018
"AT_2011","gradient","actual","ge_theil",1.22740849625675,1.30043088540866,0.944926230865515,0.725997636914195,0.941227239456885,0.90486331397018
"AT_2011","gradient","actual","gini",0.762501926258024,0.8763120579873,0.870948880711141,0.725997636914195,0.941227239456885,0.90486331397018
"AT_2011","gradient","actual","top1",0.233770179584283,0.286324831193466,0.812404268901052,0.725997636914195,0.941227239456885,0.90486331397018
"AT_2011","gradient","actual","top10",0.613621987691234,0.663771197306885,0.924886017839523,0.725997636914195,0.941227239456885,0.90486331397018
"AT_2011","gradient","equal_hh","atkinson05",0.285502268668564,0.488205754160145,0.582178636742403,0.725997636914195,0.979048086239766,0.90486331397018
"AT_2011","gradient","equal_hh","atkinson1",0.428985646443847,0.782953313972648,0.546647276660264,0.725997636914195,0.979048086239766,0.90486331397018
"AT_2011","gradient","equal_hh","atkinson2",0.585478914597111,0.993140542461587,0.589514269256409,0.725997636914195,0.979048086239766,0.90486331397018
"AT_2011","gradient","equal_hh","cv",2.72583333419973,3.7562299777535,0.725997636914195,0.725997636914195,0.979048086239766,0.90486331397018
"AT_2011","gradient","equal_hh","ge2",3.20735588397042,5.25072813525202,0.607306921561029,0.725997636914195,0.979048086239766,0.90486331397018
"AT_2011","gradient","equal_hh","ge_mld",0.56365200784558,1.53747375838016,0.365226749094617,0.725997636914195,0.979048086239766,0.90486331397018
"AT_2011","gradient","equal_hh","ge_theil",0.820534743461557,1.30043088540866,0.627427907834174,0.725997636914195,0.979048086239766,0.90486331397018
"AT_2011","gradient","equal_hh","gini",0.63596165466433,0.8763120579873,0.725997636914195,0.725997636914195,0.979048086239766,0.90486331397018
"AT_2011","gradient","equal_hh","top1",0.211148488359088,0.286324831193466,0.735990378867027,0.725997636914195,0.979048086239766,0.90486331397018
"AT_2011","gradient","equal_hh","top10",0.50982507856569,0.663771197306885,0.767659452809595,0.725997636914195,0.979048086239766,0.90486331397018
"AT_2011","gradient","equal_pc","atkinson05",0.317757619552127,0.488205754160145,0.649081985488357,0.725997636914195,0.975920448144727,0.90486331397018
"AT_2011","gradient","equal_pc","atkinson1",0.494158669897943,0.782953313972648,0.630200059966551,0.725997636914195,0.975920448144727,0.90486331397018
"AT_2011","gradient","equal_pc","atkinson2",0.691365912208257,0.993140542461587,0.696122147612098,0.725997636914195,0.975920448144727,0.90486331397018
"AT_2011","gradient","equal_pc","cv",2.75353733375954,3.7562299777535,0.73358965134096,0.725997636914195,0.975920448144727,0.90486331397018
"AT_2011","gradient","equal_pc","ge2",3.26726737280333,5.25072813525202,0.61970448539247,0.725997636914195,0.975920448144727,0.90486331397018
"AT_2011","gradient","equal_pc","ge_mld",0.684850454544649,1.53747375838016,0.444622734398287,0.725997636914195,0.975920448144727,0.90486331397018
"AT_2011","gradient","equal_pc","ge_theil",0.876792488645836,1.30043088540866,0.672015964465069,0.725997636914195,0.975920448144727,0.90486331397018
"AT_2011","gradient","equal_pc","gini",0.675477480639101,0.8763120579873,0.771124049467667,0.725997636914195,0.975920448144727,0.90486331397018
"AT_2011","gradient","equal_pc","top1",0.212862151680926,0.286324831193466,0.742238875068844,0.725997636914195,0.975920448144727,0.90486331397018
"AT_2011","gradient","equal_pc","top10",0.520217709169685,0.663771197306885,0.783471613372196,0.725997636914195,0.975920448144727,0.90486331397018
"AT_2011","gradient","mean_nwx","atkinson05",0.0954787075916733,0.488205754160145,0.197889749609938,0.725997636914195,1,0.90486331397018
"AT_2011","gradient","mean_nwx","atkinson1",0.142267208858677,0.782953313972648,0.182295334939631,0.725997636914195,1,0.90486331397018
"AT_2011","gradient","mean_nwx","atkinson2",0.186486186396184,0.993140542461587,0.187791042428912,0.725997636914195,1,0.90486331397018
"AT_2011","gradient","mean_nwx","cv",1.37928585288192,3.7562299777535,0.366059808396123,0.725997636914195,1,0.90486331397018
"AT_2011","gradient","mean_nwx","ge2",1.01190611785267,5.25072813525202,0.19862418669364,0.725997636914195,1,0.90486331397018
"AT_2011","gradient","mean_nwx","ge_mld",0.153820619327571,1.53747375838016,0.101351380728333,0.725997636914195,1,0.90486331397018
"AT_2011","gradient","mean_nwx","ge_theil",0.27917748076498,1.30043088540866,0.220304678830471,0.725997636914195,1,0.90486331397018
"AT_2011","gradient","mean_nwx","gini",0.248508744087073,0.8763120579873,0.283815741351615,0.725997636914195,1,0.90486331397018
"AT_2011","gradient","mean_nwx","top1",0.111709558507139,0.286324831193466,0.401830554022484,0.725997636914195,1,0.90486331397018
"AT_2011","gradient","mean_nwx","top10",0.302548890801896,0.663771197306885,0.459320138645664,0.725997636914195,1,0.90486331397018
"EE_2013","baseline_3pct","actual","atkinson05",0.406706415124449,0.418818606388819,0.971069225373823,0.805004712434808,0.951276160077149,0.897861482630058
"EE_2013","baseline_3pct","actual","atkinson1",0.7201198306289,0.731071677451948,0.98501669494867,0.805004712434808,0.951276160077149,0.897861482630058
"EE_2013","baseline_3pct","actual","atkinson2",0.99908067372659,0.999061857759612,1.00001883368242,0.805004712434808,0.951276160077149,0.897861482630058
"EE_2013","baseline_3pct","actual","cv",3.70523327171446,5.13386493205965,0.721752658630013,0.805004712434808,0.951276160077149,0.897861482630058
"EE_2013","baseline_3pct","actual","ge2",6.48116231970825,7.36851246040669,0.8796605013688,0.805004712434808,0.951276160077149,0.897861482630058
"EE_2013","baseline_3pct","actual","ge_mld",1.27349652624755,1.31340270090517,0.969607114701704,0.805004712434808,0.951276160077149,0.897861482630058
"EE_2013","baseline_3pct","actual","ge_theil",1.09029299184355,1.14655789685191,0.950912071815947,0.805004712434808,0.951276160077149,0.897861482630058
"EE_2013","baseline_3pct","actual","gini",0.690164572112359,0.917556479719808,0.752185252715747,0.805004712434808,0.951276160077149,0.897861482630058
"EE_2013","baseline_3pct","actual","top1",0.214155751220417,0.261532682878212,0.818811742411805,0.805004712434808,0.951276160077149,0.897861482630058
"EE_2013","baseline_3pct","actual","top10",0.556753980403238,0.648948866717337,0.857918277760287,0.805004712434808,0.951276160077149,0.897861482630058
"EE_2013","baseline_3pct","equal_hh","atkinson05",0.299519760382351,0.418818606388819,0.71513771152219,0.805004712434808,0.963679762711358,0.897861482630058
"EE_2013","baseline_3pct","equal_hh","atkinson1",0.459986176554825,0.731071677451948,0.629180191506213,0.805004712434808,0.963679762711358,0.897861482630058
"EE_2013","baseline_3pct","equal_hh","atkinson2",0.67436720859303,0.999061857759612,0.674999190300304,0.805004712434808,0.963679762711358,0.897861482630058
"EE_2013","baseline_3pct","equal_hh","cv",4.13262722657577,5.13386493205965,0.805004712434808,0.805004712434808,0.963679762711358,0.897861482630058
"EE_2013","baseline_3pct","equal_hh","ge2",5.4737949006283,7.36851246040669,0.742940415628048,0.805004712434808,0.963679762711358,0.897861482630058
"EE_2013","baseline_3pct","equal_hh","ge_mld",0.616195554142241,1.31340270090517,0.469145932650745,0.805004712434808,0.963679762711358,0.897861482630058
"EE_2013","baseline_3pct","equal_hh","ge_theil",0.873553527631244,1.14655789685191,0.761882225367475,0.805004712434808,0.963679762711358,0.897861482630058
"EE_2013","baseline_3pct","equal_hh","gini",0.738634810877439,0.917556479719808,0.805004712434808,0.805004712434808,0.963679762711358,0.897861482630058
"EE_2013","baseline_3pct","equal_hh","top1",0.212490268351151,0.261532682878212,0.812464033209387,0.805004712434808,0.963679762711358,0.897861482630058
"EE_2013","baseline_3pct","equal_hh","top10",0.541910956093677,0.648948866717337,0.835054202293773,0.805004712434808,0.963679762711358,0.897861482630058
"EE_2013","baseline_3pct","equal_pc","atkinson05",0.3200388032305,0.418818606388819,0.764134208071863,0.805004712434808,0.958926100647514,0.897861482630058
"EE_2013","baseline_3pct","equal_pc","atkinson1",0.506228312169556,0.731071677451948,0.69243589940158,0.805004712434808,0.958926100647514,0.897861482630058
"EE_2013","baseline_3pct","equal_pc","atkinson2",0.746623940284928,0.999061857759612,0.747324903766761,0.805004712434808,0.958926100647514,0.897861482630058
"EE_2013","baseline_3pct","equal_pc","cv",4.14662534149358,5.13386493205965,0.807732084355464,0.805004712434808,0.958926100647514,0.897861482630058
"EE_2013","baseline_3pct","equal_pc","ge2",5.48750976755397,7.36851246040669,0.744801112678986,0.805004712434808,0.958926100647514,0.897861482630058
"EE_2013","baseline_3pct","equal_pc","ge_mld",0.705723879015573,1.31340270090517,0.537316165696524,0.805004712434808,0.958926100647514,0.897861482630058
"EE_2013","baseline_3pct","equal_pc","ge_theil",0.905743411132602,1.14655789685191,0.789961160532485,0.805004712434808,0.958926100647514,0.897861482630058
"EE_2013","baseline_3pct","equal_pc","gini",0.761127316351872,0.917556479719808,0.829518397029341,0.805004712434808,0.958926100647514,0.897861482630058
"EE_2013","baseline_3pct","equal_pc","top1",0.21334622468922,0.261532682878212,0.815736579637728,0.805004712434808,0.958926100647514,0.897861482630058
"EE_2013","baseline_3pct","equal_pc","top10",0.548206106849102,0.648948866717337,0.844755322672177,0.805004712434808,0.958926100647514,0.897861482630058
"EE_2013","baseline_3pct","mean_nwx","atkinson05",0.0846580098420559,0.418818606388819,0.2021735901805,0.805004712434808,1,0.897861482630058
"EE_2013","baseline_3pct","mean_nwx","atkinson1",0.116864021720536,0.731071677451948,0.159867596565949,0.805004712434808,1,0.897861482630058
"EE_2013","baseline_3pct","mean_nwx","atkinson2",0.144495119423756,0.999061857759612,0.144630922546586,0.805004712434808,1,0.897861482630058
"EE_2013","baseline_3pct","mean_nwx","cv",2.10814085150579,5.13386493205965,0.410673109091557,0.805004712434808,1,0.897861482630058
"EE_2013","baseline_3pct","mean_nwx","ge2",2.22240467869699,7.36851246040669,0.301728605168781,0.805004712434808,1,0.897861482630058
"EE_2013","baseline_3pct","mean_nwx","ge_mld",0.124277856165752,1.31340270090517,0.0946467626929036,0.805004712434808,1,0.897861482630058
"EE_2013","baseline_3pct","mean_nwx","ge_theil",0.291381269529241,1.14655789685191,0.254193661177599,0.805004712434808,1,0.897861482630058
"EE_2013","baseline_3pct","mean_nwx","gini",0.186486474191341,0.917556479719808,0.203240596581564,0.805004712434808,1,0.897861482630058
"EE_2013","baseline_3pct","mean_nwx","top1",0.115442928718647,0.261532682878212,0.44160972333568,0.805004712434808,1,0.897861482630058
"EE_2013","baseline_3pct","mean_nwx","top10",0.268037326979551,0.648948866717337,0.4130498679665,0.805004712434808,1,0.897861482630058
"EE_2013","capped_3pct","actual","atkinson05",0.406706415124449,0.418818606388819,0.971069225373823,0.900291158974473,0.951276160077149,0.897861482630058
"EE_2013","capped_3pct","actual","atkinson1",0.7201198306289,0.731071677451948,0.98501669494867,0.900291158974473,0.951276160077149,0.897861482630058
"EE_2013","capped_3pct","actual","atkinson2",0.99908067372659,0.999061857759612,1.00001883368242,0.900291158974473,0.951276160077149,0.897861482630058
"EE_2013","capped_3pct","actual","cv",3.70523327171446,4.07367834676319,0.909575253503227,0.900291158974473,0.951276160077149,0.897861482630058
"EE_2013","capped_3pct","actual","ge2",6.48116231970825,7.36851246040669,0.8796605013688,0.900291158974473,0.951276160077149,0.897861482630058
"EE_2013","capped_3pct","actual","ge_mld",1.27349652624755,1.31340270090517,0.969607114701704,0.900291158974473,0.951276160077149,0.897861482630058
"EE_2013","capped_3pct","actual","ge_theil",1.09029299184355,1.14655789685191,0.950912071815947,0.900291158974473,0.951276160077149,0.897861482630058
"EE_2013","capped_3pct","actual","gini",0.690164572112359,0.715870587097182,0.964087651413754,0.900291158974473,0.951276160077149,0.897861482630058
"EE_2013","capped_3pct","actual","top1",0.214155751220417,0.233860034049478,0.915730793829007,0.900291158974473,0.951276160077149,0.897861482630058
"EE_2013","capped_3pct","actual","top10",0.556753980403238,0.58026976441027,0.959463831793365,0.900291158974473,0.951276160077149,0.897861482630058
"EE_2013","capped_3pct","equal_hh","atkinson05",0.357633549504084,0.418818606388819,0.853920803080885,0.900291158974473,0.99624826831804,0.897861482630058
"EE_2013","capped_3pct","equal_hh","atkinson1",0.550700040254435,0.731071677451948,0.753276696550067,0.900291158974473,0.99624826831804,0.897861482630058
"EE_2013","capped_3pct","equal_hh","atkinson2",0.753705440272461,0.999061857759612,0.754413144836745,0.900291158974473,0.99624826831804,0.897861482630058
"EE_2013","capped_3pct","equal_hh","cv",3.66745397981295,4.07367834676319,0.900291158974473,0.900291158974473,0.99624826831804,0.897861482630058
"EE_2013","capped_3pct","equal_hh","ge2",6.69241512419386,7.36851246040669,0.908284534173962,0.900291158974473,0.99624826831804,0.897861482630058
"EE_2013","capped_3pct","equal_hh","ge_mld",0.800091820669588,1.31340270090517,0.609189076640327,0.900291158974473,0.99624826831804,0.897861482630058
"EE_2013","capped_3pct","equal_hh","ge_theil",1.02909124893428,1.14655789685191,0.897566655645313,0.900291158974473,0.99624826831804,0.897861482630058
"EE_2013","capped_3pct","equal_hh","gini",0.644492362897193,0.715870587097182,0.900291158974473,0.900291158974473,0.99624826831804,0.897861482630058
"EE_2013","capped_3pct","equal_hh","top1",0.211537403885754,0.233860034049478,0.904556277609927,0.900291158974473,0.99624826831804,0.897861482630058
"EE_2013","capped_3pct","equal_hh","top10",0.532382311439711,0.58026976441027,0.917474973369328,0.900291158974473,0.99624826831804,0.897861482630058
"EE_2013","capped_3pct","equal_pc","atkinson05",0.370553413469301,0.418818606388819,0.884770547602108,0.900291158974473,0.990528093556063,0.897861482630058
"EE_2013","capped_3pct","equal_pc","atkinson1",0.582702271397045,0.731071677451948,0.797052199922871,0.900291158974473,0.990528093556063,0.897861482630058
"EE_2013","capped_3pct","equal_pc","atkinson2",0.807296681799961,0.999061857759612,0.808054715905792,0.900291158974473,0.990528093556063,0.897861482630058
"EE_2013","capped_3pct","equal_pc","cv",3.67465696515061,4.07367834676319,0.902059871040078,0.900291158974473,0.990528093556063,0.897861482630058
"EE_2013","capped_3pct","equal_pc","ge2",6.67672429668217,7.36851246040669,0.906163424590287,0.900291158974473,0.990528093556063,0.897861482630058
"EE_2013","capped_3pct","equal_pc","ge_mld",0.873986718671468,1.31340270090517,0.665453391695767,0.900291158974473,0.990528093556063,0.897861482630058
"EE_2013","capped_3pct","equal_pc","ge_theil",1.04615085550581,1.14655789685191,0.912447992354327,0.900291158974473,0.990528093556063,0.897861482630058
"EE_2013","capped_3pct","equal_pc","gini",0.655359926778509,0.715870587097182,0.915471366156974,0.900291158974473,0.990528093556063,0.897861482630058
"EE_2013","capped_3pct","equal_pc","top1",0.2119655562099,0.233860034049478,0.906387125811228,0.900291158974473,0.990528093556063,0.897861482630058
"EE_2013","capped_3pct","equal_pc","top10",0.535466475340961,0.58026976441027,0.922790038639786,0.900291158974473,0.990528093556063,0.897861482630058
"EE_2013","capped_3pct","mean_nwx","atkinson05",0.0230956389116635,0.418818606388819,0.0551436498245087,0.900291158974473,1,0.897861482630058
"EE_2013","capped_3pct","mean_nwx","atkinson1",0.0377237513661252,0.731071677451948,0.0516015832877985,0.900291158974473,1,0.897861482630058
"EE_2013","capped_3pct","mean_nwx","atkinson2",0.0549003404259142,0.999061857759612,0.0549518946383369,0.900291158974473,1,0.897861482630058
"EE_2013","capped_3pct","mean_nwx","cv",0.491017297439817,4.07367834676319,0.120560515729561,0.900291158974473,1,0.897861482630058
"EE_2013","capped_3pct","mean_nwx","ge2",0.120662852679225,7.36851246040669,0.016388927411114,0.900291158974473,1,0.897861482630058
"EE_2013","capped_3pct","mean_nwx","ge_mld",0.0384541418971125,1.31340270090517,0.0292810070427932,0.900291158974473,1,0.897861482630058
"EE_2013","capped_3pct","mean_nwx","ge_theil",0.0590060436021959,1.14655789685191,0.0514562993095917,0.900291158974473,1,0.897861482630058
"EE_2013","capped_3pct","mean_nwx","gini",0.093497487686813,0.715870587097182,0.130609094197672,0.900291158974473,1,0.897861482630058
"EE_2013","capped_3pct","mean_nwx","top1",0.0453481778304399,0.233860034049478,0.193938221670656,0.900291158974473,1,0.897861482630058
"EE_2013","capped_3pct","mean_nwx","top10",0.183661640629526,0.58026976441027,0.316523325664082,0.900291158974473,1,0.897861482630058
"EE_2013","gradient","actual","atkinson05",0.406706415124449,0.413166805645239,0.984358347450394,0.897467784738875,0.951276160077149,0.930321635476405
"EE_2013","gradient","actual","atkinson1",0.7201198306289,0.7226752558684,0.996461765452166,0.897467784738875,0.951276160077149,0.930321635476405
"EE_2013","gradient","actual","atkinson2",0.99908067372659,0.999007843298667,1.00007290330857,0.897467784738875,0.951276160077149,0.930321635476405
"EE_2013","gradient","actual","cv",3.70523327171446,4.11727768588555,0.899938319998906,0.897467784738875,0.951276160077149,0.930321635476405
"EE_2013","gradient","actual","ge2",6.48116231970825,7.38240404858059,0.877981982097481,0.897467784738875,0.951276160077149,0.930321635476405
"EE_2013","gradient","actual","ge_mld",1.27349652624755,1.28265387705184,0.992852058493973,0.897467784738875,0.951276160077149,0.930321635476405
"EE_2013","gradient","actual","ge_theil",1.09029299184355,1.13295792876581,0.9623413382106,0.897467784738875,0.951276160077149,0.930321635476405
"EE_2013","gradient","actual","gini",0.690164572112359,0.732870647818175,0.941725316351832,0.897467784738875,0.951276160077149,0.930321635476405
"EE_2013","gradient","actual","top1",0.214155751220417,0.234007861560137,0.915192751356483,0.897467784738875,0.951276160077149,0.930321635476405
"EE_2013","gradient","actual","top10",0.556753980403238,0.578820267676575,0.961870729029615,0.897467784738875,0.951276160077149,0.930321635476405
"EE_2013","gradient","equal_hh","atkinson05",0.341697269918595,0.413166805645239,0.827034076271976,0.897467784738875,0.985279317548373,0.930321635476405
"EE_2013","gradient","equal_hh","atkinson1",0.529536107923981,0.7226752558684,0.732745211510692,0.897467784738875,0.985279317548373,0.930321635476405
"EE_2013","gradient","equal_hh","atkinson2",0.752966752437701,0.999007843298667,0.753715118483472,0.897467784738875,0.985279317548373,0.930321635476405
"EE_2013","gradient","equal_hh","cv",3.69510721911498,4.11727768588555,0.897467784738875,0.897467784738875,0.985279317548373,0.930321635476405
"EE_2013","gradient","equal_hh","ge2",6.38540199418201,7.38240404858059,0.864963074459161,0.897467784738875,0.985279317548373,0.930321635476405
"EE_2013","gradient","equal_hh","ge_mld",0.754078412025736,1.28265387705184,0.587924174575317,0.897467784738875,0.985279317548373,0.930321635476405
"EE_2013","gradient","equal_hh","ge_theil",0.984633907252414,1.13295792876581,0.869105908897549,0.897467784738875,0.985279317548373,0.930321635476405
"EE_2013","gradient","equal_hh","gini",0.657725734820334,0.732870647818175,0.897467784738875,0.897467784738875,0.985279317548373,0.930321635476405
"EE_2013","gradient","equal_hh","top1",0.211034848770434,0.234007861560137,0.901850726928177,0.897467784738875,0.985279317548373,0.930321635476405
"EE_2013","gradient","equal_hh","top10",0.529721935530018,0.578820267676575,0.915181564372972,0.897467784738875,0.985279317548373,0.930321635476405
"EE_2013","gradient","equal_pc","atkinson05",0.353844944762823,0.413166805645239,0.856430693909895,0.897467784738875,0.977983980617262,0.930321635476405
"EE_2013","gradient","equal_pc","atkinson1",0.560257813033935,0.7226752558684,0.775252911966204,0.897467784738875,0.977983980617262,0.930321635476405
"EE_2013","gradient","equal_pc","atkinson2",0.806894696688361,0.999007843298667,0.807695325550308,0.897467784738875,0.977983980617262,0.930321635476405
"EE_2013","gradient","equal_pc","cv",3.70237128476469,4.11727768588555,0.899232673063497,0.897467784738875,0.977983980617262,0.930321635476405
"EE_2013","gradient","equal_pc","ge2",6.36197860846357,7.38240404858059,0.861790184205108,0.897467784738875,0.977983980617262,0.930321635476405
"EE_2013","gradient","equal_pc","ge_mld",0.821600095389644,1.28265387705184,0.640557153637123,0.897467784738875,0.977983980617262,0.930321635476405
"EE_2013","gradient","equal_pc","ge_theil",1.00043802617911,1.13295792876581,0.883050579122379,0.897467784738875,0.977983980617262,0.930321635476405
"EE_2013","gradient","equal_pc","gini",0.668745296581501,0.732870647818175,0.912502681632731,0.897467784738875,0.977983980617262,0.930321635476405
"EE_2013","gradient","equal_pc","top1",0.211443186098343,0.234007861560137,0.903594834414625,0.897467784738875,0.977983980617262,0.930321635476405
"EE_2013","gradient","equal_pc","top10",0.532883891298555,0.578820267676575,0.920643960945567,0.897467784738875,0.977983980617262,0.930321635476405
"EE_2013","gradient","mean_nwx","atkinson05",0.0293056769301676,0.413166805645239,0.0709194510153134,0.897467784738875,1,0.930321635476405
"EE_2013","gradient","mean_nwx","atkinson1",0.0446996850713457,0.7226752558684,0.0618503574905505,0.897467784738875,1,0.930321635476405
"EE_2013","gradient","mean_nwx","atkinson2",0.0609916233570051,0.999007843298667,0.0610521411828971,0.897467784738875,1,0.930321635476405
"EE_2013","gradient","mean_nwx","cv",0.761068207993421,4.11727768588555,0.184877415449,0.897467784738875,1,0.930321635476405
"EE_2013","gradient","mean_nwx","ge2",0.28979267464873,7.38240404858059,0.0392780648006661,0.897467784738875,1,0.930321635476405
"EE_2013","gradient","mean_nwx","ge_mld",0.0457313922407892,1.28265387705184,0.0356523577194298,0.897467784738875,1,0.930321635476405
"EE_2013","gradient","mean_nwx","ge_theil",0.0843603607146534,1.13295792876581,0.0744414235003734,0.897467784738875,1,0.930321635476405
"EE_2013","gradient","mean_nwx","gini",0.0971050304831338,0.732870647818175,0.132497753875272,0.897467784738875,1,0.930321635476405
"EE_2013","gradient","mean_nwx","top1",0.0556090844434584,0.234007861560137,0.237619671118522,0.897467784738875,1,0.930321635476405
"EE_2013","gradient","mean_nwx","top10",0.187566425868043,0.578820267676575,0.324055547321327,0.897467784738875,1,0.930321635476405
"ES_2011","baseline_3pct","actual","atkinson05",0.307033177160082,0.310519778487055,0.988789976825762,0.631607568665679,0.959719992323679,0.886052653442261
"ES_2011","baseline_3pct","actual","atkinson1",0.580251114935759,0.586984277355969,0.988532677914491,0.631607568665679,0.959719992323679,0.886052653442261
"ES_2011","baseline_3pct","actual","atkinson2",0.997218771883244,0.997070597544738,1.00014860973508,0.631607568665679,0.959719992323679,0.886052653442261
"ES_2011","baseline_3pct","actual","cv",2.78806149266238,5.92437454892259,0.491332097711011,0.631607568665679,0.959719992323679,0.886052653442261
"ES_2011","baseline_3pct","actual","ge2",3.66935364481877,4.14496596018234,0.8856696209782,0.631607568665679,0.959719992323679,0.886052653442261
"ES_2011","baseline_3pct","actual","ge_mld",0.868147033443169,0.884325361567417,0.981715435247337,0.631607568665679,0.959719992323679,0.886052653442261
"ES_2011","baseline_3pct","actual","ge_theil",0.76394314290884,0.779159179841251,0.980515089866953,0.631607568665679,0.959719992323679,0.886052653442261
"ES_2011","baseline_3pct","actual","gini",0.601231819927219,1.09602553734986,0.555522034951649,0.631607568665679,0.959719992323679,0.886052653442261
"ES_2011","baseline_3pct","actual","top1",0.163828855593404,0.224202398003679,0.733654436714701,0.631607568665679,0.959719992323679,0.886052653442261
"ES_2011","baseline_3pct","actual","top10",0.455672534557259,0.600750493050887,0.761200412516558,0.631607568665679,0.959719992323679,0.886052653442261
"ES_2011","baseline_3pct","equal_hh","atkinson05",0.169871726903074,0.310519778487055,0.547034806874182,0.631607568665679,0.953652641774393,0.886052653442261
"ES_2011","baseline_3pct","equal_hh","atkinson1",0.283222755075778,0.586984277355969,0.482498973263822,0.631607568665679,0.953652641774393,0.886052653442261
"ES_2011","baseline_3pct","equal_hh","atkinson2",0.545008561827628,0.997070597544738,0.546610374262608,0.631607568665679,0.953652641774393,0.886052653442261
"ES_2011","baseline_3pct","equal_hh","cv",3.69660703528412,5.92437454892259,0.631607568665679,0.631607568665679,0.953652641774393,0.886052653442261
"ES_2011","baseline_3pct","equal_hh","ge2",2.22608327201853,4.14496596018234,0.53803085845346,0.631607568665679,0.953652641774393,0.886052653442261
"ES_2011","baseline_3pct","equal_hh","ge_mld",0.333233175825952,0.884325361567417,0.376824906462496,0.631607568665679,0.953652641774393,0.886052653442261
"ES_2011","baseline_3pct","equal_hh","ge_theil",0.457796771381393,0.779159179841251,0.587601736009387,0.631607568665679,0.953652641774393,0.886052653442261
"ES_2011","baseline_3pct","equal_hh","gini",0.687739682636379,1.09602553734986,0.631607568665679,0.631607568665679,0.953652641774393,0.886052653442261
"ES_2011","baseline_3pct","equal_hh","top1",0.144798687643663,0.224202398003679,0.648026907374592,0.631607568665679,0.953652641774393,0.886052653442261
"ES_2011","baseline_3pct","equal_hh","top10",0.414980074102761,0.600750493050887,0.692798475792494,0.631607568665679,0.953652641774393,0.886052653442261
"ES_2011","baseline_3pct","equal_pc","atkinson05",0.183381832434269,0.310519778487055,0.590551797094566,0.631607568665679,0.950035700896182,0.886052653442261
"ES_2011","baseline_3pct","equal_pc","atkinson1",0.316746289041724,0.586984277355969,0.539604624887516,0.631607568665679,0.950035700896182,0.886052653442261
"ES_2011","baseline_3pct","equal_pc","atkinson2",0.64620368606489,0.997070597544738,0.648100406635634,0.631607568665679,0.950035700896182,0.886052653442261
"ES_2011","baseline_3pct","equal_pc","cv",3.7018299419208,5.92437454892259,0.63259563333184,0.631607568665679,0.950035700896182,0.886052653442261
"ES_2011","baseline_3pct","equal_pc","ge2",2.23368432767037,4.14496596018234,0.539830400220906,0.631607568665679,0.950035700896182,0.886052653442261
"ES_2011","baseline_3pct","equal_pc","ge_mld",0.380971681260324,0.884325361567417,0.430800389450259,0.631607568665679,0.950035700896182,0.886052653442261
"ES_2011","baseline_3pct","equal_pc","ge_theil",0.478567548961735,0.779159179841251,0.61426049353952,0.631607568665679,0.950035700896182,0.886052653442261
"ES_2011","baseline_3pct","equal_pc","gini",0.70888256295473,1.09602553734986,0.650814617662267,0.631607568665679,0.950035700896182,0.886052653442261
"ES_2011","baseline_3pct","equal_pc","top1",0.145180115190982,0.224202398003679,0.649721572076621,0.631607568665679,0.950035700896182,0.886052653442261
"ES_2011","baseline_3pct","equal_pc","top10",0.419449436214791,0.600750493050887,0.700214409694678,0.631607568665679,0.950035700896182,0.886052653442261
"ES_2011","baseline_3pct","mean_nwx","atkinson05",0.166423535267668,0.310519778487055,0.535917223448185,0.631607568665679,1,0.886052653442261
"ES_2011","baseline_3pct","mean_nwx","atkinson1",0.231436616792335,0.586984277355969,0.3942767022716,0.631607568665679,1,0.886052653442261
"ES_2011","baseline_3pct","mean_nwx","atkinson2",0.284716543138386,0.997070597544738,0.285553355708903,0.631607568665679,1,0.886052653442261
"ES_2011","baseline_3pct","mean_nwx","cv",2.94614361389344,5.92437454892259,0.496045410297946,0.631607568665679,1,0.886052653442261
"ES_2011","baseline_3pct","mean_nwx","ge2",4.56964536144443,4.14496596018234,1.09016289705446,0.631607568665679,1,0.886052653442261
"ES_2011","baseline_3pct","mean_nwx","ge_mld",0.264488477648203,0.884325361567417,0.299088685973891,0.631607568665679,1,0.886052653442261
"ES_2011","baseline_3pct","mean_nwx","ge_theil",0.556810774988728,0.779159179841251,0.713967539135692,0.631607568665679,1,0.886052653442261
"ES_2011","baseline_3pct","mean_nwx","gini",0.341174571684182,1.09602553734986,0.311506433249641,0.631607568665679,1,0.886052653442261
"ES_2011","baseline_3pct","mean_nwx","top1",0.172761167758474,0.224202398003679,0.765022072003118,0.631607568665679,1,0.886052653442261
"ES_2011","baseline_3pct","mean_nwx","top10",0.388299168779347,0.600750493050887,0.645510285395783,0.631607568665679,1,0.886052653442261
"ES_2011","capped_3pct","actual","atkinson05",0.307033177160082,0.310519778487055,0.988789976825762,0.809569665133614,0.959719992323679,0.886052653442261
"ES_2011","capped_3pct","actual","atkinson1",0.580251114935759,0.586984277355969,0.988532677914491,0.809569665133614,0.959719992323679,0.886052653442261
"ES_2011","capped_3pct","actual","atkinson2",0.997218771883244,0.997070597544738,1.00014860973508,0.809569665133614,0.959719992323679,0.886052653442261
"ES_2011","capped_3pct","actual","cv",2.78806149266238,3.10068839851287,0.899247369232525,0.809569665133614,0.959719992323679,0.886052653442261
"ES_2011","capped_3pct","actual","ge2",3.66935364481877,4.14496596018234,0.8856696209782,0.809569665133614,0.959719992323679,0.886052653442261
"ES_2011","capped_3pct","actual","ge_mld",0.868147033443169,0.884325361567417,0.981715435247337,0.809569665133614,0.959719992323679,0.886052653442261
"ES_2011","capped_3pct","actual","ge_theil",0.76394314290884,0.779159179841251,0.980515089866953,0.809569665133614,0.959719992323679,0.886052653442261
"ES_2011","capped_3pct","actual","gini",0.601231819927219,0.633848582092661,0.948541467499481,0.809569665133614,0.959719992323679,0.886052653442261
"ES_2011","capped_3pct","actual","top1",0.163828855593404,0.174299939813609,0.940112568584023,0.809569665133614,0.959719992323679,0.886052653442261
"ES_2011","capped_3pct","actual","top10",0.455672534557259,0.467081146190058,0.975606994953547,0.809569665133614,0.959719992323679,0.886052653442261
"ES_2011","capped_3pct","equal_hh","atkinson05",0.225363888454381,0.310519778487055,0.72574026234457,0.809569665133614,0.99474457023513,0.886052653442261
"ES_2011","capped_3pct","equal_hh","atkinson1",0.371855933132435,0.586984277355969,0.633500197347215,0.809569665133614,0.99474457023513,0.886052653442261
"ES_2011","capped_3pct","equal_hh","atkinson2",0.564733194598892,0.997070597544738,0.566392327508153,0.809569665133614,0.99474457023513,0.886052653442261
"ES_2011","capped_3pct","equal_hh","cv",2.51017461272436,3.10068839851287,0.809569665133614,0.809569665133614,0.99474457023513,0.886052653442261
"ES_2011","capped_3pct","equal_hh","ge2",3.11081058955401,4.14496596018234,0.750578937837164,0.809569665133614,0.99474457023513,0.886052653442261
"ES_2011","capped_3pct","equal_hh","ge_mld",0.465020702977246,0.884325361567417,0.525859749770037,0.809569665133614,0.99474457023513,0.886052653442261
"ES_2011","capped_3pct","equal_hh","ge_theil",0.602786561372189,0.779159179841251,0.773612544999671,0.809569665133614,0.99474457023513,0.886052653442261
"ES_2011","capped_3pct","equal_hh","gini",0.51314714603004,0.633848582092661,0.809569665133614,0.809569665133614,0.99474457023513,0.886052653442261
"ES_2011","capped_3pct","equal_hh","top1",0.143019066678983,0.174299939813609,0.820513208288372,0.809569665133614,0.99474457023513,0.886052653442261
"ES_2011","capped_3pct","equal_hh","top10",0.397183864455967,0.467081146190058,0.850348398767492,0.809569665133614,0.99474457023513,0.886052653442261
"ES_2011","capped_3pct","equal_pc","atkinson05",0.236062567294686,0.310519778487055,0.760195573122817,0.809569665133614,0.994904794136767,0.886052653442261
"ES_2011","capped_3pct","equal_pc","atkinson1",0.401274148730132,0.586984277355969,0.68361125420356,0.809569665133614,0.994904794136767,0.886052653442261
"ES_2011","capped_3pct","equal_pc","atkinson2",0.67010464008999,0.997070597544738,0.672072729414497,0.809569665133614,0.994904794136767,0.886052653442261
"ES_2011","capped_3pct","equal_pc","cv",2.51461932477928,3.10068839851287,0.811003460685172,0.809569665133614,0.994904794136767,0.886052653442261
"ES_2011","capped_3pct","equal_pc","ge2",3.12281714436144,4.14496596018234,0.753474854976525,0.809569665133614,0.994904794136767,0.886052653442261
"ES_2011","capped_3pct","equal_pc","ge_mld",0.512981810617185,0.884325361567417,0.580082455107083,0.809569665133614,0.994904794136767,0.886052653442261
"ES_2011","capped_3pct","equal_pc","ge_theil",0.617567053913278,0.779159179841251,0.792584190026668,0.809569665133614,0.994904794136767,0.886052653442261
"ES_2011","capped_3pct","equal_pc","gini",0.521728256318529,0.633848582092661,0.823106533491363,0.809569665133614,0.994904794136767,0.886052653442261
"ES_2011","capped_3pct","equal_pc","top1",0.143207613997857,0.174299939813609,0.821596874702694,0.809569665133614,0.994904794136767,0.886052653442261
"ES_2011","capped_3pct","equal_pc","top10",0.399179643795592,0.467081146190058,0.854621530773239,0.809569665133614,0.994904794136767,0.886052653442261
"ES_2011","capped_3pct","mean_nwx","atkinson05",0.0480180901050671,0.310519778487055,0.154681396940407,0.809569665133614,1,0.886052653442261
"ES_2011","capped_3pct","mean_nwx","atkinson1",0.0766556946071263,0.586984277355969,0.130594451546345,0.809569665133614,1,0.886052653442261
"ES_2011","capped_3pct","mean_nwx","atkinson2",0.108974338222765,0.997070597544738,0.109294512629404,0.809569665133614,1,0.886052653442261
"ES_2011","capped_3pct","mean_nwx","cv",0.849482595027912,3.10068839851287,0.27395647621329,0.809569665133614,1,0.886052653442261
"ES_2011","capped_3pct","mean_nwx","ge2",0.363153967036406,4.14496596018234,0.0876119678687598,0.809569665133614,1,0.886052653442261
"ES_2011","capped_3pct","mean_nwx","ge_mld",0.0797592467138592,0.884325361567417,0.0901990625486608,0.809569665133614,1,0.886052653442261
"ES_2011","capped_3pct","mean_nwx","ge_theil",0.127738680245539,0.779159179841251,0.164051237075044,0.809569665133614,1,0.886052653442261
"ES_2011","capped_3pct","mean_nwx","gini",0.169938568309809,0.633848582092661,0.268122731428792,0.809569665133614,1,0.886052653442261
"ES_2011","capped_3pct","mean_nwx","top1",0.0659483291358287,0.174299939813609,0.379055385987766,0.809569665133614,1,0.886052653442261
"ES_2011","capped_3pct","mean_nwx","top10",0.23384556439922,0.467081146190058,0.500750250897808,0.809569665133614,1,0.886052653442261
"ES_2011","gradient","actual","atkinson05",0.307033177160082,0.289820199701878,1.0595324443324,0.761457976149962,0.959719992323679,0.934704169230703
"ES_2011","gradient","actual","atkinson1",0.580251114935759,0.56091585420461,1.03451127257389,0.761457976149962,0.959719992323679,0.934704169230703
"ES_2011","gradient","actual","atkinson2",0.997218771883244,0.996832204768271,1.00038779602697,0.761457976149962,0.959719992323679,0.934704169230703
"ES_2011","gradient","actual","cv",2.78806149266238,3.99108926457588,0.749564939920609,0.761457976149962,0.959719992323679,0.934704169230703
"ES_2011","gradient","actual","ge2",3.66935364481877,3.64006267402868,1.01020177005622,0.761457976149962,0.959719992323679,0.934704169230703
"ES_2011","gradient","actual","ge_mld",0.868147033443169,0.823132184873711,1.05478209202546,0.761457976149962,0.959719992323679,0.934704169230703
"ES_2011","gradient","actual","ge_theil",0.76394314290884,0.712826348343564,1.07216364821784,0.761457976149962,0.959719992323679,0.934704169230703
"ES_2011","gradient","actual","gini",0.601231819927219,0.745423664095449,0.816256320258704,0.761457976149962,0.959719992323679,0.934704169230703
"ES_2011","gradient","actual","top1",0.163828855593404,0.172605553440568,0.953780753076938,0.761457976149962,0.959719992323679,0.934704169230703
"ES_2011","gradient","actual","top10",0.455672534557259,0.476109453992926,0.959688729047342,0.761457976149962,0.959719992323679,0.934704169230703
"ES_2011","gradient","equal_hh","atkinson05",0.184060805779237,0.289820199701878,0.635275070290438,0.761457976149962,0.981756490229052,0.934704169230703
"ES_2011","gradient","equal_hh","atkinson1",0.308756810742674,0.56091585420461,0.550536806060893,0.761457976149962,0.981756490229052,0.934704169230703
"ES_2011","gradient","equal_hh","atkinson2",0.505094545092969,0.996832204768271,0.506699474697956,0.761457976149962,0.981756490229052,0.934704169230703
"ES_2011","gradient","equal_hh","cv",3.00327290321295,3.99108926457588,0.761457976149962,0.761457976149962,0.981756490229052,0.934704169230703
"ES_2011","gradient","equal_hh","ge2",2.36261933662052,3.64006267402868,0.6504431556712,0.761457976149962,0.981756490229052,0.934704169230703
"ES_2011","gradient","equal_hh","ge_mld",0.369524863895343,0.823132184873711,0.449073540535616,0.761457976149962,0.981756490229052,0.934704169230703
"ES_2011","gradient","equal_hh","ge_theil",0.487202817790587,0.712826348343564,0.68384963592751,0.761457976149962,0.981756490229052,0.934704169230703
"ES_2011","gradient","equal_hh","gini",0.564949104358538,0.745423664095449,0.761457976149962,0.761457976149962,0.981756490229052,0.934704169230703
"ES_2011","gradient","equal_hh","top1",0.133456836022746,0.172605553440568,0.775243023279176,0.761457976149962,0.981756490229052,0.934704169230703
"ES_2011","gradient","equal_hh","top10",0.385597581256763,0.476109453992926,0.811361966844877,0.761457976149962,0.981756490229052,0.934704169230703
"ES_2011","gradient","equal_pc","atkinson05",0.194364527470966,0.289820199701878,0.670831385866487,0.761457976149962,0.982039184327519,0.934704169230703
"ES_2011","gradient","equal_pc","atkinson1",0.33553610044295,0.56091585420461,0.598293681306599,0.761457976149962,0.982039184327519,0.934704169230703
"ES_2011","gradient","equal_pc","atkinson2",0.585625886597101,0.996832204768271,0.587487212675116,0.761457976149962,0.982039184327519,0.934704169230703
"ES_2011","gradient","equal_pc","cv",3.00588454080616,3.99108926457588,0.762264842523877,0.761457976149962,0.982039184327519,0.934704169230703
"ES_2011","gradient","equal_pc","ge2",2.37817087351294,3.64006267402868,0.6547451348517,0.761457976149962,0.982039184327519,0.934704169230703
"ES_2011","gradient","equal_pc","ge_mld",0.409059044826335,0.823132184873711,0.497131787383525,0.761457976149962,0.982039184327519,0.934704169230703
"ES_2011","gradient","equal_pc","ge_theil",0.502783649689069,0.712826348343564,0.705703830974197,0.761457976149962,0.982039184327519,0.934704169230703
"ES_2011","gradient","equal_pc","gini",0.575023555259528,0.745423664095449,0.774823943878834,0.761457976149962,0.982039184327519,0.934704169230703
"ES_2011","gradient","equal_pc","top1",0.133711296325054,0.172605553440568,0.776709894091435,0.761457976149962,0.982039184327519,0.934704169230703
"ES_2011","gradient","equal_pc","top10",0.388106274026694,0.476109453992926,0.816602636387554,0.761457976149962,0.982039184327519,0.934704169230703
"ES_2011","gradient","mean_nwx","atkinson05",0.0991420532677602,0.289820199701878,0.341418849369648,0.761457976149962,1,0.934704169230703
"ES_2011","gradient","mean_nwx","atkinson1",0.136216676792302,0.56091585420461,0.24262554609888,0.761457976149962,1,0.934704169230703
"ES_2011","gradient","mean_nwx","atkinson2",0.16843807575373,0.996832204768271,0.168973088565602,0.761457976149962,1,0.934704169230703
"ES_2011","gradient","mean_nwx","cv",2.30012919012487,3.99108926457588,0.571757509292834,0.761457976149962,1,0.934704169230703
"ES_2011","gradient","mean_nwx","ge2",2.92456769661577,3.64006267402868,0.790450885947687,0.761457976149962,1,0.934704169230703
"ES_2011","gradient","mean_nwx","ge_mld",0.147162605630701,0.823132184873711,0.178520201826747,0.761457976149962,1,0.934704169230703
"ES_2011","gradient","mean_nwx","ge_theil",0.345475865915796,0.712826348343564,0.482579547478157,0.761457976149962,1,0.934704169230703
"ES_2011","gradient","mean_nwx","gini",0.222067188264987,0.745423664095449,0.296918781178064,0.761457976149962,1,0.934704169230703
"ES_2011","gradient","mean_nwx","top1",0.128976928377707,0.172605553440568,0.74028025912399,0.761457976149962,1,0.934704169230703
"ES_2011","gradient","mean_nwx","top10",0.287137296909793,0.476109453992926,0.60173447634057,0.761457976149962,1,0.934704169230703
"FR_2009","baseline_3pct","actual","atkinson05",0.407935207642507,0.407016519645023,1.00225712705294,0.871560556444329,0.971927914497887,0.943709494551417
"FR_2009","baseline_3pct","actual","atkinson1",0.741659046510371,0.739076516016802,1.00349426674722,0.871560556444329,0.971927914497887,0.943709494551417
"FR_2009","baseline_3pct","actual","atkinson2",0.984883490523697,0.984896653254867,0.999986635418928,0.871560556444329,0.971927914497887,0.943709494551417
"FR_2009","baseline_3pct","actual","cv",3.73537709802761,5.12811632891561,0.728411147181893,0.871560556444329,0.971927914497887,0.943709494551417
"FR_2009","baseline_3pct","actual","ge2",6.71211315252703,7.0096776920232,0.957549469095448,0.871560556444329,0.971927914497887,0.943709494551417
"FR_2009","baseline_3pct","actual","ge_mld",1.35347504135273,1.34352807945598,1.0074036129567,0.871560556444329,0.971927914497887,0.943709494551417
"FR_2009","baseline_3pct","actual","ge_theil",0.971048494950999,0.975413622358243,0.995524844735415,0.871560556444329,0.971927914497887,0.943709494551417
"FR_2009","baseline_3pct","actual","gini",0.672332772081831,0.810768248845173,0.829253949003893,0.871560556444329,0.971927914497887,0.943709494551417
"FR_2009","baseline_3pct","actual","top1",0.174072445195235,0.192151753336524,0.905911302773149,0.871560556444329,0.971927914497887,0.943709494551417
"FR_2009","baseline_3pct","actual","top10",0.486167965863683,0.530968400470324,0.915625045545164,0.871560556444329,0.971927914497887,0.943709494551417
"FR_2009","baseline_3pct","equal_hh","atkinson05",0.30127391372532,0.407016519645023,0.740200702389363,0.871560556444329,0.978552406004684,0.943709494551417
"FR_2009","baseline_3pct","equal_hh","atkinson1",0.500443001259631,0.739076516016802,0.677119338004043,0.871560556444329,0.978552406004684,0.943709494551417
"FR_2009","baseline_3pct","equal_hh","atkinson2",0.722025708704463,0.984896653254867,0.733097941107147,0.871560556444329,0.978552406004684,0.943709494551417
"FR_2009","baseline_3pct","equal_hh","cv",4.46946392114093,5.12811632891561,0.871560556444329,0.871560556444329,0.978552406004684,0.943709494551417
"FR_2009","baseline_3pct","equal_hh","ge2",5.68608325223248,7.0096776920232,0.811176134204154,0.871560556444329,0.978552406004684,0.943709494551417
"FR_2009","baseline_3pct","equal_hh","ge_mld",0.694033575811431,1.34352807945598,0.516575415448301,0.871560556444329,0.978552406004684,0.943709494551417
"FR_2009","baseline_3pct","equal_hh","ge_theil",0.788455111385271,0.975413622358243,0.808328993272654,0.871560556444329,0.978552406004684,0.943709494551417
"FR_2009","baseline_3pct","equal_hh","gini",0.706633626110892,0.810768248845173,0.871560556444329,0.871560556444329,0.978552406004684,0.943709494551417
"FR_2009","baseline_3pct","equal_hh","top1",0.168756283495291,0.192151753336524,0.878244827668788,0.871560556444329,0.978552406004684,0.943709494551417
"FR_2009","baseline_3pct","equal_hh","top10",0.475615058923838,0.530968400470324,0.895750215083506,0.871560556444329,0.978552406004684,0.943709494551417
"FR_2009","baseline_3pct","equal_pc","atkinson05",0.313479060382122,0.407016519645023,0.770187560582358,0.871560556444329,0.977093464054863,0.943709494551417
"FR_2009","baseline_3pct","equal_pc","atkinson1",0.533249265607052,0.739076516016802,0.721507521955859,0.871560556444329,0.977093464054863,0.943709494551417
"FR_2009","baseline_3pct","equal_pc","atkinson2",0.914510269701869,0.984896653254867,0.928534244359155,0.871560556444329,0.977093464054863,0.943709494551417
"FR_2009","baseline_3pct","equal_pc","cv",4.47327077710075,5.12811632891561,0.872302906210919,0.871560556444329,0.977093464054863,0.943709494551417
"FR_2009","baseline_3pct","equal_pc","ge2",5.68525289083043,7.0096776920232,0.811057674919928,0.871560556444329,0.977093464054863,0.943709494551417
"FR_2009","baseline_3pct","equal_pc","ge_mld",0.761959923143337,1.34352807945598,0.567133605016926,0.871560556444329,0.977093464054863,0.943709494551417
"FR_2009","baseline_3pct","equal_pc","ge_theil",0.803558028208246,0.975413622358243,0.823812595794485,0.871560556444329,0.977093464054863,0.943709494551417
"FR_2009","baseline_3pct","equal_pc","gini",0.716138599402761,0.810768248845173,0.883283972235965,0.871560556444329,0.977093464054863,0.943709494551417
"FR_2009","baseline_3pct","equal_pc","top1",0.168936246329839,0.192151753336524,0.879181393853709,0.871560556444329,0.977093464054863,0.943709494551417
"FR_2009","baseline_3pct","equal_pc","top10",0.477505193601965,0.530968400470324,0.899310002589604,0.871560556444329,0.977093464054863,0.943709494551417
"FR_2009","baseline_3pct","mean_nwx","atkinson05",0.0624309514165987,0.407016519645023,0.153386775237151,0.871560556444329,1,0.943709494551417
"FR_2009","baseline_3pct","mean_nwx","atkinson1",0.081852140661077,0.739076516016802,0.11074921051776,0.871560556444329,1,0.943709494551417
"FR_2009","baseline_3pct","mean_nwx","atkinson2",0.0971402772250803,0.984896653254867,0.09862991909258,0.871560556444329,1,0.943709494551417
"FR_2009","baseline_3pct","mean_nwx","cv",2.72886911155472,5.12811632891561,0.532138691193023,0.871560556444329,1,0.943709494551417
"FR_2009","baseline_3pct","mean_nwx","ge2",3.72336331399872,7.0096776920232,0.531174681288955,0.871560556444329,1,0.943709494551417
"FR_2009","baseline_3pct","mean_nwx","ge_mld",0.0853968345135152,1.34352807945598,0.0635616298753458,0.871560556444329,1,0.943709494551417
"FR_2009","baseline_3pct","mean_nwx","ge_theil",0.241537219276682,0.975413622358243,0.247625431653006,0.871560556444329,1,0.943709494551417
"FR_2009","baseline_3pct","mean_nwx","gini",0.125219081346501,0.810768248845173,0.154444974288101,0.871560556444329,1,0.943709494551417
"FR_2009","baseline_3pct","mean_nwx","top1",0.0982014615766153,0.192151753336524,0.511062011516652,0.871560556444329,1,0.943709494551417
"FR_2009","baseline_3pct","mean_nwx","top10",0.21440792283753,0.530968400470324,0.403805429188649,0.871560556444329,1,0.943709494551417
"FR_2009","capped_3pct","actual","atkinson05",0.407935207642507,0.407016519645023,1.00225712705294,0.938427936526098,0.971927914497887,0.943709494551417
"FR_2009","capped_3pct","actual","atkinson1",0.741659046510371,0.739076516016802,1.00349426674722,0.938427936526098,0.971927914497887,0.943709494551417
"FR_2009","capped_3pct","actual","atkinson2",0.984883490523697,0.984896653254867,0.999986635418928,0.938427936526098,0.971927914497887,0.943709494551417
"FR_2009","capped_3pct","actual","cv",3.73537709802761,3.87858722624953,0.963076728749916,0.938427936526098,0.971927914497887,0.943709494551417
"FR_2009","capped_3pct","actual","ge2",6.71211315252703,7.0096776920232,0.957549469095448,0.938427936526098,0.971927914497887,0.943709494551417
"FR_2009","capped_3pct","actual","ge_mld",1.35347504135273,1.34352807945598,1.0074036129567,0.938427936526098,0.971927914497887,0.943709494551417
"FR_2009","capped_3pct","actual","ge_theil",0.971048494950999,0.975413622358243,0.995524844735415,0.938427936526098,0.971927914497887,0.943709494551417
"FR_2009","capped_3pct","actual","gini",0.672332772081831,0.682061378937317,0.985736464259795,0.938427936526098,0.971927914497887,0.943709494551417
"FR_2009","capped_3pct","actual","top1",0.174072445195235,0.178460042099436,0.975414121544609,0.938427936526098,0.971927914497887,0.943709494551417
"FR_2009","capped_3pct","actual","top10",0.486167965863683,0.493134418271233,0.985873116640344,0.938427936526098,0.971927914497887,0.943709494551417
"FR_2009","capped_3pct","equal_hh","atkinson05",0.352897438170176,0.407016519645023,0.867034680749452,0.938427936526098,0.99292882043776,0.943709494551417
"FR_2009","capped_3pct","equal_hh","atkinson1",0.59382265626923,0.739076516016802,0.803465735144169,0.938427936526098,0.99292882043776,0.943709494551417
"FR_2009","capped_3pct","equal_hh","atkinson2",0.833165605420518,0.984896653254867,0.845942163238233,0.938427936526098,0.99292882043776,0.943709494551417
"FR_2009","capped_3pct","equal_hh","cv",3.63977460736583,3.87858722624953,0.938427936526098,0.938427936526098,0.99292882043776,0.943709494551417
"FR_2009","capped_3pct","equal_hh","ge2",6.53252595003701,7.0096776920232,0.931929574660876,0.938427936526098,0.99292882043776,0.943709494551417
"FR_2009","capped_3pct","equal_hh","ge_mld",0.900965407534262,1.34352807945598,0.670596633826276,0.938427936526098,0.99292882043776,0.943709494551417
"FR_2009","capped_3pct","equal_hh","ge_theil",0.898332011993573,0.975413622358243,0.920975462513727,0.938427936526098,0.99292882043776,0.943709494551417
"FR_2009","capped_3pct","equal_hh","gini",0.640065452420291,0.682061378937317,0.938427936526098,0.938427936526098,0.99292882043776,0.943709494551417
"FR_2009","capped_3pct","equal_hh","top1",0.168087609694473,0.178460042099436,0.94187812418433,0.938427936526098,0.99292882043776,0.943709494551417
"FR_2009","capped_3pct","equal_hh","top10",0.468928320915661,0.493134418271233,0.950913794578706,0.938427936526098,0.99292882043776,0.943709494551417
"FR_2009","capped_3pct","equal_pc","atkinson05",0.360908712102392,0.407016519645023,0.886717601578326,0.938427936526098,0.99203883337293,0.943709494551417
"FR_2009","capped_3pct","equal_pc","atkinson1",0.617480980262532,0.739076516016802,0.835476390983711,0.938427936526098,0.99203883337293,0.943709494551417
"FR_2009","capped_3pct","equal_pc","atkinson2",0.891342173935035,0.984896653254867,0.905010866865417,0.938427936526098,0.99203883337293,0.943709494551417
"FR_2009","capped_3pct","equal_pc","cv",3.6414928234921,3.87858722624953,0.938870937037893,0.938427936526098,0.99203883337293,0.943709494551417
"FR_2009","capped_3pct","equal_pc","ge2",6.53338521332837,7.0096776920232,0.932052157086075,0.938427936526098,0.99203883337293,0.943709494551417
"FR_2009","capped_3pct","equal_pc","ge_mld",0.960976902147947,1.34352807945598,0.715263727526309,0.938427936526098,0.99203883337293,0.943709494551417
"FR_2009","capped_3pct","equal_pc","ge_theil",0.906943473667805,0.975413622358243,0.929803985590339,0.938427936526098,0.99203883337293,0.943709494551417
"FR_2009","capped_3pct","equal_pc","gini",0.643985140903826,0.682061378937317,0.944174763138158,0.938427936526098,0.99203883337293,0.943709494551417
"FR_2009","capped_3pct","equal_pc","top1",0.168171684056088,0.178460042099436,0.942349234471126,0.938427936526098,0.99203883337293,0.943709494551417
"FR_2009","capped_3pct","equal_pc","top10",0.469763564851789,0.493134418271233,0.95260753953988,0.938427936526098,0.99203883337293,0.943709494551417
"FR_2009","capped_3pct","mean_nwx","atkinson05",0.0147333062460923,0.407016519645023,0.0361983004005386,0.938427936526098,1,0.943709494551417
"FR_2009","capped_3pct","mean_nwx","atkinson1",0.0233402577315172,0.739076516016802,0.0315802995030985,0.938427936526098,1,0.943709494551417
"FR_2009","capped_3pct","mean_nwx","atkinson2",0.0333017416475333,0.984896653254867,0.0338124223871392,0.938427936526098,1,0.943709494551417
"FR_2009","capped_3pct","mean_nwx","cv",0.523903008706416,3.87858722624953,0.135075731998688,0.938427936526098,1,0.943709494551417
"FR_2009","capped_3pct","mean_nwx","ge2",0.137237181265818,7.0096776920232,0.0195782441497973,0.938427936526098,1,0.943709494551417
"FR_2009","capped_3pct","mean_nwx","ge_mld",0.0236169554917583,1.34352807945598,0.017578311799275,0.938427936526098,1,0.943709494551417
"FR_2009","capped_3pct","mean_nwx","ge_theil",0.0404596797315199,0.975413622358243,0.0414795106446239,0.938427936526098,1,0.943709494551417
"FR_2009","capped_3pct","mean_nwx","gini",0.0590290358527352,0.682061378937317,0.0865450495741383,0.938427936526098,1,0.943709494551417
"FR_2009","capped_3pct","mean_nwx","top1",0.0386067450130573,0.178460042099436,0.216332712683919,0.938427936526098,1,0.943709494551417
"FR_2009","capped_3pct","mean_nwx","top10",0.15462740295772,0.493134418271233,0.313560354395447,0.938427936526098,1,0.943709494551417
"FR_2009","gradient","actual","atkinson05",0.407935207642507,0.402986872095213,1.01227914825505,0.939300787524058,0.971927914497887,0.958078669285443
"FR_2009","gradient","actual","atkinson1",0.741659046510371,0.735269329275307,1.00869030840898,0.939300787524058,0.971927914497887,0.958078669285443
"FR_2009","gradient","actual","atkinson2",0.984883490523697,0.984606127943029,1.00028169901933,0.939300787524058,0.971927914497887,0.958078669285443
"FR_2009","gradient","actual","cv",3.73537709802761,3.84278708815316,0.972048935405067,0.939300787524058,0.971927914497887,0.958078669285443
"FR_2009","gradient","actual","ge2",6.71211315252703,6.85966805694672,0.978489497859846,0.939300787524058,0.971927914497887,0.958078669285443
"FR_2009","gradient","actual","ge_mld",1.35347504135273,1.32904230670441,1.01838371474337,0.939300787524058,0.971927914497887,0.958078669285443
"FR_2009","gradient","actual","ge_theil",0.971048494950999,0.961772852612621,1.0096443170684,0.939300787524058,0.971927914497887,0.958078669285443
"FR_2009","gradient","actual","gini",0.672332772081831,0.683236992059458,0.984040354804621,0.939300787524058,0.971927914497887,0.958078669285443
"FR_2009","gradient","actual","top1",0.174072445195235,0.176157181690011,0.988165475430663,0.939300787524058,0.971927914497887,0.958078669285443
"FR_2009","gradient","actual","top10",0.486167965863683,0.488311111582361,0.995611105977635,0.939300787524058,0.971927914497887,0.958078669285443
"FR_2009","gradient","equal_hh","atkinson05",0.343753515304281,0.402986872095213,0.853014177650589,0.939300787524058,0.985695106385927,0.958078669285443
"FR_2009","gradient","equal_hh","atkinson1",0.58373373411855,0.735269329275307,0.793904642661876,0.939300787524058,0.985695106385927,0.958078669285443
"FR_2009","gradient","equal_hh","atkinson2",0.83400468094334,0.984606127943029,0.847043967404189,0.939300787524058,0.985695106385927,0.958078669285443
"FR_2009","gradient","equal_hh","cv",3.60953293818954,3.84278708815316,0.939300787524058,0.939300787524058,0.985695106385927,0.958078669285443
"FR_2009","gradient","equal_hh","ge2",6.26518065105025,6.85966805694672,0.913335834771999,0.939300787524058,0.985695106385927,0.958078669285443
"FR_2009","gradient","equal_hh","ge_mld",0.876430161258305,1.32904230670441,0.659444892639699,0.939300787524058,0.985695106385927,0.958078669285443
"FR_2009","gradient","equal_hh","ge_theil",0.871283610809706,0.961772852612621,0.905914123530203,0.939300787524058,0.985695106385927,0.958078669285443
"FR_2009","gradient","equal_hh","gini",0.641765044707017,0.683236992059458,0.939300787524058,0.939300787524058,0.985695106385927,0.958078669285443
"FR_2009","gradient","equal_hh","top1",0.166071571614205,0.176157181690011,0.942746529099486,0.939300787524058,0.985695106385927,0.958078669285443
"FR_2009","gradient","equal_hh","top10",0.464740932913654,0.488311111582361,0.951731226036761,0.939300787524058,0.985695106385927,0.958078669285443
"FR_2009","gradient","equal_pc","atkinson05",0.350177347317307,0.402986872095213,0.868954726730085,0.939300787524058,0.983553072857792,0.958078669285443
"FR_2009","gradient","equal_pc","atkinson1",0.603447348248234,0.735269329275307,0.820716061749782,0.939300787524058,0.983553072857792,0.958078669285443
"FR_2009","gradient","equal_pc","atkinson2",0.877508241063215,0.984606127943029,0.891227686035678,0.939300787524058,0.983553072857792,0.958078669285443
"FR_2009","gradient","equal_pc","cv",3.61121348375392,3.84278708815316,0.939738112186035,0.939300787524058,0.983553072857792,0.958078669285443
"FR_2009","gradient","equal_pc","ge2",6.25618482683012,6.85966805694672,0.912024426676818,0.939300787524058,0.983553072857792,0.958078669285443
"FR_2009","gradient","equal_pc","ge_mld",0.924946455419899,1.32904230670441,0.695949595249128,0.939300787524058,0.983553072857792,0.958078669285443
"FR_2009","gradient","equal_pc","ge_theil",0.877640185468815,0.961772852612621,0.912523350066221,0.939300787524058,0.983553072857792,0.958078669285443
"FR_2009","gradient","equal_pc","gini",0.645393863638362,0.683236992059458,0.944612003066423,0.939300787524058,0.983553072857792,0.958078669285443
"FR_2009","gradient","equal_pc","top1",0.166156583223943,0.176157181690011,0.943229118619384,0.939300787524058,0.983553072857792,0.958078669285443
"FR_2009","gradient","equal_pc","top10",0.465563190357122,0.488311111582361,0.953415106300724,0.939300787524058,0.983553072857792,0.958078669285443
"FR_2009","gradient","mean_nwx","atkinson05",0.0171207816013358,0.402986872095213,0.0424847129940518,0.939300787524058,1,0.958078669285443
"FR_2009","gradient","mean_nwx","atkinson1",0.0256406247909126,0.735269329275307,0.0348724253413159,0.939300787524058,1,0.958078669285443
"FR_2009","gradient","mean_nwx","atkinson2",0.0346632861819082,0.984606127943029,0.0352052310037155,0.939300787524058,1,0.958078669285443
"FR_2009","gradient","mean_nwx","cv",0.755691012422706,3.84278708815316,0.196651803778671,0.939300787524058,1,0.958078669285443
"FR_2009","gradient","mean_nwx","ge2",0.285534453128227,6.85966805694672,0.0416251122879144,0.939300787524058,1,0.958078669285443
"FR_2009","gradient","mean_nwx","ge_mld",0.025975075004544,1.32904230670441,0.0195442047807746,0.939300787524058,1,0.958078669285443
"FR_2009","gradient","mean_nwx","ge_theil",0.052068232841235,0.961772852612621,0.0541377651695965,0.939300787524058,1,0.958078669285443
"FR_2009","gradient","mean_nwx","gini",0.0584652981931507,0.683236992059458,0.0855710373891214,0.939300787524058,1,0.958078669285443
"FR_2009","gradient","mean_nwx","top1",0.0425537161412026,0.176157181690011,0.241566740185965,0.939300787524058,1,0.958078669285443
"FR_2009","gradient","mean_nwx","top10",0.153847079070606,0.488311111582361,0.315059549990719,0.939300787524058,1,0.958078669285443
"GR_2009","baseline_3pct","actual","atkinson05",0.253461994575407,0.286002928317616,0.88623546390676,0.666203528884829,0.945978102480169,0.849801884881917
"GR_2009","baseline_3pct","actual","atkinson1",0.537208775673361,0.582460325244594,0.922321619899598,0.666203528884829,0.945978102480169,0.849801884881917
"GR_2009","baseline_3pct","actual","atkinson2",0.969274329091058,0.969859982317304,0.999395259964705,0.666203528884829,0.945978102480169,0.849801884881917
"GR_2009","baseline_3pct","actual","cv",1.26849873548768,2.6714407022719,0.477806172297107,0.666203528884829,0.945978102480169,0.849801884881917
"GR_2009","baseline_3pct","actual","ge2",0.729207849513977,0.865419818020435,0.842635726124181,0.666203528884829,0.945978102480169,0.849801884881917
"GR_2009","baseline_3pct","actual","ge_mld",0.770485727421864,0.87339372207951,0.882204401136176,0.666203528884829,0.945978102480169,0.849801884881917
"GR_2009","baseline_3pct","actual","ge_theil",0.507322652760157,0.581019568744014,0.873163940985726,0.666203528884829,0.945978102480169,0.849801884881917
"GR_2009","baseline_3pct","actual","gini",0.556301093408145,0.961119442583722,0.579288611345038,0.666203528884829,0.945978102480169,0.849801884881917
"GR_2009","baseline_3pct","actual","top1",0.0837164162761096,0.118493837564435,0.706895116154551,0.666203528884829,0.945978102480169,0.849801884881917
"GR_2009","baseline_3pct","actual","top10",0.386297904073104,0.527101581834505,0.73304250700427,0.666203528884829,0.945978102480169,0.849801884881917
"GR_2009","baseline_3pct","equal_hh","atkinson05",0.161109028675322,0.286002928317616,0.563335232949494,0.666203528884829,0.945550936801219,0.849801884881917
"GR_2009","baseline_3pct","equal_hh","atkinson1",0.294676460019065,0.582460325244594,0.505928311010077,0.666203528884829,0.945550936801219,0.849801884881917
"GR_2009","baseline_3pct","equal_hh","atkinson2",0.607645699390415,0.969859982317304,0.626514392140023,0.666203528884829,0.945550936801219,0.849801884881917
"GR_2009","baseline_3pct","equal_hh","cv",1.77768481218201,2.6714407022719,0.666203528884829,0.666203528884829,0.945550936801219,0.849801884881917
"GR_2009","baseline_3pct","equal_hh","ge2",0.537500295758226,0.865419818020435,0.621190650040981,0.666203528884829,0.945550936801219,0.849801884881917
"GR_2009","baseline_3pct","equal_hh","ge_mld",0.34911654763134,0.87339372207951,0.399746126807144,0.666203528884829,0.945550936801219,0.849801884881917
"GR_2009","baseline_3pct","equal_hh","ge_theil",0.356053054607906,0.581019568744014,0.61284585558962,0.666203528884829,0.945550936801219,0.849801884881917
"GR_2009","baseline_3pct","equal_hh","gini",0.640024700230839,0.961119442583722,0.666203528884829,0.666203528884829,0.945550936801219,0.849801884881917
"GR_2009","baseline_3pct","equal_hh","top1",0.0822497890235597,0.118493837564435,0.694403265842556,0.666203528884829,0.945550936801219,0.849801884881917
"GR_2009","baseline_3pct","equal_hh","top10",0.384446252777061,0.527101581834505,0.72952150133116,0.666203528884829,0.945550936801219,0.849801884881917
"GR_2009","baseline_3pct","equal_pc","atkinson05",0.182099854428184,0.286002928317616,0.636724277563225,0.666203528884829,0.942916583886951,0.849801884881917
"GR_2009","baseline_3pct","equal_pc","atkinson1",0.345036945415715,0.582460325244594,0.592387290377113,0.666203528884829,0.942916583886951,0.849801884881917
"GR_2009","baseline_3pct","equal_pc","atkinson2",0.736138329543662,0.969859982317304,0.759175989990508,0.666203528884829,0.942916583886951,0.849801884881917
"GR_2009","baseline_3pct","equal_pc","cv",1.79597247718538,2.6714407022719,0.673119810043303,0.666203528884829,0.942916583886951,0.849801884881917
"GR_2009","baseline_3pct","equal_pc","ge2",0.565011005782152,0.865419818020435,0.652975778801254,0.666203528884829,0.942916583886951,0.849801884881917
"GR_2009","baseline_3pct","equal_pc","ge_mld",0.423195705564361,0.87339372207951,0.484561077082592,0.666203528884829,0.942916583886951,0.849801884881917
"GR_2009","baseline_3pct","equal_pc","ge_theil",0.389456268362949,0.581019568744014,0.670331198690421,0.666203528884829,0.942916583886951,0.849801884881917
"GR_2009","baseline_3pct","equal_pc","gini",0.664239360793231,0.961119442583722,0.691382766916439,0.666203528884829,0.942916583886951,0.849801884881917
"GR_2009","baseline_3pct","equal_pc","top1",0.0828524352906505,0.118493837564435,0.699444555822104,0.666203528884829,0.942916583886951,0.849801884881917
"GR_2009","baseline_3pct","equal_pc","top10",0.390455375592127,0.527101581834505,0.740919184524021,0.666203528884829,0.942916583886951,0.849801884881917
"GR_2009","baseline_3pct","mean_nwx","atkinson05",0.112486731271158,0.286002928317616,0.393238559685734,0.666203528884829,1,0.849801884881917
"GR_2009","baseline_3pct","mean_nwx","atkinson1",0.171846905587771,0.582460325244594,0.295027158972341,0.666203528884829,1,0.849801884881917
"GR_2009","baseline_3pct","mean_nwx","atkinson2",0.231619471836126,0.969859982317304,0.238802150535554,0.666203528884829,1,0.849801884881917
"GR_2009","baseline_3pct","mean_nwx","cv",1.46675336876802,2.6714407022719,0.547918093498169,0.666203528884829,1,0.849801884881917
"GR_2009","baseline_3pct","mean_nwx","ge2",1.08802409161552,0.865419818020435,1.25482447527552,0.666203528884829,1,0.849801884881917
"GR_2009","baseline_3pct","mean_nwx","ge_mld",0.188634000189937,0.87339372207951,0.215969212114422,0.666203528884829,1,0.849801884881917
"GR_2009","baseline_3pct","mean_nwx","ge_theil",0.318331261452137,0.581019568744014,0.547623043463631,0.666203528884829,1,0.849801884881917
"GR_2009","baseline_3pct","mean_nwx","gini",0.29647169363167,0.961119442583722,0.308446976377316,0.666203528884829,1,0.849801884881917
"GR_2009","baseline_3pct","mean_nwx","top1",0.109531235699375,0.118493837564435,0.923755973941109,0.666203528884829,1,0.849801884881917
"GR_2009","baseline_3pct","mean_nwx","top10",0.32778713284991,0.527101581834505,0.621777792546042,0.666203528884829,1,0.849801884881917
"GR_2009","capped_3pct","actual","atkinson05",0.253461994575407,0.286002928317616,0.88623546390676,0.801716620709433,0.945978102480169,0.849801884881917
"GR_2009","capped_3pct","actual","atkinson1",0.537208775673361,0.582460325244594,0.922321619899598,0.801716620709433,0.945978102480169,0.849801884881917
"GR_2009","capped_3pct","actual","atkinson2",0.969274329091058,0.969859982317304,0.999395259964705,0.801716620709433,0.945978102480169,0.849801884881917
"GR_2009","capped_3pct","actual","cv",1.26849873548768,1.49314167821821,0.849546612437317,0.801716620709433,0.945978102480169,0.849801884881917
"GR_2009","capped_3pct","actual","ge2",0.729207849513977,0.865419818020435,0.842635726124181,0.801716620709433,0.945978102480169,0.849801884881917
"GR_2009","capped_3pct","actual","ge_mld",0.770485727421864,0.87339372207951,0.882204401136176,0.801716620709433,0.945978102480169,0.849801884881917
"GR_2009","capped_3pct","actual","ge_theil",0.507322652760157,0.581019568744014,0.873163940985726,0.801716620709433,0.945978102480169,0.849801884881917
"GR_2009","capped_3pct","actual","gini",0.556301093408145,0.634030804262388,0.87740249575939,0.801716620709433,0.945978102480169,0.849801884881917
"GR_2009","capped_3pct","actual","top1",0.0837164162761096,0.098431647941218,0.850642123239366,0.801716620709433,0.945978102480169,0.849801884881917
"GR_2009","capped_3pct","actual","top10",0.386297904073104,0.437892448376956,0.882163727830946,0.801716620709433,0.945978102480169,0.849801884881917
"GR_2009","capped_3pct","equal_hh","atkinson05",0.206895236384115,0.286002928317616,0.723410122910498,0.801716620709433,0.997807609016418,0.849801884881917
"GR_2009","capped_3pct","equal_hh","atkinson1",0.368618398983697,0.582460325244594,0.632870005254451,0.801716620709433,0.997807609016418,0.849801884881917
"GR_2009","capped_3pct","equal_hh","atkinson2",0.57464201181497,0.969859982317304,0.592495180181974,0.801716620709433,0.997807609016418,0.849801884881917
"GR_2009","capped_3pct","equal_hh","cv",1.19706383830854,1.49314167821821,0.801716620709433,0.801716620709433,0.997807609016418,0.849801884881917
"GR_2009","capped_3pct","equal_hh","ge2",0.712915848649367,0.865419818020435,0.823857763082677,0.801716620709433,0.997807609016418,0.849801884881917
"GR_2009","capped_3pct","equal_hh","ge_mld",0.459847564328472,0.87339372207951,0.526521161501736,0.801716620709433,0.997807609016418,0.849801884881917
"GR_2009","capped_3pct","equal_hh","ge_theil",0.459350054832195,0.581019568744014,0.790605543914347,0.801716620709433,0.997807609016418,0.849801884881917
"GR_2009","capped_3pct","equal_hh","gini",0.508313546716434,0.634030804262388,0.801716620709433,0.801716620709433,0.997807609016418,0.849801884881917
"GR_2009","capped_3pct","equal_hh","top1",0.0808946581053137,0.098431647941218,0.821885073067247,0.801716620709433,0.997807609016418,0.849801884881917
"GR_2009","capped_3pct","equal_hh","top10",0.3708949435946,0.437892448376956,0.847000802364298,0.801716620709433,0.997807609016418,0.849801884881917
"GR_2009","capped_3pct","equal_pc","atkinson05",0.223362769252781,0.286002928317616,0.780987337011006,0.801716620709433,0.996806005857839,0.849801884881917
"GR_2009","capped_3pct","equal_pc","atkinson1",0.410109523886866,0.582460325244594,0.704100362128885,0.801716620709433,0.996806005857839,0.849801884881917
"GR_2009","capped_3pct","equal_pc","atkinson2",0.674403899139008,0.969859982317304,0.695371160764073,0.801716620709433,0.996806005857839,0.849801884881917
"GR_2009","capped_3pct","equal_pc","cv",1.21385743882395,1.49314167821821,0.812965688632597,0.801716620709433,0.996806005857839,0.849801884881917
"GR_2009","capped_3pct","equal_pc","ge2",0.731783064076175,0.865419818020435,0.845672273338362,0.801716620709433,0.996806005857839,0.849801884881917
"GR_2009","capped_3pct","equal_pc","ge_mld",0.527823323528856,0.87339372207951,0.604344180904669,0.801716620709433,0.996806005857839,0.849801884881917
"GR_2009","capped_3pct","equal_pc","ge_theil",0.483510637252982,0.581019568744014,0.832192358149969,0.801716620709433,0.996806005857839,0.849801884881917
"GR_2009","capped_3pct","equal_pc","gini",0.523333246743036,0.634030804262388,0.825406238353515,0.801716620709433,0.996806005857839,0.849801884881917
"GR_2009","capped_3pct","equal_pc","top1",0.0812356079449667,0.098431647941218,0.825317974908614,0.801716620709433,0.996806005857839,0.849801884881917
"GR_2009","capped_3pct","equal_pc","top10",0.374351449702546,0.437892448376956,0.854895550744205,0.801716620709433,0.996806005857839,0.849801884881917
"GR_2009","capped_3pct","mean_nwx","atkinson05",0.0353740749605268,0.286002928317616,0.123691535441978,0.801716620709433,1,0.849801884881917
"GR_2009","capped_3pct","mean_nwx","atkinson1",0.0622890871147214,0.582460325244594,0.106947807615373,0.801716620709433,1,0.849801884881917
"GR_2009","capped_3pct","mean_nwx","atkinson2",0.0991246176391065,0.969859982317304,0.102203907961469,0.801716620709433,1,0.849801884881917
"GR_2009","capped_3pct","mean_nwx","cv",0.478702313747621,1.49314167821821,0.320574934260354,0.801716620709433,1,0.849801884881917
"GR_2009","capped_3pct","mean_nwx","ge2",0.114636949543328,0.865419818020435,0.132428850877454,0.801716620709433,1,0.849801884881917
"GR_2009","capped_3pct","mean_nwx","ge_mld",0.0643141925362356,0.87339372207951,0.0736456886657351,0.801716620709433,1,0.849801884881917
"GR_2009","capped_3pct","mean_nwx","ge_theil",0.0810622404856997,0.581019568744014,0.139518009103412,0.801716620709433,1,0.849801884881917
"GR_2009","capped_3pct","mean_nwx","gini",0.168218811473268,0.634030804262388,0.265319280696542,0.801716620709433,1,0.849801884881917
"GR_2009","capped_3pct","mean_nwx","top1",0.0391806323822671,0.098431647941218,0.398022863728367,0.801716620709433,1,0.849801884881917
"GR_2009","capped_3pct","mean_nwx","top10",0.21592659833477,0.437892448376956,0.493129692305751,0.801716620709433,1,0.849801884881917
"GR_2009","gradient","actual","atkinson05",0.253461994575407,0.25737606757298,0.984804655358862,0.848237567062887,0.945978102480169,0.934440241193183
"GR_2009","gradient","actual","atkinson1",0.537208775673361,0.53775996619328,0.99897788471481,0.848237567062887,0.945978102480169,0.934440241193183
"GR_2009","gradient","actual","atkinson2",0.969274329091058,0.965363817195689,1.00405154208863,0.848237567062887,0.945978102480169,0.934440241193183
"GR_2009","gradient","actual","cv",1.26849873548768,1.32534782340947,0.957180340720229,0.848237567062887,0.945978102480169,0.934440241193183
"GR_2009","gradient","actual","ge2",0.729207849513977,0.759937642680241,0.95982260744015,0.848237567062887,0.945978102480169,0.934440241193183
"GR_2009","gradient","actual","ge_mld",0.770485727421864,0.771679659665001,0.998459315710461,0.848237567062887,0.945978102480169,0.934440241193183
"GR_2009","gradient","actual","ge_theil",0.507322652760157,0.518773151801409,0.977960318788952,0.848237567062887,0.945978102480169,0.934440241193183
"GR_2009","gradient","actual","gini",0.556301093408145,0.578099080890611,0.962301717159626,0.848237567062887,0.945978102480169,0.934440241193183
"GR_2009","gradient","actual","top1",0.0837164162761096,0.0869225524825051,0.963449989228641,0.848237567062887,0.945978102480169,0.934440241193183
"GR_2009","gradient","actual","top10",0.386297904073104,0.395363390545021,0.977072743861794,0.848237567062887,0.945978102480169,0.934440241193183
"GR_2009","gradient","equal_hh","atkinson05",0.188580538621291,0.25737606757298,0.73268201504352,0.848237567062887,0.990642971760821,0.934440241193183
"GR_2009","gradient","equal_hh","atkinson1",0.349792110657287,0.53775996619328,0.650456409670397,0.848237567062887,0.990642971760821,0.934440241193183
"GR_2009","gradient","equal_hh","atkinson2",0.612038137106717,0.965363817195689,0.634011257891016,0.848237567062887,0.990642971760821,0.934440241193183
"GR_2009","gradient","equal_hh","cv",1.12420586597447,1.32534782340947,0.848237567062887,0.848237567062887,0.990642971760821,0.934440241193183
"GR_2009","gradient","equal_hh","ge2",0.607440122744248,0.759937642680241,0.799306160734355,0.848237567062887,0.990642971760821,0.934440241193183
"GR_2009","gradient","equal_hh","ge_mld",0.430481295752285,0.771679659665001,0.557844545449177,0.848237567062887,0.990642971760821,0.934440241193183
"GR_2009","gradient","equal_hh","ge_theil",0.407504128128629,0.518773151801409,0.785484109236818,0.848237567062887,0.990642971760821,0.934440241193183
"GR_2009","gradient","equal_hh","gini",0.490362338766455,0.578099080890611,0.848237567062887,0.848237567062887,0.990642971760821,0.934440241193183
"GR_2009","gradient","equal_hh","top1",0.0752490073733714,0.0869225524825051,0.865722131299983,0.848237567062887,0.990642971760821,0.934440241193183
"GR_2009","gradient","equal_hh","top10",0.350538522433083,0.395363390545021,0.886626706202186,0.848237567062887,0.990642971760821,0.934440241193183
"GR_2009","gradient","equal_pc","atkinson05",0.201997972317332,0.25737606757298,0.784825234807596,0.848237567062887,0.989500853470289,0.934440241193183
"GR_2009","gradient","equal_pc","atkinson1",0.3856913552693,0.53775996619328,0.717217470112576,0.848237567062887,0.989500853470289,0.934440241193183
"GR_2009","gradient","equal_pc","atkinson2",0.687725069189346,0.965363817195689,0.71242860795827,0.848237567062887,0.989500853470289,0.934440241193183
"GR_2009","gradient","equal_pc","cv",1.13811868458348,1.32534782340947,0.858738019114183,0.848237567062887,0.989500853470289,0.934440241193183
"GR_2009","gradient","equal_pc","ge2",0.621408163072768,0.759937642680241,0.817722656360027,0.848237567062887,0.989500853470289,0.934440241193183
"GR_2009","gradient","equal_pc","ge_mld",0.487280207426187,0.771679659665001,0.631455211651921,0.848237567062887,0.989500853470289,0.934440241193183
"GR_2009","gradient","equal_pc","ge_theil",0.426461582516914,0.518773151801409,0.822045432919685,0.848237567062887,0.989500853470289,0.934440241193183
"GR_2009","gradient","equal_pc","gini",0.501927489400782,0.578099080890611,0.868242063635243,0.848237567062887,0.989500853470289,0.934440241193183
"GR_2009","gradient","equal_pc","top1",0.0755252477695284,0.0869225524825051,0.868883893759716,0.848237567062887,0.989500853470289,0.934440241193183
"GR_2009","gradient","equal_pc","top10",0.353282946253221,0.395363390545021,0.893568802277175,0.848237567062887,0.989500853470289,0.934440241193183
"GR_2009","gradient","mean_nwx","atkinson05",0.0314829232693568,0.25737606757298,0.12233998687779,0.848237567062887,1,0.934440241193183
"GR_2009","gradient","mean_nwx","atkinson1",0.0527877866484083,0.53775996619328,0.0981657697812306,0.848237567062887,1,0.934440241193183
"GR_2009","gradient","mean_nwx","atkinson2",0.0790998617896632,0.965363817195689,0.0819318719369083,0.848237567062887,1,0.934440241193183
"GR_2009","gradient","mean_nwx","cv",0.514340744262716,1.32534782340947,0.388169433967739,0.848237567062887,1,0.934440241193183
"GR_2009","gradient","mean_nwx","ge2",0.13244826110994,0.759937642680241,0.174537022821409,0.848237567062887,1,0.934440241193183
"GR_2009","gradient","mean_nwx","ge_mld",0.0542343072057624,0.771679659665001,0.070285300170198,0.848237567062887,1,0.934440241193183
"GR_2009","gradient","mean_nwx","ge_theil",0.0770988420527815,0.518773151801409,0.148659012121325,0.848237567062887,1,0.934440241193183
"GR_2009","gradient","mean_nwx","gini",0.135576805392765,0.578099080890611,0.234518343226334,0.848237567062887,1,0.934440241193183
"GR_2009","gradient","mean_nwx","top1",0.0494379657664804,0.0869225524825051,0.569370625035997,0.848237567062887,1,0.934440241193183
"GR_2009","gradient","mean_nwx","top10",0.207115926902663,0.395363390545021,0.523907846336585,0.848237567062887,1,0.934440241193183
"IT_2014","baseline_3pct","actual","atkinson05",0.311932953965143,0.316852239136268,0.98447451346869,0.749736164577927,0.98911982114321,0.937645795554463
"IT_2014","baseline_3pct","actual","atkinson1",0.609058486137981,0.616600567018582,0.987768287471631,0.749736164577927,0.98911982114321,0.937645795554463
"IT_2014","baseline_3pct","actual","atkinson2",0.94982776000613,0.949594497648585,1.00024564417562,0.749736164577927,0.98911982114321,0.937645795554463
"IT_2014","baseline_3pct","actual","cv",1.61280661368983,2.58185543085649,0.624669605592441,0.749736164577927,0.98911982114321,0.937645795554463
"IT_2014","baseline_3pct","actual","ge2",1.27955897889278,1.15030469653579,1.11236525656745,0.749736164577927,0.98911982114321,0.937645795554463
"IT_2014","baseline_3pct","actual","ge_mld",0.939197311100666,0.958677927293393,0.979679707190374,0.749736164577927,0.98911982114321,0.937645795554463
"IT_2014","baseline_3pct","actual","ge_theil",0.660065032689358,0.661986000495223,0.997098174577064,0.749736164577927,0.98911982114321,0.937645795554463
"IT_2014","baseline_3pct","actual","gini",0.589599552762747,0.814276288987177,0.724078007350687,0.749736164577927,0.98911982114321,0.937645795554463
"IT_2014","baseline_3pct","actual","top1",0.114423091570084,0.127966005737101,0.894167876155797,0.749736164577927,0.98911982114321,0.937645795554463
"IT_2014","baseline_3pct","actual","top10",0.421207862656951,0.487052439759947,0.864810086701447,0.749736164577927,0.98911982114321,0.937645795554463
"IT_2014","baseline_3pct","equal_hh","atkinson05",0.181349818372721,0.316852239136268,0.572348230415149,0.749736164577927,0.963939450698101,0.937645795554463
"IT_2014","baseline_3pct","equal_hh","atkinson1",0.322142844541369,0.616600567018582,0.522449802631565,0.749736164577927,0.963939450698101,0.937645795554463
"IT_2014","baseline_3pct","equal_hh","atkinson2",0.539767121195093,0.949594497648585,0.568418543422146,0.749736164577927,0.963939450698101,0.937645795554463
"IT_2014","baseline_3pct","equal_hh","cv",1.93571038822504,2.58185543085649,0.749736164577927,0.749736164577927,0.963939450698101,0.937645795554463
"IT_2014","baseline_3pct","equal_hh","ge2",0.727664062326156,1.15030469653579,0.632583753259079,0.749736164577927,0.963939450698101,0.937645795554463
"IT_2014","baseline_3pct","equal_hh","ge_mld",0.388818698403239,0.958677927293393,0.40557802295603,0.749736164577927,0.963939450698101,0.937645795554463
"IT_2014","baseline_3pct","equal_hh","ge_theil",0.414127200919913,0.661986000495223,0.625583019293625,0.749736164577927,0.963939450698101,0.937645795554463
"IT_2014","baseline_3pct","equal_hh","gini",0.610492381811994,0.814276288987177,0.749736164577927,0.749736164577927,0.963939450698101,0.937645795554463
"IT_2014","baseline_3pct","equal_hh","top1",0.0984433806919122,0.127966005737101,0.769293220686737,0.749736164577927,0.963939450698101,0.937645795554463
"IT_2014","baseline_3pct","equal_hh","top10",0.390187211676152,0.487052439759947,0.801119509571625,0.749736164577927,0.963939450698101,0.937645795554463
"IT_2014","baseline_3pct","equal_pc","atkinson05",0.19749409556219,0.316852239136268,0.623300299535691,0.749736164577927,0.961901552343464,0.937645795554463
"IT_2014","baseline_3pct","equal_pc","atkinson1",0.362182866153253,0.616600567018582,0.587386527885463,0.749736164577927,0.961901552343464,0.937645795554463
"IT_2014","baseline_3pct","equal_pc","atkinson2",0.620842524581855,0.949594497648585,0.653797516855041,0.749736164577927,0.961901552343464,0.937645795554463
"IT_2014","baseline_3pct","equal_pc","cv",1.94997200513005,2.58185543085649,0.755259950586456,0.749736164577927,0.961901552343464,0.937645795554463
"IT_2014","baseline_3pct","equal_pc","ge2",0.745024050742183,1.15030469653579,0.64767539677606,0.749736164577927,0.961901552343464,0.937645795554463
"IT_2014","baseline_3pct","equal_pc","ge_mld",0.449703660786534,0.958677927293393,0.469087321177999,0.749736164577927,0.961901552343464,0.937645795554463
"IT_2014","baseline_3pct","equal_pc","ge_theil",0.437853321942472,0.661986000495223,0.661423839197384,0.749736164577927,0.961901552343464,0.937645795554463
"IT_2014","baseline_3pct","equal_pc","gini",0.628565457192458,0.814276288987177,0.771931426339686,0.749736164577927,0.961901552343464,0.937645795554463
"IT_2014","baseline_3pct","equal_pc","top1",0.0990650237656475,0.127966005737101,0.774151097356048,0.749736164577927,0.961901552343464,0.937645795554463
"IT_2014","baseline_3pct","equal_pc","top10",0.393308388185293,0.487052439759947,0.807527806203255,0.749736164577927,0.961901552343464,0.937645795554463
"IT_2014","baseline_3pct","mean_nwx","atkinson05",0.0999414392517686,0.316852239136268,0.315419703279379,0.749736164577927,1,0.937645795554463
"IT_2014","baseline_3pct","mean_nwx","atkinson1",0.145583566208012,0.616600567018582,0.236106766673837,0.749736164577927,1,0.937645795554463
"IT_2014","baseline_3pct","mean_nwx","atkinson2",0.186424997222941,0.949594497648585,0.196320637582223,0.749736164577927,1,0.937645795554463
"IT_2014","baseline_3pct","mean_nwx","cv",1.79702810715817,2.58185543085649,0.696021971517605,0.749736164577927,1,0.937645795554463
"IT_2014","baseline_3pct","mean_nwx","ge2",1.61465500895824,1.15030469653579,1.40367592501436,0.749736164577927,1,0.937645795554463
"IT_2014","baseline_3pct","mean_nwx","ge_mld",0.157336576654081,0.958677927293393,0.16411828433172,0.749736164577927,1,0.937645795554463
"IT_2014","baseline_3pct","mean_nwx","ge_theil",0.306721426225058,0.661986000495223,0.463335215541724,0.749736164577927,1,0.937645795554463
"IT_2014","baseline_3pct","mean_nwx","gini",0.235719765405562,0.814276288987177,0.289483764409691,0.749736164577927,1,0.937645795554463
"IT_2014","baseline_3pct","mean_nwx","top1",0.118561715658888,0.127966005737101,0.926509466134828,0.749736164577927,1,0.937645795554463
"IT_2014","baseline_3pct","mean_nwx","top10",0.30941107908843,0.487052439759947,0.635272619188458,0.749736164577927,1,0.937645795554463
"IT_2014","capped_3pct","actual","atkinson05",0.311932953965143,0.316852239136268,0.98447451346869,0.842282447514782,0.98911982114321,0.937645795554463
"IT_2014","capped_3pct","actual","atkinson1",0.609058486137981,0.616600567018582,0.987768287471631,0.842282447514782,0.98911982114321,0.937645795554463
"IT_2014","capped_3pct","actual","atkinson2",0.94982776000613,0.949594497648585,1.00024564417562,0.842282447514782,0.98911982114321,0.937645795554463
"IT_2014","capped_3pct","actual","cv",1.61280661368983,1.58854096197651,1.01527543342862,0.842282447514782,0.98911982114321,0.937645795554463
"IT_2014","capped_3pct","actual","ge2",1.27955897889278,1.15030469653579,1.11236525656745,0.842282447514782,0.98911982114321,0.937645795554463
"IT_2014","capped_3pct","actual","ge_mld",0.939197311100666,0.958677927293393,0.979679707190374,0.842282447514782,0.98911982114321,0.937645795554463
"IT_2014","capped_3pct","actual","ge_theil",0.660065032689358,0.661986000495223,0.997098174577064,0.842282447514782,0.98911982114321,0.937645795554463
"IT_2014","capped_3pct","actual","gini",0.589599552762747,0.616550905272001,0.956286898163966,0.842282447514782,0.98911982114321,0.937645795554463
"IT_2014","capped_3pct","actual","top1",0.114423091570084,0.113905665042376,1.00454258818046,0.842282447514782,0.98911982114321,0.937645795554463
"IT_2014","capped_3pct","actual","top10",0.421207862656951,0.433537264383674,0.971560918196383,0.842282447514782,0.98911982114321,0.937645795554463
"IT_2014","capped_3pct","equal_hh","atkinson05",0.221501202248511,0.316852239136268,0.699067814235171,0.842282447514782,0.999737783386556,0.937645795554463
"IT_2014","capped_3pct","equal_hh","atkinson1",0.391028815984531,0.616600567018582,0.634168758350731,0.842282447514782,0.999737783386556,0.937645795554463
"IT_2014","capped_3pct","equal_hh","atkinson2",0.599811778335416,0.949594497648585,0.631650435865718,0.842282447514782,0.999737783386556,0.937645795554463
"IT_2014","capped_3pct","equal_hh","cv",1.33800016943106,1.58854096197651,0.842282447514782,0.842282447514782,0.999737783386556,0.937645795554463
"IT_2014","capped_3pct","equal_hh","ge2",0.894583286295978,1.15030469653579,0.777692457476761,0.842282447514782,0.999737783386556,0.937645795554463
"IT_2014","capped_3pct","equal_hh","ge_mld",0.495984329279289,0.958677927293393,0.517362833918152,0.842282447514782,0.999737783386556,0.937645795554463
"IT_2014","capped_3pct","equal_hh","ge_theil",0.502289662170392,0.661986000495223,0.758761759001906,0.842282447514782,0.999737783386556,0.937645795554463
"IT_2014","capped_3pct","equal_hh","gini",0.519310005509956,0.616550905272001,0.842282447514782,0.842282447514782,0.999737783386556,0.937645795554463
"IT_2014","capped_3pct","equal_hh","top1",0.0975179178625437,0.113905665042376,0.85612877837344,0.842282447514782,0.999737783386556,0.937645795554463
"IT_2014","capped_3pct","equal_hh","top10",0.380932583382466,0.433537264383674,0.878661685343261,0.842282447514782,0.999737783386556,0.937645795554463
"IT_2014","capped_3pct","equal_pc","atkinson05",0.234890255984264,0.316852239136268,0.741324273499121,0.842282447514782,0.999019233575702,0.937645795554463
"IT_2014","capped_3pct","equal_pc","atkinson1",0.426592997762516,0.616600567018582,0.691846586883953,0.842282447514782,0.999019233575702,0.937645795554463
"IT_2014","capped_3pct","equal_pc","atkinson2",0.685611221500919,0.949594497648585,0.722004206215022,0.842282447514782,0.999019233575702,0.937645795554463
"IT_2014","capped_3pct","equal_pc","cv",1.34860723077803,1.58854096197651,0.848959682537903,0.842282447514782,0.999019233575702,0.937645795554463
"IT_2014","capped_3pct","equal_pc","ge2",0.907758400286073,1.15030469653579,0.789146043669856,0.842282447514782,0.999019233575702,0.937645795554463
"IT_2014","capped_3pct","equal_pc","ge_mld",0.556159513822492,0.958677927293393,0.580131760613996,0.842282447514782,0.999019233575702,0.937645795554463
"IT_2014","capped_3pct","equal_pc","ge_theil",0.52041261374149,0.661986000495223,0.786138397718647,0.842282447514782,0.999019233575702,0.937645795554463
"IT_2014","capped_3pct","equal_pc","gini",0.529974034185532,0.616550905272001,0.859578713864229,0.842282447514782,0.999019233575702,0.937645795554463
"IT_2014","capped_3pct","equal_pc","top1",0.0979063156349682,0.113905665042376,0.859538598001638,0.842282447514782,0.999019233575702,0.937645795554463
"IT_2014","capped_3pct","equal_pc","top10",0.382721210525167,0.433537264383674,0.882787344864695,0.842282447514782,0.999019233575702,0.937645795554463
"IT_2014","capped_3pct","mean_nwx","atkinson05",0.0431080482003482,0.316852239136268,0.13605095017747,0.842282447514782,1,0.937645795554463
"IT_2014","capped_3pct","mean_nwx","atkinson1",0.0684394997887255,0.616600567018582,0.110994870017145,0.842282447514782,1,0.937645795554463
"IT_2014","capped_3pct","mean_nwx","atkinson2",0.0966798698518913,0.949594497648585,0.101811741844854,0.842282447514782,1,0.937645795554463
"IT_2014","capped_3pct","mean_nwx","cv",0.803584491578039,1.58854096197651,0.505863248611603,0.842282447514782,1,0.937645795554463
"IT_2014","capped_3pct","mean_nwx","ge2",0.322874017552368,1.15030469653579,0.280685646615824,0.842282447514782,1,0.937645795554463
"IT_2014","capped_3pct","mean_nwx","ge_mld",0.0708941418158149,0.958677927293393,0.0739499051740643,0.842282447514782,1,0.937645795554463
"IT_2014","capped_3pct","mean_nwx","ge_theil",0.115786728274546,0.661986000495223,0.174908122207914,0.842282447514782,1,0.937645795554463
"IT_2014","capped_3pct","mean_nwx","gini",0.146095589237087,0.616550905272001,0.236956248037029,0.842282447514782,1,0.937645795554463
"IT_2014","capped_3pct","mean_nwx","top1",0.0615907322822769,0.113905665042376,0.54071702456031,0.842282447514782,1,0.937645795554463
"IT_2014","capped_3pct","mean_nwx","top10",0.22788821296,0.433537264383674,0.525648500559625,0.842282447514782,1,0.937645795554463
"IT_2014","gradient","actual","atkinson05",0.311932953965143,0.304121597846768,1.02568497658068,0.875720961378085,0.98911982114321,0.980950292653044
"IT_2014","gradient","actual","atkinson1",0.609058486137981,0.599063888057911,1.01668369314076,0.875720961378085,0.98911982114321,0.980950292653044
"IT_2014","gradient","actual","atkinson2",0.94982776000613,0.946618756548182,1.00338996394879,0.875720961378085,0.98911982114321,0.980950292653044
"IT_2014","gradient","actual","cv",1.61280661368983,1.57969715613603,1.02095937023447,0.875720961378085,0.98911982114321,0.980950292653044
"IT_2014","gradient","actual","ge2",1.27955897889278,1.10513620294727,1.15782921189293,0.875720961378085,0.98911982114321,0.980950292653044
"IT_2014","gradient","actual","ge_mld",0.939197311100666,0.913953186208817,1.02762080735947,0.875720961378085,0.98911982114321,0.980950292653044
"IT_2014","gradient","actual","ge_theil",0.660065032689358,0.633364968200584,1.04215589088331,0.875720961378085,0.98911982114321,0.980950292653044
"IT_2014","gradient","actual","gini",0.589599552762747,0.604345306934168,0.975600448944948,0.875720961378085,0.98911982114321,0.980950292653044
"IT_2014","gradient","actual","top1",0.114423091570084,0.110379291310753,1.03663549757669,0.875720961378085,0.98911982114321,0.980950292653044
"IT_2014","gradient","actual","top10",0.421207862656951,0.417758860328789,1.00825596451849,0.875720961378085,0.98911982114321,0.980950292653044
"IT_2014","gradient","equal_hh","atkinson05",0.218634679195343,0.304121597846768,0.718905466574269,0.875720961378085,0.99446382153619,0.980950292653044
"IT_2014","gradient","equal_hh","atkinson1",0.393884426299999,0.599063888057911,0.657499866294599,0.875720961378085,0.99446382153619,0.980950292653044
"IT_2014","gradient","equal_hh","atkinson2",0.673413432662254,0.946618756548182,0.711388220446674,0.875720961378085,0.99446382153619,0.980950292653044
"IT_2014","gradient","equal_hh","cv",1.38337391225767,1.57969715613603,0.875720961378085,0.875720961378085,0.99446382153619,0.980950292653044
"IT_2014","gradient","equal_hh","ge2",0.869395007255977,1.10513620294727,0.786685844638335,0.875720961378085,0.99446382153619,0.980950292653044
"IT_2014","gradient","equal_hh","ge_mld",0.500684595420175,0.913953186208817,0.547823020889147,0.875720961378085,0.99446382153619,0.980950292653044
"IT_2014","gradient","equal_hh","ge_theil",0.489624333329867,0.633364968200584,0.773052438818822,0.875720961378085,0.99446382153619,0.980950292653044
"IT_2014","gradient","equal_hh","gini",0.529237853192723,0.604345306934168,0.875720961378085,0.875720961378085,0.99446382153619,0.980950292653044
"IT_2014","gradient","equal_hh","top1",0.0979042494891034,0.110379291310753,0.886980232673099,0.875720961378085,0.99446382153619,0.980950292653044
"IT_2014","gradient","equal_hh","top10",0.378268094653532,0.417758860328789,0.905469950669205,0.875720961378085,0.99446382153619,0.980950292653044
"IT_2014","gradient","equal_pc","atkinson05",0.228564648677532,0.304121597846768,0.75155677957701,0.875720961378085,0.993436007333766,0.980950292653044
"IT_2014","gradient","equal_pc","atkinson1",0.42193013558436,0.599063888057911,0.704315756625231,0.875720961378085,0.993436007333766,0.980950292653044
"IT_2014","gradient","equal_pc","atkinson2",0.708139503631311,0.946618756548182,0.748072546347509,0.875720961378085,0.993436007333766,0.980950292653044
"IT_2014","gradient","equal_pc","cv",1.3904199394708,1.57969715613603,0.880181327205652,0.875720961378085,0.993436007333766,0.980950292653044
"IT_2014","gradient","equal_pc","ge2",0.877810776891654,1.10513620294727,0.794300987109674,0.875720961378085,0.993436007333766,0.980950292653044
"IT_2014","gradient","equal_pc","ge_mld",0.548060544922855,0.913953186208817,0.59965931865315,0.875720961378085,0.993436007333766,0.980950292653044
"IT_2014","gradient","equal_pc","ge_theil",0.502341462618274,0.633364968200584,0.793131113717021,0.875720961378085,0.993436007333766,0.980950292653044
"IT_2014","gradient","equal_pc","gini",0.536566139253087,0.604345306934168,0.887846952887046,0.875720961378085,0.993436007333766,0.980950292653044
"IT_2014","gradient","equal_pc","top1",0.0981539534939224,0.110379291310753,0.889242468658254,0.875720961378085,0.993436007333766,0.980950292653044
"IT_2014","gradient","equal_pc","top10",0.37966885014238,0.417758860328789,0.908822974678668,0.875720961378085,0.993436007333766,0.980950292653044
"IT_2014","gradient","mean_nwx","atkinson05",0.0372182938901021,0.304121597846768,0.122379647330587,0.875720961378085,1,0.980950292653044
"IT_2014","gradient","mean_nwx","atkinson1",0.0562626943998603,0.599063888057911,0.0939176864461933,0.875720961378085,1,0.980950292653044
"IT_2014","gradient","mean_nwx","atkinson2",0.0760675501537422,0.946618756548182,0.0803571127526782,0.875720961378085,1,0.980950292653044
"IT_2014","gradient","mean_nwx","cv",0.90291917677459,1.57969715613603,0.571577389544177,0.875720961378085,1,0.980950292653044
"IT_2014","gradient","mean_nwx","ge2",0.407631519893652,1.10513620294727,0.368851838177543,0.875720961378085,1,0.980950292653044
"IT_2014","gradient","mean_nwx","ge_mld",0.0579074295290878,0.913953186208817,0.0633592949867536,0.875720961378085,1,0.980950292653044
"IT_2014","gradient","mean_nwx","ge_theil",0.108865409529758,0.633364968200584,0.171884166311013,0.875720961378085,1,0.980950292653044
"IT_2014","gradient","mean_nwx","gini",0.117020485211622,0.604345306934168,0.193631825826968,0.875720961378085,1,0.980950292653044
"IT_2014","gradient","mean_nwx","top1",0.0633858179675834,0.110379291310753,0.574254619819329,0.875720961378085,1,0.980950292653044
"IT_2014","gradient","mean_nwx","top10",0.203797376430685,0.417758860328789,0.487834958833165,0.875720961378085,1,0.980950292653044
"LU_2010","baseline_3pct","actual","atkinson05",0.392594976070004,0.407042922429659,0.96450873334599,0.814247419533264,0.954039651727306,0.904559034833127
"LU_2010","baseline_3pct","actual","atkinson1",0.716830532031304,0.720529883915609,0.994867875924491,0.814247419533264,0.954039651727306,0.904559034833127
"LU_2010","baseline_3pct","actual","atkinson2",0.999407912110872,0.999355630019859,1.0000523158085,0.814247419533264,0.954039651727306,0.904559034833127
"LU_2010","baseline_3pct","actual","cv",2.62503024266318,3.32228370756157,0.790116179861779,0.814247419533264,0.954039651727306,0.904559034833127
"LU_2010","baseline_3pct","actual","ge2",3.24712920278301,3.81804539578646,0.850460846384728,0.814247419533264,0.954039651727306,0.904559034833127
"LU_2010","baseline_3pct","actual","ge_mld",1.26176169831317,1.27488682578665,0.989713366639066,0.814247419533264,0.954039651727306,0.904559034833127
"LU_2010","baseline_3pct","actual","ge_theil",0.973325142616167,1.04396848176236,0.932335940253208,0.814247419533264,0.954039651727306,0.904559034833127
"LU_2010","baseline_3pct","actual","gini",0.668194648936377,0.815334229455593,0.819546648059806,0.814247419533264,0.954039651727306,0.904559034833127
"LU_2010","baseline_3pct","actual","top1",0.217604409650492,0.258576839540696,0.841539984557326,0.814247419533264,0.954039651727306,0.904559034833127
"LU_2010","baseline_3pct","actual","top10",0.519525837330364,0.586662125095114,0.885580265177055,0.814247419533264,0.954039651727306,0.904559034833127
"LU_2010","baseline_3pct","equal_hh","atkinson05",0.285156872489488,0.407042922429659,0.700563104237769,0.814247419533264,0.965571187760718,0.904559034833127
"LU_2010","baseline_3pct","equal_hh","atkinson1",0.446587406489884,0.720529883915609,0.619807104472914,0.814247419533264,0.965571187760718,0.904559034833127
"LU_2010","baseline_3pct","equal_hh","atkinson2",0.638864088301549,0.999355630019859,0.639275984622742,0.814247419533264,0.965571187760718,0.904559034833127
"LU_2010","baseline_3pct","equal_hh","cv",2.70517868939819,3.32228370756157,0.814247419533264,0.814247419533264,0.965571187760718,0.904559034833127
"LU_2010","baseline_3pct","equal_hh","ge2",2.8422690841745,3.81804539578646,0.744409576905104,0.814247419533264,0.965571187760718,0.904559034833127
"LU_2010","baseline_3pct","equal_hh","ge_mld",0.591674942969184,1.27488682578665,0.464111085452653,0.814247419533264,0.965571187760718,0.904559034833127
"LU_2010","baseline_3pct","equal_hh","ge_theil",0.788035350597164,1.04396848176236,0.754846443620758,0.814247419533264,0.965571187760718,0.904559034833127
"LU_2010","baseline_3pct","equal_hh","gini",0.663880451368682,0.815334229455593,0.814247419533264,0.814247419533264,0.965571187760718,0.904559034833127
"LU_2010","baseline_3pct","equal_hh","top1",0.21240722609469,0.258576839540696,0.821432474734806,0.814247419533264,0.965571187760718,0.904559034833127
"LU_2010","baseline_3pct","equal_hh","top10",0.496264561770617,0.586662125095114,0.84591139928569,0.814247419533264,0.965571187760718,0.904559034833127
"LU_2010","baseline_3pct","equal_pc","atkinson05",0.30022925031608,0.407042922429659,0.737591765380031,0.814247419533264,0.960979377175317,0.904559034833127
"LU_2010","baseline_3pct","equal_pc","atkinson1",0.488802482728634,0.720529883915609,0.678395778907842,0.814247419533264,0.960979377175317,0.904559034833127
"LU_2010","baseline_3pct","equal_pc","atkinson2",0.801449020188866,0.999355630019859,0.801965748697326,0.814247419533264,0.960979377175317,0.904559034833127
"LU_2010","baseline_3pct","equal_pc","cv",2.7155382410595,3.32228370756157,0.817365708332564,0.814247419533264,0.960979377175317,0.904559034833127
"LU_2010","baseline_3pct","equal_pc","ge2",2.85041533620731,3.81804539578646,0.746566146659199,0.814247419533264,0.960979377175317,0.904559034833127
"LU_2010","baseline_3pct","equal_pc","ge_mld",0.671051945355962,1.27488682578665,0.526373247850033,0.814247419533264,0.960979377175317,0.904559034833127
"LU_2010","baseline_3pct","equal_pc","ge_theil",0.807115109083038,1.04396848176236,0.773127169627075,0.814247419533264,0.960979377175317,0.904559034833127
"LU_2010","baseline_3pct","equal_pc","gini",0.677476640255117,0.815334229455593,0.830922593666802,0.814247419533264,0.960979377175317,0.904559034833127
"LU_2010","baseline_3pct","equal_pc","top1",0.21305427874501,0.258576839540696,0.823937208961563,0.814247419533264,0.960979377175317,0.904559034833127
"LU_2010","baseline_3pct","equal_pc","top10",0.498223570415914,0.586662125095114,0.849250219901564,0.814247419533264,0.960979377175317,0.904559034833127
"LU_2010","baseline_3pct","mean_nwx","atkinson05",0.0511210910339044,0.407042922429659,0.125604633982961,0.814247419533264,1,0.904559034833127
"LU_2010","baseline_3pct","mean_nwx","atkinson1",0.0791425718587315,0.720529883915609,0.10984331121711,0.814247419533264,1,0.904559034833127
"LU_2010","baseline_3pct","mean_nwx","atkinson2",0.109801880935234,0.999355630019859,0.109872680756548,0.814247419533264,1,0.904559034833127
"LU_2010","baseline_3pct","mean_nwx","cv",1.00081866898339,3.32228370756157,0.301248714566728,0.814247419533264,1,0.904559034833127
"LU_2010","baseline_3pct","mean_nwx","ge2",0.500845599780066,3.81804539578646,0.131212135893149,0.814247419533264,1,0.904559034833127
"LU_2010","baseline_3pct","mean_nwx","ge_mld",0.0824509922464197,1.27488682578665,0.0646790736008174,0.814247419533264,1,0.904559034833127
"LU_2010","baseline_3pct","mean_nwx","ge_theil",0.144343350199775,1.04396848176236,0.138289074581736,0.814247419533264,1,0.904559034833127
"LU_2010","baseline_3pct","mean_nwx","gini",0.167805903648085,0.815334229455593,0.205810575624109,0.814247419533264,1,0.904559034833127
"LU_2010","baseline_3pct","mean_nwx","top1",0.0690161905503324,0.258576839540696,0.266925266410874,0.814247419533264,1,0.904559034833127
"LU_2010","baseline_3pct","mean_nwx","top10",0.235142957332561,0.586662125095114,0.400835312426717,0.814247419533264,1,0.904559034833127
"LU_2010","capped_3pct","actual","atkinson05",0.392594976070004,0.407042922429659,0.96450873334599,0.871002734014776,0.954039651727306,0.904559034833127
"LU_2010","capped_3pct","actual","atkinson1",0.716830532031304,0.720529883915609,0.994867875924491,0.871002734014776,0.954039651727306,0.904559034833127
"LU_2010","capped_3pct","actual","atkinson2",0.999407912110872,0.999355630019859,1.0000523158085,0.871002734014776,0.954039651727306,0.904559034833127
"LU_2010","capped_3pct","actual","cv",2.62503024266318,2.93204453628665,0.895281230961284,0.871002734014776,0.954039651727306,0.904559034833127
"LU_2010","capped_3pct","actual","ge2",3.24712920278301,3.81804539578646,0.850460846384728,0.871002734014776,0.954039651727306,0.904559034833127
"LU_2010","capped_3pct","actual","ge_mld",1.26176169831317,1.27488682578665,0.989713366639066,0.871002734014776,0.954039651727306,0.904559034833127
"LU_2010","capped_3pct","actual","ge_theil",0.973325142616167,1.04396848176236,0.932335940253208,0.871002734014776,0.954039651727306,0.904559034833127
"LU_2010","capped_3pct","actual","gini",0.668194648936377,0.698056075790871,0.95722637162899,0.871002734014776,0.954039651727306,0.904559034833127
"LU_2010","capped_3pct","actual","top1",0.217604409650492,0.241729671553767,0.900198398767978,0.871002734014776,0.954039651727306,0.904559034833127
"LU_2010","capped_3pct","actual","top10",0.519525837330364,0.548433943035612,0.947307603312102,0.871002734014776,0.954039651727306,0.904559034833127
"LU_2010","capped_3pct","equal_hh","atkinson05",0.319215715933819,0.407042922429659,0.78423861719321,0.871002734014776,0.99610358011218,0.904559034833127
"LU_2010","capped_3pct","equal_hh","atkinson1",0.499874604862944,0.720529883915609,0.693762563152473,0.871002734014776,0.99610358011218,0.904559034833127
"LU_2010","capped_3pct","equal_hh","atkinson2",0.690429298786664,0.999355630019859,0.690874467051111,0.871002734014776,0.99610358011218,0.904559034833127
"LU_2010","capped_3pct","equal_hh","cv",2.55383339735587,2.93204453628665,0.871002734014776,0.871002734014776,0.99610358011218,0.904559034833127
"LU_2010","capped_3pct","equal_hh","ge2",3.23893400867317,3.81804539578646,0.848322363707187,0.871002734014776,0.99610358011218,0.904559034833127
"LU_2010","capped_3pct","equal_hh","ge_mld",0.692908087926313,1.27488682578665,0.543517229133601,0.871002734014776,0.99610358011218,0.904559034833127
"LU_2010","capped_3pct","equal_hh","ge_theil",0.876829221888578,1.04396848176236,0.839908038683848,0.871002734014776,0.99610358011218,0.904559034833127
"LU_2010","capped_3pct","equal_hh","gini",0.608009432350621,0.698056075790871,0.871002734014776,0.871002734014776,0.99610358011218,0.904559034833127
"LU_2010","capped_3pct","equal_hh","top1",0.211839672949875,0.241729671553767,0.876340274610464,0.871002734014776,0.99610358011218,0.904559034833127
"LU_2010","capped_3pct","equal_hh","top10",0.490589030322465,0.548433943035612,0.894525160314083,0.871002734014776,0.99610358011218,0.904559034833127
"LU_2010","capped_3pct","equal_pc","atkinson05",0.332982871784765,0.407042922429659,0.818063519011215,0.871002734014776,0.995955370816205,0.904559034833127
"LU_2010","capped_3pct","equal_pc","atkinson1",0.536477905949643,0.720529883915609,0.744564567063668,0.871002734014776,0.995955370816205,0.904559034833127
"LU_2010","capped_3pct","equal_pc","atkinson2",0.768256524641446,0.999355630019859,0.768751878055158,0.871002734014776,0.995955370816205,0.904559034833127
"LU_2010","capped_3pct","equal_pc","cv",2.56089691443467,2.93204453628665,0.873412018155636,0.871002734014776,0.995955370816205,0.904559034833127
"LU_2010","capped_3pct","equal_pc","ge2",3.25729465967096,3.81804539578646,0.853133560094416,0.871002734014776,0.995955370816205,0.904559034833127
"LU_2010","capped_3pct","equal_pc","ge_mld",0.768909433564601,1.27488682578665,0.603135526002666,0.871002734014776,0.995955370816205,0.904559034833127
"LU_2010","capped_3pct","equal_pc","ge_theil",0.894623626306394,1.04396848176236,0.856955724831029,0.871002734014776,0.995955370816205,0.904559034833127
"LU_2010","capped_3pct","equal_pc","gini",0.61718773290921,0.698056075790871,0.884151294519514,0.871002734014776,0.995955370816205,0.904559034833127
"LU_2010","capped_3pct","equal_pc","top1",0.212284875826067,0.241729671553767,0.878183719520445,0.871002734014776,0.995955370816205,0.904559034833127
"LU_2010","capped_3pct","equal_pc","top10",0.491846736721689,0.548433943035612,0.896818283366898,0.871002734014776,0.995955370816205,0.904559034833127
"LU_2010","capped_3pct","mean_nwx","atkinson05",0.0214884819052256,0.407042922429659,0.0527994173816387,0.871002734014776,1,0.904559034833127
"LU_2010","capped_3pct","mean_nwx","atkinson1",0.0371839859790243,0.720529883915609,0.0516090530211423,0.871002734014776,1,0.904559034833127
"LU_2010","capped_3pct","mean_nwx","atkinson2",0.0583616028286315,0.999355630019859,0.0583992343326658,0.871002734014776,1,0.904559034833127
"LU_2010","capped_3pct","mean_nwx","cv",0.396456840496515,2.93204453628665,0.135210175056356,0.871002734014776,1,0.904559034833127
"LU_2010","capped_3pct","mean_nwx","ge2",0.0786508306310052,3.81804539578646,0.0206010900292275,0.871002734014776,1,0.904559034833127
"LU_2010","capped_3pct","mean_nwx","ge_mld",0.037893302863133,1.27488682578665,0.0297264604833695,0.871002734014776,1,0.904559034833127
"LU_2010","capped_3pct","mean_nwx","ge_theil",0.0506885433767368,1.04396848176236,0.0485649791700448,0.871002734014776,1,0.904559034833127
"LU_2010","capped_3pct","mean_nwx","gini",0.113409077793395,0.698056075790871,0.16246684777911,0.871002734014776,1,0.904559034833127
"LU_2010","capped_3pct","mean_nwx","top1",0.0385504458460198,0.241729671553767,0.159492260849918,0.871002734014776,1,0.904559034833127
"LU_2010","capped_3pct","mean_nwx","top10",0.186593352295126,0.548433943035612,0.340249774901237,0.871002734014776,1,0.904559034833127
"LU_2010","gradient","actual","atkinson05",0.392594976070004,0.389917659389938,1.00690040242322,0.858100960160969,0.954039651727306,0.930346509153154
"LU_2010","gradient","actual","atkinson1",0.716830532031304,0.702511013279921,1.0204004704772,0.858100960160969,0.954039651727306,0.930346509153154
"LU_2010","gradient","actual","atkinson2",0.999407912110872,0.999317339691183,1.00009063430366,0.858100960160969,0.954039651727306,0.930346509153154
"LU_2010","gradient","actual","cv",2.62503024266318,2.94910803497289,0.890175686172295,0.858100960160969,0.954039651727306,0.930346509153154
"LU_2010","gradient","actual","ge2",3.24712920278301,3.82741746192266,0.84848799682676,0.858100960160969,0.954039651727306,0.930346509153154
"LU_2010","gradient","actual","ge_mld",1.26176169831317,1.21247931407021,1.04071089883,0.858100960160969,0.954039651727306,0.930346509153154
"LU_2010","gradient","actual","ge_theil",0.973325142616167,1.00287221778222,0.970571118699183,0.858100960160969,0.954039651727306,0.930346509153154
"LU_2010","gradient","actual","gini",0.668194648936377,0.693067053951303,0.964155528326216,0.858100960160969,0.954039651727306,0.930346509153154
"LU_2010","gradient","actual","top1",0.217604409650492,0.242706075801186,0.896708442029076,0.858100960160969,0.954039651727306,0.930346509153154
"LU_2010","gradient","actual","top10",0.519525837330364,0.529636843022899,0.980937207107899,0.858100960160969,0.954039651727306,0.930346509153154
"LU_2010","gradient","equal_hh","atkinson05",0.2911715610911,0.389917659389938,0.746726374420838,0.858100960160969,0.986756138807073,0.930346509153154
"LU_2010","gradient","equal_hh","atkinson1",0.459952347988138,0.702511013279921,0.654703845057856,0.858100960160969,0.986756138807073,0.930346509153154
"LU_2010","gradient","equal_hh","atkinson2",0.659232688366895,0.999317339691183,0.659683033001579,0.858100960160969,0.986756138807073,0.930346509153154
"LU_2010","gradient","equal_hh","cv",2.53041575385028,2.94910803497289,0.858100960160969,0.858100960160969,0.986756138807073,0.930346509153154
"LU_2010","gradient","equal_hh","ge2",3.0441009617301,3.82741746192266,0.79546964892383,0.858100960160969,0.986756138807073,0.930346509153154
"LU_2010","gradient","equal_hh","ge_mld",0.616180548521717,1.21247931407021,0.508172505105807,0.858100960160969,0.986756138807073,0.930346509153154
"LU_2010","gradient","equal_hh","ge_theil",0.804583553180738,1.00287221778222,0.80227639143969,0.858100960160969,0.986756138807073,0.930346509153154
"LU_2010","gradient","equal_hh","gini",0.594707660802223,0.693067053951303,0.858100960160969,0.858100960160969,0.986756138807073,0.930346509153154
"LU_2010","gradient","equal_hh","top1",0.209665447904884,0.242706075801186,0.863946233571241,0.858100960160969,0.986756138807073,0.930346509153154
"LU_2010","gradient","equal_hh","top10",0.468689805112213,0.529636843022899,0.884900332629467,0.858100960160969,0.986756138807073,0.930346509153154
"LU_2010","gradient","equal_pc","atkinson05",0.30478324232105,0.389917659389938,0.781652939882284,0.858100960160969,0.987422667491728,0.930346509153154
"LU_2010","gradient","equal_pc","atkinson1",0.496667992814299,0.702511013279921,0.706979847638177,0.858100960160969,0.987422667491728,0.930346509153154
"LU_2010","gradient","equal_pc","atkinson2",0.742023694747605,0.999317339691183,0.742530575489342,0.858100960160969,0.987422667491728,0.930346509153154
"LU_2010","gradient","equal_pc","cv",2.53785483477014,2.94910803497289,0.860621558077322,0.858100960160969,0.987422667491728,0.930346509153154
"LU_2010","gradient","equal_pc","ge2",3.06599004174491,3.82741746192266,0.801203315376318,0.858100960160969,0.987422667491728,0.930346509153154
"LU_2010","gradient","equal_pc","ge_mld",0.686574742134252,1.21247931407021,0.566255829551016,0.858100960160969,0.987422667491728,0.930346509153154
"LU_2010","gradient","equal_pc","ge_theil",0.822767992608394,1.00287221778222,0.820423180919175,0.858100960160969,0.987422667491728,0.930346509153154
"LU_2010","gradient","equal_pc","gini",0.603900154371544,0.693067053951303,0.871361915148952,0.858100960160969,0.987422667491728,0.930346509153154
"LU_2010","gradient","equal_pc","top1",0.210027901045241,0.242706075801186,0.865440012230538,0.858100960160969,0.987422667491728,0.930346509153154
"LU_2010","gradient","equal_pc","top10",0.470211079855615,0.529636843022899,0.887773984031879,0.858100960160969,0.987422667491728,0.930346509153154
"LU_2010","gradient","mean_nwx","atkinson05",0.0386777358638715,0.389917659389938,0.0992644104100607,0.858100960160969,1,0.930346509153154
"LU_2010","gradient","mean_nwx","atkinson1",0.0590567570362767,0.702511013279921,0.0841006330584566,0.858100960160969,1,0.930346509153154
"LU_2010","gradient","mean_nwx","atkinson2",0.0804996960330902,0.999317339691183,0.0805546876265663,0.858100960160969,1,0.930346509153154
"LU_2010","gradient","mean_nwx","cv",0.828793332699571,2.94910803497289,0.280827266306998,0.858100960160969,1,0.930346509153154
"LU_2010","gradient","mean_nwx","ge2",0.345739147229147,3.82741746192266,0.0902136552880708,0.858100960160969,1,0.930346509153154
"LU_2010","gradient","mean_nwx","ge_mld",0.060894666582552,1.21247931407021,0.0502690532866833,0.858100960160969,1,0.930346509153154
"LU_2010","gradient","mean_nwx","ge_theil",0.110209880433044,1.00287221778222,0.109952221907438,0.858100960160969,1,0.930346509153154
"LU_2010","gradient","mean_nwx","gini",0.12970304966664,0.693067053951303,0.187121501593214,0.858100960160969,1,0.930346509153154
"LU_2010","gradient","mean_nwx","top1",0.0671829501844762,0.242706075801186,0.276573216165914,0.858100960160969,1,0.930346509153154
"LU_2010","gradient","mean_nwx","top10",0.20686177118908,0.529636843022899,0.390652369048294,0.858100960160969,1,0.930346509153154
"SI_2014","baseline_3pct","actual","atkinson05",0.348019301007137,0.370580304793143,0.939194665953742,0.809112252777746,0.942570873037265,0.86976357156895
"SI_2014","baseline_3pct","actual","atkinson1",0.643973029837662,0.668475653225533,0.963366829119561,0.809112252777746,0.942570873037265,0.86976357156895
"SI_2014","baseline_3pct","actual","atkinson2",0.995772256210454,0.995946779172378,0.999824695742455,0.809112252777746,0.942570873037265,0.86976357156895
"SI_2014","baseline_3pct","actual","cv",3.03201681656109,3.76319725630177,0.804028142107517,0.809112252777746,0.942570873037265,0.86976357156895
"SI_2014","baseline_3pct","actual","ge2",4.35745935293794,5.04048446235765,0.861584940582009,0.809112252777746,0.942570873037265,0.86976357156895
"SI_2014","baseline_3pct","actual","ge_mld",1.03378834819876,1.10544016858586,0.935339952937104,0.809112252777746,0.942570873037265,0.86976357156895
"SI_2014","baseline_3pct","actual","ge_theil",0.926909928568088,1.00851144023185,0.919090102423998,0.809112252777746,0.942570873037265,0.86976357156895
"SI_2014","baseline_3pct","actual","gini",0.629711938969838,0.815040452620823,0.77247350842342,0.809112252777746,0.942570873037265,0.86976357156895
"SI_2014","baseline_3pct","actual","top1",0.232434907482224,0.279765423788996,0.829533794072607,0.809112252777746,0.942570873037265,0.86976357156895
"SI_2014","baseline_3pct","actual","top10",0.486353977570643,0.563700317556404,0.862540591221236,0.809112252777746,0.942570873037265,0.86976357156895
"SI_2014","baseline_3pct","equal_hh","atkinson05",0.271312086967416,0.370580304793143,0.730875867580951,0.809112252777746,0.946267905082649,0.86976357156895
"SI_2014","baseline_3pct","equal_hh","atkinson1",0.423150215377987,0.668475653225533,0.63243028376069,0.809112252777746,0.946267905082649,0.86976357156895
"SI_2014","baseline_3pct","equal_hh","atkinson2",0.637376707343126,0.995946779172378,0.639968408751263,0.809112252777746,0.946267905082649,0.86976357156895
"SI_2014","baseline_3pct","equal_hh","cv",3.04911295773951,3.76319725630177,0.809112252777746,0.809112252777746,0.946267905082649,0.86976357156895
"SI_2014","baseline_3pct","equal_hh","ge2",3.84468068726255,5.04048446235765,0.759349391817496,0.809112252777746,0.946267905082649,0.86976357156895
"SI_2014","baseline_3pct","equal_hh","ge_mld",0.551223120782089,1.10544016858586,0.497822773879624,0.809112252777746,0.946267905082649,0.86976357156895
"SI_2014","baseline_3pct","equal_hh","ge_theil",0.787518898042193,1.00851144023185,0.7791499106924,0.809112252777746,0.946267905082649,0.86976357156895
"SI_2014","baseline_3pct","equal_hh","gini",0.659556491379344,0.815040452620823,0.809112252777746,0.809112252777746,0.946267905082649,0.86976357156895
"SI_2014","baseline_3pct","equal_hh","top1",0.228684663674892,0.279765423788996,0.816123140547751,0.809112252777746,0.946267905082649,0.86976357156895
"SI_2014","baseline_3pct","equal_hh","top10",0.475448015623458,0.563700317556404,0.843126416251417,0.809112252777746,0.946267905082649,0.86976357156895
"SI_2014","baseline_3pct","equal_pc","atkinson05",0.293888340484564,0.370580304793143,0.792240080117327,0.809112252777746,0.947527975651283,0.86976357156895
"SI_2014","baseline_3pct","equal_pc","atkinson1",0.477080447923632,0.668475653225533,0.713238415897748,0.809112252777746,0.947527975651283,0.86976357156895
"SI_2014","baseline_3pct","equal_pc","atkinson2",0.7898475143561,0.995946779172378,0.793111819480244,0.809112252777746,0.947527975651283,0.86976357156895
"SI_2014","baseline_3pct","equal_pc","cv",3.0608963362218,3.76319725630177,0.81235925509653,0.809112252777746,0.947527975651283,0.86976357156895
"SI_2014","baseline_3pct","equal_pc","ge2",3.87948427443116,5.04048446235765,0.766673094018032,0.809112252777746,0.947527975651283,0.86976357156895
"SI_2014","baseline_3pct","equal_pc","ge_mld",0.64941445226615,1.10544016858586,0.586818383841575,0.809112252777746,0.947527975651283,0.86976357156895
"SI_2014","baseline_3pct","equal_pc","ge_theil",0.823372946750566,1.00851144023185,0.815438026855433,0.809112252777746,0.947527975651283,0.86976357156895
"SI_2014","baseline_3pct","equal_pc","gini",0.680537970991276,0.815040452620823,0.834876713191567,0.809112252777746,0.947527975651283,0.86976357156895
"SI_2014","baseline_3pct","equal_pc","top1",0.229573358510185,0.279765423788996,0.819474246954738,0.809112252777746,0.947527975651283,0.86976357156895
"SI_2014","baseline_3pct","equal_pc","top10",0.482925820133501,0.563700317556404,0.856450874750091,0.809112252777746,0.947527975651283,0.86976357156895
"SI_2014","baseline_3pct","mean_nwx","atkinson05",0.0555806899665616,0.370580304793143,0.151512378722975,0.809112252777746,1,0.86976357156895
"SI_2014","baseline_3pct","mean_nwx","atkinson1",0.0883439805386503,0.668475653225533,0.132502307860684,0.809112252777746,1,0.86976357156895
"SI_2014","baseline_3pct","mean_nwx","atkinson2",0.123229001139454,0.995946779172378,0.123729127365865,0.809112252777746,1,0.86976357156895
"SI_2014","baseline_3pct","mean_nwx","cv",0.793552779265098,3.76319725630177,0.214815779151019,0.809112252777746,1,0.86976357156895
"SI_2014","baseline_3pct","mean_nwx","ge2",0.315760273985144,5.04048446235765,0.0683504672137235,0.809112252777746,1,0.86976357156895
"SI_2014","baseline_3pct","mean_nwx","ge_mld",0.0925203127310718,1.10544016858586,0.0841957876388087,0.809112252777746,1,0.86976357156895
"SI_2014","baseline_3pct","mean_nwx","ge_theil",0.145880706779648,1.00851144023185,0.148420526546937,0.809112252777746,1,0.86976357156895
"SI_2014","baseline_3pct","mean_nwx","gini",0.176263292444139,0.815040452620823,0.216431061526336,0.809112252777746,1,0.86976357156895
"SI_2014","baseline_3pct","mean_nwx","top1",0.0717962006029421,0.279765423788996,0.263426371737662,0.809112252777746,1,0.86976357156895
"SI_2014","baseline_3pct","mean_nwx","top10",0.252081719557024,0.563700317556404,0.448758170637579,0.809112252777746,1,0.86976357156895
"SI_2014","capped_3pct","actual","atkinson05",0.348019301007137,0.370580304793143,0.939194665953742,0.876925998678197,0.942570873037265,0.86976357156895
"SI_2014","capped_3pct","actual","atkinson1",0.643973029837662,0.668475653225533,0.963366829119561,0.876925998678197,0.942570873037265,0.86976357156895
"SI_2014","capped_3pct","actual","atkinson2",0.995772256210454,0.995946779172378,0.999824695742455,0.876925998678197,0.942570873037265,0.86976357156895
"SI_2014","capped_3pct","actual","cv",3.03201681656109,3.40970694908685,0.888397418542539,0.876925998678197,0.942570873037265,0.86976357156895
"SI_2014","capped_3pct","actual","ge2",4.35745935293794,5.04048446235765,0.861584940582009,0.876925998678197,0.942570873037265,0.86976357156895
"SI_2014","capped_3pct","actual","ge_mld",1.03378834819876,1.10544016858586,0.935339952937104,0.876925998678197,0.942570873037265,0.86976357156895
"SI_2014","capped_3pct","actual","ge_theil",0.926909928568088,1.00851144023185,0.919090102423998,0.876925998678197,0.942570873037265,0.86976357156895
"SI_2014","capped_3pct","actual","gini",0.629711938969838,0.676913958926607,0.930208848156621,0.876925998678197,0.942570873037265,0.86976357156895
"SI_2014","capped_3pct","actual","top1",0.232434907482224,0.25831057019412,0.899070104754006,0.876925998678197,0.942570873037265,0.86976357156895
"SI_2014","capped_3pct","actual","top10",0.486353977570643,0.520208535580719,0.934860943774881,0.876925998678197,0.942570873037265,0.86976357156895
"SI_2014","capped_3pct","equal_hh","atkinson05",0.312867426379181,0.370580304793143,0.843583357964532,0.876925998678197,0.995500473395385,0.86976357156895
"SI_2014","capped_3pct","equal_hh","atkinson1",0.490577529302205,0.668475653225533,0.733466553983169,0.876925998678197,0.995500473395385,0.86976357156895
"SI_2014","capped_3pct","equal_hh","atkinson2",0.700731001619718,0.995946779172378,0.703584318300412,0.876925998678197,0.995500473395385,0.86976357156895
"SI_2014","capped_3pct","equal_hh","cv",2.9928624036671,3.40970694908685,0.876925998678197,0.876925998678197,0.995500473395385,0.86976357156895
"SI_2014","capped_3pct","equal_hh","ge2",4.52509091817987,5.04048446235765,0.895287561464188,0.876925998678197,0.995500473395385,0.86976357156895
"SI_2014","capped_3pct","equal_hh","ge_mld",0.675569827076227,1.10544016858586,0.610531871245499,0.876925998678197,0.995500473395385,0.86976357156895
"SI_2014","capped_3pct","equal_hh","ge_theil",0.897102889217639,1.00851144023185,0.88884918586689,0.876925998678197,0.995500473395385,0.86976357156895
"SI_2014","capped_3pct","equal_hh","gini",0.59371753005256,0.676913958926607,0.876925998678197,0.876925998678197,0.995500473395385,0.86976357156895
"SI_2014","capped_3pct","equal_hh","top1",0.228006526215888,0.25831057019412,0.881830172981268,0.876925998678197,0.995500473395385,0.86976357156895
"SI_2014","capped_3pct","equal_hh","top10",0.468666641033413,0.520208535580719,0.900708035927174,0.876925998678197,0.995500473395385,0.86976357156895
"SI_2014","capped_3pct","equal_pc","atkinson05",0.330573394182485,0.370580304793143,0.891725608820458,0.876925998678197,0.994895729963861,0.86976357156895
"SI_2014","capped_3pct","equal_pc","atkinson1",0.535189636789774,0.668475653225533,0.800320370748208,0.876925998678197,0.994895729963861,0.86976357156895
"SI_2014","capped_3pct","equal_pc","atkinson2",0.797544500913742,0.995946779172378,0.800797124482145,0.876925998678197,0.994895729963861,0.86976357156895
"SI_2014","capped_3pct","equal_pc","cv",3.00032823228326,3.40970694908685,0.879209159262476,0.876925998678197,0.994895729963861,0.86976357156895
"SI_2014","capped_3pct","equal_pc","ge2",4.54382994692833,5.04048446235765,0.89934373849599,0.876925998678197,0.994895729963861,0.86976357156895
"SI_2014","capped_3pct","equal_pc","ge_mld",0.767229566677101,1.10544016858586,0.693621382460859,0.876925998678197,0.994895729963861,0.86976357156895
"SI_2014","capped_3pct","equal_pc","ge_theil",0.922762787340798,1.00851144023185,0.9148486113019,0.876925998678197,0.994895729963861,0.86976357156895
"SI_2014","capped_3pct","equal_pc","gini",0.60745985852195,0.676913958926607,0.897271343725442,0.876925998678197,0.994895729963861,0.86976357156895
"SI_2014","capped_3pct","equal_pc","top1",0.228573980174354,0.25831057019412,0.884152780974208,0.876925998678197,0.994895729963861,0.86976357156895
"SI_2014","capped_3pct","equal_pc","top10",0.473234113678738,0.520208535580719,0.909532430904212,0.876925998678197,0.994895729963861,0.86976357156895
"SI_2014","capped_3pct","mean_nwx","atkinson05",0.0253151922471208,0.370580304793143,0.0690309645346688,0.876925998678197,1,0.86976357156895
"SI_2014","capped_3pct","mean_nwx","atkinson1",0.0423132577391432,0.668475653225533,0.0634696310077719,0.876925998678197,1,0.86976357156895
"SI_2014","capped_3pct","mean_nwx","atkinson2",0.0636241747766789,0.995946779172378,0.0638819415109453,0.876925998678197,1,0.86976357156895
"SI_2014","capped_3pct","mean_nwx","cv",0.486448572159542,3.40970694908685,0.145806667325173,0.876925998678197,1,0.86976357156895
"SI_2014","capped_3pct","mean_nwx","ge2",0.118657782692604,5.04048446235765,0.0257058251751455,0.876925998678197,1,0.86976357156895
"SI_2014","capped_3pct","mean_nwx","ge_mld",0.0432411726707717,1.10544016858586,0.0393543796231679,0.876925998678197,1,0.86976357156895
"SI_2014","capped_3pct","mean_nwx","ge_theil",0.062822119992825,1.00851144023185,0.0639501364493065,0.876925998678197,1,0.86976357156895
"SI_2014","capped_3pct","mean_nwx","gini",0.112170387414332,0.676913958926607,0.166040009464666,0.876925998678197,1,0.86976357156895
"SI_2014","capped_3pct","mean_nwx","top1",0.0434326468331498,0.25831057019412,0.17278089639756,0.876925998678197,1,0.86976357156895
"SI_2014","capped_3pct","mean_nwx","top10",0.194120856619637,0.520208535580719,0.374593656445542,0.876925998678197,1,0.86976357156895
"SI_2014","gradient","actual","atkinson05",0.348019301007137,0.362213698617671,0.960843386369779,0.89412728765165,0.942570873037265,0.920198694685606
"SI_2014","gradient","actual","atkinson1",0.643973029837662,0.655081393667674,0.983056605378588,0.89412728765165,0.942570873037265,0.920198694685606
"SI_2014","gradient","actual","atkinson2",0.995772256210454,0.995521382070684,1.00025203868695,0.89412728765165,0.942570873037265,0.920198694685606
"SI_2014","gradient","actual","cv",3.03201681656109,3.33083026572055,0.909332919694088,0.89412728765165,0.942570873037265,0.920198694685606
"SI_2014","gradient","actual","ge2",4.35745935293794,4.98654670944233,0.870479874716158,0.89412728765165,0.942570873037265,0.920198694685606
"SI_2014","gradient","actual","ge_mld",1.03378834819876,1.065643404335,0.970189149754737,0.89412728765165,0.942570873037265,0.920198694685606
"SI_2014","gradient","actual","ge_theil",0.926909928568088,0.985484659323276,0.940432061570545,0.89412728765165,0.942570873037265,0.920198694685606
"SI_2014","gradient","actual","gini",0.629711938969838,0.666343643213094,0.944999390422226,0.89412728765165,0.942570873037265,0.920198694685606
"SI_2014","gradient","actual","top1",0.232434907482224,0.251109586706964,0.924869393549603,0.89412728765165,0.942570873037265,0.920198694685606
"SI_2014","gradient","actual","top10",0.486353977570643,0.506981617323447,0.959339753067761,0.89412728765165,0.942570873037265,0.920198694685606
"SI_2014","gradient","equal_hh","atkinson05",0.300899444825432,0.362213698617671,0.829987044746685,0.89412728765165,0.980812346404429,0.920198694685606
"SI_2014","gradient","equal_hh","atkinson1",0.477346068302774,0.655081393667674,0.728284191851399,0.89412728765165,0.980812346404429,0.920198694685606
"SI_2014","gradient","equal_hh","atkinson2",0.717449756638425,0.995521382070684,0.720673752918049,0.89412728765165,0.980812346404429,0.920198694685606
"SI_2014","gradient","equal_hh","cv",2.97999064257964,3.33083026572055,0.89412728765165,0.89412728765165,0.980812346404429,0.920198694685606
"SI_2014","gradient","equal_hh","ge2",4.32430663413705,4.98654670944233,0.865377019687528,0.89412728765165,0.980812346404429,0.920198694685606
"SI_2014","gradient","equal_hh","ge_mld",0.649801930136786,1.065643404335,0.60919566893262,0.89412728765165,0.980812346404429,0.920198694685606
"SI_2014","gradient","equal_hh","ge_theil",0.861156695428451,0.985484659323276,0.873002043666696,0.89412728765165,0.980812346404429,0.920198694685606
"SI_2014","gradient","equal_hh","gini",0.595873013459001,0.666343643213094,0.89412728765165,0.89412728765165,0.980812346404429,0.920198694685606
"SI_2014","gradient","equal_hh","top1",0.22575007960416,0.251109586706964,0.898459960309327,0.89412728765165,0.980812346404429,0.920198694685606
"SI_2014","gradient","equal_hh","top10",0.464011566424771,0.506981617323447,0.915112207429649,0.89412728765165,0.980812346404429,0.920198694685606
"SI_2014","gradient","equal_pc","atkinson05",0.316078008263458,0.362213698617671,0.872181106983288,0.89412728765165,0.980495485074398,0.920198694685606
"SI_2014","gradient","equal_pc","atkinson1",0.517447510137103,0.655081393667674,0.789577168966912,0.89412728765165,0.980495485074398,0.920198694685606
"SI_2014","gradient","equal_pc","atkinson2",0.798953306572269,0.995521382070684,0.802545982975391,0.89412728765165,0.980495485074398,0.920198694685606
"SI_2014","gradient","equal_pc","cv",2.98622682209785,3.33083026572055,0.896074583202524,0.89412728765165,0.980495485074398,0.920198694685606
"SI_2014","gradient","equal_pc","ge2",4.33964441188722,4.98654670944233,0.868741609292892,0.89412728765165,0.980495485074398,0.920198694685606
"SI_2014","gradient","equal_pc","ge_mld",0.729694030055045,1.065643404335,0.684252670210184,0.89412728765165,0.980495485074398,0.920198694685606
"SI_2014","gradient","equal_pc","ge_theil",0.882639754518275,0.985484659323276,0.895250055789311,0.89412728765165,0.980495485074398,0.920198694685606
"SI_2014","gradient","equal_pc","gini",0.60731577965622,0.666343643213094,0.911332174644729,0.89412728765165,0.980495485074398,0.920198694685606
"SI_2014","gradient","equal_pc","top1",0.226211460054877,0.251109586706964,0.900405102420984,0.89412728765165,0.980495485074398,0.920198694685606
"SI_2014","gradient","equal_pc","top10",0.467980744103748,0.506981617323447,0.922978676570076,0.89412728765165,0.980495485074398,0.920198694685606
"SI_2014","gradient","mean_nwx","atkinson05",0.0226997805709425,0.362213698617671,0.0632002482564232,0.89412728765165,1,0.920198694685606
"SI_2014","gradient","mean_nwx","atkinson1",0.0369242661126851,0.655081393667674,0.0564798454138005,0.89412728765165,1,0.920198694685606
"SI_2014","gradient","mean_nwx","atkinson2",0.0541388728108379,0.995521382070684,0.054382398810339,0.89412728765165,1,0.920198694685606
"SI_2014","gradient","mean_nwx","cv",0.516094380956794,3.33083026572055,0.15809464895098,0.89412728765165,1,0.920198694685606
"SI_2014","gradient","mean_nwx","ge2",0.133447031232338,4.98654670944233,0.0290412641371039,0.89412728765165,1,0.920198694685606
"SI_2014","gradient","mean_nwx","ge_mld",0.0376261721121055,1.065643404335,0.0354706141312761,0.89412728765165,1,0.920198694685606
"SI_2014","gradient","mean_nwx","ge_theil",0.0589712432187306,0.985484659323276,0.0612037491830019,0.89412728765165,1,0.920198694685606
"SI_2014","gradient","mean_nwx","gini",0.0974456724646624,0.666343643213094,0.146498613453292,0.89412728765165,1,0.920198694685606
"SI_2014","gradient","mean_nwx","top1",0.0434843203426972,0.251109586706964,0.177394365994562,0.89412728765165,1,0.920198694685606
"SI_2014","gradient","mean_nwx","top10",0.1833323137876,0.506981617323447,0.362938490828089,0.89412728765165,1,0.920198694685606
"SK_2010","baseline_3pct","actual","atkinson05",0.175077302448831,0.187728162260692,0.932617186484476,0.851632756797843,0.982631802355697,0.942777359128638
"SK_2010","baseline_3pct","actual","atkinson1",0.375961852773198,0.397940201426298,0.94479827369276,0.851632756797843,0.982631802355697,0.942777359128638
"SK_2010","baseline_3pct","actual","atkinson2",0.930265618578746,0.923633730163502,1.0072587913647,0.851632756797843,0.982631802355697,0.942777359128638
"SK_2010","baseline_3pct","actual","cv",1.0612535678994,1.43950937490006,0.737507465427227,0.851632756797843,0.982631802355697,0.942777359128638
"SK_2010","baseline_3pct","actual","ge2",0.543491611723382,0.596960427210721,0.910466630308515,0.851632756797843,0.982631802355697,0.942777359128638
"SK_2010","baseline_3pct","actual","ge_mld",0.471559036075891,0.507421325729732,0.929373975729874,0.851632756797843,0.982631802355697,0.942777359128638
"SK_2010","baseline_3pct","actual","ge_theil",0.36231094002443,0.389539078725227,0.930104271984482,0.851632756797843,0.982631802355697,0.942777359128638
"SK_2010","baseline_3pct","actual","gini",0.448725589082017,0.573862493168853,0.782037996670886,0.851632756797843,0.982631802355697,0.942777359128638
"SK_2010","baseline_3pct","actual","top1",0.0795666471658342,0.0913794831137991,0.870668833194371,0.851632756797843,0.982631802355697,0.942777359128638
"SK_2010","baseline_3pct","actual","top10",0.329546120751629,0.366638438990944,0.898845041567394,0.851632756797843,0.982631802355697,0.942777359128638
"SK_2010","baseline_3pct","equal_hh","atkinson05",0.142738710921409,0.187728162260692,0.760367302161556,0.851632756797843,0.973061708021188,0.942777359128638
"SK_2010","baseline_3pct","equal_hh","atkinson1",0.270523769655996,0.397940201426298,0.679865761064242,0.851632756797843,0.973061708021188,0.942777359128638
"SK_2010","baseline_3pct","equal_hh","atkinson2",0.522759461993016,0.923633730163502,0.56645900230061,0.851632756797843,0.973061708021188,0.942777359128638
"SK_2010","baseline_3pct","equal_hh","cv",1.22581039808448,1.43950937490006,0.851632756797843,0.851632756797843,0.973061708021188,0.942777359128638
"SK_2010","baseline_3pct","equal_hh","ge2",0.471960671347772,0.596960427210721,0.790685855130932,0.851632756797843,0.973061708021188,0.942777359128638
"SK_2010","baseline_3pct","equal_hh","ge_mld",0.315434368907932,0.507421325729732,0.621730268475581,0.851632756797843,0.973061708021188,0.942777359128638
"SK_2010","baseline_3pct","equal_hh","ge_theil",0.310233439338413,0.389539078725227,0.796431890368974,0.851632756797843,0.973061708021188,0.942777359128638
"SK_2010","baseline_3pct","equal_hh","gini",0.488695416734812,0.573862493168853,0.851632756797843,0.851632756797843,0.973061708021188,0.942777359128638
"SK_2010","baseline_3pct","equal_hh","top1",0.0792995409973766,0.0913794831137991,0.867875975269436,0.851632756797843,0.973061708021188,0.942777359128638
"SK_2010","baseline_3pct","equal_hh","top10",0.32707358339442,0.366638438990944,0.892097873052515,0.851632756797843,0.973061708021188,0.942777359128638
"SK_2010","baseline_3pct","equal_pc","atkinson05",0.151910937531489,0.187728162260692,0.809235206004978,0.851632756797843,0.969060436598519,0.942777359128638
"SK_2010","baseline_3pct","equal_pc","atkinson1",0.299137575218765,0.397940201426298,0.751774713388422,0.851632756797843,0.969060436598519,0.942777359128638
"SK_2010","baseline_3pct","equal_pc","atkinson2",0.676857799088231,0.923633730163502,0.732484967479693,0.851632756797843,0.969060436598519,0.942777359128638
"SK_2010","baseline_3pct","equal_pc","cv",1.23900542474079,1.43950937490006,0.860796135388994,0.851632756797843,0.969060436598519,0.942777359128638
"SK_2010","baseline_3pct","equal_pc","ge2",0.47862312197112,0.596960427210721,0.801854028555984,0.851632756797843,0.969060436598519,0.942777359128638
"SK_2010","baseline_3pct","equal_pc","ge_mld",0.355451483003146,0.507421325729732,0.700602081291997,0.851632756797843,0.969060436598519,0.942777359128638
"SK_2010","baseline_3pct","equal_pc","ge_theil",0.322307436286263,0.389539078725227,0.827435064777129,0.851632756797843,0.969060436598519,0.942777359128638
"SK_2010","baseline_3pct","equal_pc","gini",0.500760578461558,0.573862493168853,0.872649423772381,0.851632756797843,0.969060436598519,0.942777359128638
"SK_2010","baseline_3pct","equal_pc","top1",0.0794461585554649,0.0913794831137991,0.869466163008812,0.851632756797843,0.969060436598519,0.942777359128638
"SK_2010","baseline_3pct","equal_pc","top10",0.330021079118114,0.366638438990944,0.900137257243079,0.851632756797843,0.969060436598519,0.942777359128638
"SK_2010","baseline_3pct","mean_nwx","atkinson05",0.0403150393418139,0.187728162260692,0.214782605565891,0.851632756797843,1,0.942777359128638
"SK_2010","baseline_3pct","mean_nwx","atkinson1",0.0631511211732538,0.397940201426298,0.158737730562579,0.851632756797843,1,0.942777359128638
"SK_2010","baseline_3pct","mean_nwx","atkinson2",0.0876107838037473,0.923633730163502,0.094864808831378,0.851632756797843,1,0.942777359128638
"SK_2010","baseline_3pct","mean_nwx","cv",0.729082355369369,1.43950937490006,0.506192953871967,0.851632756797843,1,0.942777359128638
"SK_2010","baseline_3pct","mean_nwx","ge2",0.266707022432111,0.596960427210721,0.447523216355323,0.851632756797843,1,0.942777359128638
"SK_2010","baseline_3pct","mean_nwx","ge_mld",0.0652391166429626,0.507421325729732,0.128621191505222,0.851632756797843,1,0.942777359128638
"SK_2010","baseline_3pct","mean_nwx","ge_theil",0.109152126452111,0.389539078725227,0.2802509132317,0.851632756797843,1,0.942777359128638
"SK_2010","baseline_3pct","mean_nwx","gini",0.136814989670963,0.573862493168853,0.238367615099719,0.851632756797843,1,0.942777359128638
"SK_2010","baseline_3pct","mean_nwx","top1",0.0661491736714022,0.0913794831137991,0.724054697666937,0.851632756797843,1,0.942777359128638
"SK_2010","baseline_3pct","mean_nwx","top10",0.216230728192878,0.366638438990944,0.58975913666923,0.851632756797843,1,0.942777359128638
"SK_2010","capped_3pct","actual","atkinson05",0.175077302448831,0.187728162260692,0.932617186484476,0.902390588827109,0.982631802355697,0.942777359128638
"SK_2010","capped_3pct","actual","atkinson1",0.375961852773198,0.397940201426298,0.94479827369276,0.902390588827109,0.982631802355697,0.942777359128638
"SK_2010","capped_3pct","actual","atkinson2",0.930265618578746,0.923633730163502,1.0072587913647,0.902390588827109,0.982631802355697,0.942777359128638
"SK_2010","capped_3pct","actual","cv",1.0612535678994,1.15325488845531,0.920233119787273,0.902390588827109,0.982631802355697,0.942777359128638
"SK_2010","capped_3pct","actual","ge2",0.543491611723382,0.596960427210721,0.910466630308515,0.902390588827109,0.982631802355697,0.942777359128638
"SK_2010","capped_3pct","actual","ge_mld",0.471559036075891,0.507421325729732,0.929373975729874,0.902390588827109,0.982631802355697,0.942777359128638
"SK_2010","capped_3pct","actual","ge_theil",0.36231094002443,0.389539078725227,0.930104271984482,0.902390588827109,0.982631802355697,0.942777359128638
"SK_2010","capped_3pct","actual","gini",0.448725589082017,0.485910290734504,0.923473737100657,0.902390588827109,0.982631802355697,0.942777359128638
"SK_2010","capped_3pct","actual","top1",0.0795666471658342,0.0862342153579968,0.922569349813705,0.902390588827109,0.982631802355697,0.942777359128638
"SK_2010","capped_3pct","actual","top10",0.329546120751629,0.346009754892395,0.952417393973786,0.902390588827109,0.982631802355697,0.942777359128638
"SK_2010","capped_3pct","equal_hh","atkinson05",0.166538734279024,0.187728162260692,0.887142241420381,0.902390588827109,0.998653234475622,0.942777359128638
"SK_2010","capped_3pct","equal_hh","atkinson1",0.31987434807061,0.397940201426298,0.803878283145053,0.902390588827109,0.998653234475622,0.942777359128638
"SK_2010","capped_3pct","equal_hh","atkinson2",0.597099932453376,0.923633730163502,0.646709024549188,0.902390588827109,0.998653234475622,0.942777359128638
"SK_2010","capped_3pct","equal_hh","cv",1.04068083158282,1.15325488845531,0.902390588827109,0.902390588827109,0.998653234475622,0.942777359128638
"SK_2010","capped_3pct","equal_hh","ge2",0.539779702620871,0.596960427210721,0.904255476204298,0.902390588827109,0.998653234475622,0.942777359128638
"SK_2010","capped_3pct","equal_hh","ge_mld",0.385479555260259,0.507421325729732,0.759771305186125,0.902390588827109,0.998653234475622,0.942777359128638
"SK_2010","capped_3pct","equal_hh","ge_theil",0.356223675838742,0.389539078725227,0.914483844281241,0.902390588827109,0.998653234475622,0.942777359128638
"SK_2010","capped_3pct","equal_hh","gini",0.438481063073993,0.485910290734504,0.902390588827109,0.902390588827109,0.998653234475622,0.942777359128638
"SK_2010","capped_3pct","equal_hh","top1",0.0787919626770839,0.0862342153579968,0.913716620976828,0.902390588827109,0.998653234475622,0.942777359128638
"SK_2010","capped_3pct","equal_hh","top10",0.321997800191493,0.346009754892395,0.930602035075788,0.902390588827109,0.998653234475622,0.942777359128638
"SK_2010","capped_3pct","equal_pc","atkinson05",0.177225531179022,0.187728162260692,0.944072352574364,0.902390588827109,0.999251963943755,0.942777359128638
"SK_2010","capped_3pct","equal_pc","atkinson1",0.354782129366723,0.397940201426298,0.891601417315501,0.902390588827109,0.999251963943755,0.942777359128638
"SK_2010","capped_3pct","equal_pc","atkinson2",0.740351917385103,0.923633730163502,0.801724389899666,0.902390588827109,0.999251963943755,0.942777359128638
"SK_2010","capped_3pct","equal_pc","cv",1.04865206644319,1.15325488845531,0.90930228002084,0.902390588827109,0.999251963943755,0.942777359128638
"SK_2010","capped_3pct","equal_pc","ge2",0.54885149157024,0.596960427210721,0.919444766399936,0.902390588827109,0.999251963943755,0.942777359128638
"SK_2010","capped_3pct","equal_pc","ge_mld",0.438170336249676,0.507421325729732,0.863615981198197,0.902390588827109,0.999251963943755,0.942777359128638
"SK_2010","capped_3pct","equal_pc","ge_theil",0.369731929546955,0.389539078725227,0.949160975143843,0.902390588827109,0.999251963943755,0.942777359128638
"SK_2010","capped_3pct","equal_pc","gini",0.445873564748647,0.485910290734504,0.917604287262804,0.902390588827109,0.999251963943755,0.942777359128638
"SK_2010","capped_3pct","equal_pc","top1",0.0788878233510172,0.0862342153579968,0.914818348150132,0.902390588827109,0.999251963943755,0.942777359128638
"SK_2010","capped_3pct","equal_pc","top10",0.323880573228904,0.346009754892395,0.936044246392508,0.902390588827109,0.999251963943755,0.942777359128638
"SK_2010","capped_3pct","mean_nwx","atkinson05",0.0143992736534226,0.187728162260692,0.0767146438086155,0.902390588827109,1,0.942777359128638
"SK_2010","capped_3pct","mean_nwx","atkinson1",0.0254437560996753,0.397940201426298,0.0639549189969871,0.902390588827109,1,0.942777359128638
"SK_2010","capped_3pct","mean_nwx","atkinson2",0.0410572042587543,0.923633730163502,0.0444728321266991,0.902390588827109,1,0.942777359128638
"SK_2010","capped_3pct","mean_nwx","cv",0.305345519235371,1.15325488845531,0.264826154771973,0.902390588827109,1,0.942777359128638
"SK_2010","capped_3pct","mean_nwx","ge2",0.046631882073235,0.596960427210721,0.078191306801702,0.902390588827109,1,0.942777359128638
"SK_2010","capped_3pct","mean_nwx","ge_mld",0.025773163187475,0.507421325729732,0.0508114913702929,0.902390588827109,1,0.942777359128638
"SK_2010","capped_3pct","mean_nwx","ge_theil",0.0330386217854602,0.389539078725227,0.0848291936536163,0.902390588827109,1,0.942777359128638
"SK_2010","capped_3pct","mean_nwx","gini",0.0873648558158705,0.485910290734504,0.179797530944314,0.902390588827109,1,0.942777359128638
"SK_2010","capped_3pct","mean_nwx","top1",0.0306237692195855,0.0862342153579968,0.35535798169491,0.902390588827109,1,0.942777359128638
"SK_2010","capped_3pct","mean_nwx","top10",0.17137563518037,0.346009754892395,0.4953104868167,0.902390588827109,1,0.942777359128638
"SK_2010","gradient","actual","atkinson05",0.175077302448831,0.179273073821993,0.976587965182408,0.915342750383332,0.982631802355697,0.970321825965559
"SK_2010","gradient","actual","atkinson1",0.375961852773198,0.379750790633072,0.990014538635331,0.915342750383332,0.982631802355697,0.970321825965559
"SK_2010","gradient","actual","atkinson2",0.930265618578746,0.919881416771501,1.01134033261063,0.915342750383332,0.982631802355697,0.970321825965559
"SK_2010","gradient","actual","cv",1.0612535678994,1.13369230293224,0.936117810394972,0.915342750383332,0.982631802355697,0.970321825965559
"SK_2010","gradient","actual","ge2",0.543491611723382,0.576598652333144,0.942610998256902,0.915342750383332,0.982631802355697,0.970321825965559
"SK_2010","gradient","actual","ge_mld",0.471559036075891,0.47764409380575,0.987247577921465,0.915342750383332,0.982631802355697,0.970321825965559
"SK_2010","gradient","actual","ge_theil",0.36231094002443,0.373641755627218,0.969667361797135,0.915342750383332,0.982631802355697,0.970321825965559
"SK_2010","gradient","actual","gini",0.448725589082017,0.47340280891806,0.947910127602314,0.915342750383332,0.982631802355697,0.970321825965559
"SK_2010","gradient","actual","top1",0.0795666471658342,0.0846147571528517,0.940195603211949,0.915342750383332,0.982631802355697,0.970321825965559
"SK_2010","gradient","actual","top10",0.329546120751629,0.337939887081707,0.975169448659906,0.915342750383332,0.982631802355697,0.970321825965559
"SK_2010","gradient","equal_hh","atkinson05",0.15237348565564,0.179273073821993,0.849975841048888,0.915342750383332,0.990957690162284,0.970321825965559
"SK_2010","gradient","equal_hh","atkinson1",0.293452143150768,0.379750790633072,0.772790279741231,0.915342750383332,0.990957690162284,0.970321825965559
"SK_2010","gradient","equal_hh","atkinson2",0.591338688451874,0.919881416771501,0.643340962070945,0.915342750383332,0.990957690162284,0.970321825965559
"SK_2010","gradient","equal_hh","cv",1.03770590333451,1.13369230293224,0.915342750383332,0.915342750383332,0.990957690162284,0.970321825965559
"SK_2010","gradient","equal_hh","ge2",0.504609665503781,0.576598652333144,0.875186065889937,0.915342750383332,0.990957690162284,0.970321825965559
"SK_2010","gradient","equal_hh","ge_mld",0.347365537749112,0.47764409380575,0.727311145933293,0.915342750383332,0.990957690162284,0.970321825965559
"SK_2010","gradient","equal_hh","ge_theil",0.328469292903346,0.373641755627218,0.879120322591526,0.915342750383332,0.990957690162284,0.970321825965559
"SK_2010","gradient","equal_hh","gini",0.433321671966347,0.47340280891806,0.915342750383332,0.915342750383332,0.990957690162284,0.970321825965559
"SK_2010","gradient","equal_hh","top1",0.0782965872634977,0.0846147571528517,0.925352315435837,0.915342750383332,0.990957690162284,0.970321825965559
"SK_2010","gradient","equal_hh","top10",0.317795299168738,0.337939887081707,0.940393540112026,0.915342750383332,0.990957690162284,0.970321825965559
"SK_2010","gradient","equal_pc","atkinson05",0.157855406289518,0.179273073821993,0.88055803901581,0.915342750383332,0.988086877343842,0.970321825965559
"SK_2010","gradient","equal_pc","atkinson1",0.312776335290418,0.379750790633072,0.82368173912932,0.915342750383332,0.988086877343842,0.970321825965559
"SK_2010","gradient","equal_pc","atkinson2",0.674497896356961,0.919881416771501,0.733601773376011,0.915342750383332,0.988086877343842,0.970321825965559
"SK_2010","gradient","equal_pc","cv",1.04450649891208,1.13369230293224,0.921340932378303,0.915342750383332,0.988086877343842,0.970321825965559
"SK_2010","gradient","equal_pc","ge2",0.507975208687896,0.576598652333144,0.881012335595829,0.915342750383332,0.988086877343842,0.970321825965559
"SK_2010","gradient","equal_pc","ge_mld",0.375096737253058,0.47764409380575,0.78537785294521,0.915342750383332,0.988086877343842,0.970321825965559
"SK_2010","gradient","equal_pc","ge_theil",0.335045591387891,0.373641755627218,0.896720532431289,0.915342750383332,0.988086877343842,0.970321825965559
"SK_2010","gradient","equal_pc","gini",0.439427623609526,0.47340280891806,0.928239534633782,0.915342750383332,0.988086877343842,0.970321825965559
"SK_2010","gradient","equal_pc","top1",0.0783684306415268,0.0846147571528517,0.926193959326265,0.915342750383332,0.988086877343842,0.970321825965559
"SK_2010","gradient","equal_pc","top10",0.319391423660405,0.337939887081707,0.945117135864118,0.915342750383332,0.988086877343842,0.970321825965559
"SK_2010","gradient","mean_nwx","atkinson05",0.01420117503438,0.179273073821993,0.0792076578163184,0.915342750383332,1,0.970321825965559
"SK_2010","gradient","mean_nwx","atkinson1",0.0241787506305219,0.379750790633072,0.0636621310996773,0.915342750383332,1,0.970321825965559
"SK_2010","gradient","mean_nwx","atkinson2",0.0372032939054643,0.919881416771501,0.0404424699683274,0.915342750383332,1,0.970321825965559
"SK_2010","gradient","mean_nwx","cv",0.335707901586565,1.13369230293224,0.296197917609308,0.915342750383332,1,0.970321825965559
"SK_2010","gradient","mean_nwx","ge2",0.0564443802649396,0.576598652333144,0.098079068664651,0.915342750383332,1,0.970321825965559
"SK_2010","gradient","mean_nwx","ge_mld",0.0244763900562236,0.47764409380575,0.0512366853030852,0.915342750383332,1,0.970321825965559
"SK_2010","gradient","mean_nwx","ge_theil",0.0342573531673116,0.373641755627218,0.0916901495170074,0.915342750383332,1,0.970321825965559
"SK_2010","gradient","mean_nwx","gini",0.0771172718021097,0.47340280891806,0.162890696440459,0.915342750383332,1,0.970321825965559
"SK_2010","gradient","mean_nwx","top1",0.0353153685793989,0.0846147571528517,0.417597803616902,0.915342750383332,1,0.970321825965559
"SK_2010","gradient","mean_nwx","top10",0.164431783008825,0.337939887081707,0.486579475216827,0.915342750383332,1,0.970321825965559
"US_2013","baseline_3pct","actual","atkinson05",0.619804508593537,0.634029046100252,0.977564508959365,0.780365663202582,0.845369707347175,0.773570526312111
"US_2013","baseline_3pct","actual","atkinson1",0.863506563431706,0.870536548295836,0.991924563332017,0.780365663202582,0.845369707347175,0.773570526312111
"US_2013","baseline_3pct","actual","atkinson2",0.998887031862334,0.998909012363905,0.999977995608483,0.780365663202582,0.845369707347175,0.773570526312111
"US_2013","baseline_3pct","actual","cv",8.1574988705893,10.4202910153742,0.782887268026467,0.780365663202582,0.845369707347175,0.773570526312111
"US_2013","baseline_3pct","actual","ge2",27.2914791240948,31.2571990723447,0.873145567273511,0.780365663202582,0.845369707347175,0.773570526312111
"US_2013","baseline_3pct","actual","ge_mld",1.99149677921109,2.04437235542102,0.974136553140701,0.780365663202582,0.845369707347175,0.773570526312111
"US_2013","baseline_3pct","actual","ge_theil",1.99853376004686,2.09791565283741,0.952629434815695,0.780365663202582,0.845369707347175,0.773570526312111
"US_2013","baseline_3pct","actual","gini",0.876947904716185,1.08227679954306,0.810326779624566,0.780365663202582,0.845369707347175,0.773570526312111
"US_2013","baseline_3pct","actual","top1",0.405334112589931,0.489013248001552,0.82890707671701,0.780365663202582,0.845369707347175,0.773570526312111
"US_2013","baseline_3pct","actual","top10",0.788071241195665,0.892999349756624,0.882515346390307,0.780365663202582,0.845369707347175,0.773570526312111
"US_2013","baseline_3pct","equal_hh","atkinson05",0.466225327666331,0.634029046100252,0.735337845752802,0.780365663202582,0.951862455005241,0.773570526312111
"US_2013","baseline_3pct","equal_hh","atkinson1",0.623660629356119,0.870536548295836,0.716409360148716,0.780365663202582,0.951862455005241,0.773570526312111
"US_2013","baseline_3pct","equal_hh","atkinson2",0.818200217929633,0.998909012363905,0.81909344572087,0.780365663202582,0.951862455005241,0.773570526312111
"US_2013","baseline_3pct","equal_hh","cv",8.13145387603844,10.4202910153742,0.780365663202582,0.780365663202582,0.951862455005241,0.773570526312111
"US_2013","baseline_3pct","equal_hh","ge2",25.545434194063,31.2571990723447,0.817267211262035,0.780365663202582,0.951862455005241,0.773570526312111
"US_2013","baseline_3pct","equal_hh","ge_mld",0.97727708586861,2.04437235542102,0.478034163445201,0.780365663202582,0.951862455005241,0.773570526312111
"US_2013","baseline_3pct","equal_hh","ge_theil",1.63634198807353,2.09791565283741,0.779986336242336,0.780365663202582,0.951862455005241,0.773570526312111
"US_2013","baseline_3pct","equal_hh","gini",0.844553636306551,1.08227679954306,0.780365663202582,0.780365663202582,0.951862455005241,0.773570526312111
"US_2013","baseline_3pct","equal_hh","top1",0.383799140500002,0.489013248001552,0.784856949842771,0.780365663202582,0.951862455005241,0.773570526312111
"US_2013","baseline_3pct","equal_hh","top10",0.718821240075435,0.892999349756624,0.804960247242531,0.780365663202582,0.951862455005241,0.773570526312111
"US_2013","baseline_3pct","equal_pc","atkinson05",0.476093258493224,0.634029046100252,0.750901791323669,0.780365663202582,0.94008251569304,0.773570526312111
"US_2013","baseline_3pct","equal_pc","atkinson1",0.649782688121668,0.870536548295836,0.746416292058515,0.780365663202582,0.94008251569304,0.773570526312111
"US_2013","baseline_3pct","equal_pc","atkinson2",0.851262769827467,0.998909012363905,0.852192377581858,0.780365663202582,0.94008251569304,0.773570526312111
"US_2013","baseline_3pct","equal_pc","cv",8.1343421209868,10.4202910153742,0.780642881891844,0.780365663202582,0.94008251569304,0.773570526312111
"US_2013","baseline_3pct","equal_pc","ge2",25.1389543619663,31.2571990723447,0.804256294181775,0.780365663202582,0.94008251569304,0.773570526312111
"US_2013","baseline_3pct","equal_pc","ge_mld",1.0492058910862,2.04437235542102,0.513218303991901,0.780365663202582,0.94008251569304,0.773570526312111
"US_2013","baseline_3pct","equal_pc","ge_theil",1.64072974122238,2.09791565283741,0.782077906497112,0.780365663202582,0.94008251569304,0.773570526312111
"US_2013","baseline_3pct","equal_pc","gini",0.862812967453431,1.08227679954306,0.797236005007308,0.780365663202582,0.94008251569304,0.773570526312111
"US_2013","baseline_3pct","equal_pc","top1",0.384049978783389,0.489013248001552,0.785369807185247,0.780365663202582,0.94008251569304,0.773570526312111
"US_2013","baseline_3pct","equal_pc","top10",0.719838560914017,0.892999349756624,0.806099608660141,0.780365663202582,0.94008251569304,0.773570526312111
"US_2013","baseline_3pct","mean_nwx","atkinson05",0.0947301994586524,0.634029046100252,0.149408449287709,0.780365663202582,1,0.773570526312111
"US_2013","baseline_3pct","mean_nwx","atkinson1",0.131905990684979,0.870536548295836,0.151522509184602,0.780365663202582,1,0.773570526312111
"US_2013","baseline_3pct","mean_nwx","atkinson2",0.163350854371274,0.998909012363905,0.163529240319897,0.780365663202582,1,0.773570526312111
"US_2013","baseline_3pct","mean_nwx","cv",3.02734525193573,10.4202910153742,0.290555951173117,0.780365663202582,1,0.773570526312111
"US_2013","baseline_3pct","mean_nwx","ge2",4.58382144011693,31.2571990723447,0.146695738900688,0.780365663202582,1,0.773570526312111
"US_2013","baseline_3pct","mean_nwx","ge_mld",0.141458085211758,2.04437235542102,0.0691940447033014,0.780365663202582,1,0.773570526312111
"US_2013","baseline_3pct","mean_nwx","ge_theil",0.322183543759137,2.09791565283741,0.15356998854715,0.780365663202582,1,0.773570526312111
"US_2013","baseline_3pct","mean_nwx","gini",0.208909699989662,1.08227679954306,0.193024068987496,0.780365663202582,1,0.773570526312111
"US_2013","baseline_3pct","mean_nwx","top1",0.125384989261069,0.489013248001552,0.256396880733523,0.780365663202582,1,0.773570526312111
"US_2013","baseline_3pct","mean_nwx","top10",0.285306028518765,0.892999349756624,0.319488761709206,0.780365663202582,1,0.773570526312111
"US_2013","capped_3pct","actual","atkinson05",0.619804508593537,0.634029046100252,0.977564508959365,0.857075109992503,0.845369707347175,0.773570526312111
"US_2013","capped_3pct","actual","atkinson1",0.863506563431706,0.870536548295836,0.991924563332017,0.857075109992503,0.845369707347175,0.773570526312111
"US_2013","capped_3pct","actual","atkinson2",0.998887031862334,0.998909012363905,0.999977995608483,0.857075109992503,0.845369707347175,0.773570526312111
"US_2013","capped_3pct","actual","cv",8.1574988705893,9.14808190418186,0.891726886699323,0.857075109992503,0.845369707347175,0.773570526312111
"US_2013","capped_3pct","actual","ge2",27.2914791240948,31.2571990723447,0.873145567273511,0.857075109992503,0.845369707347175,0.773570526312111
"US_2013","capped_3pct","actual","ge_mld",1.99149677921109,2.04437235542102,0.974136553140701,0.857075109992503,0.845369707347175,0.773570526312111
"US_2013","capped_3pct","actual","ge_theil",1.99853376004686,2.09791565283741,0.952629434815695,0.857075109992503,0.845369707347175,0.773570526312111
"US_2013","capped_3pct","actual","gini",0.876947904716185,0.89874133875882,0.975751256700372,0.857075109992503,0.845369707347175,0.773570526312111
"US_2013","capped_3pct","actual","top1",0.405334112589931,0.445237707377225,0.910378013139418,0.857075109992503,0.845369707347175,0.773570526312111
"US_2013","capped_3pct","actual","top10",0.788071241195665,0.813064172262538,0.969261011909872,0.857075109992503,0.845369707347175,0.773570526312111
"US_2013","capped_3pct","equal_hh","atkinson05",0.516838106396674,0.634029046100252,0.815163240247333,0.857075109992503,0.980412658700305,0.773570526312111
"US_2013","capped_3pct","equal_hh","atkinson1",0.683329247729497,0.870536548295836,0.784951790821119,0.857075109992503,0.980412658700305,0.773570526312111
"US_2013","capped_3pct","equal_hh","atkinson2",0.851739217985223,0.998909012363905,0.852669821908404,0.857075109992503,0.980412658700305,0.773570526312111
"US_2013","capped_3pct","equal_hh","cv",7.84066155476451,9.14808190418186,0.857075109992503,0.857075109992503,0.980412658700305,0.773570526312111
"US_2013","capped_3pct","equal_hh","ge2",29.7573284731382,31.2571990723447,0.951965588234393,0.857075109992503,0.980412658700305,0.773570526312111
"US_2013","capped_3pct","equal_hh","ge_mld",1.14991180522309,2.04437235542102,0.562478394427455,0.857075109992503,0.980412658700305,0.773570526312111
"US_2013","capped_3pct","equal_hh","ge_theil",1.82062030347677,2.09791565283741,0.86781779083203,0.857075109992503,0.980412658700305,0.773570526312111
"US_2013","capped_3pct","equal_hh","gini",0.770289290150995,0.89874133875882,0.857075109992503,0.857075109992503,0.980412658700305,0.773570526312111
"US_2013","capped_3pct","equal_hh","top1",0.383032046032103,0.445237707377225,0.860285252117889,0.857075109992503,0.980412658700305,0.773570526312111
"US_2013","capped_3pct","equal_hh","top10",0.711150295396443,0.813064172262538,0.874653790531214,0.857075109992503,0.980412658700305,0.773570526312111
"US_2013","capped_3pct","equal_pc","atkinson05",0.526327982992007,0.634029046100252,0.830130655798206,0.857075109992503,0.97526751724222,0.773570526312111
"US_2013","capped_3pct","equal_pc","atkinson1",0.706351024183799,0.870536548295836,0.811396847408886,0.857075109992503,0.97526751724222,0.773570526312111
"US_2013","capped_3pct","equal_pc","atkinson2",0.874540363853978,0.998909012363905,0.875495313998416,0.857075109992503,0.97526751724222,0.773570526312111
"US_2013","capped_3pct","equal_pc","cv",7.84216513289046,9.14808190418186,0.857239543091363,0.857075109992503,0.97526751724222,0.773570526312111
"US_2013","capped_3pct","equal_pc","ge2",29.589704327364,31.2571990723447,0.946602549516372,0.857075109992503,0.97526751724222,0.773570526312111
"US_2013","capped_3pct","equal_pc","ge_mld",1.22539428670237,2.04437235542102,0.599398333471235,0.857075109992503,0.97526751724222,0.773570526312111
"US_2013","capped_3pct","equal_pc","ge_theil",1.82911215242283,2.09791565283741,0.871865498885675,0.857075109992503,0.97526751724222,0.773570526312111
"US_2013","capped_3pct","equal_pc","gini",0.780656553813073,0.89874133875882,0.86861048990524,0.857075109992503,0.97526751724222,0.773570526312111
"US_2013","capped_3pct","equal_pc","top1",0.383195014237263,0.445237707377225,0.860651236991772,0.857075109992503,0.97526751724222,0.773570526312111
"US_2013","capped_3pct","equal_pc","top10",0.711682234439345,0.813064172262538,0.875308023546042,0.857075109992503,0.97526751724222,0.773570526312111
"US_2013","capped_3pct","mean_nwx","atkinson05",0.05139846108928,0.634029046100252,0.0810673525261044,0.857075109992503,1,0.773570526312111
"US_2013","capped_3pct","mean_nwx","atkinson1",0.074793855453883,0.870536548295836,0.0859172334592369,0.857075109992503,1,0.773570526312111
"US_2013","capped_3pct","mean_nwx","atkinson2",0.0965874722214256,0.998909012363905,0.0966929806542177,0.857075109992503,1,0.773570526312111
"US_2013","capped_3pct","mean_nwx","cv",1.52876752678286,9.14808190418186,0.16716322257241,0.857075109992503,1,0.773570526312111
"US_2013","capped_3pct","mean_nwx","ge2",1.1694124766606,31.2571990723447,0.037454017746508,0.857075109992503,1,0.773570526312111
"US_2013","capped_3pct","mean_nwx","ge_mld",0.0777393191404046,2.04437235542102,0.0380266146351864,0.857075109992503,1,0.773570526312111
"US_2013","capped_3pct","mean_nwx","ge_theil",0.160575228306824,2.09791565283741,0.0765448617404634,0.857075109992503,1,0.773570526312111
"US_2013","capped_3pct","mean_nwx","gini",0.136067236830887,0.89874133875882,0.15139813956659,0.857075109992503,1,0.773570526312111
"US_2013","capped_3pct","mean_nwx","top1",0.0828791542088658,0.445237707377225,0.186149197528949,0.857075109992503,1,0.773570526312111
"US_2013","capped_3pct","mean_nwx","top10",0.221654329366131,0.813064172262538,0.27261726271495,0.857075109992503,1,0.773570526312111
"US_2013","gradient","actual","atkinson05",0.619804508593537,0.623792766748087,0.993607419733276,0.834841632429687,0.845369707347175,0.813866094253465
"US_2013","gradient","actual","atkinson1",0.863506563431706,0.860902611051258,1.00302486231538,0.834841632429687,0.845369707347175,0.813866094253465
"US_2013","gradient","actual","atkinson2",0.998887031862334,0.998785782240801,1.0001013727684,0.834841632429687,0.845369707347175,0.813866094253465
"US_2013","gradient","actual","cv",8.1574988705893,9.47181366485857,0.861267978955092,0.834841632429687,0.845369707347175,0.813866094253465
"US_2013","gradient","actual","ge2",27.2914791240948,31.8060430259973,0.858039989203128,0.834841632429687,0.845369707347175,0.813866094253465
"US_2013","gradient","actual","ge_mld",1.99149677921109,1.97260367842988,1.00957948076389,0.834841632429687,0.845369707347175,0.813866094253465
"US_2013","gradient","actual","ge_theil",1.99853376004686,2.07160386783768,0.964730243530094,0.834841632429687,0.845369707347175,0.813866094253465
"US_2013","gradient","actual","gini",0.876947904716185,0.943003388483692,0.929962305716217,0.834841632429687,0.845369707347175,0.813866094253465
"US_2013","gradient","actual","top1",0.405334112589931,0.449420491711563,0.901909371036049,0.834841632429687,0.845369707347175,0.813866094253465
"US_2013","gradient","actual","top10",0.788071241195665,0.820934415191853,0.959973232930915,0.834841632429687,0.845369707347175,0.813866094253465
"US_2013","gradient","equal_hh","atkinson05",0.487701919871795,0.623792766748087,0.78183352907552,0.834841632429687,0.971098539760621,0.813866094253465
"US_2013","gradient","equal_hh","atkinson1",0.651756744516261,0.860902611051258,0.757061893851401,0.834841632429687,0.971098539760621,0.813866094253465
"US_2013","gradient","equal_hh","atkinson2",0.836162688921793,0.998785782240801,0.837179214983968,0.834841632429687,0.971098539760621,0.813866094253465
"US_2013","gradient","equal_hh","cv",7.90763851584218,9.47181366485857,0.834841632429687,0.834841632429687,0.971098539760621,0.813866094253465
"US_2013","gradient","equal_hh","ge2",27.4974436054659,31.8060430259973,0.864453056732208,0.834841632429687,0.971098539760621,0.813866094253465
"US_2013","gradient","equal_hh","ge_mld",1.05489297356834,1.97260367842988,0.534773762105379,0.834841632429687,0.971098539760621,0.813866094253465
"US_2013","gradient","equal_hh","ge_theil",1.71009104719734,2.07160386783768,0.825487870900017,0.834841632429687,0.971098539760621,0.813866094253465
"US_2013","gradient","equal_hh","gini",0.787255162907705,0.943003388483692,0.834841632429687,0.834841632429687,0.971098539760621,0.813866094253465
"US_2013","gradient","equal_hh","top1",0.37684394968441,0.449420491711563,0.838516483228457,0.834841632429687,0.971098539760621,0.813866094253465
"US_2013","gradient","equal_hh","top10",0.701865063430649,0.820934415191853,0.854959965081995,0.834841632429687,0.971098539760621,0.813866094253465
"US_2013","gradient","equal_pc","atkinson05",0.496681591760732,0.623792766748087,0.796229315406681,0.834841632429687,0.9647302991103,0.813866094253465
"US_2013","gradient","equal_pc","atkinson1",0.675041644575545,0.860902611051258,0.784109527787379,0.834841632429687,0.9647302991103,0.813866094253465
"US_2013","gradient","equal_pc","atkinson2",0.856590950464771,0.998785782240801,0.857632208802631,0.834841632429687,0.9647302991103,0.813866094253465
"US_2013","gradient","equal_pc","cv",7.90949235192036,9.47181366485857,0.835037422768264,0.834841632429687,0.9647302991103,0.813866094253465
"US_2013","gradient","equal_pc","ge2",27.2866070825389,31.8060430259973,0.857811518088899,0.834841632429687,0.9647302991103,0.813866094253465
"US_2013","gradient","equal_pc","ge_mld",1.12410721221445,1.97260367842988,0.569863832068976,0.834841632429687,0.9647302991103,0.813866094253465
"US_2013","gradient","equal_pc","ge_theil",1.71699721202184,2.07160386783768,0.828821865425283,0.834841632429687,0.9647302991103,0.813866094253465
"US_2013","gradient","equal_pc","gini",0.798178761285571,0.943003388483692,0.846425050596674,0.834841632429687,0.9647302991103,0.813866094253465
"US_2013","gradient","equal_pc","top1",0.377024676788226,0.449420491711563,0.838918502187692,0.834841632429687,0.9647302991103,0.813866094253465
"US_2013","gradient","equal_pc","top10",0.702559751390145,0.820934415191853,0.855806381309954,0.834841632429687,0.9647302991103,0.813866094253465
"US_2013","gradient","mean_nwx","atkinson05",0.0718135928512088,0.623792766748087,0.115125208815339,0.834841632429687,1,0.813866094253465
"US_2013","gradient","mean_nwx","atkinson1",0.0983672611717192,0.860902611051258,0.114260642934579,0.834841632429687,1,0.813866094253465
"US_2013","gradient","mean_nwx","atkinson2",0.12050811311074,0.998785782240801,0.12065464623142,0.834841632429687,1,0.813866094253465
"US_2013","gradient","mean_nwx","cv",2.85366735950381,9.47181366485857,0.301149949476328,0.834841632429687,1,0.813866094253465
"US_2013","gradient","mean_nwx","ge2",4.10119112880484,31.8060430259973,0.128954890890385,0.834841632429687,1,0.813866094253465
"US_2013","gradient","mean_nwx","ge_mld",0.103552659699337,1.97260367842988,0.0524958744544512,0.834841632429687,1,0.813866094253465
"US_2013","gradient","mean_nwx","ge_theil",0.255592966361387,2.07160386783768,0.12339154869199,0.834841632429687,1,0.813866094253465
"US_2013","gradient","mean_nwx","gini",0.158507601903915,0.943003388483692,0.168086359089547,0.834841632429687,1,0.813866094253465
"US_2013","gradient","mean_nwx","top1",0.107787037529291,0.449420491711563,0.23982781355836,0.834841632429687,1,0.813866094253465
"US_2013","gradient","mean_nwx","top10",0.241417203065486,0.820934415191853,0.2940767922264,0.834841632429687,1,0.813866094253465
