"country","stat_name","estimate","se","ci_lo","ci_hi","grouping"
"AT_2023","cv2_total_nw",5.80528812532565,3.30079138336359,-0.664262986066986,12.2748392367183,"inc_noncap"
"AT_2023","cv2_within_nw",5.46499867058139,3.25723161978508,-0.919175304197374,11.8491726453602,"inc_noncap"
"AT_2023","cv2_between_nw",0.34028945474426,0.0616878309299207,0.219381306121615,0.461197603366904,"inc_noncap"
"AT_2023","cv2_total_nwx",59803.4324287845,77442383.3666594,-151727267.966224,151846874.831081,"inc_noncap"
"AT_2023","cv2_within_nwx",59764.9782507855,77381128.2096837,-151607246.312729,151726776.269231,"inc_noncap"
"AT_2023","cv2_between_nwx",38.454177999057,151491.570364152,-296885.02373574,296961.932091738,"inc_noncap"
"AT_2023","d_cv2_within",-59759.5132521149,77381128.1843147,-151726770.754509,151607251.728005,"inc_noncap"
"AT_2023","d_cv2_between",-38.1138885443127,151491.569960418,-296961.591010964,296885.363233875,"inc_noncap"
"AT_2023","cv2_share_between_nw",0.0632366871772763,0.0217124277635354,0.0206803287607469,0.105793045593806,"inc_noncap"
"AT_2023","cv2_share_between_nwx",0.000573363926880314,0.00431184355349123,-0.0078778494379625,0.00902457729172313,"inc_noncap"
"AT_2023","d_cv2_share_between",0.062663323250396,0.0217263580959082,0.0200796613824159,0.105246985118376,"inc_noncap"
"AT_2023","var_total_nw",673462635895.535,456282406201.595,-220850880259.591,1567776152050.66,"inc_noncap"
"AT_2023","var_within_nw",634407762798.412,447561588099.906,-242812949877.403,1511628475474.23,"inc_noncap"
"AT_2023","var_between_nw",39054873097.1231,10814289487.0182,17858865702.5675,60250880491.6786,"inc_noncap"
"AT_2023","var_total_nwx",9234123555548.43,10041985987571,-10448168980090.6,28916416091187.5,"inc_noncap"
"AT_2023","var_within_nwx",9229773458546.89,10009388112324,-10388627241608.2,28848174158702,"inc_noncap"
"AT_2023","var_between_nwx",4350097001.53476,57161117837.0621,-107685693959.107,116385887962.176,"inc_noncap"
"AT_2023","var_share_between_nw",0.0632366871772763,0.0217124277635354,0.0206803287607469,0.105793045593806,"inc_noncap"
"AT_2023","var_share_between_nwx",0.000573363926880314,0.00431184355349123,-0.0078778494379625,0.00902457729172313,"inc_noncap"
"AT_2023","d_var_share_between",0.062663323250396,0.0217263580959082,0.0200796613824159,0.105246985118376,"inc_noncap"
"AT_2023","gini_total_nw",0.699731497952375,0.0137564015535763,0.672768950907366,0.726694044997385,"inc_noncap"
"AT_2023","gini_within_nw",0.603065424584325,0.0111847894816908,0.581143237200211,0.624987611968439,"inc_noncap"
"AT_2023","gini_between_nw",0.0966660733680501,0.0130040508109678,0.0711781337785532,0.122154012957547,"inc_noncap"
"AT_2023","gini_total_nwx",NA,NA,NA,NA,"inc_noncap"
"AT_2023","gini_within_nwx",NA,NA,NA,NA,"inc_noncap"
"AT_2023","gini_between_nwx",NA,NA,NA,NA,"inc_noncap"
"AT_2023","d_gini_within",NA,NA,NA,NA,"inc_noncap"
"AT_2023","d_gini_between",NA,NA,NA,NA,"inc_noncap"
"AT_2023","gini_share_between_nw",0.13809591798195,0.0168289641752807,0.105111148198399,0.1710806877655,"inc_noncap"
"AT_2023","gini_share_between_nwx",NA,NA,NA,NA,"inc_noncap"
"AT_2023","d_gini_share_between",NA,NA,NA,NA,"inc_noncap"
"AT_2023","mld_within_nw",1.21365438063177,0.0347862257837189,1.14547337809568,1.28183538316786,"inc_noncap"
"AT_2023","mld_between_nw",0.162732629567956,0.0284340409511739,0.107001909303656,0.218463349832257,"inc_noncap"
"AT_2023","mld_within_nwx",1.19935604428059,0.0410922298312246,1.11881527381139,1.27989681474979,"inc_noncap"
"AT_2023","mld_between_nwx",0.158929644871293,0.0363294711799535,0.0877238813585843,0.230135408384002,"inc_noncap"
"AT_2023","d_mld_within",0.0142983363511787,0.0257042660131847,-0.0360820250346632,0.0646786977370207,"inc_noncap"
"AT_2023","d_mld_between",0.00380298469666314,0.0212568347508474,-0.0378604114149978,0.045466380808324,"inc_noncap"
"AT_2023","mld_wtkept_nw",0.95517497834344,0.00385849285553837,0.947612332346585,0.962737624340296,"inc_noncap"
"AT_2023","mld_wtkept_nwx",0.773408570733856,0.00925997653075395,0.755259016733578,0.791558124734133,"inc_noncap"
"AT_2023","mld_ngrp_nw",3,0,3,3,"inc_noncap"
"AT_2023","mld_ngrp_nwx",3,0,3,3,"inc_noncap"
"AT_2023","I_nw",0.635253348900227,0.020545493437219,0.594984181763278,0.675522516037177,"inc_noncap"
"AT_2023","I_nwx",0.491817397566402,0.0317417199288479,0.42960362650586,0.554031168626944,"inc_noncap"
"AT_2023","d_I",0.143435951333826,0.0312493449612043,0.0821872352098651,0.204684667457786,"inc_noncap"
"AT_2023","n_valid",2832.8,1.2,2830.448,2835.152,"inc_noncap"
"AT_2023","pct_valid",1,0,1,1,"inc_noncap"
"BE_2023","cv2_total_nw",3.217436474756,1.26777352094271,0.732600373708288,5.70227257580371,"inc_noncap"
"BE_2023","cv2_within_nw",3.07064364991769,1.2370904699043,0.645946328905268,5.49534097093012,"inc_noncap"
"BE_2023","cv2_between_nw",0.146792824838303,0.0574707839393615,0.0341500883171549,0.259435561359452,"inc_noncap"
"BE_2023","cv2_total_nwx",5.99461286009577,4.28886525421541,-2.41156303816642,14.400788758358,"inc_noncap"
"BE_2023","cv2_within_nwx",5.80675307580915,4.30332953993183,-2.62777282245724,14.2412789740755,"inc_noncap"
"BE_2023","cv2_between_nwx",0.18785978428662,0.0793593422338436,0.032315473508287,0.343404095064954,"inc_noncap"
"BE_2023","d_cv2_within",-2.73610942589146,3.79857808383667,-10.1813224702113,4.70910361842842,"inc_noncap"
"BE_2023","d_cv2_between",-0.0410669594483169,0.0666173806735562,-0.171637025568487,0.0895031066718533,"inc_noncap"
"BE_2023","cv2_share_between_nw",0.0456331034809436,0.0175968578192936,0.0111432621551281,0.080122944806759,"inc_noncap"
"BE_2023","cv2_share_between_nwx",0.0313466378666166,0.0168238235981552,-0.00162805638576757,0.0643213321190008,"inc_noncap"
"BE_2023","d_cv2_share_between",0.014286465614327,0.0226039290685086,-0.0300172353599499,0.0585901665886038,"inc_noncap"
"BE_2023","var_total_nw",545515271171.561,313501350779.107,-68947376355.4895,1159977918698.61,"inc_noncap"
"BE_2023","var_within_nw",520615114328.299,303238732732.561,-73732801827.5203,1114963030484.12,"inc_noncap"
"BE_2023","var_between_nw",24900156843.2616,14077314689.7449,-2691379948.63839,52491693635.1616,"inc_noncap"
"BE_2023","var_total_nwx",595594778304.228,398742377582.708,-185940281757.879,1377129838366.34,"inc_noncap"
"BE_2023","var_within_nwx",576918842139.505,395931617630.096,-199107128415.484,1352944812694.49,"inc_noncap"
"BE_2023","var_between_nwx",18675936164.7228,10920062193.979,-2727385735.47601,40079258064.9217,"inc_noncap"
"BE_2023","var_share_between_nw",0.0456331034809436,0.0175968578192936,0.0111432621551281,0.080122944806759,"inc_noncap"
"BE_2023","var_share_between_nwx",0.0313466378666166,0.0168238235981552,-0.00162805638576757,0.0643213321190008,"inc_noncap"
"BE_2023","d_var_share_between",0.014286465614327,0.0226039290685086,-0.0300172353599499,0.0585901665886038,"inc_noncap"
"BE_2023","gini_total_nw",0.603788573368038,0.0208249203354602,0.562971729510536,0.64460541722554,"inc_noncap"
"BE_2023","gini_within_nw",0.561985521282064,0.0142846090456262,0.533987687552636,0.589983355011491,"inc_noncap"
"BE_2023","gini_between_nw",0.0418030520859745,0.0133804340194737,0.0155774014078061,0.068028702764143,"inc_noncap"
"BE_2023","gini_total_nwx",0.769565574886265,0.142292528269542,0.490672219477962,1.04845893029457,"inc_noncap"
"BE_2023","gini_within_nwx",0.722517105821649,0.118838954653454,0.489592754700878,0.955441456942419,"inc_noncap"
"BE_2023","gini_between_nwx",0.0470484690646164,0.0285091239205785,-0.00882941381971747,0.10292635194895,"inc_noncap"
"BE_2023","d_gini_within",-0.160531584539585,0.115849163034685,-0.387595944087568,0.0665327750083986,"inc_noncap"
"BE_2023","d_gini_between",-0.00524541697864187,0.0186324594761903,-0.0417650375519749,0.0312742035946912,"inc_noncap"
"BE_2023","gini_share_between_nw",0.069238961223667,0.0197248104255892,0.0305783327895122,0.107899589657822,"inc_noncap"
"BE_2023","gini_share_between_nwx",0.0611390169866393,0.0233419335379682,0.0153888272522215,0.106889206721057,"inc_noncap"
"BE_2023","d_gini_share_between",0.00809994423702775,0.00805637469306696,-0.00769055016138349,0.023890438635439,"inc_noncap"
"BE_2023","mld_within_nw",1.0080568021392,0.0531789180510424,0.903826122759159,1.11228748151925,"inc_noncap"
"BE_2023","mld_between_nw",0.0652291343936884,0.0256620249853879,0.014931565422328,0.115526703365049,"inc_noncap"
"BE_2023","mld_within_nwx",1.01674548660826,0.0566327753805109,0.905745246862458,1.12774572635406,"inc_noncap"
"BE_2023","mld_between_nwx",0.0646900220340308,0.0277107288963865,0.0103769933971132,0.119003050670948,"inc_noncap"
"BE_2023","d_mld_within",-0.00868868446905768,0.019451395796714,-0.0468134202306171,0.0294360512925017,"inc_noncap"
"BE_2023","d_mld_between",0.000539112359657627,0.00781503786282289,-0.0147783618514752,0.0158565865707905,"inc_noncap"
"BE_2023","mld_wtkept_nw",0.98065265233251,0.00410770901999447,0.972601542653321,0.988703762011699,"inc_noncap"
"BE_2023","mld_wtkept_nwx",0.904891235987047,0.00910499921396469,0.887045437527676,0.922737034446418,"inc_noncap"
"BE_2023","mld_ngrp_nw",3,0,3,3,"inc_noncap"
"BE_2023","mld_ngrp_nwx",3,0,3,3,"inc_noncap"
"BE_2023","I_nw",0.455129483196978,0.0376997131608144,0.381238045401782,0.529020920992175,"inc_noncap"
"BE_2023","I_nwx",0.443945541817282,0.0409707198733539,0.363642930865508,0.524248152769055,"inc_noncap"
"BE_2023","d_I",0.0111839413796966,0.0263185789329822,-0.0404004733289485,0.0627683560883418,"inc_noncap"
"BE_2023","n_valid",2047,753.002626157439,571.114852731419,3522.88514726858,"inc_noncap"
"BE_2023","pct_valid",1,0.367856681073493,0.279000905095955,1.72099909490405,"inc_noncap"
"CY_2023","cv2_total_nw",2.28997430106858,0.367545089828102,1.5695859250055,3.01036267713166,"inc_noncap"
"CY_2023","cv2_within_nw",2.09706866309208,0.360491109016789,1.39050608941918,2.80363123676499,"inc_noncap"
"CY_2023","cv2_between_nw",0.192905637976499,0.0452024731036737,0.104308790693299,0.2815024852597,"inc_noncap"
"CY_2023","cv2_total_nwx",4.39447599443315,0.767259287944224,2.89064779006247,5.89830419880383,"inc_noncap"
"CY_2023","cv2_within_nwx",4.15730395943406,0.7629662075294,2.66189019267643,5.65271772619168,"inc_noncap"
"CY_2023","cv2_between_nwx",0.237172034999092,0.0705173978856212,0.0989579351432742,0.375386134854909,"inc_noncap"
"CY_2023","d_cv2_within",-2.06023529634197,0.565313395619579,-3.16824955175635,-0.952221040927597,"inc_noncap"
"CY_2023","d_cv2_between",-0.0442663970225926,0.0413582271787181,-0.12532852229288,0.0367957282476948,"inc_noncap"
"CY_2023","cv2_share_between_nw",0.0846882348632424,0.0214162455503227,0.0427123935846099,0.126664076141875,"inc_noncap"
"CY_2023","cv2_share_between_nwx",0.0540944226910238,0.0177422136888505,0.0193196838608768,0.0888691615211709,"inc_noncap"
"CY_2023","d_cv2_share_between",0.0305938121722185,0.0152256512755403,0.000751535672159579,0.0604360886722775,"inc_noncap"
"CY_2023","var_total_nw",350208446830.641,78916625035.98,195531861760.12,504885031901.161,"inc_noncap"
"CY_2023","var_within_nw",320773850776.707,75819051485.4628,172168509865.2,469379191688.214,"inc_noncap"
"CY_2023","var_between_nw",29434596053.9332,7710534149.62132,14321949120.6755,44547242987.191,"inc_noncap"
"CY_2023","var_total_nwx",336777770535.304,77430792270.0245,185013417686.056,488542123384.552,"inc_noncap"
"CY_2023","var_within_nwx",318663713036.9,75243470142.8369,171186511556.94,466140914516.86,"inc_noncap"
"CY_2023","var_between_nwx",18114057498.4043,6266856399.76739,5831018954.86024,30397096041.9484,"inc_noncap"
"CY_2023","var_share_between_nw",0.0846882348632424,0.0214162455503227,0.0427123935846099,0.126664076141875,"inc_noncap"
"CY_2023","var_share_between_nwx",0.0540944226910238,0.0177422136888505,0.0193196838608768,0.0888691615211709,"inc_noncap"
"CY_2023","d_var_share_between",0.0305938121722185,0.0152256512755403,0.000751535672159586,0.0604360886722775,"inc_noncap"
"CY_2023","gini_total_nw",0.610119338682465,0.0168253045804038,0.577141741704874,0.643096935660056,"inc_noncap"
"CY_2023","gini_within_nw",0.545921313464425,0.0204809104802051,0.505778728923223,0.586063898005627,"inc_noncap"
"CY_2023","gini_between_nw",0.0641980252180404,0.0134584222498647,0.0378195176083057,0.0905765328277752,"inc_noncap"
"CY_2023","gini_total_nwx",0.866307399021542,0.0513250638873063,0.765710273802422,0.966904524240663,"inc_noncap"
"CY_2023","gini_within_nwx",0.793030111946674,0.0491641580380688,0.696668362192059,0.889391861701289,"inc_noncap"
"CY_2023","gini_between_nwx",0.0732772870748681,0.0176345955324349,0.0387134798312956,0.107841094318441,"inc_noncap"
"CY_2023","d_gini_within",-0.24710879848225,0.0463384872911926,-0.337932233572987,-0.156285363391512,"inc_noncap"
"CY_2023","d_gini_between",-0.00907926185682761,0.00804196932761071,-0.0248415217389446,0.00668299802528938,"inc_noncap"
"CY_2023","gini_share_between_nw",0.105245097737785,0.0219238284258866,0.0622743940230473,0.148215801452523,"inc_noncap"
"CY_2023","gini_share_between_nwx",0.0845393885237874,0.0195071064979893,0.0463054597877283,0.122773317259846,"inc_noncap"
"CY_2023","d_gini_share_between",0.0207057092139977,0.00881245824397211,0.00343329105581231,0.037978127372183,"inc_noncap"
"CY_2023","mld_within_nw",0.924919163412165,0.0599094756591998,0.807496591120133,1.0423417357042,"inc_noncap"
"CY_2023","mld_between_nw",0.0914424424546029,0.0240183120244784,0.0443665508866252,0.138518334022581,"inc_noncap"
"CY_2023","mld_within_nwx",0.988228921482687,0.0660343145134663,0.858801665036293,1.11765617792908,"inc_noncap"
"CY_2023","mld_between_nwx",0.0989928689174975,0.0283689134722875,0.043389798511814,0.154595939323181,"inc_noncap"
"CY_2023","d_mld_within",-0.0633097580705218,0.0230546017777918,-0.108496777554994,-0.0181227385860498,"inc_noncap"
"CY_2023","d_mld_between",-0.00755042646289468,0.00966514720070059,-0.0264941149762678,0.0113932620504785,"inc_noncap"
"CY_2023","mld_wtkept_nw",0.958320523284272,0.00912223569895996,0.94044094131431,0.976200105254233,"inc_noncap"
"CY_2023","mld_wtkept_nwx",0.844002258424334,0.0151261602324336,0.814354984368764,0.873649532479904,"inc_noncap"
"CY_2023","mld_ngrp_nw",3,0,3,3,"inc_noncap"
"CY_2023","mld_ngrp_nwx",3,0,3,3,"inc_noncap"
"CY_2023","I_nw",0.582235174102589,0.0505461486508049,0.483164722747012,0.681305625458167,"inc_noncap"
"CY_2023","I_nwx",0.450880649724473,0.0584127470137408,0.336391665577541,0.565369633871405,"inc_noncap"
"CY_2023","d_I",0.131354524378116,0.0442955817579449,0.0445351841325443,0.218173864623689,"inc_noncap"
"CY_2023","n_valid",1255.8,464.925608242867,344.54580784398,2167.05419215602,"inc_noncap"
"CY_2023","pct_valid",1,0.370222427280415,0.274364042530386,1.72563595746961,"inc_noncap"
"DE_2023","cv2_total_nw",4.32188964560479,0.620234632517917,3.10622976586968,5.53754952533991,"inc_noncap"
"DE_2023","cv2_within_nw",4.01248926301846,0.664632226933707,2.7098100982284,5.31516842780853,"inc_noncap"
"DE_2023","cv2_between_nw",0.309400382586331,0.0742465405128424,0.16387716318116,0.454923601991502,"inc_noncap"
"DE_2023","cv2_total_nwx",15.9781145117124,4.19002220903848,7.76567098199697,24.1905580414278,"inc_noncap"
"DE_2023","cv2_within_nwx",15.4910687290922,4.12401961002369,7.40799029344577,23.5741471647386,"inc_noncap"
"DE_2023","cv2_between_nwx",0.487045782620178,0.144483775018226,0.203857583584455,0.770233981655902,"inc_noncap"
"DE_2023","d_cv2_within",-11.4785794660737,4.38824351094294,-20.0795367475219,-2.87762218462559,"inc_noncap"
"DE_2023","d_cv2_between",-0.177645400033847,0.0914211561331492,-0.35683086605482,0.00154006598712511,"inc_noncap"
"DE_2023","cv2_share_between_nw",0.0716972822330088,0.0215223245343293,0.0295135261457233,0.113881038320294,"inc_noncap"
"DE_2023","cv2_share_between_nwx",0.0304758435492524,0.0109075634249839,0.00909701923628384,0.0518546678622209,"inc_noncap"
"DE_2023","d_cv2_share_between",0.0412214386837565,0.0196957191630623,0.00261782912415428,0.0798250482433586,"inc_noncap"
"DE_2023","var_total_nw",459866015549.163,105204433193.49,253665326489.924,666066704608.403,"inc_noncap"
"DE_2023","var_within_nw",426969807491.085,107420818487.335,216425003255.908,637514611726.261,"inc_noncap"
"DE_2023","var_between_nw",32896208058.0788,7561573307.86269,18075524374.6679,47716891741.4897,"inc_noncap"
"DE_2023","var_total_nwx",799255126985.569,152171207854.63,500999559590.494,1097510694380.64,"inc_noncap"
"DE_2023","var_within_nwx",774917058746.025,152427755978.725,476158657027.724,1073675460464.33,"inc_noncap"
"DE_2023","var_between_nwx",24338068239.5442,6061683719.70174,12457168148.9287,36218968330.1596,"inc_noncap"
"DE_2023","var_share_between_nw",0.0716972822330088,0.0215223245343293,0.0295135261457233,0.113881038320294,"inc_noncap"
"DE_2023","var_share_between_nwx",0.0304758435492524,0.0109075634249839,0.00909701923628384,0.0518546678622209,"inc_noncap"
"DE_2023","d_var_share_between",0.0412214386837565,0.0196957191630623,0.00261782912415428,0.0798250482433586,"inc_noncap"
"DE_2023","gini_total_nw",0.723788804903286,0.0179961628152808,0.688516325785335,0.759061284021236,"inc_noncap"
"DE_2023","gini_within_nw",0.636639501334308,0.0303956247566774,0.577064076811221,0.696214925857396,"inc_noncap"
"DE_2023","gini_between_nw",0.0871493035689773,0.0173935526757103,0.0530579403245851,0.12124066681337,"inc_noncap"
"DE_2023","gini_total_nwx",1.12470950627349,0.096645919711765,0.935283503638432,1.31413550890855,"inc_noncap"
"DE_2023","gini_within_nwx",1.02252285037256,0.0892373880246332,0.847617569844283,1.19742813090085,"inc_noncap"
"DE_2023","gini_between_nwx",0.102186655900927,0.0225693509226626,0.0579507280925084,0.146422583709346,"inc_noncap"
"DE_2023","d_gini_within",-0.385883349038256,0.100020899058613,-0.581924311193137,-0.189842386883375,"inc_noncap"
"DE_2023","d_gini_between",-0.0150373523319498,0.007815062551768,-0.0303548749334151,0.000280170269515479,"inc_noncap"
"DE_2023","gini_share_between_nw",0.120415400097246,0.0251147654833526,0.0711904597498754,0.169640340444617,"inc_noncap"
"DE_2023","gini_share_between_nwx",0.0908563402444631,0.0186927102528335,0.0542186281489094,0.127494052340017,"inc_noncap"
"DE_2023","d_gini_share_between",0.0295590598527834,0.0110566094258564,0.00788810537810486,0.0512300143274619,"inc_noncap"
"DE_2023","mld_within_nw",1.36299496774606,0.0925750464910711,1.18154787662356,1.54444205886856,"inc_noncap"
"DE_2023","mld_between_nw",0.127482299242698,0.0336526734308087,0.061523059318313,0.193441539167083,"inc_noncap"
"DE_2023","mld_within_nwx",1.39979002969889,0.097869717300681,1.20796538378955,1.59161467560822,"inc_noncap"
"DE_2023","mld_between_nwx",0.134924918604869,0.0384411956687229,0.0595801750941719,0.210269662115566,"inc_noncap"
"DE_2023","d_mld_within",-0.0367950619528264,0.0221547174197202,-0.0802183080954779,0.00662818418982516,"inc_noncap"
"DE_2023","d_mld_between",-0.00744261936217066,0.00950054184779399,-0.0260636813838469,0.0111784426595056,"inc_noncap"
"DE_2023","mld_wtkept_nw",0.936325845264877,0.0111303928199044,0.914510275337864,0.958141415191889,"inc_noncap"
"DE_2023","mld_wtkept_nwx",0.866533990379965,0.010989027926449,0.844995495644125,0.888072485115805,"inc_noncap"
"DE_2023","mld_ngrp_nw",3,0,3,3,"inc_noncap"
"DE_2023","mld_ngrp_nwx",3,0,3,3,"inc_noncap"
"DE_2023","I_nw",0.578969007364659,0.0460110460120012,0.488787357181137,0.669150657548182,"inc_noncap"
"DE_2023","I_nwx",0.525161379479556,0.0355312724536068,0.455520085470487,0.594802673488625,"inc_noncap"
"DE_2023","d_I",0.0538076278851032,0.0277781747417683,-0.000637594608762754,0.108252850378969,"inc_noncap"
"DE_2023","n_valid",3973.6,1449.20611501608,1133.15601456848,6814.04398543152,"inc_noncap"
"DE_2023","pct_valid",1,0.364708571152872,0.285171200540371,1.71482879945963,"inc_noncap"
"EE_2023","cv2_total_nw",9.76261081805231,2.84747335659721,4.18156303912177,15.3436585969828,"inc_noncap"
"EE_2023","cv2_within_nw",9.52078322914485,2.86057926137267,3.91404787685441,15.1275185814353,"inc_noncap"
"EE_2023","cv2_between_nw",0.241827588907464,0.0633597165349254,0.117642544499011,0.366012633315918,"inc_noncap"
"EE_2023","cv2_total_nwx",11.8508497561238,3.24439339842454,5.49183869521169,18.2098608170359,"inc_noncap"
"EE_2023","cv2_within_nwx",11.6050433194005,3.25596521787236,5.22335149237067,17.9867351464303,"inc_noncap"
"EE_2023","cv2_between_nwx",0.245806436723304,0.069370506975514,0.109840243051296,0.381772630395311,"inc_noncap"
"EE_2023","d_cv2_within",-2.08426009025564,0.687550525714978,-3.431859120657,-0.736661059854284,"inc_noncap"
"EE_2023","d_cv2_between",-0.0039788478158393,0.0138920253813695,-0.0312072175633235,0.0232495219316449,"inc_noncap"
"EE_2023","cv2_share_between_nw",0.0247569348756797,0.0135314527034602,-0.00176471242310229,0.0512785821744618,"inc_noncap"
"EE_2023","cv2_share_between_nwx",0.0207267619201698,0.0107694575326537,-0.000381374843831366,0.041834898684171,"inc_noncap"
"EE_2023","d_cv2_share_between",0.00403017295550991,0.00383578089073503,-0.00348795759033074,0.0115483035013506,"inc_noncap"
"EE_2023","var_total_nw",431928758234.025,162003025357.503,114402828533.32,749454687934.73,"inc_noncap"
"EE_2023","var_within_nw",421229981297.428,161655678174.067,104384852076.257,738075110518.599,"inc_noncap"
"EE_2023","var_between_nw",10698776936.597,3027003362.26831,4765850346.55107,16631703526.6428,"inc_noncap"
"EE_2023","var_total_nwx",426641073053.195,152855165194.51,127044949271.954,726237196834.435,"inc_noncap"
"EE_2023","var_within_nwx",417791896021.66,152418876317.764,119050898438.844,716532893604.477,"inc_noncap"
"EE_2023","var_between_nwx",8849177031.53439,2749658837.79575,3459845709.45472,14238508353.6141,"inc_noncap"
"EE_2023","var_share_between_nw",0.0247569348756797,0.0135314527034602,-0.00176471242310229,0.0512785821744618,"inc_noncap"
"EE_2023","var_share_between_nwx",0.0207267619201698,0.0107694575326537,-0.000381374843831366,0.041834898684171,"inc_noncap"
"EE_2023","d_var_share_between",0.00403017295550991,0.00383578089073503,-0.00348795759033074,0.0115483035013506,"inc_noncap"
"EE_2023","gini_total_nw",0.654767209834333,0.0182902376093724,0.618918344119963,0.690616075548703,"inc_noncap"
"EE_2023","gini_within_nw",0.582580161804113,0.0227585400104654,0.5379734233836,0.627186900224625,"inc_noncap"
"EE_2023","gini_between_nw",0.0721870480302205,0.0134005189620699,0.0459220308645634,0.0984520651958775,"inc_noncap"
"EE_2023","gini_total_nwx",0.73128281822491,0.0242344866776772,0.683783224336663,0.778782412113157,"inc_noncap"
"EE_2023","gini_within_nwx",0.6563941091558,0.0262370777356486,0.604969436793929,0.707818781517672,"inc_noncap"
"EE_2023","gini_between_nwx",0.0748887090691096,0.0150009118121282,0.0454869219173384,0.104290496220881,"inc_noncap"
"EE_2023","d_gini_within",-0.0738139473516877,0.016946501924017,-0.107029091122761,-0.0405988035806144,"inc_noncap"
"EE_2023","d_gini_between",-0.00270166103888918,0.00337530377702485,-0.00931725644185788,0.00391393436407952,"inc_noncap"
"EE_2023","gini_share_between_nw",0.110247281011957,0.0207358040682361,0.0696051050382139,0.1508894569857,"inc_noncap"
"EE_2023","gini_share_between_nwx",0.102402346709835,0.020177798048248,0.0628538625352686,0.141950830884401,"inc_noncap"
"EE_2023","d_gini_share_between",0.00784493430212211,0.00325478326587471,0.00146555910100768,0.0142243095032365,"inc_noncap"
"EE_2023","mld_within_nw",0.929157975419776,0.0669363785143131,0.797962673531722,1.06035327730783,"inc_noncap"
"EE_2023","mld_between_nw",0.103633337555281,0.0301886860537515,0.0444635128899278,0.162803162220634,"inc_noncap"
"EE_2023","mld_within_nwx",0.960175692665361,0.0683440881631018,0.826221279865682,1.09413010546504,"inc_noncap"
"EE_2023","mld_between_nwx",0.102301263244896,0.03102655353663,0.0414892183131017,0.163113308176691,"inc_noncap"
"EE_2023","d_mld_within",-0.0310177172455851,0.00821754746524258,-0.0471241102774605,-0.0149113242137096,"inc_noncap"
"EE_2023","d_mld_between",0.00133207431038426,0.00273690408354095,-0.004032257693356,0.00669640631412452,"inc_noncap"
"EE_2023","mld_wtkept_nw",0.969252375654767,0.0044975875520056,0.960437104052836,0.978067647256698,"inc_noncap"
"EE_2023","mld_wtkept_nwx",0.934186799003196,0.00610474960584128,0.922221489775747,0.946152108230645,"inc_noncap"
"EE_2023","mld_ngrp_nw",3,0,3,3,"inc_noncap"
"EE_2023","mld_ngrp_nwx",3,0,3,3,"inc_noncap"
"EE_2023","I_nw",0.613463300806791,0.0259128866240575,0.562674043023638,0.664252558589944,"inc_noncap"
"EE_2023","I_nwx",0.562852723055828,0.0270036614611054,0.509925546592062,0.615779899519595,"inc_noncap"
"EE_2023","d_I",0.0506105777509625,0.0126838380348444,0.0257502552026675,0.0754709002992576,"inc_noncap"
"EE_2023","n_valid",2592,955.622232370093,718.980424554618,4465.01957544538,"inc_noncap"
"EE_2023","pct_valid",1,0.368681416809449,0.277384423053479,1.72261557694652,"inc_noncap"
"ES_2023","cv2_total_nw",24.2386709305827,9.41922159068596,5.77699661283824,42.7003452483272,"inc_noncap"
"ES_2023","cv2_within_nw",23.9152041846869,9.38667061962483,5.51732977022222,42.3130785991515,"inc_noncap"
"ES_2023","cv2_between_nw",0.323466745895841,0.049495327345702,0.226455904298265,0.420477587493417,"inc_noncap"
"ES_2023","cv2_total_nwx",96.0293317994011,40.0804167846307,17.4717149015249,174.586948697277,"inc_noncap"
"ES_2023","cv2_within_nwx",95.6800476941006,40.0938911133845,17.0960211118669,174.264074276334,"inc_noncap"
"ES_2023","cv2_between_nwx",0.349284105300591,0.0994263082223495,0.154408541184786,0.544159669416396,"inc_noncap"
"ES_2023","d_cv2_within",-71.7648435094137,35.8621989063555,-142.054753365871,-1.47493365295686,"inc_noncap"
"ES_2023","d_cv2_between",-0.0258173594047498,0.0857598056360159,-0.193906578451341,0.142271859641841,"inc_noncap"
"ES_2023","cv2_share_between_nw",0.0133584892264601,0.00692637146856021,-0.000217198851917934,0.0269341773048381,"inc_noncap"
"ES_2023","cv2_share_between_nwx",0.00363974541244359,0.00263727581312631,-0.00152931518128397,0.00880880600617115,"inc_noncap"
"ES_2023","d_cv2_share_between",0.00971874381401649,0.00621699783448981,-0.00246657194158353,0.0219040595696165,"inc_noncap"
"ES_2023","var_total_nw",2508239043109.33,1278115607894.91,3132451635.30566,5013345634583.36,"inc_noncap"
"ES_2023","var_within_nw",2474769819441.01,1270606836431.34,-15619579964.4102,4965159218846.43,"inc_noncap"
"ES_2023","var_between_nw",33469223668.3231,9105182063.74108,15623066823.3905,51315380513.2556,"inc_noncap"
"ES_2023","var_total_nwx",3062863842981.62,1329758406606,456537366033.86,5669190319929.38,"inc_noncap"
"ES_2023","var_within_nwx",3051718516790.12,1326860086703.67,451072746850.919,5652364286729.32,"inc_noncap"
"ES_2023","var_between_nwx",11145326191.4967,6239720243.3762,-1084525485.52068,23375177868.514,"inc_noncap"
"ES_2023","var_share_between_nw",0.0133584892264601,0.00692637146856021,-0.000217198851917934,0.0269341773048381,"inc_noncap"
"ES_2023","var_share_between_nwx",0.00363974541244359,0.00263727581312631,-0.00152931518128397,0.00880880600617115,"inc_noncap"
"ES_2023","d_var_share_between",0.00971874381401649,0.00621699783448981,-0.00246657194158353,0.0219040595696165,"inc_noncap"
"ES_2023","gini_total_nw",0.673525310581896,0.0156566584567014,0.642838260006761,0.704212361157031,"inc_noncap"
"ES_2023","gini_within_nw",0.58091092177641,0.0102935862005594,0.560735492823313,0.601086350729506,"inc_noncap"
"ES_2023","gini_between_nw",0.0926143888054864,0.011002226081363,0.071050025686015,0.114178751924958,"inc_noncap"
"ES_2023","gini_total_nwx",1.22347055933128,0.187344778164526,0.856274794128809,1.59066632453375,"inc_noncap"
"ES_2023","gini_within_nwx",1.08732438462178,0.157885223160703,0.777869347226805,1.39677942201676,"inc_noncap"
"ES_2023","gini_between_nwx",0.136146174709497,0.0363300046681294,0.0649393655599633,0.207352983859031,"inc_noncap"
"ES_2023","d_gini_within",-0.506413462845372,0.15697638944938,-0.814087186166158,-0.198739739524587,"inc_noncap"
"ES_2023","d_gini_between",-0.0435317859040105,0.0315054805421816,-0.105282527766686,0.0182189559586653,"inc_noncap"
"ES_2023","gini_share_between_nw",0.1375071337912,0.0137443320300858,0.110568243012232,0.164446024570168,"inc_noncap"
"ES_2023","gini_share_between_nwx",0.111267414742985,0.016597206958633,0.0787368891040647,0.143797940381906,"inc_noncap"
"ES_2023","d_gini_share_between",0.0262397190482148,0.00961331485807944,0.00739762192637908,0.0450818161700505,"inc_noncap"
"ES_2023","mld_within_nw",0.953896219448135,0.0370516116980611,0.881275060519935,1.02651737837633,"inc_noncap"
"ES_2023","mld_between_nw",0.151200845864791,0.0229110191048434,0.106295248419298,0.196106443310285,"inc_noncap"
"ES_2023","mld_within_nwx",0.956103901766748,0.0433376995411162,0.87116201066616,1.04104579286734,"inc_noncap"
"ES_2023","mld_between_nwx",0.137435720870843,0.0267243320614855,0.085056030030331,0.189815411711354,"inc_noncap"
"ES_2023","d_mld_within",-0.00220768231861337,0.0184737823232596,-0.0384162956722021,0.0340009310349754,"inc_noncap"
"ES_2023","d_mld_between",0.0137651249939488,0.011094924548398,-0.00798092712091119,0.0355111771088088,"inc_noncap"
"ES_2023","mld_wtkept_nw",0.942243804562983,0.00433292309657413,0.933751275293698,0.950736333832268,"inc_noncap"
"ES_2023","mld_wtkept_nwx",0.840909915603743,0.00733285423063417,0.8265375213117,0.855282309895786,"inc_noncap"
"ES_2023","mld_ngrp_nw",3,0,3,3,"inc_noncap"
"ES_2023","mld_ngrp_nwx",3,0,3,3,"inc_noncap"
"ES_2023","I_nw",0.611966311121744,0.0191371664595076,0.574457464861109,0.649475157382379,"inc_noncap"
"ES_2023","I_nwx",0.531727105495229,0.0224995781684696,0.487627932285029,0.57582627870543,"inc_noncap"
"ES_2023","d_I",0.0802392056265147,0.019658956802779,0.0417076502930679,0.118770760959961,"inc_noncap"
"ES_2023","n_valid",6380.8,2342.53115390169,1789.43893835268,10972.1610616473,"inc_noncap"
"ES_2023","pct_valid",0.999498746867168,0.366937837390616,0.28030058558156,1.71869690815278,"inc_noncap"
"FR_2023","cv2_total_nw",7.61001337636958,2.37127356385893,2.96231719120607,12.2577095615331,"inc_noncap"
"FR_2023","cv2_within_nw",7.25494940695739,2.36627984686561,2.61704090710079,11.892857906814,"inc_noncap"
"FR_2023","cv2_between_nw",0.35506396941219,0.0432531227154938,0.270287848889822,0.439840089934557,"inc_noncap"
"FR_2023","cv2_total_nwx",91.5157377459653,69.233925265405,-44.1827557742285,227.214231266159,"inc_noncap"
"FR_2023","cv2_within_nwx",90.5996689521447,69.2378015152456,-45.1064220177366,226.305759922026,"inc_noncap"
"FR_2023","cv2_between_nwx",0.916068793820595,0.189543165997927,0.544564188464657,1.28757339917653,"inc_noncap"
"FR_2023","d_cv2_within",-83.3447195451873,69.0400386910195,-218.663195379586,51.9737562892109,"inc_noncap"
"FR_2023","d_cv2_between",-0.561004824408405,0.166600777051142,-0.887542347428643,-0.234467301388167,"inc_noncap"
"FR_2023","cv2_share_between_nw",0.0466574698166399,0.0137702772283348,0.0196677264491036,0.0736472131841762,"inc_noncap"
"FR_2023","cv2_share_between_nwx",0.0100099591216045,0.010733662668935,-0.011028019709508,0.0310479379527171,"inc_noncap"
"FR_2023","d_cv2_share_between",0.0366475106950354,0.0152472613714323,0.00676287840702797,0.0665321429830427,"inc_noncap"
"FR_2023","var_total_nw",838296607476.318,279535647808.365,290406737771.923,1386186477180.71,"inc_noncap"
"FR_2023","var_within_nw",799183808815.6,278820471236.151,252695685192.744,1345671932438.46,"inc_noncap"
"FR_2023","var_between_nw",39112798660.718,4422420953.84571,30444853591.1804,47780743730.2555,"inc_noncap"
"FR_2023","var_total_nwx",3089455181713.58,1988426750919.03,-807861250087.723,6986771613514.89,"inc_noncap"
"FR_2023","var_within_nwx",3058529861636.6,1990554444305.39,-842956849201.953,6960016572475.16,"inc_noncap"
"FR_2023","var_between_nwx",30925320076.9823,5102936474.68666,20923564586.5965,40927075567.3682,"inc_noncap"
"FR_2023","var_share_between_nw",0.0466574698166399,0.0137702772283348,0.0196677264491036,0.0736472131841762,"inc_noncap"
"FR_2023","var_share_between_nwx",0.0100099591216045,0.010733662668935,-0.011028019709508,0.0310479379527171,"inc_noncap"
"FR_2023","d_var_share_between",0.0366475106950354,0.0152472613714323,0.00676287840702798,0.0665321429830428,"inc_noncap"
"FR_2023","gini_total_nw",0.677710245115626,0.014997407506877,0.648315326402147,0.707105163829105,"inc_noncap"
"FR_2023","gini_within_nw",0.5796290980261,0.00711357698272247,0.565686487139964,0.593571708912236,"inc_noncap"
"FR_2023","gini_between_nw",0.0980811470895254,0.0110966764670898,0.0763316612140294,0.119830632965021,"inc_noncap"
"FR_2023","gini_total_nwx",1.39102412070724,0.141334013766984,1.11400945372396,1.66803878769053,"inc_noncap"
"FR_2023","gini_within_nwx",1.2636111797762,0.132801908687346,1.003319438749,1.5239029208034,"inc_noncap"
"FR_2023","gini_between_nwx",0.127412940931046,0.0181100312194925,0.0919172797408404,0.162908602121251,"inc_noncap"
"FR_2023","d_gini_within",-0.683982081750099,0.130003557281555,-0.938789054021946,-0.429175109478252,"inc_noncap"
"FR_2023","d_gini_between",-0.0293317938415202,0.0125480966943929,-0.0539260633625302,-0.00473752432051013,"inc_noncap"
"FR_2023","gini_share_between_nw",0.144724309240436,0.013901851316509,0.117476680660078,0.171971937820794,"inc_noncap"
"FR_2023","gini_share_between_nwx",0.091596500042188,0.00886201871932852,0.0742269433523041,0.108966056732072,"inc_noncap"
"FR_2023","d_gini_share_between",0.0531278091982479,0.0116120035999466,0.0303682821423525,0.0758873362541434,"inc_noncap"
"FR_2023","mld_within_nw",1.10939929915829,0.0502957424039342,1.01081964404658,1.20797895427,"inc_noncap"
"FR_2023","mld_between_nw",0.167688727698393,0.0219879945648015,0.124592258351382,0.210785197045404,"inc_noncap"
"FR_2023","mld_within_nwx",1.11060023626944,0.0494010384930604,1.01377420082304,1.20742627171583,"inc_noncap"
"FR_2023","mld_between_nwx",0.181060025530577,0.02512248874464,0.131819947591082,0.230300103470071,"inc_noncap"
"FR_2023","d_mld_within",-0.00120093711114477,0.00994864105108541,-0.0207002735712722,0.0182983993489826,"inc_noncap"
"FR_2023","d_mld_between",-0.0133712978321839,0.00588329762949322,-0.0249025611859906,-0.00184003447837718,"inc_noncap"
"FR_2023","mld_wtkept_nw",0.982232772210396,0.00210100885171221,0.97811479486104,0.986350749559752,"inc_noncap"
"FR_2023","mld_wtkept_nwx",0.878781455629698,0.00498766328091343,0.869005635599108,0.888557275660289,"inc_noncap"
"FR_2023","mld_ngrp_nw",3,0,3,3,"inc_noncap"
"FR_2023","mld_ngrp_nwx",3,0,3,3,"inc_noncap"
"FR_2023","I_nw",0.612956999424219,0.0276552818390975,0.558752647019588,0.66716135182885,"inc_noncap"
"FR_2023","I_nwx",0.563515232585659,0.0240695154873992,0.516338982230357,0.610691482940961,"inc_noncap"
"FR_2023","d_I",0.0494417668385603,0.0132866612595621,0.0233999107698186,0.075483622907302,"inc_noncap"
"FR_2023","n_valid",11912,4558.09266634631,2978.13837396124,20845.8616260388,"inc_noncap"
"FR_2023","pct_valid",1,0.382647134515305,0.250011616350003,1.74998838365,"inc_noncap"
"GR_2023","cv2_total_nw",2.43357289648006,0.411901390353327,1.62624617138754,3.24089962157258,"inc_noncap"
"GR_2023","cv2_within_nw",2.29145125289841,0.428887407346639,1.450831934499,3.13207057129783,"inc_noncap"
"GR_2023","cv2_between_nw",0.142121643581647,0.0437880451504871,0.0562970750866926,0.227946212076602,"inc_noncap"
"GR_2023","cv2_total_nwx",208.548204592111,57777.6732920962,-113035.691447916,113452.787857101,"inc_noncap"
"GR_2023","cv2_within_nwx",207.893798441418,57721.9681034371,-112927.163684295,113342.951281178,"inc_noncap"
"GR_2023","cv2_between_nwx",0.654406150693123,92.403231146807,-180.455926897049,181.764739198435,"inc_noncap"
"GR_2023","d_cv2_within",-205.60234718852,57722.0012827356,-113340.72486135,112929.520166973,"inc_noncap"
"GR_2023","d_cv2_between",-0.512284507111476,92.4016091242658,-181.619438390672,180.594869376449,"inc_noncap"
"GR_2023","cv2_share_between_nw",0.0586170092849483,0.0266850063484673,0.00631439684195249,0.110919621727944,"inc_noncap"
"GR_2023","cv2_share_between_nwx",0.0133774601907645,0.013133387098799,-0.0123639785228815,0.0391188989044106,"inc_noncap"
"GR_2023","d_cv2_share_between",0.0452395490941838,0.0223552953583889,0.00142317019174161,0.0890559279966259,"inc_noncap"
"GR_2023","var_total_nw",71292222450.758,13459061798.2174,44912461326.2519,97671983575.2641,"inc_noncap"
"GR_2023","var_within_nw",67129885047.0292,13247844881.7007,41164109078.8958,93095661015.1626,"inc_noncap"
"GR_2023","var_between_nw",4162337403.72879,1783708442.19916,666268857.018436,7658405950.43915,"inc_noncap"
"GR_2023","var_total_nwx",221670832631.454,338200589252.143,-441202322302.747,884543987565.654,"inc_noncap"
"GR_2023","var_within_nwx",219936191823.192,338359801862.379,-443249019827.071,883121403473.456,"inc_noncap"
"GR_2023","var_between_nwx",1734640808.26157,1125489838.09966,-471319274.413763,3940600890.9369,"inc_noncap"
"GR_2023","var_share_between_nw",0.0586170092849483,0.0266850063484673,0.00631439684195249,0.110919621727944,"inc_noncap"
"GR_2023","var_share_between_nwx",0.0133774601907645,0.013133387098799,-0.0123639785228815,0.0391188989044106,"inc_noncap"
"GR_2023","d_var_share_between",0.0452395490941838,0.0223552953583889,0.00142317019174161,0.0890559279966259,"inc_noncap"
"GR_2023","gini_total_nw",0.584137606119118,0.0124191029887897,0.559796164261091,0.608479047977146,"inc_noncap"
"GR_2023","gini_within_nw",0.536165526640583,0.0157155744945311,0.505363000631302,0.566968052649864,"inc_noncap"
"GR_2023","gini_between_nw",0.0479720794785357,0.0129354936077699,0.0226185120073067,0.0733256469497647,"inc_noncap"
"GR_2023","gini_total_nwx",2.29422253135763,7.95213661802458,-13.2919652399706,17.8804103026858,"inc_noncap"
"GR_2023","gini_within_nwx",1.23114525195467,0.598568212962447,0.0579515545482723,2.40433894936107,"inc_noncap"
"GR_2023","gini_between_nwx",0.0575952812181293,0.0277558472213673,0.00319382066424927,0.111996741772009,"inc_noncap"
"GR_2023","d_gini_within",-0.695657865215542,0.59814629500095,-1.8680246034174,0.476708872986321,"inc_noncap"
"GR_2023","d_gini_between",-0.00979413955773123,0.0212776655359996,-0.0514983640082905,0.031910084892828,"inc_noncap"
"GR_2023","gini_share_between_nw",0.0821249983302691,0.0216505995148989,0.0396898232810673,0.124560173379471,"inc_noncap"
"GR_2023","gini_share_between_nwx",0.0469203487583651,0.0184310393096535,0.0107955117114443,0.0830451858052859,"inc_noncap"
"GR_2023","d_gini_share_between",0.0350324855542252,0.012624999511148,0.0102874865123751,0.0597774845960754,"inc_noncap"
"GR_2023","mld_within_nw",0.888443324621761,0.0394552777918392,0.811110980149757,0.965775669093766,"inc_noncap"
"GR_2023","mld_between_nw",0.0693301633941052,0.0195803424143274,0.0309526922620235,0.107707634526187,"inc_noncap"
"GR_2023","mld_within_nwx",1.02358715526147,0.0818370621231817,0.863186513500036,1.18398779702291,"inc_noncap"
"GR_2023","mld_between_nwx",0.0595712062384063,0.0201331672624136,0.0201101984040758,0.0990322140727369,"inc_noncap"
"GR_2023","d_mld_within",-0.135143830639711,0.0651820259551856,-0.262900601511875,-0.00738705976754728,"inc_noncap"
"GR_2023","d_mld_between",0.0097589571556989,0.0088961639968761,-0.00767752427817825,0.027195438589576,"inc_noncap"
"GR_2023","mld_wtkept_nw",0.991385614266428,0.00211182551110958,0.987246436264654,0.995524792268203,"inc_noncap"
"GR_2023","mld_wtkept_nwx",0.833688355500632,0.072542689095739,0.691504684872984,0.975872026128281,"inc_noncap"
"GR_2023","mld_ngrp_nw",3,0,3,3,"inc_noncap"
"GR_2023","mld_ngrp_nwx",3,0,3,3,"inc_noncap"
"GR_2023","I_nw",0.466895819998781,0.0348584550935701,0.398573248015383,0.535218391982178,"inc_noncap"
"GR_2023","I_nwx",0.31316195190329,0.0426433878735114,0.229580911671208,0.396742992135373,"inc_noncap"
"GR_2023","d_I",0.15373386809549,0.0375773198227269,0.0800823212429456,0.227385414948035,"inc_noncap"
"GR_2023","n_valid",3599,1371.83608131584,910.201280620954,6287.79871937905,"inc_noncap"
"GR_2023","pct_valid",1,0.381171459104151,0.252903940155864,1.74709605984414,"inc_noncap"
"HR_2023","cv2_total_nw",1.82276632917057,0.293121427622435,1.2482483310306,2.39728432731054,"inc_noncap"
"HR_2023","cv2_within_nw",1.75401850078136,0.284836354936369,1.19573924510608,2.31229775645664,"inc_noncap"
"HR_2023","cv2_between_nw",0.0687478283892104,0.0230026608529682,0.0236626131173926,0.113833043661028,"inc_noncap"
"HR_2023","cv2_total_nwx",2.82817224845324,0.454189346929094,1.93796112847221,3.71838336843426,"inc_noncap"
"HR_2023","cv2_within_nwx",2.75178412696512,0.444153246929192,1.8812437629839,3.62232449094633,"inc_noncap"
"HR_2023","cv2_between_nwx",0.0763881214881183,0.0296778314136783,0.0182195719173089,0.134556671058928,"inc_noncap"
"HR_2023","d_cv2_within",-0.997765626183757,0.200149893321705,-1.3900594170943,-0.605471835273214,"inc_noncap"
"HR_2023","d_cv2_between",-0.00764029309890795,0.0117905710994401,-0.0307498124538106,0.0154692262559947,"inc_noncap"
"HR_2023","cv2_share_between_nw",0.0376997071513003,0.0118635610274884,0.014447127537423,0.0609522867651775,"inc_noncap"
"HR_2023","cv2_share_between_nwx",0.0269982627190032,0.00993679815337343,0.00752213833839127,0.0464743870996151,"inc_noncap"
"HR_2023","d_cv2_share_between",0.0107014444322971,0.0052014900039584,0.000506524024538628,0.0208963648400555,"inc_noncap"
"HR_2023","var_total_nw",61286409919.3963,13332099977.2714,35155493963.9443,87417325874.8482,"inc_noncap"
"HR_2023","var_within_nw",58974676557.7037,12890747082.2986,33708812276.3985,84240540839.0089,"inc_noncap"
"HR_2023","var_between_nw",2311733361.69262,857358784.348962,631310144.368654,3992156579.01658,"inc_noncap"
"HR_2023","var_total_nwx",60362240721.6611,13277122196.6443,34339081216.2383,86385400227.084,"inc_noncap"
"HR_2023","var_within_nwx",58731085207.3503,12907975601.195,33431453029.0081,84030717385.6925,"inc_noncap"
"HR_2023","var_between_nwx",1631155514.31087,714125498.868245,231469536.529107,3030841492.09263,"inc_noncap"
"HR_2023","var_share_between_nw",0.0376997071513003,0.0118635610274884,0.014447127537423,0.0609522867651775,"inc_noncap"
"HR_2023","var_share_between_nwx",0.0269982627190032,0.00993679815337343,0.00752213833839127,0.0464743870996151,"inc_noncap"
"HR_2023","d_var_share_between",0.0107014444322971,0.0052014900039584,0.000506524024538631,0.0208963648400555,"inc_noncap"
"HR_2023","gini_total_nw",0.539250849793568,0.0144433698347551,0.510941844917448,0.567559854669688,"inc_noncap"
"HR_2023","gini_within_nw",0.515671441113251,0.0138274838927306,0.488569572683499,0.542773309543003,"inc_noncap"
"HR_2023","gini_between_nw",0.0235794086803167,0.00692216103664118,0.0100119730485,0.0371468443121334,"inc_noncap"
"HR_2023","gini_total_nwx",0.688506006099934,0.0210441419622139,0.647259487853995,0.729752524345873,"inc_noncap"
"HR_2023","gini_within_nwx",0.665967624022123,0.0207351283581623,0.625326772440124,0.706608475604121,"inc_noncap"
"HR_2023","gini_between_nwx",0.0225383820778113,0.00762155152332999,0.00760014109208455,0.0374766230635381,"inc_noncap"
"HR_2023","d_gini_within",-0.150296182908871,0.0175977956202981,-0.184787862324656,-0.115804503493087,"inc_noncap"
"HR_2023","d_gini_between",0.0010410266025054,0.00265813162434284,-0.00416891138120657,0.00625096458621737,"inc_noncap"
"HR_2023","gini_share_between_nw",0.0437230222459062,0.0123993120316481,0.0194203706638759,0.0680256738279366,"inc_noncap"
"HR_2023","gini_share_between_nwx",0.0327344211964718,0.010822605253658,0.0115221148993021,0.0539467274936415,"inc_noncap"
"HR_2023","d_gini_share_between",0.0109886010494344,0.00448988638836507,0.00218842372823888,0.01978877837063,"inc_noncap"
"HR_2023","mld_within_nw",0.654130871603753,0.0392917288501995,0.577119083057362,0.731142660150144,"inc_noncap"
"HR_2023","mld_between_nw",0.0322984943300845,0.0106019807064699,0.0115186121454036,0.0530783765147655,"inc_noncap"
"HR_2023","mld_within_nwx",0.735970026926135,0.0448985632167511,0.647968843021303,0.823971210830967,"inc_noncap"
"HR_2023","mld_between_nwx",0.0269745916761641,0.0110372382489033,0.00534160470831372,0.0486075786440145,"inc_noncap"
"HR_2023","d_mld_within",-0.0818391553223814,0.0160585293951353,-0.113313872936846,-0.0503644377079163,"inc_noncap"
"HR_2023","d_mld_between",0.00532390265392041,0.0036018601378798,-0.001735743216324,0.0123835485241648,"inc_noncap"
"HR_2023","mld_wtkept_nw",0.985910958782183,0.00339014491706817,0.979266274744729,0.992555642819636,"inc_noncap"
"HR_2023","mld_wtkept_nwx",0.880790956074145,0.00946590159881244,0.862237788940473,0.899344123207817,"inc_noncap"
"HR_2023","mld_ngrp_nw",3,0,3,3,"inc_noncap"
"HR_2023","mld_ngrp_nwx",3,0,3,3,"inc_noncap"
"HR_2023","I_nw",0.384418330051257,0.0416857935941765,0.302714174606671,0.466122485495843,"inc_noncap"
"HR_2023","I_nwx",0.309276761991543,0.0416517983329554,0.227639237258951,0.390914286724136,"inc_noncap"
"HR_2023","d_I",0.0751415680597144,0.0250540500076164,0.0260356300447863,0.124247506074642,"inc_noncap"
"HR_2023","n_valid",1445.2,539.524445043966,387.732087713826,2502.66791228617,"inc_noncap"
"HR_2023","pct_valid",1,0.373321478190654,0.268289902746319,1.73171009725368,"inc_noncap"
"HU_2023","cv2_total_nw",3.16312908078424,0.318256873658313,2.53934560841395,3.78691255315453,"inc_noncap"
"HU_2023","cv2_within_nw",2.93844781526912,0.310237200044137,2.33038290318261,3.54651272735563,"inc_noncap"
"HU_2023","cv2_between_nw",0.224681265515122,0.0190031005572467,0.187435188422918,0.261927342607325,"inc_noncap"
"HU_2023","cv2_total_nwx",4.62123175726645,0.511032603406777,3.61960785458917,5.62285565994374,"inc_noncap"
"HU_2023","cv2_within_nwx",4.34952260287722,0.500512619978108,3.36851786772012,5.33052733803431,"inc_noncap"
"HU_2023","cv2_between_nwx",0.271709154389237,0.0262986999467834,0.220163702493542,0.323254606284933,"inc_noncap"
"HU_2023","d_cv2_within",-1.4110747876081,0.307118883778956,-2.01302779981485,-0.809121775401343,"inc_noncap"
"HU_2023","d_cv2_between",-0.0470278888741155,0.0133026085932418,-0.0731010017168695,-0.0209547760313615,"inc_noncap"
"HU_2023","cv2_share_between_nw",0.0710316340824073,0.00737232541154696,0.0565818762757752,0.0854813918890393,"inc_noncap"
"HU_2023","cv2_share_between_nwx",0.0587961455346474,0.00695541432591688,0.0451635334558503,0.0724287576134445,"inc_noncap"
"HU_2023","d_cv2_share_between",0.0122354885477599,0.00355210313481628,0.00527336640351996,0.0191976106919998,"inc_noncap"
"HU_2023","var_total_nw",56754381059.3634,6904895451.75202,43220785973.9294,70287976144.7973,"inc_noncap"
"HU_2023","var_within_nw",52723049567.0466,6643779950.35386,39701240864.3531,65744858269.7402,"inc_noncap"
"HU_2023","var_between_nw",4031331492.31674,422617131.080425,3203001915.39911,4859661069.23438,"inc_noncap"
"HU_2023","var_total_nwx",59132658625.2629,7244398721.32991,44933637131.4562,73331680119.0695,"inc_noncap"
"HU_2023","var_within_nwx",55655906525.761,7024712311.36552,41887470395.4846,69424342656.0375,"inc_noncap"
"HU_2023","var_between_nwx",3476752099.50183,403174159.968792,2686530745.963,4266973453.04066,"inc_noncap"
"HU_2023","var_share_between_nw",0.0710316340824073,0.00737232541154697,0.0565818762757752,0.0854813918890393,"inc_noncap"
"HU_2023","var_share_between_nwx",0.0587961455346474,0.00695541432591688,0.0451635334558503,0.0724287576134445,"inc_noncap"
"HU_2023","d_var_share_between",0.0122354885477599,0.00355210313481628,0.00527336640351996,0.0191976106919998,"inc_noncap"
"HU_2023","gini_total_nw",0.595984697017222,0.00712077768531086,0.582027972754013,0.609941421280431,"inc_noncap"
"HU_2023","gini_within_nw",0.526525304931417,0.00650506399104173,0.513775379508975,0.539275230353859,"inc_noncap"
"HU_2023","gini_between_nw",0.0694593920858049,0.00512396890495282,0.0594164130320974,0.0795023711395124,"inc_noncap"
"HU_2023","gini_total_nwx",0.717566573756698,0.0158665797700369,0.686468077407425,0.74866507010597,"inc_noncap"
"HU_2023","gini_within_nwx",0.647101059939042,0.0162454394309015,0.615259998654475,0.678942121223609,"inc_noncap"
"HU_2023","gini_between_nwx",0.0704655138176558,0.00573309376781381,0.0592286500327407,0.0817023776025709,"inc_noncap"
"HU_2023","d_gini_within",-0.120575755007625,0.0149772937148316,-0.149931250688695,-0.0912202593265549,"inc_noncap"
"HU_2023","d_gini_between",-0.00100612173185091,0.00198801548859669,-0.00490263208950041,0.0028903886257986,"inc_noncap"
"HU_2023","gini_share_between_nw",0.11654547713159,0.00802315581272437,0.10082009173865,0.132270862524529,"inc_noncap"
"HU_2023","gini_share_between_nwx",0.0982006371751702,0.00801661520772589,0.0824880713680275,0.113913202982313,"inc_noncap"
"HU_2023","d_gini_share_between",0.0183448399564194,0.00336478534243966,0.0117498606852377,0.0249398192276011,"inc_noncap"
"HU_2023","mld_within_nw",0.678120682988447,0.0194696812101205,0.639960107816611,0.716281258160283,"inc_noncap"
"HU_2023","mld_between_nw",0.098043794977942,0.00829168666875155,0.081792089107189,0.114295500848695,"inc_noncap"
"HU_2023","mld_within_nwx",0.70927814214301,0.0213495910182269,0.667432943747285,0.751123340538734,"inc_noncap"
"HU_2023","mld_between_nwx",0.0961183053301177,0.00893058856629409,0.0786143517401812,0.113622258920054,"inc_noncap"
"HU_2023","d_mld_within",-0.0311574591545624,0.00776951753019376,-0.0463857135137422,-0.0159292047953827,"inc_noncap"
"HU_2023","d_mld_between",0.00192548964782438,0.00237045660094604,-0.00272060529002987,0.00657158458567862,"inc_noncap"
"HU_2023","mld_wtkept_nw",0.957061433115545,0.00315874614149086,0.950870290678223,0.963252575552868,"inc_noncap"
"HU_2023","mld_wtkept_nwx",0.886760656701398,0.00481096868630629,0.877331158076238,0.896190155326558,"inc_noncap"
"HU_2023","mld_ngrp_nw",3,0,3,3,"inc_noncap"
"HU_2023","mld_ngrp_nwx",3,0,3,3,"inc_noncap"
"HU_2023","I_nw",0.469262439906408,0.0182119049116111,0.43356710627965,0.504957773533166,"inc_noncap"
"HU_2023","I_nwx",0.435207863252336,0.0194974925184251,0.396992777916223,0.473422948588449,"inc_noncap"
"HU_2023","d_I",0.0340545766540721,0.00901222166025488,0.0163906221999725,0.0517185311081716,"inc_noncap"
"HU_2023","n_valid",6975,2892.9138699588,1304.88881488075,12645.1111851192,"inc_noncap"
"HU_2023","pct_valid",1,0.414754676696602,0.18708083367466,1.81291916632534,"inc_noncap"
"LT_2023","cv2_total_nw",13.0784758256788,5.10039222752382,3.08170705973213,23.0752445916255,"inc_noncap"
"LT_2023","cv2_within_nw",12.8317529467779,5.01089558866761,3.01039759298936,22.6531083005664,"inc_noncap"
"LT_2023","cv2_between_nw",0.246722878900948,0.101432229298436,0.0479157094760128,0.445530048325882,"inc_noncap"
"LT_2023","cv2_total_nwx",20.805014784843,7.54187833553788,6.02293324718873,35.5870963224972,"inc_noncap"
"LT_2023","cv2_within_nwx",20.4777029580497,7.42804487119948,5.91873501049872,35.0366709056007,"inc_noncap"
"LT_2023","cv2_between_nwx",0.327311826793269,0.137037733384316,0.0587178693600104,0.595905784226528,"inc_noncap"
"LT_2023","d_cv2_within",-7.64595001127184,2.62903234134482,-12.7988534003077,-2.49304662223599,"inc_noncap"
"LT_2023","d_cv2_between",-0.0805889478923217,0.0449271316439555,-0.168646125914475,0.00746823012983108,"inc_noncap"
"LT_2023","cv2_share_between_nw",0.0188989691400544,0.00934206756920538,0.000588516704411873,0.037209421575697,"inc_noncap"
"LT_2023","cv2_share_between_nwx",0.0157457100709198,0.00852977062844015,-0.000972640360822896,0.0324640605026625,"inc_noncap"
"LT_2023","d_cv2_share_between",0.00315325906913462,0.00197604434521488,-0.000719787847486553,0.00702630598575578,"inc_noncap"
"LT_2023","var_total_nw",208232772069.272,140549591919.348,-67244428092.6513,483709972231.195,"inc_noncap"
"LT_2023","var_within_nw",204306904779.064,137455505775.965,-65105886541.8274,473719696099.955,"inc_noncap"
"LT_2023","var_between_nw",3925867290.20781,3236038057.49399,-2416767302.48042,10268501882.896,"inc_noncap"
"LT_2023","var_total_nwx",203954748162.72,141603664972.642,-73588435183.659,481497931509.099,"inc_noncap"
"LT_2023","var_within_nwx",200746864171.055,138724904502.898,-71153948654.6239,472647676996.735,"inc_noncap"
"LT_2023","var_between_nwx",3207883991.66462,3026366056.63853,-2723793479.3469,9139561462.67613,"inc_noncap"
"LT_2023","var_share_between_nw",0.0188989691400544,0.00934206756920538,0.000588516704411873,0.037209421575697,"inc_noncap"
"LT_2023","var_share_between_nwx",0.0157457100709198,0.00852977062844015,-0.000972640360822896,0.0324640605026625,"inc_noncap"
"LT_2023","d_var_share_between",0.00315325906913462,0.00197604434521488,-0.000719787847486553,0.00702630598575578,"inc_noncap"
"LT_2023","gini_total_nw",0.58164379175969,0.0461830192181396,0.491125074092136,0.672162509427243,"inc_noncap"
"LT_2023","gini_within_nw",0.505235284023785,0.0246569488414526,0.456907664294538,0.553562903753032,"inc_noncap"
"LT_2023","gini_between_nw",0.076408507735905,0.0269986504942449,0.023491152767185,0.129325862704625,"inc_noncap"
"LT_2023","gini_total_nwx",0.797534495463101,0.0396052245821197,0.719908255282146,0.875160735644055,"inc_noncap"
"LT_2023","gini_within_nwx",0.725372497900325,0.030761628059143,0.665079706904405,0.785665288896245,"inc_noncap"
"LT_2023","gini_between_nwx",0.0721619975627757,0.028615440626349,0.0160757339351318,0.12824826119042,"inc_noncap"
"LT_2023","d_gini_within",-0.22013721387654,0.041564405374368,-0.301603448410301,-0.138670979342779,"inc_noncap"
"LT_2023","d_gini_between",0.0042465101731293,0.00377981653550073,-0.00316193023645212,0.0116549505827107,"inc_noncap"
"LT_2023","gini_share_between_nw",0.131272393711805,0.035910775704309,0.060887273331359,0.20165751409225,"inc_noncap"
"LT_2023","gini_share_between_nwx",0.090438255427616,0.0323584283671871,0.0270157358279293,0.153860775027303,"inc_noncap"
"LT_2023","d_gini_share_between",0.0408341382841886,0.00835940448513025,0.0244497054933333,0.0572185710750439,"inc_noncap"
"LT_2023","mld_within_nw",0.600976728787682,0.0683423158592842,0.467025789703485,0.734927667871879,"inc_noncap"
"LT_2023","mld_between_nw",0.11448475789403,0.0469843215751585,0.0223954876067194,0.206574028181341,"inc_noncap"
"LT_2023","mld_within_nwx",0.69338983305875,0.0810466814828533,0.534538337352358,0.852241328765143,"inc_noncap"
"LT_2023","mld_between_nwx",0.1151775459293,0.0549623040423289,0.00745143000633509,0.222903661852264,"inc_noncap"
"LT_2023","d_mld_within",-0.0924131042710688,0.0173394929186639,-0.12639851039165,-0.0584276981504875,"inc_noncap"
"LT_2023","d_mld_between",-0.00069278803526954,0.00924335961807003,-0.0188097728866868,0.0174241968161477,"inc_noncap"
"LT_2023","mld_wtkept_nw",0.992984392203161,0.00186253730791045,0.989333819079657,0.996634965326666,"inc_noncap"
"LT_2023","mld_wtkept_nwx",0.88567196347901,0.0102736187101523,0.865535670807111,0.905808256150908,"inc_noncap"
"LT_2023","mld_ngrp_nw",3,0,3,3,"inc_noncap"
"LT_2023","mld_ngrp_nwx",3,0,3,3,"inc_noncap"
"LT_2023","I_nw",0.42343847906903,0.0387149334509962,0.347557209505078,0.499319748632983,"inc_noncap"
"LT_2023","I_nwx",0.31617616609582,0.0439245477026296,0.230084052598666,0.402268279592974,"inc_noncap"
"LT_2023","d_I",0.107262312973211,0.0254827017489693,0.0573162175452308,0.15720840840119,"inc_noncap"
"LT_2023","n_valid",1692,472.899596108941,765.116791626475,2618.88320837353,"inc_noncap"
"LT_2023","pct_valid",1,0.279491487062022,0.452196685358437,1.54780331464156,"inc_noncap"
"LU_2023","cv2_total_nw",4.11044669912097,1.42618725603902,1.31511967728449,6.90577372095744,"inc_noncap"
"LU_2023","cv2_within_nw",3.91846934148287,1.39755236390468,1.1792667082297,6.65767197473603,"inc_noncap"
"LU_2023","cv2_between_nw",0.1919773576381,0.0570948627121014,0.0800714267223817,0.303883288553819,"inc_noncap"
"LU_2023","cv2_total_nwx",12.7360504182191,6.85959597274625,-0.708757688363528,26.1808585248018,"inc_noncap"
"LU_2023","cv2_within_nwx",12.3997591747426,6.72886585634237,-0.788817903688395,25.5883362531737,"inc_noncap"
"LU_2023","cv2_between_nwx",0.33629124347649,0.224626933912658,-0.10397754699232,0.7765600339453,"inc_noncap"
"LU_2023","d_cv2_within",-8.48128983325978,6.40022652744631,-21.0257338270545,4.06315416053498,"inc_noncap"
"LU_2023","d_cv2_between",-0.14431388583839,0.21154186149947,-0.558935934377351,0.270308162700572,"inc_noncap"
"LU_2023","cv2_share_between_nw",0.0467003219103857,0.0159087868389572,0.0155190997060296,0.0778815441147417,"inc_noncap"
"LU_2023","cv2_share_between_nwx",0.0264341946678057,0.01214856720461,0.00262300294677011,0.0502453863888413,"inc_noncap"
"LU_2023","d_cv2_share_between",0.02026612724258,0.0134277876934847,-0.00605233663664998,0.0465845911218099,"inc_noncap"
"LU_2023","var_total_nw",5512460582324.39,2593801792181.67,428609069648.321,10596312095000.5,"inc_noncap"
"LU_2023","var_within_nw",5255049257419.26,2525957359693.79,304172832419.434,10205925682419.1,"inc_noncap"
"LU_2023","var_between_nw",257411324905.132,98404868048.5447,64537783529.9848,450284866280.28,"inc_noncap"
"LU_2023","var_total_nwx",7579651312725.1,2967557357190.42,1763238892631.88,13396063732818.3,"inc_noncap"
"LU_2023","var_within_nwx",7379381831795.32,2915650074241.86,1664707686281.27,13094055977309.4,"inc_noncap"
"LU_2023","var_between_nwx",200269480929.781,101597947149.106,1137504517.53372,399401457342.028,"inc_noncap"
"LU_2023","var_share_between_nw",0.0467003219103857,0.0159087868389572,0.0155190997060296,0.0778815441147417,"inc_noncap"
"LU_2023","var_share_between_nwx",0.0264341946678057,0.01214856720461,0.00262300294677011,0.0502453863888413,"inc_noncap"
"LU_2023","d_var_share_between",0.02026612724258,0.0134277876934847,-0.00605233663664998,0.0465845911218099,"inc_noncap"
"LU_2023","gini_total_nw",0.630562437872272,0.0186649569178917,0.593979122313204,0.667145753431339,"inc_noncap"
"LU_2023","gini_within_nw",0.575213882282814,0.0189650135578101,0.538042455709506,0.612385308856122,"inc_noncap"
"LU_2023","gini_between_nw",0.0553485555894578,0.0145339059392385,0.0268620999485503,0.0838350112303652,"inc_noncap"
"LU_2023","gini_total_nwx",1.0638820868223,0.195429041304685,0.680841165865117,1.44692300777948,"inc_noncap"
"LU_2023","gini_within_nwx",0.996012011701715,0.162965113561212,0.67660038912174,1.31542363428169,"inc_noncap"
"LU_2023","gini_between_nwx",0.067870075120585,0.0229287457029457,0.0229297335428114,0.112810416698359,"inc_noncap"
"LU_2023","d_gini_within",-0.420798129418902,0.164049934426768,-0.742336000895366,-0.0992602579424371,"inc_noncap"
"LU_2023","d_gini_between",-0.0125215195311272,0.0151515915618753,-0.0422186389924029,0.0171755999301484,"inc_noncap"
"LU_2023","gini_share_between_nw",0.0877790023527953,0.0220113563320909,0.0446367439418972,0.130921260763693,"inc_noncap"
"LU_2023","gini_share_between_nwx",0.0640040304761625,0.0202427772833447,0.0243281870008069,0.103679873951518,"inc_noncap"
"LU_2023","d_gini_share_between",0.0237749718766328,0.0122325909534652,-0.000200906392159025,0.0477508501454246,"inc_noncap"
"LU_2023","mld_within_nw",0.963977825941134,0.0674448103878602,0.831785997580928,1.09616965430134,"inc_noncap"
"LU_2023","mld_between_nw",0.0885443298784879,0.0278801292513869,0.0338992765457696,0.143189383211206,"inc_noncap"
"LU_2023","mld_within_nwx",0.980073945169006,0.0735260931013494,0.835962802690361,1.12418508764765,"inc_noncap"
"LU_2023","mld_between_nwx",0.0975029005653638,0.0315345632794034,0.0356951565377331,0.159310644592995,"inc_noncap"
"LU_2023","d_mld_within",-0.0160961192278719,0.0198151741577159,-0.0549338605769951,0.0227416221212513,"inc_noncap"
"LU_2023","d_mld_between",-0.00895857068687595,0.00964456581799188,-0.02786191969014,0.00994477831638814,"inc_noncap"
"LU_2023","mld_wtkept_nw",0.963437060585396,0.00813529388690272,0.947491884567067,0.979382236603725,"inc_noncap"
"LU_2023","mld_wtkept_nwx",0.891586638456071,0.0123607146625304,0.867359637717511,0.91581363919463,"inc_noncap"
"LU_2023","mld_ngrp_nw",3,0,3,3,"inc_noncap"
"LU_2023","mld_ngrp_nwx",3,0,3,3,"inc_noncap"
"LU_2023","I_nw",0.509455708693861,0.0516911858229938,0.408140984480794,0.610770432906929,"inc_noncap"
"LU_2023","I_nwx",0.448099735015226,0.0530437797379674,0.34413392672881,0.552065543301642,"inc_noncap"
"LU_2023","d_I",0.0613559736786352,0.0364591995168315,-0.0101040573743546,0.132816004731625,"inc_noncap"
"LU_2023","n_valid",3695,1356.42257014545,1036.41176251491,6353.58823748509,"inc_noncap"
"LU_2023","pct_valid",1,0.367096513950528,0.280490832656965,1.71950916734303,"inc_noncap"
"LV_2023","cv2_total_nw",7.62280161205088,1.69488313118736,4.30083067492365,10.9447725491781,"inc_noncap"
"LV_2023","cv2_within_nw",7.12672417086388,1.62444656231794,3.94280890872071,10.310639433007,"inc_noncap"
"LV_2023","cv2_between_nw",0.496077441187002,0.179696066831953,0.143873150196373,0.84828173217763,"inc_noncap"
"LV_2023","cv2_total_nwx",8.94968452759797,1.91714383862292,5.19208260389704,12.7072864512989,"inc_noncap"
"LV_2023","cv2_within_nwx",8.45191895936019,1.85174113133038,4.82250634195266,12.0813315767677,"inc_noncap"
"LV_2023","cv2_between_nwx",0.497765568237778,0.200850939681713,0.104097726461621,0.891433410013935,"inc_noncap"
"LV_2023","d_cv2_within",-1.32519478849631,0.424162052888865,-2.15655241215849,-0.493837164834137,"inc_noncap"
"LV_2023","d_cv2_between",-0.00168812705077588,0.0314038417624174,-0.0632396569051139,0.0598634028035622,"inc_noncap"
"LV_2023","cv2_share_between_nw",0.0651037920690774,0.0224601898046459,0.0210818200519715,0.109125764086183,"inc_noncap"
"LV_2023","cv2_share_between_nwx",0.0556343307099641,0.0220419193674323,0.0124321687497968,0.0988364926701314,"inc_noncap"
"LV_2023","d_cv2_share_between",0.00946946135911329,0.00563966954945901,-0.00158429095782638,0.020523213676053,"inc_noncap"
"LV_2023","var_total_nw",74607912459.7845,35156735514.6152,5700710851.13876,143515114068.43,"inc_noncap"
"LV_2023","var_within_nw",69780843267.577,31804959451.6858,7443122742.2728,132118563792.881,"inc_noncap"
"LV_2023","var_between_nw",4827069192.20759,3934415814.14208,-2884385803.51088,12538524187.9261,"inc_noncap"
"LV_2023","var_total_nwx",74311869394.3887,35136350806.5782,5444621813.4955,143179116975.282,"inc_noncap"
"LV_2023","var_within_nwx",70204917811.0907,31905664147.5593,7669816081.87442,132740019540.307,"inc_noncap"
"LV_2023","var_between_nwx",4106951583.29799,3804269668.74702,-3349416967.44617,11563320134.0422,"inc_noncap"
"LV_2023","var_share_between_nw",0.0651037920690774,0.0224601898046459,0.0210818200519715,0.109125764086183,"inc_noncap"
"LV_2023","var_share_between_nwx",0.0556343307099641,0.0220419193674323,0.0124321687497968,0.0988364926701314,"inc_noncap"
"LV_2023","d_var_share_between",0.00946946135911329,0.00563966954945901,-0.00158429095782638,0.020523213676053,"inc_noncap"
"LV_2023","gini_total_nw",0.689475911192955,0.0437484076984383,0.603729032104016,0.775222790281894,"inc_noncap"
"LV_2023","gini_within_nw",0.547548395171949,0.0294212969484287,0.489882653153029,0.605214137190869,"inc_noncap"
"LV_2023","gini_between_nw",0.141927516021006,0.0436343930754291,0.0564041055931648,0.227450926448847,"inc_noncap"
"LV_2023","gini_total_nwx",0.74958234595485,0.0421366500543648,0.666994511848295,0.832170180061405,"inc_noncap"
"LV_2023","gini_within_nwx",0.601772469151761,0.0320307262893551,0.538992245624625,0.664552692678897,"inc_noncap"
"LV_2023","gini_between_nwx",0.147809876803088,0.0461473107828053,0.05736114766879,0.238258605937387,"inc_noncap"
"LV_2023","d_gini_within",-0.0542240739798122,0.0167048630391872,-0.0869656055366192,-0.0214825424230052,"inc_noncap"
"LV_2023","d_gini_between",-0.0058823607820826,0.00672403696664619,-0.0190614732367091,0.00729675167254393,"inc_noncap"
"LV_2023","gini_share_between_nw",0.205942091839226,0.052881613790296,0.102294128810246,0.309590054868206,"inc_noncap"
"LV_2023","gini_share_between_nwx",0.197233435714061,0.0532432833034881,0.0928766004392241,0.301590270988897,"inc_noncap"
"LV_2023","d_gini_share_between",0.00870865612516522,0.00759947052480166,-0.00618630610344604,0.0236036183537765,"inc_noncap"
"LV_2023","mld_within_nw",0.926113264808068,0.113076590683118,0.704483147069156,1.14774338254698,"inc_noncap"
"LV_2023","mld_between_nw",0.249683903398954,0.0888022233873466,0.0756315455597543,0.423736261238153,"inc_noncap"
"LV_2023","mld_within_nwx",0.931635194329463,0.117720144143099,0.70090371180899,1.16236667684994,"inc_noncap"
"LV_2023","mld_between_nwx",0.247144476405947,0.0921854552542368,0.0664609841076425,0.427827968704251,"inc_noncap"
"LV_2023","d_mld_within",-0.00552192952139523,0.0219561983964337,-0.0485560783784053,0.0375122193356148,"inc_noncap"
"LV_2023","d_mld_between",0.00253942699300712,0.0103896589100177,-0.0178243044706276,0.0229031584566418,"inc_noncap"
"LV_2023","mld_wtkept_nw",0.958344211043702,0.00923927252547354,0.940235236893773,0.97645318519363,"inc_noncap"
"LV_2023","mld_wtkept_nwx",0.925758567755369,0.0121064193519523,0.902029985825542,0.949487149685195,"inc_noncap"
"LV_2023","mld_ngrp_nw",3,0,3,3,"inc_noncap"
"LV_2023","mld_ngrp_nwx",3,0,3,3,"inc_noncap"
"LV_2023","I_nw",0.636191302769484,0.0524200587674408,0.5334479875853,0.738934617953667,"inc_noncap"
"LV_2023","I_nwx",0.567102034050861,0.054082797341279,0.461099751261954,0.673104316839768,"inc_noncap"
"LV_2023","d_I",0.0690892687186224,0.0204559777223415,0.028995552382833,0.109182985054412,"inc_noncap"
"LV_2023","n_valid",1216,0.409878030638384,1215.19663905995,1216.80336094005,"inc_noncap"
"LV_2023","pct_valid",1,0.00033707074888026,0.999339341332195,1.00066065866781,"inc_noncap"
"MT_2023","cv2_total_nw",1.21191311233242,0.160128345382993,0.898061555381753,1.52576466928309,"inc_noncap"
"MT_2023","cv2_within_nw",1.16647803690634,0.14122556232654,0.889675934746318,1.44328013906635,"inc_noncap"
"MT_2023","cv2_between_nw",0.045435075426084,0.0189064199311387,0.00837849236105201,0.0824916584911159,"inc_noncap"
"MT_2023","cv2_total_nwx",2.3058046761562,0.417873233608651,1.48677313828324,3.12483621402915,"inc_noncap"
"MT_2023","cv2_within_nwx",2.1995700558516,0.362283714595896,1.48949397524365,2.90964613645956,"inc_noncap"
"MT_2023","cv2_between_nwx",0.106234620304594,0.0555939940601915,-0.00272960805338178,0.215198848662569,"inc_noncap"
"MT_2023","d_cv2_within",-1.03309201894527,0.221066477809152,-1.46638231545121,-0.59980172243933,"inc_noncap"
"MT_2023","d_cv2_between",-0.0607995448785097,0.0366881257948563,-0.132708271436428,0.0111091816794087,"inc_noncap"
"MT_2023","cv2_share_between_nw",0.0374903736610628,0.0122687206194326,0.0134436812469748,0.0615370660751508,"inc_noncap"
"MT_2023","cv2_share_between_nwx",0.0460726883777892,0.0192498808680407,0.00834292187642952,0.0838024548791489,"inc_noncap"
"MT_2023","d_cv2_share_between",-0.00858231471672644,0.0069826179461913,-0.0222682458912614,0.00510361645780851,"inc_noncap"
"MT_2023","var_total_nw",315628085257.676,4022994177.56531,307743016669.648,323513153845.704,"inc_noncap"
"MT_2023","var_within_nw",303795070403.44,7760690026.23001,288584117952.029,319006022854.851,"inc_noncap"
"MT_2023","var_between_nw",11833014854.2361,3772735481.34583,4438453310.79823,19227576397.6739,"inc_noncap"
"MT_2023","var_total_nwx",350469861561.318,5352308715.79001,339979336478.369,360960386644.266,"inc_noncap"
"MT_2023","var_within_nwx",334322772843.796,11922386505.9132,310954895292.206,357690650395.386,"inc_noncap"
"MT_2023","var_between_nwx",16147088717.5215,6604650513.40383,3201973711.25,29092203723.793,"inc_noncap"
"MT_2023","var_share_between_nw",0.0374903736610628,0.0122687206194326,0.0134436812469748,0.0615370660751508,"inc_noncap"
"MT_2023","var_share_between_nwx",0.0460726883777892,0.0192498808680407,0.00834292187642952,0.0838024548791489,"inc_noncap"
"MT_2023","d_var_share_between",-0.00858231471672644,0.0069826179461913,-0.0222682458912614,0.00510361645780851,"inc_noncap"
"MT_2023","gini_total_nw",0.516881964185969,0.0446726743307428,0.429323522497713,0.604440405874225,"inc_noncap"
"MT_2023","gini_within_nw",0.498811903052193,0.0376194492315868,0.425077782558283,0.572546023546103,"inc_noncap"
"MT_2023","gini_between_nw",0.0180700611337756,0.00705380835837765,0.00424459675135543,0.0318955255161958,"inc_noncap"
"MT_2023","gini_total_nwx",0.707547867522556,0.0793258298218006,0.552069241071827,0.863026493973285,"inc_noncap"
"MT_2023","gini_within_nwx",0.683563563093165,0.0690277394067614,0.548269193855913,0.818857932330417,"inc_noncap"
"MT_2023","gini_between_nwx",0.0239843044293907,0.0102985716514973,0.00379910399245605,0.0441695048663254,"inc_noncap"
"MT_2023","d_gini_within",-0.184751660040972,0.0314096988542531,-0.246314669795308,-0.123188650286636,"inc_noncap"
"MT_2023","d_gini_between",-0.00591424329561507,0.00324514592663033,-0.0122747293118105,0.00044624272058037,"inc_noncap"
"MT_2023","gini_share_between_nw",0.0349597439760429,0.0116308592304003,0.0121632598844582,0.0577562280676275,"inc_noncap"
"MT_2023","gini_share_between_nwx",0.0338977835003172,0.0121131317692483,0.0101560452325904,0.0576395217680439,"inc_noncap"
"MT_2023","d_gini_share_between",0.00106196047572567,0.000490276796555767,0.000101017954476372,0.00202290299697498,"inc_noncap"
"MT_2023","mld_within_nw",0.785714702965597,0.15176359241432,0.48825806183353,1.08317134409766,"inc_noncap"
"MT_2023","mld_between_nw",0.0220883574286425,0.00923865405277575,0.00398059548520206,0.040196119372083,"inc_noncap"
"MT_2023","mld_within_nwx",0.792628249133183,0.124913149580421,0.547798475955558,1.03745802231081,"inc_noncap"
"MT_2023","mld_between_nwx",0.0204748154205267,0.00752129965412544,0.00573306809844086,0.0352165627426126,"inc_noncap"
"MT_2023","d_mld_within",-0.00691354616758655,0.0268520446335696,-0.0595435536493829,0.0457164613142098,"inc_noncap"
"MT_2023","d_mld_between",0.00161354200811579,0.00171798138115085,-0.00175370149893987,0.00498078551517146,"inc_noncap"
"MT_2023","mld_wtkept_nw",0.999517662670108,0.00118057695186969,0.997203731844443,1.00183159349577,"inc_noncap"
"MT_2023","mld_wtkept_nwx",0.90867164534568,0.014058741190377,0.881116512612541,0.936226778078819,"inc_noncap"
"MT_2023","mld_ngrp_nw",3,0,3,3,"inc_noncap"
"MT_2023","mld_ngrp_nwx",3,0,3,3,"inc_noncap"
"MT_2023","I_nw",0.358172358574666,0.0778501084042858,0.205586146102266,0.510758571047066,"inc_noncap"
"MT_2023","I_nwx",0.365626496365438,0.0878612734378268,0.193418400427298,0.537834592303579,"inc_noncap"
"MT_2023","d_I",-0.00745413779077242,0.0100650138496465,-0.0271815649360795,0.0122732893545347,"inc_noncap"
"MT_2023","n_valid",1023,0,1023,1023,"inc_noncap"
"MT_2023","pct_valid",1,0,1,1,"inc_noncap"
"NL_2023","cv2_total_nw",2.98940012667151,0.358256134079762,2.28721810387518,3.69158214946784,"inc_noncap"
"NL_2023","cv2_within_nw",2.83277408594975,0.354834978180524,2.13729752871593,3.52825064318358,"inc_noncap"
"NL_2023","cv2_between_nw",0.156626040721757,0.0268617077034264,0.103977093623041,0.209274987820473,"inc_noncap"
"NL_2023","cv2_total_nwx",3.8553850403372,1.36664177811433,1.17676715523312,6.53400292544129,"inc_noncap"
"NL_2023","cv2_within_nwx",3.67900301911431,1.34306570747096,1.04659423247123,6.31141180575739,"inc_noncap"
"NL_2023","cv2_between_nwx",0.176382021222892,0.0382538884398727,0.101404399880742,0.251359642565043,"inc_noncap"
"NL_2023","d_cv2_within",-0.84622893316456,1.24361945423006,-3.28372306345548,1.59126519712636,"inc_noncap"
"NL_2023","d_cv2_between",-0.0197559805011352,0.031305132080627,-0.0811140393791641,0.0416020783768937,"inc_noncap"
"NL_2023","cv2_share_between_nw",0.0524361701667569,0.0103003270388989,0.0322475291705149,0.0726248111629988,"inc_noncap"
"NL_2023","cv2_share_between_nwx",0.047050914446247,0.011814797939436,0.0238939104849523,0.0702079184075416,"inc_noncap"
"NL_2023","d_cv2_share_between",0.00538525572050993,0.00540068254036449,-0.00520008205860448,0.0159705934996243,"inc_noncap"
"NL_2023","var_total_nw",200584016981.752,32638618766.5917,136612324199.232,264555709764.272,"inc_noncap"
"NL_2023","var_within_nw",190079916089.149,31888157981.0472,127579126446.297,252580705732.002,"inc_noncap"
"NL_2023","var_between_nw",10504100892.6027,1990309766.51694,6603093750.22953,14405108034.9759,"inc_noncap"
"NL_2023","var_total_nwx",213408074410.057,65322592713.7174,85375792691.1711,341440356128.943,"inc_noncap"
"NL_2023","var_within_nwx",203591546115.099,64355136473.189,77455478627.6488,329727613602.55,"inc_noncap"
"NL_2023","var_between_nwx",9816528294.95793,1982334174.73667,5931153312.47406,13701903277.4418,"inc_noncap"
"NL_2023","var_share_between_nw",0.0524361701667569,0.0103003270388989,0.0322475291705149,0.0726248111629988,"inc_noncap"
"NL_2023","var_share_between_nwx",0.047050914446247,0.011814797939436,0.0238939104849523,0.0702079184075416,"inc_noncap"
"NL_2023","d_var_share_between",0.00538525572050993,0.00540068254036449,-0.00520008205860448,0.0159705934996243,"inc_noncap"
"NL_2023","gini_total_nw",0.650168469176985,0.00938738708540639,0.631769190489588,0.668567747864381,"inc_noncap"
"NL_2023","gini_within_nw",0.602626989210845,0.0100981687789173,0.582834578404168,0.622419400017523,"inc_noncap"
"NL_2023","gini_between_nw",0.0475414799661395,0.00679183165013695,0.034229489931871,0.0608534700004079,"inc_noncap"
"NL_2023","gini_total_nwx",0.710721503223684,0.0489608878840787,0.61475816297089,0.806684843476479,"inc_noncap"
"NL_2023","gini_within_nwx",0.66427505461397,0.0511824365060861,0.563957479062041,0.764592630165898,"inc_noncap"
"NL_2023","gini_between_nwx",0.0464464486097148,0.00692995083983685,0.0328637449636346,0.060029152255795,"inc_noncap"
"NL_2023","d_gini_within",-0.0616480654031242,0.0495952172917775,-0.158854691295008,0.0355585604887598,"inc_noncap"
"NL_2023","d_gini_between",0.00109503135642468,0.00135600229315163,-0.00156273313815252,0.00375279585100188,"inc_noncap"
"NL_2023","gini_share_between_nw",0.0731159417319782,0.0102207616941623,0.0530832488114201,0.0931486346525363,"inc_noncap"
"NL_2023","gini_share_between_nwx",0.0656133773511595,0.0115398089818886,0.042995351746658,0.0882314029556611,"inc_noncap"
"NL_2023","d_gini_share_between",0.00750256438081865,0.00475739083049408,-0.00182192164694975,0.016827050408587,"inc_noncap"
"NL_2023","mld_within_nw",1.11912413258339,0.0365502192723888,1.04748570280951,1.19076256235728,"inc_noncap"
"NL_2023","mld_between_nw",0.0674200476490838,0.0123396692711206,0.0432342958776874,0.0916057994204802,"inc_noncap"
"NL_2023","mld_within_nwx",1.11606735678515,0.0374668718032412,1.0426322880508,1.18950242551951,"inc_noncap"
"NL_2023","mld_between_nwx",0.0649712974548233,0.0122313112425211,0.040997927419482,0.0889446674901646,"inc_noncap"
"NL_2023","d_mld_within",0.00305677579824177,0.00626212815752872,-0.00921699539051451,0.0153305469869981,"inc_noncap"
"NL_2023","d_mld_between",0.00244875019426047,0.00258593354405869,-0.00261967955209456,0.00751717994061551,"inc_noncap"
"NL_2023","mld_wtkept_nw",0.947386458701346,0.00591277105366583,0.935797427436161,0.958975489966531,"inc_noncap"
"NL_2023","mld_wtkept_nwx",0.922378098671955,0.00759489776819466,0.907492099046294,0.937264098297617,"inc_noncap"
"NL_2023","mld_ngrp_nw",3,0,3,3,"inc_noncap"
"NL_2023","mld_ngrp_nwx",3,0,3,3,"inc_noncap"
"NL_2023","I_nw",0.495782477680328,0.0312022829586712,0.434626003081332,0.556938952279323,"inc_noncap"
"NL_2023","I_nwx",0.480581309343491,0.0317849517320126,0.418282803948746,0.542879814738235,"inc_noncap"
"NL_2023","d_I",0.015201168336837,0.00843137912139774,-0.00132433474110258,0.0317266714147766,"inc_noncap"
"NL_2023","n_valid",2518,0.774596669241483,2516.48179052829,2519.51820947171,"inc_noncap"
"NL_2023","pct_valid",1,0,1,1,"inc_noncap"
"PT_2023","cv2_total_nw",5.15050335721861,0.92359114328138,3.3402647163871,6.96074199805011,"inc_noncap"
"PT_2023","cv2_within_nw",4.89307461596396,0.913048504921366,3.10349954631809,6.68264968560984,"inc_noncap"
"PT_2023","cv2_between_nw",0.257428741254643,0.0364838981155998,0.185920300948067,0.328937181561218,"inc_noncap"
"PT_2023","cv2_total_nwx",9.3290149439598,2.06550276792035,5.28062951883592,13.3774003690837,"inc_noncap"
"PT_2023","cv2_within_nwx",9.00378997970406,2.06064038540456,4.96493482431113,13.042645135097,"inc_noncap"
"PT_2023","cv2_between_nwx",0.325224964255736,0.057834609877072,0.211869128896675,0.438580799614797,"inc_noncap"
"PT_2023","d_cv2_within",-4.1107153637401,1.78499980655085,-7.60931498457977,-0.612115742900429,"inc_noncap"
"PT_2023","d_cv2_between",-0.0677962230010933,0.031005328874826,-0.128566667595752,-0.00702577840643438,"inc_noncap"
"PT_2023","cv2_share_between_nw",0.0500425058208878,0.00978528797253764,0.0308633413947141,0.0692216702470616,"inc_noncap"
"PT_2023","cv2_share_between_nwx",0.0350193079255444,0.00913547165165018,0.01711378348831,0.0529248323627788,"inc_noncap"
"PT_2023","d_cv2_share_between",0.0150231978953434,0.00943185335730981,-0.00346323468498379,0.0335096304756707,"inc_noncap"
"PT_2023","var_total_nw",459699058725.212,134927320501.856,195241510541.575,724156606908.85,"inc_noncap"
"PT_2023","var_within_nw",436715052657.314,130874705733.209,180200629420.224,693229475894.404,"inc_noncap"
"PT_2023","var_between_nw",22984006067.8985,5784156571.8963,11647059186.9818,34320952948.8153,"inc_noncap"
"PT_2023","var_total_nwx",492604480949.485,148475151521.847,201593183966.665,783615777932.304,"inc_noncap"
"PT_2023","var_within_nwx",475405672786.897,145963081824.774,189318032410.341,761493313163.454,"inc_noncap"
"PT_2023","var_between_nwx",17198808162.5875,4959653426.52305,7477887446.60233,26919728878.5727,"inc_noncap"
"PT_2023","var_share_between_nw",0.0500425058208878,0.00978528797253764,0.0308633413947141,0.0692216702470616,"inc_noncap"
"PT_2023","var_share_between_nwx",0.0350193079255444,0.00913547165165018,0.01711378348831,0.0529248323627788,"inc_noncap"
"PT_2023","d_var_share_between",0.0150231978953434,0.00943185335730981,-0.00346323468498379,0.0335096304756707,"inc_noncap"
"PT_2023","gini_total_nw",0.648040190893564,0.0090438181223757,0.630314307373708,0.665766074413421,"inc_noncap"
"PT_2023","gini_within_nw",0.576320714413881,0.00898757646091915,0.558705064550479,0.593936364277282,"inc_noncap"
"PT_2023","gini_between_nw",0.0717194764796837,0.00901524767555459,0.0540495910355967,0.0893893619237706,"inc_noncap"
"PT_2023","gini_total_nwx",0.868646935576971,0.0388305700781581,0.792539018223781,0.944754852930161,"inc_noncap"
"PT_2023","gini_within_nwx",0.783606946320635,0.0362063728710261,0.712642455493423,0.854571437147846,"inc_noncap"
"PT_2023","gini_between_nwx",0.0850399892563367,0.010917500893615,0.0636416875048513,0.106438291007822,"inc_noncap"
"PT_2023","d_gini_within",-0.207286231906754,0.035461840635682,-0.27679143955269,-0.137781024260817,"inc_noncap"
"PT_2023","d_gini_between",-0.013320512776653,0.00516557119123985,-0.0234450323114832,-0.00319599324182294,"inc_noncap"
"PT_2023","gini_share_between_nw",0.110656793895753,0.0131525820171921,0.0848777331420566,0.13643585464945,"inc_noncap"
"PT_2023","gini_share_between_nwx",0.097924752404999,0.0116309982161599,0.0751279959013256,0.120721508908672,"inc_noncap"
"PT_2023","d_gini_share_between",0.0127320414907542,0.00433092445803979,0.00424342955299624,0.0212206534285122,"inc_noncap"
"PT_2023","mld_within_nw",1.05217762641569,0.028844313520761,0.995642771914997,1.10871248091638,"inc_noncap"
"PT_2023","mld_between_nw",0.110310543539941,0.0164043946242587,0.0781579300763943,0.142463157003489,"inc_noncap"
"PT_2023","mld_within_nwx",1.07675319517438,0.0306902917489156,1.0166002233465,1.13690616700225,"inc_noncap"
"PT_2023","mld_between_nwx",0.109832274283594,0.0185040368373649,0.0735643620823584,0.146100186484829,"inc_noncap"
"PT_2023","d_mld_within",-0.0245755687586888,0.0105209550282659,-0.04519664061409,-0.00395449690328754,"inc_noncap"
"PT_2023","d_mld_between",0.000478269256347838,0.00461746780714799,-0.00857196764566223,0.00952850615835791,"inc_noncap"
"PT_2023","mld_wtkept_nw",0.960568490499017,0.00283667885132053,0.955008599950429,0.966128381047605,"inc_noncap"
"PT_2023","mld_wtkept_nwx",0.881788266419433,0.00433184487576717,0.873297850462929,0.890278682375937,"inc_noncap"
"PT_2023","mld_ngrp_nw",3,0,3,3,"inc_noncap"
"PT_2023","mld_ngrp_nwx",3,0,3,3,"inc_noncap"
"PT_2023","I_nw",0.529001461336532,0.0203762439031198,0.489064023286418,0.568938899386647,"inc_noncap"
"PT_2023","I_nwx",0.505774244411424,0.0205524229494112,0.465491495430578,0.54605699339227,"inc_noncap"
"PT_2023","d_I",0.0232272169251085,0.0140012689493179,-0.00421527021555464,0.0506697040657716,"inc_noncap"
"PT_2023","n_valid",5460,2028.14544646088,1484.83492493668,9435.16507506332,"inc_noncap"
"PT_2023","pct_valid",1,0.37145520997452,0.271947788449941,1.72805221155006,"inc_noncap"
"SI_2023","cv2_total_nw",3.82627315399955,1.28486912161221,1.30792967563961,6.34461663235949,"inc_noncap"
"SI_2023","cv2_within_nw",3.66200704655123,1.24780218687614,1.21631476027399,6.10769933282847,"inc_noncap"
"SI_2023","cv2_between_nw",0.164266107448319,0.0539276324159415,0.0585679479130733,0.269964266983564,"inc_noncap"
"SI_2023","cv2_total_nwx",86.2574386423628,375.451886550856,-649.628258997316,822.143136282041,"inc_noncap"
"SI_2023","cv2_within_nwx",85.2487853271475,371.801149785347,-643.481468252132,813.979038906427,"inc_noncap"
"SI_2023","cv2_between_nwx",1.00865331521533,3.72686170582786,-6.29599562820727,8.31330225863793,"inc_noncap"
"SI_2023","d_cv2_within",-81.5867782805963,371.845424921748,-810.403811127223,647.23025456603,"inc_noncap"
"SI_2023","d_cv2_between",-0.844387207767012,3.72460443460369,-8.14461189959025,6.45583748405622,"inc_noncap"
"SI_2023","cv2_share_between_nw",0.0434992798215459,0.0115728588783483,0.0208164764199832,0.0661820832231086,"inc_noncap"
"SI_2023","cv2_share_between_nwx",0.0125350638107899,0.00600099799188538,0.000773107746694604,0.0242970198748853,"inc_noncap"
"SI_2023","d_cv2_share_between",0.030964216010756,0.0105979099735039,0.0101923124626883,0.0517361195588237,"inc_noncap"
"SI_2023","var_total_nw",216530912887.509,107915159978.635,5017199329.38507,428044626445.634,"inc_noncap"
"SI_2023","var_within_nw",207333545272.701,104487079929.203,2538868611.46378,412128221933.939,"inc_noncap"
"SI_2023","var_between_nw",9197367614.80805,4102003759.62058,1157440245.95172,17237294983.6644,"inc_noncap"
"SI_2023","var_total_nwx",351709112119.409,112765803458.094,130688137341.545,572730086897.272,"inc_noncap"
"SI_2023","var_within_nwx",347248164093.469,110321476450.447,131018070250.593,563478257936.345,"inc_noncap"
"SI_2023","var_between_nwx",4460948025.93947,3374252438.50077,-2152586753.52205,11074482805.401,"inc_noncap"
"SI_2023","var_share_between_nw",0.0434992798215459,0.0115728588783483,0.0208164764199832,0.0661820832231086,"inc_noncap"
"SI_2023","var_share_between_nwx",0.0125350638107899,0.00600099799188538,0.000773107746694606,0.0242970198748853,"inc_noncap"
"SI_2023","d_var_share_between",0.030964216010756,0.0105979099735039,0.0101923124626883,0.0517361195588237,"inc_noncap"
"SI_2023","gini_total_nw",0.565665431867465,0.0238408641841214,0.518937338066587,0.612393525668343,"inc_noncap"
"SI_2023","gini_within_nw",0.517076331522564,0.0223090144556548,0.473350663189481,0.560801999855648,"inc_noncap"
"SI_2023","gini_between_nw",0.0485891003449005,0.0129617172300944,0.0231841345739155,0.0739940661158856,"inc_noncap"
"SI_2023","gini_total_nwx",3.27649878862502,1.5120107933076,0.312957633742132,6.24003994350791,"inc_noncap"
"SI_2023","gini_within_nwx",3.40201301559359,0.978509359266816,1.48413467143063,5.31989135975654,"inc_noncap"
"SI_2023","gini_between_nwx",0.0948290008228663,0.0344164003877132,0.0273728560629484,0.162285145582784,"inc_noncap"
"SI_2023","d_gini_within",-2.87988157877895,0.957017077376071,-4.75563505043605,-1.00412810712185,"inc_noncap"
"SI_2023","d_gini_between",-0.0524453323841603,0.0252007067961167,-0.101838717704549,-0.00305194706377163,"inc_noncap"
"SI_2023","gini_share_between_nw",0.0858927174542431,0.0210859276597371,0.0445642992411584,0.127221135667328,"inc_noncap"
"SI_2023","gini_share_between_nwx",0.028213966999159,0.0140432386088073,0.000689219325896721,0.0557387146724212,"inc_noncap"
"SI_2023","d_gini_share_between",0.0472098766500778,0.0117413737255616,0.024196784147977,0.0702229691521785,"inc_noncap"
"SI_2023","mld_within_nw",0.784955059155394,0.0504825378464708,0.686009284976312,0.883900833334477,"inc_noncap"
"SI_2023","mld_between_nw",0.0753895676624836,0.0246295168657405,0.0271157146056322,0.123663420719335,"inc_noncap"
"SI_2023","mld_within_nwx",0.920942426147047,0.0729637285905778,0.777933518109515,1.06395133418458,"inc_noncap"
"SI_2023","mld_between_nwx",0.0873643332023742,0.0353505034172104,0.0180773465046417,0.156651319900107,"inc_noncap"
"SI_2023","d_mld_within",-0.135987366991653,0.0283200810872925,-0.191494725922746,-0.0804800080605595,"inc_noncap"
"SI_2023","d_mld_between",-0.0119747655398906,0.0121864366861783,-0.0358601814448,0.0119106503650189,"inc_noncap"
"SI_2023","mld_wtkept_nw",0.976370212429051,0.00394075231736185,0.968646337887022,0.984094086971081,"inc_noncap"
"SI_2023","mld_wtkept_nwx",0.756341581599567,0.014927681796261,0.727083325278896,0.785599837920238,"inc_noncap"
"SI_2023","mld_ngrp_nw",3,0,3,3,"inc_noncap"
"SI_2023","mld_ngrp_nwx",3,0,3,3,"inc_noncap"
"SI_2023","I_nw",0.470111789585543,0.0309913089305521,0.409368824081661,0.530854755089426,"inc_noncap"
"SI_2023","I_nwx",0.23759756762929,0.0381727051640385,0.162779065507774,0.312416069750805,"inc_noncap"
"SI_2023","d_I",0.232514221956254,0.0348983428429338,0.164113469984104,0.300914973928404,"inc_noncap"
"SI_2023","n_valid",1983,0,1983,1983,"inc_noncap"
"SI_2023","pct_valid",1,0,1,1,"inc_noncap"
"SK_2023","cv2_total_nw",1.86334470588882,0.400351588190957,1.07865559303454,2.64803381874309,"inc_noncap"
"SK_2023","cv2_within_nw",1.73481820767331,0.392489254784045,0.965539268296582,2.50409714705004,"inc_noncap"
"SK_2023","cv2_between_nw",0.128526498215506,0.0245427205896232,0.0804227658598445,0.176630230571167,"inc_noncap"
"SK_2023","cv2_total_nwx",4.34271321377153,0.855963422813399,2.66502490505726,6.02040152248579,"inc_noncap"
"SK_2023","cv2_within_nwx",4.13831726997051,0.842661874908504,2.48669999514984,5.78993454479117,"inc_noncap"
"SK_2023","cv2_between_nwx",0.20439594380102,0.0500083131109627,0.106379650103533,0.302412237498507,"inc_noncap"
"SK_2023","d_cv2_within",-2.40349906229719,0.5352376364844,-3.45256482980662,-1.35443329478777,"inc_noncap"
"SK_2023","d_cv2_between",-0.0758694455855141,0.0327370879705337,-0.14003413800776,-0.011704753163268,"inc_noncap"
"SK_2023","cv2_share_between_nw",0.068994579859738,0.017025027761187,0.0356255254478114,0.102363634271664,"inc_noncap"
"SK_2023","cv2_share_between_nwx",0.0470112091410754,0.0131210772175168,0.0212938977947424,0.0727285204874083,"inc_noncap"
"SK_2023","d_cv2_share_between",0.0219833707186626,0.0103235041714554,0.00174930254261003,0.0422174388947151,"inc_noncap"
"SK_2023","var_total_nw",52819879918.2894,13097263027.7969,27149244383.8074,78490515452.7714,"inc_noncap"
"SK_2023","var_within_nw",49177032833.4876,12660066459.9341,24363302572.0167,73990763094.9585,"inc_noncap"
"SK_2023","var_between_nw",3642847084.80178,862287810.722872,1952762975.78495,5332931193.81861,"inc_noncap"
"SK_2023","var_total_nwx",61732730648.3659,13676484350.8716,34926821320.6575,88538639976.0742,"inc_noncap"
"SK_2023","var_within_nwx",58826862443.0953,13302896641.7205,32753185025.323,84900539860.8676,"inc_noncap"
"SK_2023","var_between_nwx",2905868205.27054,834657015.777559,1269940454.34653,4541795956.19456,"inc_noncap"
"SK_2023","var_share_between_nw",0.068994579859738,0.017025027761187,0.0356255254478114,0.102363634271664,"inc_noncap"
"SK_2023","var_share_between_nwx",0.0470112091410754,0.0131210772175168,0.0212938977947424,0.0727285204874083,"inc_noncap"
"SK_2023","d_var_share_between",0.0219833707186626,0.0103235041714554,0.00174930254261003,0.0422174388947151,"inc_noncap"
"SK_2023","gini_total_nw",0.473291183150073,0.0135176771212421,0.446796535992439,0.499785830307708,"inc_noncap"
"SK_2023","gini_within_nw",0.428320746194019,0.0114741786821763,0.405831355976954,0.450810136411085,"inc_noncap"
"SK_2023","gini_between_nw",0.0449704369560542,0.00767200611839929,0.0299333049639916,0.0600075689481168,"inc_noncap"
"SK_2023","gini_total_nwx",0.767495368068856,0.0366552183447108,0.695651140113223,0.839339596024489,"inc_noncap"
"SK_2023","gini_within_nwx",0.719070975799695,0.0355114259264669,0.64946858098382,0.78867337061557,"inc_noncap"
"SK_2023","gini_between_nwx",0.0484243922691611,0.00939723139140015,0.0300058187420168,0.0668429657963053,"inc_noncap"
"SK_2023","d_gini_within",-0.290750229605676,0.0341649102976971,-0.357713453789162,-0.223787005422189,"inc_noncap"
"SK_2023","d_gini_between",-0.00345395531310686,0.00361778941416251,-0.0105448225648654,0.00363691193865166,"inc_noncap"
"SK_2023","gini_share_between_nw",0.0949999111600345,0.0148904411664366,0.0658146464738188,0.12418517584625,"inc_noncap"
"SK_2023","gini_share_between_nwx",0.0630783666763136,0.0118486122426356,0.0398550866807477,0.0863016466718795,"inc_noncap"
"SK_2023","d_gini_share_between",0.0319215444837209,0.00590200166744517,0.0203536212155283,0.0434894677519134,"inc_noncap"
"SK_2023","mld_within_nw",0.455819419670569,0.0276002325909075,0.40172296379239,0.509915875548748,"inc_noncap"
"SK_2023","mld_between_nw",0.0592113962760174,0.0107605282470561,0.0381207609117874,0.0803020316402475,"inc_noncap"
"SK_2023","mld_within_nwx",0.573466756006341,0.036734027107775,0.501468062875102,0.64546544913758,"inc_noncap"
"SK_2023","mld_between_nwx",0.0555694579288159,0.0123659771525337,0.0313321427098498,0.079806773147782,"inc_noncap"
"SK_2023","d_mld_within",-0.117647336335772,0.0180184113639737,-0.152963422609161,-0.082331250062384,"inc_noncap"
"SK_2023","d_mld_between",0.00364193834720156,0.00402776160250691,-0.00425247439371199,0.0115363510881151,"inc_noncap"
"SK_2023","mld_wtkept_nw",0.984558913771465,0.00358011639285867,0.977541885641462,0.991575941901468,"inc_noncap"
"SK_2023","mld_wtkept_nwx",0.850314910135067,0.0108173836297607,0.829112838220736,0.871516982049398,"inc_noncap"
"SK_2023","mld_ngrp_nw",3,0,3,3,"inc_noncap"
"SK_2023","mld_ngrp_nwx",3,0,3,3,"inc_noncap"
"SK_2023","I_nw",0.499550149141447,0.0391507208110909,0.422814736351709,0.576285561931185,"inc_noncap"
"SK_2023","I_nwx",0.394160096246563,0.0441135924513574,0.307697455041903,0.480622737451224,"inc_noncap"
"SK_2023","d_I",0.105390052894884,0.0304266765540691,0.0457537668489085,0.165026338940859,"inc_noncap"
"SK_2023","n_valid",2127,789.648631987671,579.288681304165,3674.71131869583,"inc_noncap"
"SK_2023","pct_valid",1,0.371249944517006,0.272350108746669,1.72764989125333,"inc_noncap"
"AT_2023","cv2_total_nw",5.80528812532565,3.30079138336359,-0.664262986066986,12.2748392367183,"inc_total"
"AT_2023","cv2_within_nw",5.42989307688885,3.26401787814604,-0.967581964277387,11.8273681180551,"inc_total"
"AT_2023","cv2_between_nw",0.3753950484368,0.0560217587513747,0.265592401284106,0.485197695589494,"inc_total"
"AT_2023","cv2_total_nwx",59803.4324287845,77442383.3666594,-151727267.966224,151846874.831081,"inc_total"
"AT_2023","cv2_within_nwx",59762.4783376331,77379644.2209626,-151604340.194749,151723865.151424,"inc_total"
"AT_2023","cv2_between_nwx",40.9540911513937,145463.259364726,-285067.034263712,285148.942446015,"inc_total"
"AT_2023","d_cv2_within",-59757.0484445562,77379644.1956122,-151723859.671844,151604345.574955,"inc_total"
"AT_2023","d_cv2_between",-40.5786961029569,145463.258871158,-285148.566083572,285067.408691366,"inc_total"
"AT_2023","cv2_share_between_nw",0.0703574119966245,0.024904333152934,0.0215449190168739,0.119169904976375,"inc_total"
"AT_2023","cv2_share_between_nwx",0.000585313347972769,0.00443942773795893,-0.00811596501842674,0.00928659171437227,"inc_total"
"AT_2023","d_cv2_share_between",0.0697720986486517,0.0249480621888771,0.0208738967584527,0.118670300538851,"inc_total"
"AT_2023","var_total_nw",673462635895.535,456282406201.595,-220850880259.591,1567776152050.66,"inc_total"
"AT_2023","var_within_nw",630432322673.036,448000990607.266,-247649618917.206,1508514264263.28,"inc_total"
"AT_2023","var_between_nw",43030313222.4992,10628020493.4452,22199393055.3466,63861233389.6518,"inc_total"
"AT_2023","var_total_nwx",9234123555548.43,10041985987571,-10448168980090.6,28916416091187.5,"inc_total"
"AT_2023","var_within_nwx",9229971020102.44,10010913080751.5,-10391418618170.4,28851360658375.3,"inc_total"
"AT_2023","var_between_nwx",4152535445.99491,56205234471.3679,-106009724117.886,114314795009.876,"inc_total"
"AT_2023","var_share_between_nw",0.0703574119966245,0.024904333152934,0.0215449190168739,0.119169904976375,"inc_total"
"AT_2023","var_share_between_nwx",0.000585313347972769,0.00443942773795893,-0.00811596501842674,0.00928659171437227,"inc_total"
"AT_2023","d_var_share_between",0.0697720986486517,0.0249480621888771,0.0208738967584527,0.118670300538851,"inc_total"
"AT_2023","gini_total_nw",0.699731497952375,0.0137564015535763,0.672768950907366,0.726694044997385,"inc_total"
"AT_2023","gini_within_nw",0.594677344242789,0.010737623863188,0.573631601470941,0.615723087014638,"inc_total"
"AT_2023","gini_between_nw",0.105054153709586,0.0119978917252994,0.0815382859279992,0.128570021491173,"inc_total"
"AT_2023","gini_total_nwx",NA,NA,NA,NA,"inc_total"
"AT_2023","gini_within_nwx",NA,NA,NA,NA,"inc_total"
"AT_2023","gini_between_nwx",NA,NA,NA,NA,"inc_total"
"AT_2023","d_gini_within",NA,NA,NA,NA,"inc_total"
"AT_2023","d_gini_between",NA,NA,NA,NA,"inc_total"
"AT_2023","gini_share_between_nw",0.150101416906461,0.0152590310588397,0.120193716031136,0.180009117781787,"inc_total"
"AT_2023","gini_share_between_nwx",NA,NA,NA,NA,"inc_total"
"AT_2023","d_gini_share_between",NA,NA,NA,NA,"inc_total"
"AT_2023","mld_within_nw",1.19727498893859,0.0342984912092168,1.13004994616853,1.26450003170866,"inc_total"
"AT_2023","mld_between_nw",0.179112021261133,0.0261732168676116,0.127812516200615,0.230411526321652,"inc_total"
"AT_2023","mld_within_nwx",1.18823610492569,0.0423847710010516,1.10516195376363,1.27131025608775,"inc_total"
"AT_2023","mld_between_nwx",0.170049584226192,0.0335178199727588,0.104354657079585,0.2357445113728,"inc_total"
"AT_2023","d_mld_within",0.00903888401290089,0.0256303802909603,-0.0411966613573813,0.0592744293831831,"inc_total"
"AT_2023","d_mld_between",0.00906243703494092,0.0215956160136698,-0.0332649703518518,0.0513898444217337,"inc_total"
"AT_2023","mld_wtkept_nw",0.95517497834344,0.00385849285553837,0.947612332346585,0.962737624340296,"inc_total"
"AT_2023","mld_wtkept_nwx",0.773408570733856,0.00925997653075395,0.755259016733578,0.791558124734133,"inc_total"
"AT_2023","mld_ngrp_nw",3,0,3,3,"inc_total"
"AT_2023","mld_ngrp_nwx",3,0,3,3,"inc_total"
"AT_2023","I_nw",0.646640446344222,0.018894450490089,0.609607323383647,0.683673569304796,"inc_total"
"AT_2023","I_nwx",0.495072212440675,0.0322186669151204,0.431923625287039,0.558220799594311,"inc_total"
"AT_2023","d_I",0.151568233903547,0.033255699037388,0.0863870637902667,0.216749404016828,"inc_total"
"AT_2023","n_valid",2832.8,1.2,2830.448,2835.152,"inc_total"
"AT_2023","pct_valid",1,0,1,1,"inc_total"
"BE_2023","cv2_total_nw",3.217436474756,1.26777352094271,0.732600373708288,5.70227257580371,"inc_total"
"BE_2023","cv2_within_nw",2.98361315109612,1.2268806336247,0.578927109191702,5.38829919300054,"inc_total"
"BE_2023","cv2_between_nw",0.233823323659879,0.0607931478374666,0.114668753898444,0.352977893421313,"inc_total"
"BE_2023","cv2_total_nwx",5.99461286009577,4.28886525421541,-2.41156303816642,14.400788758358,"inc_total"
"BE_2023","cv2_within_nwx",5.69043122024907,4.30826022279708,-2.75375881643321,14.1346212569313,"inc_total"
"BE_2023","cv2_between_nwx",0.304181639846706,0.0891092192691914,0.129527570079091,0.478835709614322,"inc_total"
"BE_2023","d_cv2_within",-2.70681806915295,3.81242157073796,-10.1791643477993,4.76552820949345,"inc_total"
"BE_2023","d_cv2_between",-0.0703583161868278,0.0815745251833372,-0.230244385546169,0.0895277531725132,"inc_total"
"BE_2023","cv2_share_between_nw",0.0726777419122615,0.0216589645107352,0.0302261714712205,0.115129312353303,"inc_total"
"BE_2023","cv2_share_between_nwx",0.0507492814433016,0.0232329979966752,0.00521260536981814,0.0962859575167851,"inc_total"
"BE_2023","d_cv2_share_between",0.0219284604689599,0.031243668459547,-0.0393091297117521,0.083166050649672,"inc_total"
"BE_2023","var_total_nw",545515271171.561,313501350779.107,-68947376355.4895,1159977918698.61,"inc_total"
"BE_2023","var_within_nw",505867694873.935,299324341713.37,-80808014884.27,1092543404632.14,"inc_total"
"BE_2023","var_between_nw",39647576297.6265,17167769867.7794,5998747356.77893,73296405238.474,"inc_total"
"BE_2023","var_total_nwx",595594778304.228,398742377582.708,-185940281757.879,1377129838366.34,"inc_total"
"BE_2023","var_within_nwx",565368881154.551,394913652815.31,-208661878363.457,1339399640672.56,"inc_total"
"BE_2023","var_between_nwx",30225897149.6771,13844962933.1363,3089769800.73,57362024498.6241,"inc_total"
"BE_2023","var_share_between_nw",0.0726777419122615,0.0216589645107352,0.0302261714712205,0.115129312353303,"inc_total"
"BE_2023","var_share_between_nwx",0.0507492814433016,0.0232329979966752,0.00521260536981814,0.0962859575167851,"inc_total"
"BE_2023","d_var_share_between",0.0219284604689599,0.031243668459547,-0.0393091297117522,0.083166050649672,"inc_total"
"BE_2023","gini_total_nw",0.603788573368038,0.0208249203354602,0.562971729510536,0.64460541722554,"inc_total"
"BE_2023","gini_within_nw",0.538137937418595,0.0116437210747308,0.515316244112122,0.560959630725067,"inc_total"
"BE_2023","gini_between_nw",0.0656506359494436,0.0150878766810895,0.0360783976545082,0.0952228742443791,"inc_total"
"BE_2023","gini_total_nwx",0.769565574886265,0.142292528269542,0.490672219477962,1.04845893029457,"inc_total"
"BE_2023","gini_within_nwx",0.692941200646498,0.112430836189038,0.472576761715984,0.913305639577011,"inc_total"
"BE_2023","gini_between_nwx",0.0766243742397676,0.03459566317605,0.00881687441470963,0.144431874064826,"inc_total"
"BE_2023","d_gini_within",-0.154803263227903,0.110674684340798,-0.371725644535866,0.0621191180800603,"inc_total"
"BE_2023","d_gini_between",-0.0109737382903239,0.023720675191902,-0.0574662616664519,0.035518785085804,"inc_total"
"BE_2023","gini_share_between_nw",0.108733186105016,0.0210777988845376,0.0674207002913219,0.150045671918709,"inc_total"
"BE_2023","gini_share_between_nwx",0.0995703797257159,0.0248383078827787,0.0508872962754696,0.148253463175962,"inc_total"
"BE_2023","d_gini_share_between",0.00916280637929979,0.00836825906049007,-0.00723898137926075,0.0255645941378603,"inc_total"
"BE_2023","mld_within_nw",0.964952420664439,0.0472407717048412,0.87236050812295,1.05754433320593,"inc_total"
"BE_2023","mld_between_nw",0.108333515868452,0.0283481753273832,0.0527710922267811,0.163895939510123,"inc_total"
"BE_2023","mld_within_nwx",0.968620638692246,0.049603572794371,0.871397636015279,1.06584364136921,"inc_total"
"BE_2023","mld_between_nwx",0.112814869950045,0.0302093677609908,0.0536045091385028,0.172025230761587,"inc_total"
"BE_2023","d_mld_within",-0.00366821802780717,0.0185829207058126,-0.0400907426111999,0.0327543065555856,"inc_total"
"BE_2023","d_mld_between",-0.00448135408159256,0.00918935393860359,-0.0224924878012556,0.0135297796380705,"inc_total"
"BE_2023","mld_wtkept_nw",0.98065265233251,0.00410770901999447,0.972601542653321,0.988703762011699,"inc_total"
"BE_2023","mld_wtkept_nwx",0.904891235987047,0.00910499921396469,0.887045437527676,0.922737034446418,"inc_total"
"BE_2023","mld_ngrp_nw",3,0,3,3,"inc_total"
"BE_2023","mld_ngrp_nwx",3,0,3,3,"inc_total"
"BE_2023","I_nw",0.534865068764098,0.0363097726987723,0.463697914274505,0.606032223253692,"inc_total"
"BE_2023","I_nwx",0.513219837857018,0.0432960271885457,0.428359624567468,0.598080051146567,"inc_total"
"BE_2023","d_I",0.0216452309070807,0.0270620898912033,-0.0313964652796777,0.0746869270938391,"inc_total"
"BE_2023","n_valid",2047,753.002626157439,571.114852731419,3522.88514726858,"inc_total"
"BE_2023","pct_valid",1,0.367856681073493,0.279000905095955,1.72099909490405,"inc_total"
"CY_2023","cv2_total_nw",2.28997430106858,0.367545089828102,1.5695859250055,3.01036267713166,"inc_total"
"CY_2023","cv2_within_nw",2.01105207892412,0.357990734524501,1.3093902392561,2.71271391859214,"inc_total"
"CY_2023","cv2_between_nw",0.278922222144463,0.0553785152569757,0.170380332240791,0.387464112048136,"inc_total"
"CY_2023","cv2_total_nwx",4.39447599443315,0.767259287944224,2.89064779006247,5.89830419880383,"inc_total"
"CY_2023","cv2_within_nwx",4.04750006654007,0.756453671881084,2.56485086965314,5.53014926342699,"inc_total"
"CY_2023","cv2_between_nwx",0.34697592789308,0.0892370453879365,0.172071318932725,0.521880536853436,"inc_total"
"CY_2023","d_cv2_within",-2.03644798761595,0.561543147799498,-3.13707255730296,-0.935823417928931,"inc_total"
"CY_2023","d_cv2_between",-0.068053705748617,0.0522750722993609,-0.170512847455364,0.0344054359581303,"inc_total"
"CY_2023","cv2_share_between_nw",0.122492060419901,0.0268550830840388,0.0698560975751852,0.175128023264617,"inc_total"
"CY_2023","cv2_share_between_nwx",0.0791181694109311,0.0225455274536827,0.034928935601713,0.123307403220149,"inc_total"
"CY_2023","d_cv2_share_between",0.0433738910089701,0.0194279704000719,0.00529506902482916,0.0814527129931111,"inc_total"
"CY_2023","var_total_nw",350208446830.641,78916625035.98,195531861760.12,504885031901.161,"inc_total"
"CY_2023","var_within_nw",307651946616.543,74620790933.2776,161395196387.319,453908696845.767,"inc_total"
"CY_2023","var_between_nw",42556500214.0978,9735765473.46696,23474399886.1026,61638600542.0931,"inc_total"
"CY_2023","var_total_nwx",336777770535.304,77430792270.0245,185013417686.056,488542123384.552,"inc_total"
"CY_2023","var_within_nwx",310270597554.334,74080523911.6337,165072770687.532,455468424421.136,"inc_total"
"CY_2023","var_between_nwx",26507172980.9701,8183977811.58759,10466576470.2584,42547769491.6818,"inc_total"
"CY_2023","var_share_between_nw",0.122492060419901,0.0268550830840388,0.0698560975751852,0.175128023264617,"inc_total"
"CY_2023","var_share_between_nwx",0.0791181694109311,0.0225455274536827,0.034928935601713,0.123307403220149,"inc_total"
"CY_2023","d_var_share_between",0.0433738910089701,0.0194279704000719,0.00529506902482916,0.0814527129931111,"inc_total"
"CY_2023","gini_total_nw",0.610119338682465,0.0168253045804038,0.577141741704874,0.643096935660056,"inc_total"
"CY_2023","gini_within_nw",0.519907138884627,0.0214456678911054,0.477873629818061,0.561940647951194,"inc_total"
"CY_2023","gini_between_nw",0.0902121997978376,0.0161268732532159,0.0586035282215344,0.121820871374141,"inc_total"
"CY_2023","gini_total_nwx",0.866307399021542,0.0513250638873063,0.765710273802422,0.966904524240663,"inc_total"
"CY_2023","gini_within_nwx",0.767004199446101,0.0492394371416572,0.670494902648453,0.863513496243749,"inc_total"
"CY_2023","gini_between_nwx",0.0993031995754415,0.0207726118599113,0.0585888803300153,0.140017518820868,"inc_total"
"CY_2023","d_gini_within",-0.247097060561473,0.0455555791542933,-0.336385995703888,-0.157808125419058,"inc_total"
"CY_2023","d_gini_between",-0.00909099977760388,0.00949114613788751,-0.0276936462078634,0.00951164665265563,"inc_total"
"CY_2023","gini_share_between_nw",0.147899529374724,0.0260511867706732,0.096839203304204,0.198959855445243,"inc_total"
"CY_2023","gini_share_between_nwx",0.114587945012876,0.0229044609497437,0.0696952015513779,0.159480688474373,"inc_total"
"CY_2023","d_gini_share_between",0.033311584361848,0.0104542084091551,0.012821335879904,0.0538018328437919,"inc_total"
"CY_2023","mld_within_nw",0.883558939729811,0.0580109751163857,0.769857428501695,0.997260450957927,"inc_total"
"CY_2023","mld_between_nw",0.132802666136957,0.0300646998471237,0.0738758544365947,0.191729477837319,"inc_total"
"CY_2023","mld_within_nwx",0.950565732448242,0.0652665919023045,0.822643212319725,1.07848825257676,"inc_total"
"CY_2023","mld_between_nwx",0.136656057951942,0.0346661196642068,0.0687104634100966,0.204601652493787,"inc_total"
"CY_2023","d_mld_within",-0.0670067927184311,0.023665503926604,-0.113391180414575,-0.0206224050222872,"inc_total"
"CY_2023","d_mld_between",-0.00385339181498491,0.0111817178024542,-0.0257695587077952,0.0180627750778253,"inc_total"
"CY_2023","mld_wtkept_nw",0.958320523284272,0.00912223569895996,0.94044094131431,0.976200105254233,"inc_total"
"CY_2023","mld_wtkept_nwx",0.844002258424334,0.0151261602324336,0.814354984368764,0.873649532479904,"inc_total"
"CY_2023","mld_ngrp_nw",3,0,3,3,"inc_total"
"CY_2023","mld_ngrp_nwx",3,0,3,3,"inc_total"
"CY_2023","I_nw",0.642234346756696,0.0488142110485012,0.546558493101634,0.737910200411758,"inc_total"
"CY_2023","I_nwx",0.500167053803456,0.0537521561051177,0.394812827837426,0.605521279769487,"inc_total"
"CY_2023","d_I",0.14206729295324,0.0406553923534774,0.0623827239404241,0.221751861966055,"inc_total"
"CY_2023","n_valid",1255.8,464.925608242867,344.54580784398,2167.05419215602,"inc_total"
"CY_2023","pct_valid",1,0.370222427280415,0.274364042530386,1.72563595746961,"inc_total"
"DE_2023","cv2_total_nw",4.32188964560479,0.620234632517917,3.10622976586968,5.53754952533991,"inc_total"
"DE_2023","cv2_within_nw",3.91865379885247,0.679793798971918,2.58625795286751,5.25104964483743,"inc_total"
"DE_2023","cv2_between_nw",0.403235846752328,0.0898140957581825,0.22720021906629,0.579271474438366,"inc_total"
"DE_2023","cv2_total_nwx",15.9781145117124,4.19002220903848,7.76567098199697,24.1905580414278,"inc_total"
"DE_2023","cv2_within_nwx",15.3560536232111,4.09961216834705,7.32081377325085,23.3912934731713,"inc_total"
"DE_2023","cv2_between_nwx",0.622060888501311,0.174893922742771,0.27926879992548,0.964852977077143,"inc_total"
"DE_2023","d_cv2_within",-11.4373998243586,4.37301736134876,-20.0085138526022,-2.86628579611503,"inc_total"
"DE_2023","d_cv2_between",-0.218825041748983,0.106271860453717,-0.427117888238269,-0.0105321952596972,"inc_total"
"DE_2023","cv2_share_between_nw",0.0934431700417601,0.027054603986128,0.0404161462289491,0.146470193854571,"inc_total"
"DE_2023","cv2_share_between_nwx",0.0389600921262892,0.0123739786673966,0.0147070939381918,0.0632130903143866,"inc_total"
"DE_2023","d_cv2_share_between",0.0544830779154709,0.0247595361998684,0.00595438696372885,0.103011768867213,"inc_total"
"DE_2023","var_total_nw",459866015549.163,105204433193.49,253665326489.924,666066704608.403,"inc_total"
"DE_2023","var_within_nw",416989498102.62,108293044048.771,204735131767.029,629243864438.212,"inc_total"
"DE_2023","var_between_nw",42876517446.543,9007132565.48783,25222537618.1868,60530497274.8991,"inc_total"
"DE_2023","var_total_nwx",799255126985.569,152171207854.63,500999559590.494,1097510694380.64,"inc_total"
"DE_2023","var_within_nwx",768157894396.561,152057975847.907,470124261734.663,1066191527058.46,"inc_total"
"DE_2023","var_between_nwx",31097232589.0082,6873671595.94521,17624836260.9556,44569628917.0608,"inc_total"
"DE_2023","var_share_between_nw",0.0934431700417601,0.027054603986128,0.0404161462289491,0.146470193854571,"inc_total"
"DE_2023","var_share_between_nwx",0.0389600921262892,0.0123739786673966,0.0147070939381918,0.0632130903143866,"inc_total"
"DE_2023","d_var_share_between",0.0544830779154709,0.0247595361998684,0.00595438696372885,0.103011768867213,"inc_total"
"DE_2023","gini_total_nw",0.723788804903286,0.0179961628152808,0.688516325785335,0.759061284021236,"inc_total"
"DE_2023","gini_within_nw",0.611319650299379,0.0353890572583903,0.541957098072934,0.680682202525824,"inc_total"
"DE_2023","gini_between_nw",0.112469154603907,0.0218205501858527,0.0697008762396354,0.155237432968178,"inc_total"
"DE_2023","gini_total_nwx",1.12470950627349,0.096645919711765,0.935283503638432,1.31413550890855,"inc_total"
"DE_2023","gini_within_nwx",0.98792139741142,0.0852437010107331,0.820843743430383,1.15499905139246,"inc_total"
"DE_2023","gini_between_nwx",0.136788108862071,0.0309028892884779,0.0762184458566547,0.197357771867488,"inc_total"
"DE_2023","d_gini_within",-0.376601747112042,0.0965817714869638,-0.565902019226491,-0.187301474997593,"inc_total"
"DE_2023","d_gini_between",-0.0243189542581646,0.0118485736056819,-0.0475421585253012,-0.00109574999102802,"inc_total"
"DE_2023","gini_share_between_nw",0.155401006899688,0.031876800796814,0.0929224773379326,0.217879536461444,"inc_total"
"DE_2023","gini_share_between_nwx",0.121661159776242,0.0247607865275882,0.0731300181821688,0.170192301370315,"inc_total"
"DE_2023","d_gini_share_between",0.0337398471234464,0.0123116620914758,0.00960898942415378,0.057870704822739,"inc_total"
"DE_2023","mld_within_nw",1.31435394477687,0.104941140998113,1.10866930842057,1.52003858113317,"inc_total"
"DE_2023","mld_between_nw",0.176123322211886,0.0461979646701171,0.0855753114584568,0.266671332965316,"inc_total"
"DE_2023","mld_within_nwx",1.34770621045442,0.110894446292819,1.1303530957205,1.56505932518835,"inc_total"
"DE_2023","mld_between_nwx",0.187008737849336,0.0517845723252629,0.0855109760918205,0.288506499606851,"inc_total"
"DE_2023","d_mld_within",-0.0333522656775483,0.0229448160601947,-0.07832410515553,0.0116195738004333,"inc_total"
"DE_2023","d_mld_between",-0.0108854156374494,0.0107600829926337,-0.0319751783030113,0.0102043470281126,"inc_total"
"DE_2023","mld_wtkept_nw",0.936325845264877,0.0111303928199044,0.914510275337864,0.958141415191889,"inc_total"
"DE_2023","mld_wtkept_nwx",0.866533990379965,0.010989027926449,0.844995495644125,0.888072485115805,"inc_total"
"DE_2023","mld_ngrp_nw",3,0,3,3,"inc_total"
"DE_2023","mld_ngrp_nwx",3,0,3,3,"inc_total"
"DE_2023","I_nw",0.63005667184269,0.047399475305143,0.53715370024461,0.722959643440771,"inc_total"
"DE_2023","I_nwx",0.561542574079513,0.0368608497103031,0.489295308647319,0.633789839511707,"inc_total"
"DE_2023","d_I",0.0685140977631772,0.0260949135134932,0.0173680672767306,0.119660128249624,"inc_total"
"DE_2023","n_valid",3973.6,1449.20611501608,1133.15601456848,6814.04398543152,"inc_total"
"DE_2023","pct_valid",1,0.364708571152872,0.285171200540371,1.71482879945963,"inc_total"
"EE_2023","cv2_total_nw",9.76261081805231,2.84747335659721,4.18156303912177,15.3436585969828,"inc_total"
"EE_2023","cv2_within_nw",9.37619418009632,2.80908308588355,3.87039133176456,14.8819970284281,"inc_total"
"EE_2023","cv2_between_nw",0.386416637955993,0.0651698180532378,0.258683794571647,0.514149481340339,"inc_total"
"EE_2023","cv2_total_nwx",11.8508497561238,3.24439339842454,5.49183869521169,18.2098608170359,"inc_total"
"EE_2023","cv2_within_nwx",11.444467984388,3.20575760007748,5.1611830882361,17.7277528805398,"inc_total"
"EE_2023","cv2_between_nwx",0.406381771735824,0.0728600800077028,0.263576014920727,0.549187528550921,"inc_total"
"EE_2023","d_cv2_within",-2.06827380429165,0.686674407465748,-3.41415564292452,-0.722391965658785,"inc_total"
"EE_2023","d_cv2_between",-0.019965133779831,0.0174013089248262,-0.0540716992724903,0.0141414317128283,"inc_total"
"EE_2023","cv2_share_between_nw",0.0395962639921935,0.0130784819362795,0.0139624393970856,0.0652300885873014,"inc_total"
"EE_2023","cv2_share_between_nwx",0.0343020776049847,0.010548142089712,0.0136277191091492,0.0549764361008201,"inc_total"
"EE_2023","d_cv2_share_between",0.00529418638720883,0.00438292797952008,-0.00329635245265053,0.0138847252270682,"inc_total"
"EE_2023","var_total_nw",431928758234.025,162003025357.503,114402828533.32,749454687934.73,"inc_total"
"EE_2023","var_within_nw",414838516128.93,158537115324.415,104105770093.078,725571262164.783,"inc_total"
"EE_2023","var_between_nw",17090242105.0945,4411249936.69948,8444192229.16348,25736291981.0254,"inc_total"
"EE_2023","var_total_nwx",426641073053.195,152855165194.51,127044949271.954,726237196834.435,"inc_total"
"EE_2023","var_within_nwx",412016924000.056,149777973050.586,118452096820.907,705581751179.205,"inc_total"
"EE_2023","var_between_nwx",14624149053.1391,4055200300.87358,6675956463.42684,22572341642.8513,"inc_total"
"EE_2023","var_share_between_nw",0.0395962639921935,0.0130784819362795,0.0139624393970856,0.0652300885873014,"inc_total"
"EE_2023","var_share_between_nwx",0.0343020776049847,0.010548142089712,0.0136277191091492,0.0549764361008201,"inc_total"
"EE_2023","d_var_share_between",0.00529418638720883,0.00438292797952008,-0.00329635245265053,0.0138847252270682,"inc_total"
"EE_2023","gini_total_nw",0.654767209834333,0.0182902376093724,0.618918344119963,0.690616075548703,"inc_total"
"EE_2023","gini_within_nw",0.549391267012141,0.0156693011111291,0.518679436834327,0.580103097189954,"inc_total"
"EE_2023","gini_between_nw",0.105375942822193,0.0155291452565188,0.0749388181194157,0.135813067524969,"inc_total"
"EE_2023","gini_total_nwx",0.73128281822491,0.0242344866776772,0.683783224336663,0.778782412113157,"inc_total"
"EE_2023","gini_within_nwx",0.62043493877782,0.0212339734640855,0.578816350788212,0.662053526767427,"inc_total"
"EE_2023","gini_between_nwx",0.11084787944709,0.0171666713674845,0.0772012035668205,0.14449455532736,"inc_total"
"EE_2023","d_gini_within",-0.0710436717656793,0.0161934567735099,-0.102782847041759,-0.0393044964895999,"inc_total"
"EE_2023","d_gini_between",-0.00547193662489756,0.00436175303576968,-0.0140209725750061,0.00307709932521101,"inc_total"
"EE_2023","gini_share_between_nw",0.160946618133392,0.0213388527042266,0.119122466833107,0.202770769433676,"inc_total"
"EE_2023","gini_share_between_nwx",0.151582635473569,0.0212359598797936,0.109960154109174,0.193205116837965,"inc_total"
"EE_2023","d_gini_share_between",0.00936398265982227,0.00386638173180623,0.00178587446548207,0.0169420908541625,"inc_total"
"EE_2023","mld_within_nw",0.859092449258576,0.047824472441105,0.76535648327401,0.952828415243142,"inc_total"
"EE_2023","mld_between_nw",0.17369886371648,0.0322533491905964,0.110482299302912,0.236915428130049,"inc_total"
"EE_2023","mld_within_nwx",0.888145082755122,0.0499625828593407,0.790218420350815,0.98607174515943,"inc_total"
"EE_2023","mld_between_nwx",0.174331873155135,0.0338440525494665,0.10799753015818,0.240666216152089,"inc_total"
"EE_2023","d_mld_within",-0.0290526334965465,0.00812036338121928,-0.0449685457237363,-0.0131367212693567,"inc_total"
"EE_2023","d_mld_between",-0.000633009438654281,0.00359442038498147,-0.00767807339321797,0.00641205451590941,"inc_total"
"EE_2023","mld_wtkept_nw",0.969252375654767,0.0044975875520056,0.960437104052836,0.978067647256698,"inc_total"
"EE_2023","mld_wtkept_nwx",0.934186799003196,0.00610474960584128,0.922221489775747,0.946152108230645,"inc_total"
"EE_2023","mld_ngrp_nw",3,0,3,3,"inc_total"
"EE_2023","mld_ngrp_nwx",3,0,3,3,"inc_total"
"EE_2023","I_nw",0.631332799682516,0.0252014563243843,0.581937945286723,0.680727654078309,"inc_total"
"EE_2023","I_nwx",0.584798680851961,0.0263609588069826,0.533131201590275,0.636466160113646,"inc_total"
"EE_2023","d_I",0.0465341188305552,0.0126738087554882,0.0216934536697983,0.0713747839913121,"inc_total"
"EE_2023","n_valid",2592,955.622232370093,718.980424554618,4465.01957544538,"inc_total"
"EE_2023","pct_valid",1,0.368681416809449,0.277384423053479,1.72261557694652,"inc_total"
"ES_2023","cv2_total_nw",24.2386709305827,9.41922159068596,5.77699661283824,42.7003452483272,"inc_total"
"ES_2023","cv2_within_nw",23.7634100173426,9.38493852494786,5.36893050844483,42.1578895262404,"inc_total"
"ES_2023","cv2_between_nw",0.47526091324008,0.0521513594188956,0.373044248779045,0.577477577701115,"inc_total"
"ES_2023","cv2_total_nwx",96.0293317994011,40.0804167846307,17.4717149015249,174.586948697277,"inc_total"
"ES_2023","cv2_within_nwx",95.4853546994896,40.0976514291538,16.8939578983482,174.076751500631,"inc_total"
"ES_2023","cv2_between_nwx",0.543977099911534,0.111958626560332,0.324538191853284,0.763416007969784,"inc_total"
"ES_2023","d_cv2_within",-71.721944682147,35.8681642997771,-142.02354670971,-1.42034265458381,"inc_total"
"ES_2023","d_cv2_between",-0.0687161866714539,0.101092108701646,-0.266856719726681,0.129424346383773,"inc_total"
"ES_2023","cv2_share_between_nw",0.0196263831309691,0.0102939905374278,-0.000549838322389366,0.0398026045843276,"inc_total"
"ES_2023","cv2_share_between_nwx",0.00566845532951939,0.003755245959273,-0.0016918267506557,0.0130287374096945,"inc_total"
"ES_2023","d_cv2_share_between",0.0139579278014498,0.00906124304528093,-0.00380210856730088,0.0317179641702004,"inc_total"
"ES_2023","var_total_nw",2508239043109.33,1278115607894.91,3132451635.30566,5013345634583.36,"inc_total"
"ES_2023","var_within_nw",2459063634030.16,1268860368036.53,-27902687321.4419,4946029955381.76,"inc_total"
"ES_2023","var_between_nw",49175409079.1715,11314118414.884,26999736985.9988,71351081172.3442,"inc_total"
"ES_2023","var_total_nwx",3062863842981.62,1329758406606,456537366033.86,5669190319929.38,"inc_total"
"ES_2023","var_within_nwx",3045506003012.22,1326074767676.76,446399458365.782,5644612547658.67,"inc_total"
"ES_2023","var_between_nwx",17357839969.3944,7969579340.89299,1737464461.24409,32978215477.5446,"inc_total"
"ES_2023","var_share_between_nw",0.0196263831309691,0.0102939905374278,-0.000549838322389366,0.0398026045843276,"inc_total"
"ES_2023","var_share_between_nwx",0.00566845532951939,0.003755245959273,-0.0016918267506557,0.0130287374096945,"inc_total"
"ES_2023","d_var_share_between",0.0139579278014498,0.00906124304528093,-0.00380210856730087,0.0317179641702004,"inc_total"
"ES_2023","gini_total_nw",0.673525310581896,0.0156566584567014,0.642838260006761,0.704212361157031,"inc_total"
"ES_2023","gini_within_nw",0.541699105494306,0.00835367950224194,0.525325893669912,0.5580723173187,"inc_total"
"ES_2023","gini_between_nw",0.13182620508759,0.0118715883905447,0.108557891842123,0.155094518333058,"inc_total"
"ES_2023","gini_total_nwx",1.22347055933128,0.187344778164526,0.856274794128809,1.59066632453375,"inc_total"
"ES_2023","gini_within_nwx",1.03531402552274,0.150608498770999,0.740121367931583,1.3305066831139,"inc_total"
"ES_2023","gini_between_nwx",0.188156533808537,0.0434721318035633,0.102951155473553,0.273361912143521,"inc_total"
"ES_2023","d_gini_within",-0.493614920028436,0.149838660766895,-0.78729869513155,-0.199931144925323,"inc_total"
"ES_2023","d_gini_between",-0.0563303287209466,0.0388289645237936,-0.132435099187582,0.0197744417456888,"inc_total"
"ES_2023","gini_share_between_nw",0.195725907580658,0.013694439637339,0.168884805891474,0.222567009269843,"inc_total"
"ES_2023","gini_share_between_nwx",0.1537767552015,0.0177037265274532,0.119077451207691,0.188476059195308,"inc_total"
"ES_2023","d_gini_share_between",0.0419491523791589,0.0107408013309437,0.0208971817705093,0.0630011229878085,"inc_total"
"ES_2023","mld_within_nw",0.884905496131043,0.0331640333711099,0.819903990723667,0.949907001538418,"inc_total"
"ES_2023","mld_between_nw",0.220191569181883,0.0255929699120804,0.170029348154205,0.27035379020956,"inc_total"
"ES_2023","mld_within_nwx",0.886131366511698,0.0377836254539273,0.812075460622001,0.960187272401396,"inc_total"
"ES_2023","mld_between_nwx",0.207408256125892,0.0300434821592302,0.148523031093801,0.266293481157983,"inc_total"
"ES_2023","d_mld_within",-0.00122587038065525,0.0171954051804608,-0.0349288645343584,0.0324771237730479,"inc_total"
"ES_2023","d_mld_between",0.012783313055991,0.0126829633309642,-0.0120752950726989,0.0376419211846808,"inc_total"
"ES_2023","mld_wtkept_nw",0.942243804562983,0.00433292309657413,0.933751275293698,0.950736333832268,"inc_total"
"ES_2023","mld_wtkept_nwx",0.840909915603743,0.00733285423063417,0.8265375213117,0.855282309895786,"inc_total"
"ES_2023","mld_ngrp_nw",3,0,3,3,"inc_total"
"ES_2023","mld_ngrp_nwx",3,0,3,3,"inc_total"
"ES_2023","I_nw",0.664190138695273,0.0175075877196289,0.629875266764801,0.698505010625746,"inc_total"
"ES_2023","I_nwx",0.565645579701209,0.0219774733700776,0.522569731895856,0.608721427506561,"inc_total"
"ES_2023","d_I",0.0985445589940646,0.0197669500111094,0.0598013369722902,0.137287781015839,"inc_total"
"ES_2023","n_valid",6380.8,2342.53115390169,1789.43893835268,10972.1610616473,"inc_total"
"ES_2023","pct_valid",0.999498746867168,0.366937837390616,0.28030058558156,1.71869690815278,"inc_total"
"FR_2023","cv2_total_nw",7.61001337636958,2.37127356385893,2.96231719120607,12.2577095615331,"inc_total"
"FR_2023","cv2_within_nw",7.07103854901982,2.36464720229008,2.43633003253125,11.7057470655084,"inc_total"
"FR_2023","cv2_between_nw",0.538974827349762,0.0544574425334042,0.43223823998429,0.645711414715235,"inc_total"
"FR_2023","cv2_total_nwx",91.5157377459653,69.233925265405,-44.1827557742285,227.214231266159,"inc_total"
"FR_2023","cv2_within_nwx",90.2967464421833,69.2293424309733,-45.3927647225244,225.986257606891,"inc_total"
"FR_2023","cv2_between_nwx",1.218991303782,0.22669926921332,0.774660736123892,1.66332187144011,"inc_total"
"FR_2023","d_cv2_within",-83.2257078931635,69.032334170479,-218.529082867302,52.0776670809753,"inc_total"
"FR_2023","d_cv2_between",-0.680016476432236,0.196391861863374,-1.06494452568445,-0.295088427180024,"inc_total"
"FR_2023","cv2_share_between_nw",0.07082442575244,0.0212113626455571,0.0292501549671481,0.112398696537732,"inc_total"
"FR_2023","cv2_share_between_nwx",0.0133200183247798,0.0142118719187972,-0.0145352506360628,0.0411752872856224,"inc_total"
"FR_2023","d_cv2_share_between",0.0575044074276602,0.0221962114763377,0.0139998329340383,0.101008981921282,"inc_total"
"FR_2023","var_total_nw",838296607476.318,279535647808.365,290406737771.923,1386186477180.71,"inc_total"
"FR_2023","var_within_nw",778924731641.589,278486494739.428,233091201952.31,1324758261330.87,"inc_total"
"FR_2023","var_between_nw",59371875834.7288,5476952312.54639,48637049302.1379,70106702367.3197,"inc_total"
"FR_2023","var_total_nwx",3089455181713.58,1988426750919.03,-807861250087.723,6986771613514.89,"inc_total"
"FR_2023","var_within_nwx",3048303582079.57,1990926384277.89,-853912131105.092,6950519295264.24,"inc_total"
"FR_2023","var_between_nwx",41151599634.0108,5900929538.93218,29585777737.7037,52717421530.3179,"inc_total"
"FR_2023","var_share_between_nw",0.07082442575244,0.0212113626455571,0.0292501549671481,0.112398696537732,"inc_total"
"FR_2023","var_share_between_nwx",0.0133200183247798,0.0142118719187972,-0.0145352506360628,0.0411752872856224,"inc_total"
"FR_2023","d_var_share_between",0.0575044074276602,0.0221962114763377,0.0139998329340383,0.101008981921282,"inc_total"
"FR_2023","gini_total_nw",0.677710245115626,0.014997407506877,0.648315326402147,0.707105163829105,"inc_total"
"FR_2023","gini_within_nw",0.526146592754799,0.00594603130624405,0.51449237139456,0.537800814115037,"inc_total"
"FR_2023","gini_between_nw",0.151563652360827,0.0145770586161243,0.122992617473223,0.180134687248431,"inc_total"
"FR_2023","gini_total_nwx",1.39102412070724,0.141334013766984,1.11400945372396,1.66803878769053,"inc_total"
"FR_2023","gini_within_nwx",NA,NA,NA,NA,"inc_total"
"FR_2023","gini_between_nwx",NA,NA,NA,NA,"inc_total"
"FR_2023","d_gini_within",NA,NA,NA,NA,"inc_total"
"FR_2023","d_gini_between",NA,NA,NA,NA,"inc_total"
"FR_2023","gini_share_between_nw",0.223640786683058,0.0174642462545452,0.18941086402415,0.257870709341967,"inc_total"
"FR_2023","gini_share_between_nwx",NA,NA,NA,NA,"inc_total"
"FR_2023","d_gini_share_between",NA,NA,NA,NA,"inc_total"
"FR_2023","mld_within_nw",1.00778088811564,0.0410307843173452,0.92736055085364,1.08820122537763,"inc_total"
"FR_2023","mld_between_nw",0.269307138741048,0.0322969200900696,0.206005175364511,0.332609102117584,"inc_total"
"FR_2023","mld_within_nwx",1.01521735318921,0.0403653852136294,0.936101198170495,1.09433350820792,"inc_total"
"FR_2023","mld_between_nwx",0.276442908610803,0.0357931635113434,0.20628830812857,0.346597509093036,"inc_total"
"FR_2023","d_mld_within",-0.00743646507357232,0.00931116779816763,-0.0256863539579809,0.0108134238108362,"inc_total"
"FR_2023","d_mld_between",-0.00713576986975528,0.00651729288892241,-0.0199096639320432,0.00563812419253264,"inc_total"
"FR_2023","mld_wtkept_nw",0.982232772210396,0.00210100885171221,0.97811479486104,0.986350749559752,"inc_total"
"FR_2023","mld_wtkept_nwx",0.878781455629698,0.00498766328091343,0.869005635599108,0.888557275660289,"inc_total"
"FR_2023","mld_ngrp_nw",3,0,3,3,"inc_total"
"FR_2023","mld_ngrp_nwx",3,0,3,3,"inc_total"
"FR_2023","I_nw",0.723711980746956,0.0265636971608222,0.671647134311744,0.775776827182167,"inc_total"
"FR_2023","I_nwx",0.639482984708033,0.0235878567270514,0.593250785523012,0.685715183893054,"inc_total"
"FR_2023","d_I",0.0842289960389228,0.0129863342880564,0.0587757808343323,0.109682211243513,"inc_total"
"FR_2023","n_valid",11912,4558.09266634631,2978.13837396124,20845.8616260388,"inc_total"
"FR_2023","pct_valid",1,0.382647134515305,0.250011616350003,1.74998838365,"inc_total"
"GR_2023","cv2_total_nw",2.43357289648006,0.411901390353327,1.62624617138754,3.24089962157258,"inc_total"
"GR_2023","cv2_within_nw",2.23435311875564,0.424880126687535,1.40158807044807,3.06711816706321,"inc_total"
"GR_2023","cv2_between_nw",0.199219777724417,0.0410695491268244,0.118723461435841,0.279716094012992,"inc_total"
"GR_2023","cv2_total_nwx",208.548204592111,57777.6732920962,-113035.691447916,113452.787857101,"inc_total"
"GR_2023","cv2_within_nwx",207.663027267165,57715.0729811595,-112913.880015806,113329.20607034,"inc_total"
"GR_2023","cv2_between_nwx",0.88517732494672,94.7130901049714,-184.752479280797,186.522833930691,"inc_total"
"GR_2023","d_cv2_within",-205.428674148409,57715.1055305188,-113327.035513965,112916.178165668,"inc_total"
"GR_2023","d_cv2_between",-0.685957547222303,94.7117987678595,-186.321083132227,184.949168037782,"inc_total"
"GR_2023","cv2_share_between_nw",0.0822360742193882,0.0279346363555963,0.0274841869624194,0.136987961476357,"inc_total"
"GR_2023","cv2_share_between_nwx",0.0206319352641397,0.0174570268271938,-0.0135838373171601,0.0548477078454394,"inc_total"
"GR_2023","d_cv2_share_between",0.0616041389552486,0.0239751672051434,0.0146128112331676,0.10859546667733,"inc_total"
"GR_2023","var_total_nw",71292222450.758,13459061798.2174,44912461326.2519,97671983575.2641,"inc_total"
"GR_2023","var_within_nw",65457989203.8949,13139494631.7188,39704579725.7259,91211398682.0638,"inc_total"
"GR_2023","var_between_nw",5834233246.86312,1826544045.74833,2254206917.19639,9414259576.52985,"inc_total"
"GR_2023","var_total_nwx",221670832631.454,338200589252.143,-441202322302.747,884543987565.654,"inc_total"
"GR_2023","var_within_nwx",219079193286.427,338580364540.529,-444538321213.01,882696707785.864,"inc_total"
"GR_2023","var_between_nwx",2591639345.02686,1301939850.49214,39837238.062253,5143441451.99146,"inc_total"
"GR_2023","var_share_between_nw",0.0822360742193882,0.0279346363555963,0.0274841869624194,0.136987961476357,"inc_total"
"GR_2023","var_share_between_nwx",0.0206319352641397,0.0174570268271938,-0.0135838373171601,0.0548477078454394,"inc_total"
"GR_2023","d_var_share_between",0.0616041389552486,0.0239751672051434,0.0146128112331676,0.10859546667733,"inc_total"
"GR_2023","gini_total_nw",0.584137606119118,0.0124191029887897,0.559796164261091,0.608479047977146,"inc_total"
"GR_2023","gini_within_nw",0.518253956154487,0.0150049594811859,0.488844235571363,0.547663676737611,"inc_total"
"GR_2023","gini_between_nw",0.0658836499646313,0.0124973937040162,0.0413887583047596,0.0903785416245031,"inc_total"
"GR_2023","gini_total_nwx",2.29422253135763,7.95213661802458,-13.2919652399706,17.8804103026858,"inc_total"
"GR_2023","gini_within_nwx",0.950573854651172,0.0959111809718176,0.76258793994641,1.13855976935593,"inc_total"
"GR_2023","gini_between_nwx",0.0722499799654522,0.0211328888014193,0.0308295179146704,0.113670442016234,"inc_total"
"GR_2023","d_gini_within",-0.433598805218649,0.0982444979357402,-0.6261580211727,-0.241039589264598,"inc_total"
"GR_2023","d_gini_between",-0.00621777560133045,0.0135806073927058,-0.0328357660910338,0.0204002148883729,"inc_total"
"GR_2023","gini_share_between_nw",0.11279187802236,0.0207313458588752,0.072158440138965,0.153425315905756,"inc_total"
"GR_2023","gini_share_between_nwx",0.0706416410486364,0.017062411707873,0.0371993141012053,0.104083967996067,"inc_total"
"GR_2023","d_gini_share_between",0.0426228135993793,0.0104683696200741,0.022104809144034,0.0631408180547245,"inc_total"
"GR_2023","mld_within_nw",0.858793490822039,0.0374679681522398,0.785356273243649,0.932230708400429,"inc_total"
"GR_2023","mld_between_nw",0.0989799971938279,0.018538861921017,0.0626438278286345,0.135316166559021,"inc_total"
"GR_2023","mld_within_nwx",0.993314831336477,0.0801789584743672,0.836164072726717,1.15046558994624,"inc_total"
"GR_2023","mld_between_nwx",0.0898435301634017,0.0203070326793599,0.0500417461118563,0.129645314214947,"inc_total"
"GR_2023","d_mld_within",-0.134521340514438,0.0641682784399515,-0.260291166256743,-0.00875151477213323,"inc_total"
"GR_2023","d_mld_between",0.00913646703042618,0.00960953156991586,-0.0096982148466089,0.0279711489074613,"inc_total"
"GR_2023","mld_wtkept_nw",0.991385614266428,0.00211182551110958,0.987246436264654,0.995524792268203,"inc_total"
"GR_2023","mld_wtkept_nwx",0.833688355500632,0.072542689095739,0.691504684872984,0.975872026128281,"inc_total"
"GR_2023","mld_ngrp_nw",3,0,3,3,"inc_total"
"GR_2023","mld_ngrp_nwx",3,0,3,3,"inc_total"
"GR_2023","I_nw",0.522302861701065,0.0371790824022346,0.449431860192685,0.595173863209445,"inc_total"
"GR_2023","I_nwx",0.355721725101099,0.0453881893625731,0.266760873950456,0.444682576251743,"inc_total"
"GR_2023","d_I",0.166581136599966,0.0398806714033061,0.0884150206494857,0.244747252550446,"inc_total"
"GR_2023","n_valid",3599,1371.83608131584,910.201280620954,6287.79871937905,"inc_total"
"GR_2023","pct_valid",1,0.381171459104151,0.252903940155864,1.74709605984414,"inc_total"
"HR_2023","cv2_total_nw",1.82276632917057,0.293121427622435,1.2482483310306,2.39728432731054,"inc_total"
"HR_2023","cv2_within_nw",1.71306414852656,0.281771758784092,1.16079150130974,2.26533679574338,"inc_total"
"HR_2023","cv2_between_nw",0.109702180644014,0.0294451066873355,0.051989771536836,0.167414589751191,"inc_total"
"HR_2023","cv2_total_nwx",2.82817224845324,0.454189346929094,1.93796112847221,3.71838336843426,"inc_total"
"HR_2023","cv2_within_nwx",2.70801649617058,0.440678546823858,1.84428654439582,3.57174644794534,"inc_total"
"HR_2023","cv2_between_nwx",0.120155752282657,0.0385856041975308,0.0445279680554965,0.195783536509817,"inc_total"
"HR_2023","d_cv2_within",-0.994952347644021,0.199265469374035,-1.38551266761713,-0.604392027670912,"inc_total"
"HR_2023","d_cv2_between",-0.0104535716386432,0.0151460540906521,-0.0401398376563213,0.019232694379035,"inc_total"
"HR_2023","cv2_share_between_nw",0.0601660565553394,0.0151645091087236,0.030443618702241,0.0898884944084377,"inc_total"
"HR_2023","cv2_share_between_nwx",0.0424619858927326,0.0128688167844242,0.0172391049952612,0.067684866790204,"inc_total"
"HR_2023","d_cv2_share_between",0.0177040706626068,0.00658901735262596,0.00478959665145988,0.0306185446737537,"inc_total"
"HR_2023","var_total_nw",61286409919.3963,13332099977.2714,35155493963.9443,87417325874.8482,"inc_total"
"HR_2023","var_within_nw",57598038154.0322,12649324785.8761,32805361573.7151,82390714734.3494,"inc_total"
"HR_2023","var_between_nw",3688371765.36404,1172525933.29755,1390220936.10084,5986522594.62724,"inc_total"
"HR_2023","var_total_nwx",60362240721.6611,13277122196.6443,34339081216.2383,86385400227.084,"inc_total"
"HR_2023","var_within_nwx",57797397348.6683,12714239238.0511,32877488442.0882,82717306255.2484,"inc_total"
"HR_2023","var_between_nwx",2564843372.99282,984011270.732786,636181282.356561,4493505463.62908,"inc_total"
"HR_2023","var_share_between_nw",0.0601660565553394,0.0151645091087236,0.030443618702241,0.0898884944084377,"inc_total"
"HR_2023","var_share_between_nwx",0.0424619858927326,0.0128688167844242,0.0172391049952612,0.067684866790204,"inc_total"
"HR_2023","d_var_share_between",0.0177040706626068,0.00658901735262597,0.00478959665145988,0.0306185446737537,"inc_total"
"HR_2023","gini_total_nw",0.539250849793568,0.0144433698347551,0.510941844917448,0.567559854669688,"inc_total"
"HR_2023","gini_within_nw",0.503361133380494,0.0131352865726858,0.47761597169803,0.529106295062958,"inc_total"
"HR_2023","gini_between_nw",0.0358897164130736,0.00877303210002307,0.0186945734970284,0.0530848593291189,"inc_total"
"HR_2023","gini_total_nwx",0.688506006099934,0.0210441419622139,0.647259487853995,0.729752524345873,"inc_total"
"HR_2023","gini_within_nwx",0.65453498339125,0.0204951312858823,0.614364526070921,0.69470544071158,"inc_total"
"HR_2023","gini_between_nwx",0.0339710227086834,0.00975179837344503,0.0148574978967311,0.0530845475206356,"inc_total"
"HR_2023","d_gini_within",-0.151173850010756,0.0176365406312763,-0.185741469648058,-0.116606230373455,"inc_total"
"HR_2023","d_gini_between",0.00191869370439028,0.0031543740171424,-0.00426387936920881,0.00810126677798938,"inc_total"
"HR_2023","gini_share_between_nw",0.0665526054310439,0.0153973704399556,0.0363737593687309,0.0967314514933569,"inc_total"
"HR_2023","gini_share_between_nwx",0.0493383780973302,0.0136852104687341,0.0225153655786115,0.076161390616049,"inc_total"
"HR_2023","d_gini_share_between",0.0172142273337137,0.00526269102679923,0.00689935292118718,0.0275291017462402,"inc_total"
"HR_2023","mld_within_nw",0.636372844880842,0.038024262634776,0.561845290116681,0.710900399645003,"inc_total"
"HR_2023","mld_between_nw",0.0500565210529963,0.0134376920741379,0.0237186445876861,0.0763943975183065,"inc_total"
"HR_2023","mld_within_nwx",0.720315379334677,0.0437379129868584,0.634589069880434,0.806041688788919,"inc_total"
"HR_2023","mld_between_nwx",0.0426292392676213,0.0144334515567119,0.0143396742164659,0.0709188043187767,"inc_total"
"HR_2023","d_mld_within",-0.0839425344538353,0.0162328989851368,-0.115759016464703,-0.0521260524429672,"inc_total"
"HR_2023","d_mld_between",0.00742728178537501,0.00447986082867119,-0.00135324543882052,0.0162078090095705,"inc_total"
"HR_2023","mld_wtkept_nw",0.985910958782183,0.00339014491706817,0.979266274744729,0.992555642819636,"inc_total"
"HR_2023","mld_wtkept_nwx",0.880790956074145,0.00946590159881244,0.862237788940473,0.899344123207817,"inc_total"
"HR_2023","mld_ngrp_nw",3,0,3,3,"inc_total"
"HR_2023","mld_ngrp_nwx",3,0,3,3,"inc_total"
"HR_2023","I_nw",0.433456449698354,0.0394541649145812,0.356126286465775,0.510786612930933,"inc_total"
"HR_2023","I_nwx",0.345601411134136,0.0402997728726368,0.266613856303768,0.424588965964504,"inc_total"
"HR_2023","d_I",0.087855038564218,0.024521288877653,0.039793312364018,0.135916764764418,"inc_total"
"HR_2023","n_valid",1445.2,539.524445043966,387.732087713826,2502.66791228617,"inc_total"
"HR_2023","pct_valid",1,0.373321478190654,0.268289902746319,1.73171009725368,"inc_total"
"HU_2023","cv2_total_nw",3.16312908078424,0.318256873658313,2.53934560841395,3.78691255315453,"inc_total"
"HU_2023","cv2_within_nw",2.85874972343242,0.309368388269239,2.25238768242471,3.46511176444013,"inc_total"
"HU_2023","cv2_between_nw",0.304379357351823,0.0213767702007128,0.262480887758426,0.34627782694522,"inc_total"
"HU_2023","cv2_total_nwx",4.62123175726645,0.511032603406777,3.61960785458917,5.62285565994374,"inc_total"
"HU_2023","cv2_within_nwx",4.24931211970935,0.497844474425871,3.27353694983464,5.22508728958405,"inc_total"
"HU_2023","cv2_between_nwx",0.371919637557108,0.0300908228222642,0.312941624825471,0.430897650288746,"inc_total"
"HU_2023","d_cv2_within",-1.39056239627693,0.304616019684945,-1.98760979485942,-0.793514997694437,"inc_total"
"HU_2023","d_cv2_between",-0.0675402802052852,0.0158800116244827,-0.0986651029892714,-0.036415457421299,"inc_total"
"HU_2023","cv2_share_between_nw",0.0962269157751782,0.00969151488932202,0.077231546592107,0.115222284958249,"inc_total"
"HU_2023","cv2_share_between_nwx",0.0804804121091098,0.00878910507879256,0.0632537661546764,0.0977070580635432,"inc_total"
"HU_2023","d_cv2_share_between",0.0157465036660684,0.00465738947869118,0.00661802028783371,0.0248749870443031,"inc_total"
"HU_2023","var_total_nw",56754381059.3634,6904895451.75202,43220785973.9294,70287976144.7973,"inc_total"
"HU_2023","var_within_nw",51293048064.417,6577880114.82722,38400403039.3557,64185693089.4784,"inc_total"
"HU_2023","var_between_nw",5461332994.94633,515336790.786135,4451272885.00551,6471393104.88716,"inc_total"
"HU_2023","var_total_nwx",59132658625.2629,7244398721.32991,44933637131.4562,73331680119.0695,"inc_total"
"HU_2023","var_within_nwx",54373603794.1385,6956663385.64782,40738543558.2687,68008664030.0082,"inc_total"
"HU_2023","var_between_nwx",4759054831.12442,492530205.873316,3793695627.61272,5724414034.63612,"inc_total"
"HU_2023","var_share_between_nw",0.0962269157751782,0.00969151488932202,0.077231546592107,0.115222284958249,"inc_total"
"HU_2023","var_share_between_nwx",0.0804804121091098,0.00878910507879256,0.0632537661546764,0.0977070580635432,"inc_total"
"HU_2023","d_var_share_between",0.0157465036660684,0.00465738947869118,0.00661802028783372,0.0248749870443032,"inc_total"
"HU_2023","gini_total_nw",0.595984697017222,0.00712077768531086,0.582027972754013,0.609941421280431,"inc_total"
"HU_2023","gini_within_nw",0.50317068759076,0.00597236585389041,0.491464850517135,0.514876524664385,"inc_total"
"HU_2023","gini_between_nw",0.0928140094264616,0.00574790082839729,0.0815481238028029,0.10407989505012,"inc_total"
"HU_2023","gini_total_nwx",0.717566573756698,0.0158665797700369,0.686468077407425,0.74866507010597,"inc_total"
"HU_2023","gini_within_nwx",0.623018364527632,0.0159198818269512,0.591815396146808,0.654221332908457,"inc_total"
"HU_2023","gini_between_nwx",0.0945482092290654,0.00638222591518934,0.0820390464352943,0.107057372022837,"inc_total"
"HU_2023","d_gini_within",-0.119847676936872,0.0150091479066003,-0.149265606833809,-0.0904297470399352,"inc_total"
"HU_2023","d_gini_between",-0.00173419980260376,0.00234256453577022,-0.00632562629271339,0.00285722668750586,"inc_total"
"HU_2023","gini_share_between_nw",0.155732285343671,0.00866768186255935,0.138743628893055,0.172720941794288,"inc_total"
"HU_2023","gini_share_between_nwx",0.131762379340238,0.00878382970321564,0.114546073121936,0.148978685558541,"inc_total"
"HU_2023","d_gini_share_between",0.0239699060034332,0.00421875688243768,0.0157011425138554,0.0322386694930111,"inc_total"
"HU_2023","mld_within_nw",0.642939772851681,0.0183611584375617,0.60695190231406,0.678927643389302,"inc_total"
"HU_2023","mld_between_nw",0.133224705114708,0.00940023446347687,0.114800245566293,0.151649164663123,"inc_total"
"HU_2023","mld_within_nwx",0.67298622914966,0.0197827596117782,0.634212020310575,0.711760437988746,"inc_total"
"HU_2023","mld_between_nwx",0.132410218323467,0.0100476212324486,0.112716880707868,0.152103555939066,"inc_total"
"HU_2023","d_mld_within",-0.0300464562979795,0.00763275969065523,-0.0450066652916638,-0.0150862473042953,"inc_total"
"HU_2023","d_mld_between",0.000814486791240998,0.00279830218122165,-0.00467018548395343,0.00629915906643543,"inc_total"
"HU_2023","mld_wtkept_nw",0.957061433115545,0.00315874614149086,0.950870290678223,0.963252575552868,"inc_total"
"HU_2023","mld_wtkept_nwx",0.886760656701398,0.00481096868630629,0.877331158076238,0.896190155326558,"inc_total"
"HU_2023","mld_ngrp_nw",3,0,3,3,"inc_total"
"HU_2023","mld_ngrp_nwx",3,0,3,3,"inc_total"
"HU_2023","I_nw",0.523257326543892,0.0173529232364529,0.489245597000445,0.55726905608734,"inc_total"
"HU_2023","I_nwx",0.485620360847987,0.0187865153958133,0.448798790672193,0.522441931023781,"inc_total"
"HU_2023","d_I",0.0376369656959056,0.00884729833767986,0.020296260954053,0.0549776704377581,"inc_total"
"HU_2023","n_valid",6975,2892.9138699588,1304.88881488075,12645.1111851192,"inc_total"
"HU_2023","pct_valid",1,0.414754676696602,0.18708083367466,1.81291916632534,"inc_total"
"LT_2023","cv2_total_nw",13.0784758256788,5.10039222752382,3.08170705973213,23.0752445916255,"inc_total"
"LT_2023","cv2_within_nw",12.8287976890114,5.01128193881142,3.00668508894103,22.6509102890818,"inc_total"
"LT_2023","cv2_between_nw",0.249678136667401,0.101711910900249,0.0503227913029128,0.449033482031889,"inc_total"
"LT_2023","cv2_total_nwx",20.805014784843,7.54187833553788,6.02293324718873,35.5870963224972,"inc_total"
"LT_2023","cv2_within_nwx",20.4719998739604,7.42897133138844,5.9112160644391,35.0327836834818,"inc_total"
"LT_2023","cv2_between_nwx",0.333014910882548,0.137664436906664,0.0631926145454865,0.602837207219609,"inc_total"
"LT_2023","d_cv2_within",-7.64320218494902,2.62919971271072,-12.796433621862,-2.48997074803601,"inc_total"
"LT_2023","d_cv2_between",-0.0833367742151468,0.045581918223497,-0.172677333933201,0.00600378550290726,"inc_total"
"LT_2023","cv2_share_between_nw",0.0191288279847042,0.0100716190581256,-0.000611545369221946,0.0388692013386304,"inc_total"
"LT_2023","cv2_share_between_nwx",0.0160237923790097,0.00916707745508378,-0.00194367943295454,0.0339912641909739,"inc_total"
"LT_2023","d_cv2_share_between",0.00310503560569455,0.00204909106949265,-0.000911182890511039,0.00712125410190013,"inc_total"
"LT_2023","var_total_nw",208232772069.272,140549591919.348,-67244428092.6513,483709972231.195,"inc_total"
"LT_2023","var_within_nw",204260217245.468,137413751883.982,-65070736447.1375,473591170938.073,"inc_total"
"LT_2023","var_between_nw",3972554823.80408,3281017697.8513,-2458239863.98448,10403349511.5926,"inc_total"
"LT_2023","var_total_nwx",203954748162.72,141603664972.642,-73588435183.659,481497931509.099,"inc_total"
"LT_2023","var_within_nwx",200691421388.184,138685237096.047,-71131643320.0679,472514486096.435,"inc_total"
"LT_2023","var_between_nwx",3263326774.53657,3069938085.20747,-2753751872.47007,9280405421.54321,"inc_total"
"LT_2023","var_share_between_nw",0.0191288279847042,0.0100716190581256,-0.000611545369221946,0.0388692013386304,"inc_total"
"LT_2023","var_share_between_nwx",0.0160237923790097,0.00916707745508378,-0.00194367943295454,0.0339912641909739,"inc_total"
"LT_2023","d_var_share_between",0.00310503560569455,0.00204909106949265,-0.000911182890511039,0.00712125410190013,"inc_total"
"LT_2023","gini_total_nw",0.58164379175969,0.0461830192181396,0.491125074092136,0.672162509427243,"inc_total"
"LT_2023","gini_within_nw",0.503678621221055,0.0247990299807077,0.455072522458868,0.552284719983243,"inc_total"
"LT_2023","gini_between_nw",0.0779651705386343,0.0269781455910469,0.0250880051801824,0.130842335897086,"inc_total"
"LT_2023","gini_total_nwx",0.797534495463101,0.0396052245821197,0.719908255282146,0.875160735644055,"inc_total"
"LT_2023","gini_within_nwx",0.724237155313341,0.0307993164277093,0.66387049511503,0.784603815511651,"inc_total"
"LT_2023","gini_between_nwx",0.07329734014976,0.0286368135395518,0.0171691856122384,0.129425494687282,"inc_total"
"LT_2023","d_gini_within",-0.220558534092285,0.0415536593521534,-0.302003706422506,-0.139113361762064,"inc_total"
"LT_2023","d_gini_between",0.00466783038887432,0.00383226747244812,-0.00284341385712399,0.0121790746348726,"inc_total"
"LT_2023","gini_share_between_nw",0.133949791338743,0.0355695059940342,0.0642335595904358,0.20366602308705,"inc_total"
"LT_2023","gini_share_between_nwx",0.0918627495346086,0.0322987370061477,0.0285572250025592,0.155168274066658,"inc_total"
"LT_2023","d_gini_share_between",0.0420870418041342,0.00830138216072864,0.025816332769106,0.0583577508391623,"inc_total"
"LT_2023","mld_within_nw",0.598460818992868,0.0681959726642378,0.464796712570962,0.732124925414774,"inc_total"
"LT_2023","mld_between_nw",0.117000667688844,0.0471991436820851,0.0244903460719568,0.20951098930573,"inc_total"
"LT_2023","mld_within_nwx",0.691313972617082,0.0808546646095395,0.532838829982385,0.84978911525178,"inc_total"
"LT_2023","mld_between_nwx",0.117253406370968,0.0552811853033018,0.00890228317649627,0.225604529565439,"inc_total"
"LT_2023","d_mld_within",-0.092853153624214,0.017307098407729,-0.126775066503363,-0.0589312407450652,"inc_total"
"LT_2023","d_mld_between",-0.000252738682124201,0.00932672177398068,-0.0185331133591263,0.0180276359948779,"inc_total"
"LT_2023","mld_wtkept_nw",0.992984392203161,0.00186253730791045,0.989333819079657,0.996634965326666,"inc_total"
"LT_2023","mld_wtkept_nwx",0.88567196347901,0.0102736187101523,0.865535670807111,0.905808256150908,"inc_total"
"LT_2023","mld_ngrp_nw",3,0,3,3,"inc_total"
"LT_2023","mld_ngrp_nwx",3,0,3,3,"inc_total"
"LT_2023","I_nw",0.428100440016126,0.0372292246201887,0.355131159760556,0.501069720271696,"inc_total"
"LT_2023","I_nwx",0.318512604210755,0.0435702791173432,0.233114857140763,0.403910351280748,"inc_total"
"LT_2023","d_I",0.109587835805371,0.0255008492387132,0.0596061712974928,0.159569500313248,"inc_total"
"LT_2023","n_valid",1692,472.899596108941,765.116791626475,2618.88320837353,"inc_total"
"LT_2023","pct_valid",1,0.279491487062022,0.452196685358437,1.54780331464156,"inc_total"
"LU_2023","cv2_total_nw",4.11044669912097,1.42618725603902,1.31511967728449,6.90577372095744,"inc_total"
"LU_2023","cv2_within_nw",3.84179693562542,1.39954030642554,1.09869793503136,6.58489593621948,"inc_total"
"LU_2023","cv2_between_nw",0.268649763495548,0.0595064633782961,0.152017095274088,0.385282431717008,"inc_total"
"LU_2023","cv2_total_nwx",12.7360504182191,6.85959597274625,-0.708757688363528,26.1808585248018,"inc_total"
"LU_2023","cv2_within_nwx",12.2928140986705,6.71610614816045,-0.870753951723938,25.456382149065,"inc_total"
"LU_2023","cv2_between_nwx",0.443236319548595,0.251720922569487,-0.0501366886875991,0.93660932778479,"inc_total"
"LU_2023","d_cv2_within",-8.45101716304512,6.38323865463168,-20.9621649261232,4.06013060003297,"inc_total"
"LU_2023","d_cv2_between",-0.174586556053047,0.239910153675177,-0.644810457256394,0.295637345150299,"inc_total"
"LU_2023","cv2_share_between_nw",0.0653576289893791,0.0225377184301125,0.0211837008663585,0.1095315571124,"inc_total"
"LU_2023","cv2_share_between_nwx",0.0348505580296981,0.015485524729055,0.00449892956075031,0.0652021864986458,"inc_total"
"LU_2023","d_cv2_share_between",0.030507070959681,0.0180965310348095,-0.0049621298685456,0.0659762717879076,"inc_total"
"LU_2023","var_total_nw",5512460582324.39,2593801792181.67,428609069648.321,10596312095000.5,"inc_total"
"LU_2023","var_within_nw",5152192999730.1,2511381451005.98,229885355758.379,10074500643701.8,"inc_total"
"LU_2023","var_between_nw",360267582594.294,118490377524.025,128026442647.205,592508722541.382,"inc_total"
"LU_2023","var_total_nwx",7579651312725.1,2967557357190.42,1763238892631.88,13396063732818.3,"inc_total"
"LU_2023","var_within_nwx",7315652440417.36,2908705658870.12,1614589349031.92,13016715531802.8,"inc_total"
"LU_2023","var_between_nwx",263998872307.737,119121215470.944,30521289984.6867,497476454630.788,"inc_total"
"LU_2023","var_share_between_nw",0.0653576289893791,0.0225377184301125,0.0211837008663585,0.1095315571124,"inc_total"
"LU_2023","var_share_between_nwx",0.0348505580296981,0.015485524729055,0.00449892956075031,0.0652021864986458,"inc_total"
"LU_2023","d_var_share_between",0.030507070959681,0.0180965310348095,-0.00496212986854561,0.0659762717879076,"inc_total"
"LU_2023","gini_total_nw",0.630562437872272,0.0186649569178917,0.593979122313204,0.667145753431339,"inc_total"
"LU_2023","gini_within_nw",0.550754619981894,0.0176496275143812,0.516161350053707,0.585347889910081,"inc_total"
"LU_2023","gini_between_nw",0.0798078178903773,0.0157468502544929,0.0489439913915711,0.110671644389183,"inc_total"
"LU_2023","gini_total_nwx",1.0638820868223,0.195429041304685,0.680841165865117,1.44692300777948,"inc_total"
"LU_2023","gini_within_nwx",0.971169293494754,0.158784517794518,0.659951638617499,1.28238694837201,"inc_total"
"LU_2023","gini_between_nwx",0.0927127933275463,0.0257413894201255,0.0422596700641004,0.143165916590992,"inc_total"
"LU_2023","d_gini_within",-0.42041467351286,0.158565629632831,-0.73120330759321,-0.10962603943251,"inc_total"
"LU_2023","d_gini_between",-0.012904975437169,0.0183827388989532,-0.0489351436791172,0.0231251928047792,"inc_total"
"LU_2023","gini_share_between_nw",0.126566693379462,0.0231299631946517,0.0812319655179445,0.171901421240979,"inc_total"
"LU_2023","gini_share_between_nwx",0.0874205683745253,0.0234904332904542,0.0413793191252351,0.133461817623816,"inc_total"
"LU_2023","d_gini_share_between",0.0391461250049366,0.014761180585872,0.0102142110566274,0.0680780389532458,"inc_total"
"LU_2023","mld_within_nw",0.919492936873359,0.0632649720575903,0.795493591640482,1.04349228210624,"inc_total"
"LU_2023","mld_between_nw",0.133029218946262,0.0297164992447253,0.0747848804266006,0.191273557465924,"inc_total"
"LU_2023","mld_within_nwx",0.936454361306541,0.069105495652589,0.801007589827467,1.07190113278562,"inc_total"
"LU_2023","mld_between_nwx",0.141122484427828,0.0330366545332355,0.0763706415426865,0.20587432731297,"inc_total"
"LU_2023","d_mld_within",-0.0169614244331818,0.0182775812449084,-0.0527854836732023,0.0188626348068386,"inc_total"
"LU_2023","d_mld_between",-0.00809326548156602,0.0115462231885328,-0.0307238629310903,0.0145373319679582,"inc_total"
"LU_2023","mld_wtkept_nw",0.963437060585396,0.00813529388690272,0.947491884567067,0.979382236603725,"inc_total"
"LU_2023","mld_wtkept_nwx",0.891586638456071,0.0123607146625304,0.867359637717511,0.91581363919463,"inc_total"
"LU_2023","mld_ngrp_nw",3,0,3,3,"inc_total"
"LU_2023","mld_ngrp_nwx",3,0,3,3,"inc_total"
"LU_2023","I_nw",0.569766945791562,0.0460795540211793,0.479451019910051,0.660082871673073,"inc_total"
"LU_2023","I_nwx",0.487785999112883,0.0507966070102004,0.38822464937289,0.587347348852876,"inc_total"
"LU_2023","d_I",0.0819809466786791,0.0359628450816434,0.011493770318658,0.1524681230387,"inc_total"
"LU_2023","n_valid",3695,1356.42257014545,1036.41176251491,6353.58823748509,"inc_total"
"LU_2023","pct_valid",1,0.367096513950528,0.280490832656965,1.71950916734303,"inc_total"
"LV_2023","cv2_total_nw",7.62280161205088,1.69488313118736,4.30083067492365,10.9447725491781,"inc_total"
"LV_2023","cv2_within_nw",7.0795223701367,1.62500173749398,3.8945189646485,10.2645257756249,"inc_total"
"LV_2023","cv2_between_nw",0.543279241914186,0.19143543296681,0.168065793299238,0.918492690529134,"inc_total"
"LV_2023","cv2_total_nwx",8.94968452759797,1.91714383862292,5.19208260389704,12.7072864512989,"inc_total"
"LV_2023","cv2_within_nwx",8.38465525758562,1.84829283876866,4.76200129359906,12.0073092215722,"inc_total"
"LV_2023","cv2_between_nwx",0.565029270012347,0.214543754357447,0.144523511471751,0.985535028552943,"inc_total"
"LV_2023","d_cv2_within",-1.30513288744893,0.418597215574408,-2.12558342997477,-0.484682344923087,"inc_total"
"LV_2023","d_cv2_between",-0.0217500280981611,0.0349756592927237,-0.0903023203118996,0.0468022641155774,"inc_total"
"LV_2023","cv2_share_between_nw",0.0713012532680176,0.0248269309837373,0.0226404685398925,0.119962037996143,"inc_total"
"LV_2023","cv2_share_between_nwx",0.0631310383924566,0.0238359264521308,0.0164126225462802,0.109849454238633,"inc_total"
"LV_2023","d_cv2_share_between",0.00817021487556096,0.00610689014569476,-0.00379928981000077,0.0201397195611227,"inc_total"
"LV_2023","var_total_nw",74607912459.7845,35156735514.6152,5700710851.13876,143515114068.43,"inc_total"
"LV_2023","var_within_nw",69324004191.5515,31595169665.9005,7397471646.38646,131250536736.716,"inc_total"
"LV_2023","var_between_nw",5283908268.23308,4223002815.17559,-2993177249.51107,13560993785.9772,"inc_total"
"LV_2023","var_total_nwx",74311869394.3887,35136350806.5782,5444621813.4955,143179116975.282,"inc_total"
"LV_2023","var_within_nwx",69652319673.0241,31675451621.3847,7568434495.11005,131736204850.938,"inc_total"
"LV_2023","var_between_nwx",4659549721.36459,4089527884.45212,-3355924932.16155,12675024374.8907,"inc_total"
"LV_2023","var_share_between_nw",0.0713012532680176,0.0248269309837373,0.0226404685398925,0.119962037996143,"inc_total"
"LV_2023","var_share_between_nwx",0.0631310383924566,0.0238359264521308,0.0164126225462802,0.109849454238633,"inc_total"
"LV_2023","d_var_share_between",0.00817021487556097,0.00610689014569476,-0.00379928981000077,0.0201397195611227,"inc_total"
"LV_2023","gini_total_nw",0.689475911192955,0.0437484076984383,0.603729032104016,0.775222790281894,"inc_total"
"LV_2023","gini_within_nw",0.539095698910055,0.0352527278368938,0.470000352349744,0.608191045470367,"inc_total"
"LV_2023","gini_between_nw",0.1503802122829,0.0471692392006369,0.0579285034496512,0.242831921116148,"inc_total"
"LV_2023","gini_total_nwx",0.74958234595485,0.0421366500543648,0.666994511848295,0.832170180061405,"inc_total"
"LV_2023","gini_within_nwx",0.593103815918555,0.0369936238647221,0.520596313143699,0.66561131869341,"inc_total"
"LV_2023","gini_between_nwx",0.156478530036295,0.0489806626732186,0.0604764311967866,0.252480628875804,"inc_total"
"LV_2023","d_gini_within",-0.0540081170084993,0.017594152375317,-0.0884926556641206,-0.019523578352878,"inc_total"
"LV_2023","d_gini_between",-0.00609831775339549,0.00627951168014721,-0.018406160646484,0.00620952513969304,"inc_total"
"LV_2023","gini_share_between_nw",0.218249365382461,0.0580409721287518,0.104489060010107,0.332009670754814,"inc_total"
"LV_2023","gini_share_between_nwx",0.208832605326504,0.0569805749779627,0.097150678369697,0.320514532283311,"inc_total"
"LV_2023","d_gini_share_between",0.00941676005595679,0.00865720203955779,-0.00755135594157648,0.0263848760534901,"inc_total"
"LV_2023","mld_within_nw",0.915394897788542,0.11619476540881,0.687653157587274,1.14313663798981,"inc_total"
"LV_2023","mld_between_nw",0.260402270418479,0.0963967674665635,0.0714646061840148,0.449339934652944,"inc_total"
"LV_2023","mld_within_nwx",0.916507823224246,0.120242214318783,0.680833083159431,1.15218256328906,"inc_total"
"LV_2023","mld_between_nwx",0.262271847511164,0.0991976305403133,0.0678444916521497,0.456699203370178,"inc_total"
"LV_2023","d_mld_within",-0.00111292543570374,0.0212760713330181,-0.0428140252484193,0.0405881743770118,"inc_total"
"LV_2023","d_mld_between",-0.00186957709268465,0.0108508075604548,-0.0231371599111761,0.0193980057258068,"inc_total"
"LV_2023","mld_wtkept_nw",0.958344211043702,0.00923927252547354,0.940235236893773,0.97645318519363,"inc_total"
"LV_2023","mld_wtkept_nwx",0.925758567755369,0.0121064193519523,0.902029985825542,0.949487149685195,"inc_total"
"LV_2023","mld_ngrp_nw",3,0,3,3,"inc_total"
"LV_2023","mld_ngrp_nwx",3,0,3,3,"inc_total"
"LV_2023","I_nw",0.641604639938425,0.0507591174042418,0.542116769826111,0.741092510050739,"inc_total"
"LV_2023","I_nwx",0.576259067185123,0.0540987406379606,0.47022553553472,0.682292598835526,"inc_total"
"LV_2023","d_I",0.0653455727533016,0.0202436465760983,0.025668025464149,0.105023120042454,"inc_total"
"LV_2023","n_valid",1216,0.409878030638384,1215.19663905995,1216.80336094005,"inc_total"
"LV_2023","pct_valid",1,0.00033707074888026,0.999339341332195,1.00066065866781,"inc_total"
"MT_2023","cv2_total_nw",1.21191311233242,0.160128345382993,0.898061555381753,1.52576466928309,"inc_total"
"MT_2023","cv2_within_nw",1.14273807144698,0.13869032845715,0.870905027670965,1.41457111522299,"inc_total"
"MT_2023","cv2_between_nw",0.069175040885441,0.0214413587296278,0.0271499777753704,0.111200103995512,"inc_total"
"MT_2023","cv2_total_nwx",2.3058046761562,0.417873233608651,1.48677313828324,3.12483621402915,"inc_total"
"MT_2023","cv2_within_nwx",2.16852989469702,0.359300877037578,1.46430017570337,2.87275961369067,"inc_total"
"MT_2023","cv2_between_nwx",0.137274781459176,0.0585761474175011,0.0224655325208739,0.252084030397478,"inc_total"
"MT_2023","d_cv2_within",-1.02579182325004,0.220618742524781,-1.45820455859861,-0.593379087901472,"inc_total"
"MT_2023","d_cv2_between",-0.0680997405737351,0.0371355421411779,-0.140885403170444,0.00468592202297363,"inc_total"
"MT_2023","cv2_share_between_nw",0.0570792082217085,0.0116973814201211,0.0341523406382711,0.0800060758051459,"inc_total"
"MT_2023","cv2_share_between_nwx",0.0595344362333477,0.0178502494433939,0.0245479473242956,0.0945209251423998,"inc_total"
"MT_2023","d_cv2_share_between",-0.00245522801163921,0.00615523572584509,-0.0145194900342956,0.00960903401101717,"inc_total"
"MT_2023","var_total_nw",315628085257.676,4022994177.56531,307743016669.648,323513153845.704,"inc_total"
"MT_2023","var_within_nw",297612284058.634,7498754726.48112,282914724794.731,312309843322.537,"inc_total"
"MT_2023","var_between_nw",18015801199.0421,3512924724.4019,11130468739.2143,24901133658.8698,"inc_total"
"MT_2023","var_total_nwx",350469861561.318,5352308715.79001,339979336478.369,360960386644.266,"inc_total"
"MT_2023","var_within_nwx",329604835936.485,11351973546.5996,307354967785.15,351854704087.82,"inc_total"
"MT_2023","var_between_nwx",20865025624.8325,6035606571.96726,9035236743.77663,32694814505.8883,"inc_total"
"MT_2023","var_share_between_nw",0.0570792082217085,0.0116973814201211,0.0341523406382711,0.0800060758051459,"inc_total"
"MT_2023","var_share_between_nwx",0.0595344362333477,0.0178502494433939,0.0245479473242956,0.0945209251423998,"inc_total"
"MT_2023","d_var_share_between",-0.00245522801163922,0.0061552357258451,-0.0145194900342956,0.00960903401101717,"inc_total"
"MT_2023","gini_total_nw",0.516881964185969,0.0446726743307428,0.429323522497713,0.604440405874225,"inc_total"
"MT_2023","gini_within_nw",0.491259278863898,0.0365617440228094,0.419598260579191,0.562920297148604,"inc_total"
"MT_2023","gini_between_nw",0.0256226853220711,0.00811169643292171,0.00972376031354453,0.0415216103305976,"inc_total"
"MT_2023","gini_total_nwx",0.707547867522556,0.0793258298218006,0.552069241071827,0.863026493973285,"inc_total"
"MT_2023","gini_within_nwx",0.677956769002006,0.0695666394421268,0.541606155695438,0.814307382308575,"inc_total"
"MT_2023","gini_between_nwx",0.0295910985205498,0.00975986012530677,0.0104617726749485,0.048720424366151,"inc_total"
"MT_2023","d_gini_within",-0.186697490138108,0.0330062511606191,-0.251389742412922,-0.122005237863295,"inc_total"
"MT_2023","d_gini_between",-0.00396841319847868,0.00164891263742369,-0.00720028196782912,-0.000736544429128242,"inc_total"
"MT_2023","gini_share_between_nw",0.0495716374287192,0.012489059068267,0.0250930816549159,0.0740501932025225,"inc_total"
"MT_2023","gini_share_between_nwx",0.0418220446683862,0.0102552858965829,0.0217216843110837,0.0619224050256888,"inc_total"
"MT_2023","d_gini_share_between",0.00774959276033296,0.00223555811104099,0.00336789886269262,0.0121312866579733,"inc_total"
"MT_2023","mld_within_nw",0.774007260765094,0.149426660223484,0.481131006727065,1.06688351480312,"inc_total"
"MT_2023","mld_between_nw",0.0337957996291439,0.0115757495941859,0.0111073304245394,0.0564842688337483,"inc_total"
"MT_2023","mld_within_nwx",0.783788371082873,0.126639252179566,0.535575436810924,1.03200130535482,"inc_total"
"MT_2023","mld_between_nwx",0.0293146934708379,0.00579587280938654,0.0179547827644403,0.0406746041772355,"inc_total"
"MT_2023","d_mld_within",-0.0097811103177784,0.0227892054427032,-0.0544479529854767,0.0348857323499199,"inc_total"
"MT_2023","d_mld_between",0.00448110615830598,0.00578117315490816,-0.00684999322531402,0.015812205541926,"inc_total"
"MT_2023","mld_wtkept_nw",0.999517662670108,0.00118057695186969,0.997203731844443,1.00183159349577,"inc_total"
"MT_2023","mld_wtkept_nwx",0.90867164534568,0.014058741190377,0.881116512612541,0.936226778078819,"inc_total"
"MT_2023","mld_ngrp_nw",3,0,3,3,"inc_total"
"MT_2023","mld_ngrp_nwx",3,0,3,3,"inc_total"
"MT_2023","I_nw",0.420523645431135,0.08120791694598,0.261356128217014,0.579691162645256,"inc_total"
"MT_2023","I_nwx",0.411328112309003,0.103516297379485,0.208436169445212,0.614220055172794,"inc_total"
"MT_2023","d_I",0.00919553312213206,0.0223169071568074,-0.0345456049052104,0.0529366711494745,"inc_total"
"MT_2023","n_valid",1023,0,1023,1023,"inc_total"
"MT_2023","pct_valid",1,0,1,1,"inc_total"
"NL_2023","cv2_total_nw",2.98940012667151,0.358256134079762,2.28721810387518,3.69158214946784,"inc_total"
"NL_2023","cv2_within_nw",2.80039950786782,0.354264368639321,2.10604134533475,3.49475767040089,"inc_total"
"NL_2023","cv2_between_nw",0.189000618803693,0.0286601600823859,0.132826705042216,0.245174532565169,"inc_total"
"NL_2023","cv2_total_nwx",3.8553850403372,1.36664177811433,1.17676715523312,6.53400292544129,"inc_total"
"NL_2023","cv2_within_nwx",3.64437533949544,1.34023882107118,1.01750725019593,6.27124342879495,"inc_total"
"NL_2023","cv2_between_nwx",0.211009700841763,0.0412447191753987,0.130170051257982,0.291849350425545,"inc_total"
"NL_2023","d_cv2_within",-0.843975831627624,1.23984633378331,-3.2740746458429,1.58612298258765,"inc_total"
"NL_2023","d_cv2_between",-0.0220090820380708,0.0350115146555767,-0.0906316507630011,0.0466134866868595,"inc_total"
"NL_2023","cv2_share_between_nw",0.0632683240226657,0.0113419649462964,0.0410380727279248,0.0854985753174066,"inc_total"
"NL_2023","cv2_share_between_nwx",0.056336374866007,0.0135962282181188,0.029687767558494,0.0829849821735199,"inc_total"
"NL_2023","d_cv2_share_between",0.00693194915665875,0.00660752485321849,-0.00601879955564948,0.019882697868967,"inc_total"
"NL_2023","var_total_nw",200584016981.752,32638618766.5917,136612324199.232,264555709764.272,"inc_total"
"NL_2023","var_within_nw",187908561495.03,31684202071.8256,125807525434.252,250009597555.808,"inc_total"
"NL_2023","var_between_nw",12675455486.7221,2229491901.69034,8305651359.40902,17045259614.0352,"inc_total"
"NL_2023","var_total_nwx",213408074410.057,65322592713.7174,85375792691.1711,341440356128.943,"inc_total"
"NL_2023","var_within_nwx",201662512856.708,64217893784.0049,75795441040.0582,327529584673.357,"inc_total"
"NL_2023","var_between_nwx",11745561553.3494,2197542999.79301,7438377273.75514,16052745832.9437,"inc_total"
"NL_2023","var_share_between_nw",0.0632683240226657,0.0113419649462964,0.0410380727279249,0.0854985753174066,"inc_total"
"NL_2023","var_share_between_nwx",0.056336374866007,0.0135962282181188,0.029687767558494,0.0829849821735199,"inc_total"
"NL_2023","d_var_share_between",0.00693194915665876,0.00660752485321848,-0.00601879955564946,0.019882697868967,"inc_total"
"NL_2023","gini_total_nw",0.650168469176985,0.00938738708540639,0.631769190489588,0.668567747864381,"inc_total"
"NL_2023","gini_within_nw",0.594838734164247,0.00970999756808965,0.575807138930792,0.613870329397703,"inc_total"
"NL_2023","gini_between_nw",0.0553297350127375,0.00734170862711934,0.0409399861035836,0.0697194839218914,"inc_total"
"NL_2023","gini_total_nwx",0.710721503223684,0.0489608878840787,0.61475816297089,0.806684843476479,"inc_total"
"NL_2023","gini_within_nwx",0.656591329786803,0.0517301949431699,0.55520014769819,0.757982511875416,"inc_total"
"NL_2023","gini_between_nwx",0.054130173436881,0.00769476853291105,0.0390484271123754,0.0692119197613867,"inc_total"
"NL_2023","d_gini_within",-0.061752595622556,0.0499883279927616,-0.159729718488369,0.0362245272432569,"inc_total"
"NL_2023","d_gini_between",0.00119956157585648,0.00162184657647431,-0.00197925771403318,0.00437838086574613,"inc_total"
"NL_2023","gini_share_between_nw",0.085091543687136,0.0109171413493822,0.0636939466423468,0.106489140731925,"inc_total"
"NL_2023","gini_share_between_nwx",0.0764781031212159,0.01306116491139,0.0508782198948916,0.10207798634754,"inc_total"
"NL_2023","d_gini_share_between",0.00861344056592005,0.00590441837095806,-0.00295921944115775,0.0201861005729979,"inc_total"
"NL_2023","mld_within_nw",1.10350846810544,0.0354530567733758,1.03402047682962,1.17299645938126,"inc_total"
"NL_2023","mld_between_nw",0.083035712127038,0.0132125601824177,0.0571390941694992,0.108932330084577,"inc_total"
"NL_2023","mld_within_nwx",1.10076414910198,0.0363308861023511,1.02955561234137,1.17197268586258,"inc_total"
"NL_2023","mld_between_nwx",0.0802745051379996,0.0130745236744761,0.0546484387360265,0.105900571539973,"inc_total"
"NL_2023","d_mld_within",0.00274431900346426,0.00615485547818104,-0.00931919773377059,0.0148078357406991,"inc_total"
"NL_2023","d_mld_between",0.00276120698903832,0.0026444823033828,-0.00242197832559197,0.00794439230366862,"inc_total"
"NL_2023","mld_wtkept_nw",0.947386458701346,0.00591277105366583,0.935797427436161,0.958975489966531,"inc_total"
"NL_2023","mld_wtkept_nwx",0.922378098671955,0.00759489776819466,0.907492099046294,0.937264098297617,"inc_total"
"NL_2023","mld_ngrp_nw",3,0,3,3,"inc_total"
"NL_2023","mld_ngrp_nwx",3,0,3,3,"inc_total"
"NL_2023","I_nw",0.512807351016776,0.0316395827853641,0.450793768757463,0.57482093327609,"inc_total"
"NL_2023","I_nwx",0.496850104185481,0.0316063419977873,0.434901673869818,0.558798534501144,"inc_total"
"NL_2023","d_I",0.0159572468312952,0.00836324099678719,-0.000434705522407711,0.0323491991849981,"inc_total"
"NL_2023","n_valid",2518,0.774596669241483,2516.48179052829,2519.51820947171,"inc_total"
"NL_2023","pct_valid",1,0,1,1,"inc_total"
"PT_2023","cv2_total_nw",5.15050335721861,0.92359114328138,3.3402647163871,6.96074199805011,"inc_total"
"PT_2023","cv2_within_nw",4.80351424795478,0.903122793284683,3.0333935731168,6.57363492279276,"inc_total"
"PT_2023","cv2_between_nw",0.346989109263827,0.0372879581202495,0.273904711348138,0.420073507179516,"inc_total"
"PT_2023","cv2_total_nwx",9.3290149439598,2.06550276792035,5.28062951883592,13.3774003690837,"inc_total"
"PT_2023","cv2_within_nwx",8.90310943409381,2.05479293556343,4.87571528038949,12.9305035877981,"inc_total"
"PT_2023","cv2_between_nwx",0.425905509865995,0.06110061319655,0.306148308000757,0.545662711731233,"inc_total"
"PT_2023","d_cv2_within",-4.09959518613903,1.78415606279335,-7.59654106921399,-0.602649303064061,"inc_total"
"PT_2023","d_cv2_between",-0.0789164006021679,0.0356380439322908,-0.148766966709458,-0.00906583449487801,"inc_total"
"PT_2023","cv2_share_between_nw",0.0674796503579863,0.0105230549321556,0.0468544626909614,0.0881048380250112,"inc_total"
"PT_2023","cv2_share_between_nwx",0.0458665671605528,0.010559329052602,0.0251702822174528,0.0665628521036528,"inc_total"
"PT_2023","d_cv2_share_between",0.0216130831974335,0.0115768272131071,-0.00107749814025646,0.0443036645351235,"inc_total"
"PT_2023","var_total_nw",459699058725.212,134927320501.856,195241510541.575,724156606908.85,"inc_total"
"PT_2023","var_within_nw",428722402572.422,128823420461.382,176228498468.114,681216306676.73,"inc_total"
"PT_2023","var_between_nw",30976656152.7898,7412763852.17331,16447639002.5301,45505673303.0495,"inc_total"
"PT_2023","var_total_nwx",492604480949.485,148475151521.847,201593183966.665,783615777932.304,"inc_total"
"PT_2023","var_within_nwx",470086287114.665,144936164269.902,186011405145.657,754161169083.673,"inc_total"
"PT_2023","var_between_nwx",22518193834.8199,6019007100.77625,10720939917.2984,34315447752.3413,"inc_total"
"PT_2023","var_share_between_nw",0.0674796503579863,0.0105230549321556,0.0468544626909614,0.0881048380250112,"inc_total"
"PT_2023","var_share_between_nwx",0.0458665671605528,0.0105593290526021,0.0251702822174528,0.0665628521036528,"inc_total"
"PT_2023","d_var_share_between",0.0216130831974335,0.0115768272131071,-0.00107749814025647,0.0443036645351235,"inc_total"
"PT_2023","gini_total_nw",0.648040190893564,0.0090438181223757,0.630314307373708,0.665766074413421,"inc_total"
"PT_2023","gini_within_nw",0.551055630193677,0.00745943949537431,0.536435128782743,0.56567613160461,"inc_total"
"PT_2023","gini_between_nw",0.096984560699888,0.00951083270808544,0.0783433285920405,0.115625792807735,"inc_total"
"PT_2023","gini_total_nwx",0.868646935576971,0.0388305700781581,0.792539018223781,0.944754852930161,"inc_total"
"PT_2023","gini_within_nwx",0.756876142799861,0.0346397559658951,0.688982221106707,0.824770064493015,"inc_total"
"PT_2023","gini_between_nwx",0.11177079277711,0.0123171527183509,0.0876291734491423,0.135912412105078,"inc_total"
"PT_2023","d_gini_within",-0.205820512606184,0.0343563618240611,-0.273158981781344,-0.138482043431025,"inc_total"
"PT_2023","d_gini_between",-0.0147862320772222,0.00634039775473547,-0.0272134116765037,-0.00235905247794071,"inc_total"
"PT_2023","gini_share_between_nw",0.149646036411343,0.013258202165292,0.123659960167371,0.175632112655315,"inc_total"
"PT_2023","gini_share_between_nwx",0.128684228081294,0.0124195144609266,0.104341979737878,0.153026476424711,"inc_total"
"PT_2023","d_gini_share_between",0.0209618083300488,0.00442440794223691,0.0122899687632645,0.0296336478968331,"inc_total"
"PT_2023","mld_within_nw",1.0056674552792,0.0257583634894047,0.95518106283997,1.05615384771844,"inc_total"
"PT_2023","mld_between_nw",0.156820714676426,0.0178077587755301,0.121917507476387,0.191723921876465,"inc_total"
"PT_2023","mld_within_nwx",1.03141517449642,0.0277812986054888,0.976963829229665,1.08586651976318,"inc_total"
"PT_2023","mld_between_nwx",0.155170294961548,0.0216584132803067,0.112719804932146,0.197620784990949,"inc_total"
"PT_2023","d_mld_within",-0.0257477192172195,0.009079955501151,-0.0435444319994754,-0.00795100643496352,"inc_total"
"PT_2023","d_mld_between",0.00165041971487853,0.00670130222691338,-0.0114841326498717,0.0147849720796288,"inc_total"
"PT_2023","mld_wtkept_nw",0.960568490499017,0.00283667885132053,0.955008599950429,0.966128381047605,"inc_total"
"PT_2023","mld_wtkept_nwx",0.881788266419433,0.00433184487576717,0.873297850462929,0.890278682375937,"inc_total"
"PT_2023","mld_ngrp_nw",3,0,3,3,"inc_total"
"PT_2023","mld_ngrp_nwx",3,0,3,3,"inc_total"
"PT_2023","I_nw",0.580382436981288,0.0190059037570463,0.543130865617478,0.617634008345099,"inc_total"
"PT_2023","I_nwx",0.545353043389918,0.0208627740884505,0.504462006176555,0.586244080603281,"inc_total"
"PT_2023","d_I",0.03502939359137,0.0148021136468723,0.00601725084350029,0.0640415363392396,"inc_total"
"PT_2023","n_valid",5460,2028.14544646088,1484.83492493668,9435.16507506332,"inc_total"
"PT_2023","pct_valid",1,0.37145520997452,0.271947788449941,1.72805221155006,"inc_total"
"SI_2023","cv2_total_nw",3.82627315399955,1.28486912161221,1.30792967563961,6.34461663235949,"inc_total"
"SI_2023","cv2_within_nw",3.65985860334847,1.24793853663049,1.21389907155271,6.10581813514422,"inc_total"
"SI_2023","cv2_between_nw",0.16641455065108,0.0534642138832105,0.0616246914399872,0.271204409862172,"inc_total"
"SI_2023","cv2_total_nwx",86.2574386423628,375.451886550856,-649.628258997316,822.143136282041,"inc_total"
"SI_2023","cv2_within_nwx",85.2345086335131,371.659411039837,-643.217937004567,813.686954271593,"inc_total"
"SI_2023","cv2_between_nwx",1.02293000884975,3.87016335524994,-6.56259016744013,8.60845018513963,"inc_total"
"SI_2023","d_cv2_within",-81.5746500301646,371.703820268007,-810.114137755458,646.964837695129,"inc_total"
"SI_2023","d_cv2_between",-0.856515458198674,3.86787595725191,-8.43755233441241,6.72452141801506,"inc_total"
"SI_2023","cv2_share_between_nw",0.0440840194170095,0.0114981307246642,0.0215476831966676,0.0666203556373514,"inc_total"
"SI_2023","cv2_share_between_nwx",0.0126993239641935,0.0060628897822217,0.000816059991038917,0.024582587937348,"inc_total"
"SI_2023","d_cv2_share_between",0.031384695452816,0.0106898204744399,0.0104326473229138,0.0523367435827183,"inc_total"
"SI_2023","var_total_nw",216530912887.509,107915159978.635,5017199329.38507,428044626445.634,"inc_total"
"SI_2023","var_within_nw",207212374741.393,104475713845.7,2439975603.82065,411984773878.965,"inc_total"
"SI_2023","var_between_nw",9318538146.11627,4095070059.53675,1292200829.42424,17344875462.8083,"inc_total"
"SI_2023","var_total_nwx",351709112119.409,112765803458.094,130688137341.545,572730086897.272,"inc_total"
"SI_2023","var_within_nwx",347184775086.141,110281246214.945,131033532504.85,563336017667.433,"inc_total"
"SI_2023","var_between_nwx",4524337033.26706,3415904569.22653,-2170835922.41693,11219509988.9511,"inc_total"
"SI_2023","var_share_between_nw",0.0440840194170095,0.0114981307246642,0.0215476831966676,0.0666203556373514,"inc_total"
"SI_2023","var_share_between_nwx",0.0126993239641935,0.0060628897822217,0.000816059991038915,0.024582587937348,"inc_total"
"SI_2023","d_var_share_between",0.031384695452816,0.0106898204744399,0.0104326473229138,0.0523367435827183,"inc_total"
"SI_2023","gini_total_nw",0.565665431867465,0.0238408641841214,0.518937338066587,0.612393525668343,"inc_total"
"SI_2023","gini_within_nw",0.516481784629116,0.0221052269737455,0.473155539760575,0.559808029497658,"inc_total"
"SI_2023","gini_between_nw",0.0491836472383487,0.012780543049272,0.0241337828617755,0.0742335116149219,"inc_total"
"SI_2023","gini_total_nwx",3.27649878862502,1.5120107933076,0.312957633742132,6.24003994350791,"inc_total"
"SI_2023","gini_within_nwx",3.40077177300687,0.9822016061192,1.47565662501324,5.3258869210005,"inc_total"
"SI_2023","gini_between_nwx",0.0960702434095817,0.0340305440337155,0.0293703771034993,0.162770109715664,"inc_total"
"SI_2023","d_gini_within",-2.87920584498194,0.961468458323532,-4.76368402329607,-0.994727666667819,"inc_total"
"SI_2023","d_gini_between",-0.0531210661811699,0.025464723556844,-0.103031924352584,-0.00321020800975559,"inc_total"
"SI_2023","gini_share_between_nw",0.0869399056042309,0.0207118449573725,0.0463446894877808,0.127535121720681,"inc_total"
"SI_2023","gini_share_between_nwx",0.0285549421928464,0.0138601186408004,0.00138910965687771,0.0557207747288152,"inc_total"
"SI_2023","d_gini_share_between",0.0478512715349479,0.0108008764237037,0.0266815537444887,0.069020989325407,"inc_total"
"SI_2023","mld_within_nw",0.78407072116859,0.0502237549576621,0.685632161451573,0.882509280885608,"inc_total"
"SI_2023","mld_between_nw",0.0762739056492873,0.0244948822726639,0.0282639363948661,0.124283874903709,"inc_total"
"SI_2023","mld_within_nwx",0.920272045810152,0.072910705579574,0.777367062874187,1.06317702874612,"inc_total"
"SI_2023","mld_between_nwx",0.0880347135392688,0.0353348787757775,0.018778351138745,0.157291075939793,"inc_total"
"SI_2023","d_mld_within",-0.136201324641562,0.0286018205161974,-0.192260892853309,-0.0801417564298148,"inc_total"
"SI_2023","d_mld_between",-0.0117608078899815,0.0122687602672476,-0.0358075780137867,0.0122859622338237,"inc_total"
"SI_2023","mld_wtkept_nw",0.976370212429051,0.00394075231736185,0.968646337887022,0.984094086971081,"inc_total"
"SI_2023","mld_wtkept_nwx",0.756341581599567,0.014927681796261,0.727083325278896,0.785599837920238,"inc_total"
"SI_2023","mld_ngrp_nw",3,0,3,3,"inc_total"
"SI_2023","mld_ngrp_nwx",3,0,3,3,"inc_total"
"SI_2023","I_nw",0.47263526825455,0.030493966744815,0.412867093434713,0.532403443074387,"inc_total"
"SI_2023","I_nwx",0.240667211372273,0.0378107040455346,0.166558231443026,0.314776191301521,"inc_total"
"SI_2023","d_I",0.231968056882277,0.0354470173790571,0.162491902819325,0.301444210945229,"inc_total"
"SI_2023","n_valid",1983,0,1983,1983,"inc_total"
"SI_2023","pct_valid",1,0,1,1,"inc_total"
"SK_2023","cv2_total_nw",1.86334470588882,0.400351588190957,1.07865559303454,2.64803381874309,"inc_total"
"SK_2023","cv2_within_nw",1.72322536214761,0.391623267734504,0.955643757387981,2.49080696690724,"inc_total"
"SK_2023","cv2_between_nw",0.140119343741207,0.0251010645186202,0.0909212572847116,0.189317430197703,"inc_total"
"SK_2023","cv2_total_nwx",4.34271321377153,0.855963422813399,2.66502490505726,6.02040152248579,"inc_total"
"SK_2023","cv2_within_nwx",4.12127071448188,0.842210955947367,2.47053724082505,5.77200418813872,"inc_total"
"SK_2023","cv2_between_nwx",0.221442499289641,0.0493177384467532,0.124779731934005,0.318105266645278,"inc_total"
"SK_2023","d_cv2_within",-2.39804535233427,0.535433141024148,-3.44749430874161,-1.34859639592694,"inc_total"
"SK_2023","d_cv2_between",-0.0813231555484342,0.0322376448960611,-0.144508939544714,-0.0181373715521544,"inc_total"
"SK_2023","cv2_share_between_nw",0.0752533366286121,0.0177609678525378,0.0404418396376379,0.110064833619586,"inc_total"
"SK_2023","cv2_share_between_nwx",0.0510012845855671,0.013421050373897,0.024696025852729,0.0773065433184053,"inc_total"
"SK_2023","d_cv2_share_between",0.0242520520430449,0.0108875132406044,0.00291252609146032,0.0455915779946296,"inc_total"
"SK_2023","var_total_nw",52819879918.2894,13097263027.7969,27149244383.8074,78490515452.7714,"inc_total"
"SK_2023","var_within_nw",48849005906.5867,12619382408.1359,24115016386.6403,73582995426.5331,"inc_total"
"SK_2023","var_between_nw",3970874011.70268,898136962.930321,2210525564.35925,5731222459.04611,"inc_total"
"SK_2023","var_total_nwx",61732730648.3659,13676484350.8716,34926821320.6575,88538639976.0742,"inc_total"
"SK_2023","var_within_nwx",58585674810.5651,13287854222.732,32541480534.0104,84629869087.1198,"inc_total"
"SK_2023","var_between_nwx",3147055837.80079,840673625.893716,1499335531.04911,4794776144.55247,"inc_total"
"SK_2023","var_share_between_nw",0.0752533366286121,0.0177609678525378,0.040441839637638,0.110064833619586,"inc_total"
"SK_2023","var_share_between_nwx",0.0510012845855671,0.013421050373897,0.024696025852729,0.0773065433184053,"inc_total"
"SK_2023","d_var_share_between",0.024252052043045,0.0108875132406044,0.00291252609146033,0.0455915779946296,"inc_total"
"SK_2023","gini_total_nw",0.473291183150073,0.0135176771212421,0.446796535992439,0.499785830307708,"inc_total"
"SK_2023","gini_within_nw",0.424440460349744,0.0112642794064654,0.402362472713071,0.446518447986416,"inc_total"
"SK_2023","gini_between_nw",0.0488507228003298,0.00789937849535049,0.0333679409494428,0.0643335046512168,"inc_total"
"SK_2023","gini_total_nwx",0.767495368068856,0.0366552183447108,0.695651140113223,0.839339596024489,"inc_total"
"SK_2023","gini_within_nwx",0.714824076006734,0.0354383356056771,0.645364938219607,0.784283213793861,"inc_total"
"SK_2023","gini_between_nwx",0.0526712920621215,0.00984809650120716,0.0333690229197555,0.0719735612044876,"inc_total"
"SK_2023","d_gini_within",-0.290383615656991,0.0340942383795901,-0.357208322880987,-0.223558908432994,"inc_total"
"SK_2023","d_gini_between",-0.00382056926179174,0.00383506352169074,-0.0113372937643056,0.00369615524072211,"inc_total"
"SK_2023","gini_share_between_nw",0.103202681801288,0.0151945844871709,0.0734212962064328,0.132984067396143,"inc_total"
"SK_2023","gini_share_between_nwx",0.0686117516121839,0.0124086478277698,0.0442908018697552,0.0929327013546126,"inc_total"
"SK_2023","d_gini_share_between",0.0345909301891037,0.00594263147289614,0.0229433725022273,0.0462384878759801,"inc_total"
"SK_2023","mld_within_nw",0.451034349755929,0.0272796772319951,0.397566182381218,0.504502517130639,"inc_total"
"SK_2023","mld_between_nw",0.0639964661906575,0.0110903965944676,0.0422592888655011,0.0857336435158139,"inc_total"
"SK_2023","mld_within_nwx",0.567672132484687,0.0362459099600427,0.496630148963004,0.638714116006371,"inc_total"
"SK_2023","mld_between_nwx",0.0613640814504694,0.0128352880687219,0.0362069168357745,0.0865212460651644,"inc_total"
"SK_2023","d_mld_within",-0.116637782728759,0.0180075348337153,-0.151932551002841,-0.0813430144546768,"inc_total"
"SK_2023","d_mld_between",0.00263238474018806,0.0042858798781138,-0.005767939820915,0.0110327093012911,"inc_total"
"SK_2023","mld_wtkept_nw",0.984558913771465,0.00358011639285867,0.977541885641462,0.991575941901468,"inc_total"
"SK_2023","mld_wtkept_nwx",0.850314910135067,0.0108173836297607,0.829112838220736,0.871516982049398,"inc_total"
"SK_2023","mld_ngrp_nw",3,0,3,3,"inc_total"
"SK_2023","mld_ngrp_nwx",3,0,3,3,"inc_total"
"SK_2023","I_nw",0.509707849966324,0.0382228735498798,0.43479101780856,0.584624682124089,"inc_total"
"SK_2023","I_nwx",0.399316641936635,0.0433740644785951,0.314303475558589,0.484329808314681,"inc_total"
"SK_2023","d_I",0.110391208029689,0.0301202211172999,0.0513555746397814,0.169426841419597,"inc_total"
"SK_2023","n_valid",2127,789.648631987671,579.288681304165,3674.71131869583,"inc_total"
"SK_2023","pct_valid",1,0.371249944517006,0.272350108746669,1.72764989125333,"inc_total"
"AT_2023","cv2_total_nw",5.80528812532565,3.30079138336359,-0.664262986066986,12.2748392367183,"educ"
"AT_2023","cv2_within_nw",5.69615383596435,3.29901551207204,-0.769916567696847,12.1622242396256,"educ"
"AT_2023","cv2_between_nw",0.109134289361298,0.038798553852523,0.0330891238103532,0.185179454912243,"educ"
"AT_2023","cv2_total_nwx",59803.4324287845,77442383.3666594,-151727267.966224,151846874.831081,"educ"
"AT_2023","cv2_within_nwx",59776.6252498351,77411604.3517557,-151666967.904191,151786521.154691,"educ"
"AT_2023","cv2_between_nwx",26.8071789493873,71418.1076630291,-139952.683840588,140006.298198486,"educ"
"AT_2023","d_cv2_within",-59770.9290959991,77411604.3267909,-151786515.409606,151666973.551414,"educ"
"AT_2023","d_cv2_between",-26.698044660026,71418.1072968696,-140006.188346524,139952.792257204,"educ"
"AT_2023","cv2_share_between_nw",0.0207714057198059,0.0113410946376098,-0.00145713976990938,0.0429999512095212,"educ"
"AT_2023","cv2_share_between_nwx",0.000771190048857092,0.00269398136896828,-0.00450901343432073,0.00605139353203491,"educ"
"AT_2023","d_cv2_share_between",0.0200002156709488,0.0113001177939808,-0.00214801520525348,0.0421484465471511,"educ"
"AT_2023","var_total_nw",673462635895.535,456282406201.595,-220850880259.591,1567776152050.66,"educ"
"AT_2023","var_within_nw",660981532500.292,455103562481.758,-231021449963.953,1552984514964.54,"educ"
"AT_2023","var_between_nw",12481103395.2435,4785153436.62431,3102202659.45988,21860004131.0272,"educ"
"AT_2023","var_total_nwx",9234123555548.43,10041985987571,-10448168980090.6,28916416091187.5,"educ"
"AT_2023","var_within_nwx",9223395752321.44,9956813139964.54,-10291958002009.1,28738749506651.9,"educ"
"AT_2023","var_between_nwx",10727803226.9933,115295313437.372,-215251011110.257,236706617564.243,"educ"
"AT_2023","var_share_between_nw",0.0207714057198059,0.0113410946376098,-0.00145713976990938,0.0429999512095212,"educ"
"AT_2023","var_share_between_nwx",0.000771190048857092,0.00269398136896828,-0.00450901343432073,0.00605139353203491,"educ"
"AT_2023","d_var_share_between",0.0200002156709488,0.0113001177939808,-0.00214801520525348,0.0421484465471511,"educ"
"AT_2023","gini_total_nw",0.699731497952375,0.0137564015535763,0.672768950907366,0.726694044997385,"educ"
"AT_2023","gini_within_nw",0.670297459777502,0.016228037809519,0.638490505670845,0.70210441388416,"educ"
"AT_2023","gini_between_nw",0.029434038174873,0.00818269921329995,0.0133959477168051,0.0454721286329409,"educ"
"AT_2023","gini_total_nwx",NA,NA,NA,NA,"educ"
"AT_2023","gini_within_nwx",NA,NA,NA,NA,"educ"
"AT_2023","gini_between_nwx",NA,NA,NA,NA,"educ"
"AT_2023","d_gini_within",NA,NA,NA,NA,"educ"
"AT_2023","d_gini_between",NA,NA,NA,NA,"educ"
"AT_2023","gini_share_between_nw",0.0420724407274743,0.0117238011314412,0.0190937905098496,0.0650510909450991,"educ"
"AT_2023","gini_share_between_nwx",NA,NA,NA,NA,"educ"
"AT_2023","d_gini_share_between",NA,NA,NA,NA,"educ"
"AT_2023","mld_within_nw",1.33417016354635,0.0499260298258563,1.23631514508767,1.43202518200503,"educ"
"AT_2023","mld_between_nw",0.0422168466533748,0.0146479755780496,0.0135068145203975,0.0709268787863521,"educ"
"AT_2023","mld_within_nwx",1.31374636042762,0.0607193196827099,1.19473649384951,1.43275622700573,"educ"
"AT_2023","mld_between_nwx",0.0445393287242689,0.0190678374098479,0.00716636740096709,0.0819122900475708,"educ"
"AT_2023","d_mld_within",0.0204238031187356,0.0400222334290846,-0.0580197744022702,0.0988673806397414,"educ"
"AT_2023","d_mld_between",-0.00232248207089416,0.0114375512997681,-0.0247400826184397,0.0200951184766514,"educ"
"AT_2023","mld_wtkept_nw",0.95517497834344,0.00385849285553837,0.947612332346585,0.962737624340296,"educ"
"AT_2023","mld_wtkept_nwx",0.773408570733856,0.00925997653075395,0.755259016733578,0.791558124734133,"educ"
"AT_2023","mld_ngrp_nw",2,0,2,2,"educ"
"AT_2023","mld_ngrp_nwx",2,0,2,2,"educ"
"AT_2023","I_nw",0.291838661916757,0.0280996606176749,0.236763327106115,0.3469139967274,"educ"
"AT_2023","I_nwx",0.139634550231321,0.0367718515882776,0.0675617211182973,0.211707379344346,"educ"
"AT_2023","d_I",0.152204111685436,0.0365767455684446,0.0805136903712845,0.223894532999587,"educ"
"AT_2023","n_valid",2832.8,1.2,2830.448,2835.152,"educ"
"AT_2023","pct_valid",1,0,1,1,"educ"
"BE_2023","cv2_total_nw",3.217436474756,1.26777352094271,0.732600373708288,5.70227257580371,"educ"
"BE_2023","cv2_within_nw",3.13546086793616,1.28761802165599,0.611729545490427,5.6591921903819,"educ"
"BE_2023","cv2_between_nw",0.0819756068198356,0.0324717678270945,0.0183309418787305,0.145620271760941,"educ"
"BE_2023","cv2_total_nwx",5.99461286009577,4.28886525421541,-2.41156303816642,14.400788758358,"educ"
"BE_2023","cv2_within_nwx",5.91276220891859,4.2431509015285,-2.40381355807727,14.2293379759144,"educ"
"BE_2023","cv2_between_nwx",0.0818506511771866,0.089293298107524,-0.0931642131135605,0.256865515467934,"educ"
"BE_2023","d_cv2_within",-2.77730134098242,3.66785452494059,-9.96629620986599,4.41169352790114,"educ"
"BE_2023","d_cv2_between",0.000124955642648983,0.0870440299225363,-0.170481343005522,0.17073125429082,"educ"
"BE_2023","cv2_share_between_nw",0.0254750502497631,0.0151162029221106,-0.00415270747757364,0.0551028079770998,"educ"
"BE_2023","cv2_share_between_nwx",0.0136511457960378,0.00935791873294609,-0.00469037492053655,0.0319926665126121,"educ"
"BE_2023","d_cv2_share_between",0.0118239044537253,0.00774744815932055,-0.00336109393854297,0.0270089028459936,"educ"
"BE_2023","var_total_nw",545515271171.561,313501350779.107,-68947376355.4895,1159977918698.61,"educ"
"BE_2023","var_within_nw",531617373575.36,316149293760.012,-88035242194.2642,1151269989344.98,"educ"
"BE_2023","var_between_nw",13897897596.2012,5366959963.5053,3378656067.73076,24417139124.6715,"educ"
"BE_2023","var_total_nwx",595594778304.228,398742377582.708,-185940281757.879,1377129838366.34,"educ"
"BE_2023","var_within_nwx",587463888796.068,397808567206.086,-192240902927.861,1367168680520,"educ"
"BE_2023","var_between_nwx",8130889508.16017,6194103925.59437,-4009554186.0048,20271333202.3251,"educ"
"BE_2023","var_share_between_nw",0.0254750502497631,0.0151162029221106,-0.00415270747757364,0.0551028079770998,"educ"
"BE_2023","var_share_between_nwx",0.0136511457960378,0.00935791873294609,-0.00469037492053655,0.0319926665126121,"educ"
"BE_2023","d_var_share_between",0.0118239044537253,0.00774744815932055,-0.00336109393854297,0.0270089028459936,"educ"
"BE_2023","gini_total_nw",0.603788573368038,0.0208249203354602,0.562971729510536,0.64460541722554,"educ"
"BE_2023","gini_within_nw",0.574771571582958,0.024839762992495,0.526085636117668,0.623457507048248,"educ"
"BE_2023","gini_between_nw",0.0290170017850802,0.00789715650775266,0.013538575029885,0.0444954285402754,"educ"
"BE_2023","gini_total_nwx",0.769565574886265,0.142292528269542,0.490672219477962,1.04845893029457,"educ"
"BE_2023","gini_within_nwx",0.742100548258505,0.143066706009901,0.461689804479098,1.02251129203791,"educ"
"BE_2023","gini_between_nwx",0.0274650266277605,0.00810752652912675,0.0115742746306721,0.043355778624849,"educ"
"BE_2023","d_gini_within",-0.167328976675546,0.131124506813425,-0.424333010029859,0.0896750566787664,"educ"
"BE_2023","d_gini_between",0.00155197515731968,0.00331431542359427,-0.00494408307292509,0.00804803338756446,"educ"
"BE_2023","gini_share_between_nw",0.0480549064346323,0.0134523272667316,0.0216883449918382,0.0744214678774263,"educ"
"BE_2023","gini_share_between_nwx",0.0356867893529249,0.0115533995109496,0.0130421263114637,0.0583314523943861,"educ"
"BE_2023","d_gini_share_between",0.0123681170817074,0.00479258993077354,0.00297464081739122,0.0217615933460235,"educ"
"BE_2023","mld_within_nw",1.03428814714057,0.0748928983834276,0.887498066309048,1.18107822797208,"educ"
"BE_2023","mld_between_nw",0.038997789392325,0.0160910810051824,0.0074592706221675,0.0705363081624825,"educ"
"BE_2023","mld_within_nwx",1.05059862589619,0.077781714750671,0.898146464984876,1.20305078680751,"educ"
"BE_2023","mld_between_nwx",0.0308368827460989,0.0162973339377956,-0.00110589177198043,0.0627796572641783,"educ"
"BE_2023","d_mld_within",-0.0163104787556259,0.0235333063525353,-0.062435759206595,0.0298148016953433,"educ"
"BE_2023","d_mld_between",0.00816090664622608,0.00654654802312938,-0.0046703274791075,0.0209921407715597,"educ"
"BE_2023","mld_wtkept_nw",0.98065265233251,0.00410770901999447,0.972601542653321,0.988703762011699,"educ"
"BE_2023","mld_wtkept_nwx",0.904891235987047,0.00910499921396469,0.887045437527676,0.922737034446418,"educ"
"BE_2023","mld_ngrp_nw",2,0,2,2,"educ"
"BE_2023","mld_ngrp_nwx",2,0,2,2,"educ"
"BE_2023","I_nw",0.349016884348757,0.0329579083511392,0.284419383980525,0.41361438471699,"educ"
"BE_2023","I_nwx",0.304574100871614,0.0321906091202935,0.241480506995838,0.367667694747389,"educ"
"BE_2023","d_I",0.0444427834771438,0.0195929980972622,0.00604050720650979,0.0828450597477778,"educ"
"BE_2023","n_valid",2047,753.002626157439,571.114852731419,3522.88514726858,"educ"
"BE_2023","pct_valid",1,0.367856681073493,0.279000905095955,1.72099909490405,"educ"
"CY_2023","cv2_total_nw",2.28997430106858,0.367545089828102,1.5695859250055,3.01036267713166,"educ"
"CY_2023","cv2_within_nw",2.2054650003029,0.378068391955046,1.46445095207101,2.94647904853479,"educ"
"CY_2023","cv2_between_nw",0.0845093007656867,0.0342330806398628,0.0174124627115556,0.151606138819818,"educ"
"CY_2023","cv2_total_nwx",4.39447599443315,0.767259287944224,2.89064779006247,5.89830419880383,"educ"
"CY_2023","cv2_within_nwx",4.31301435405097,0.783745902793107,2.77687238457649,5.84915632352546,"educ"
"CY_2023","cv2_between_nwx",0.0814616403821733,0.0468069409586707,-0.0102799638968212,0.173203244661168,"educ"
"CY_2023","d_cv2_within",-2.10754935374808,0.567933356160168,-3.22069873182201,-0.994399975674148,"educ"
"CY_2023","d_cv2_between",0.00304766038351341,0.0259839451984149,-0.0478808722053798,0.0539761929724067,"educ"
"CY_2023","cv2_share_between_nw",0.0375125306752922,0.0175916994016462,0.00303279984806575,0.0719922615025187,"educ"
"CY_2023","cv2_share_between_nwx",0.0188239442121008,0.0124388697431086,-0.00555624048439203,0.0432041289085936,"educ"
"CY_2023","d_cv2_share_between",0.0186885864631914,0.0106554222853043,-0.00219604121600494,0.0395732141423878,"educ"
"CY_2023","var_total_nw",350208446830.641,78916625035.98,195531861760.12,504885031901.161,"educ"
"CY_2023","var_within_nw",337354470378.526,79540373229.8518,181455338848.016,493253601909.036,"educ"
"CY_2023","var_between_nw",12853976452.1147,5280510018.80405,2504176815.25878,23203776088.9706,"educ"
"CY_2023","var_total_nwx",336777770535.304,77430792270.0245,185013417686.056,488542123384.552,"educ"
"CY_2023","var_within_nwx",330599247162.272,78226377786.1827,177275546701.353,483922947623.19,"educ"
"CY_2023","var_between_nwx",6178523373.03272,3601514930.7697,-880445891.275899,13237492637.3413,"educ"
"CY_2023","var_share_between_nw",0.0375125306752922,0.0175916994016462,0.00303279984806575,0.0719922615025187,"educ"
"CY_2023","var_share_between_nwx",0.0188239442121008,0.0124388697431086,-0.00555624048439203,0.0432041289085936,"educ"
"CY_2023","d_var_share_between",0.0186885864631914,0.0106554222853043,-0.00219604121600494,0.0395732141423878,"educ"
"CY_2023","gini_total_nw",0.610119338682465,0.0168253045804038,0.577141741704874,0.643096935660056,"educ"
"CY_2023","gini_within_nw",0.584201007321045,0.0190987438168661,0.546767469439987,0.621634545202102,"educ"
"CY_2023","gini_between_nw",0.0259183313614205,0.00903046039752819,0.0082186289822653,0.0436180337405758,"educ"
"CY_2023","gini_total_nwx",0.866307399021542,0.0513250638873063,0.765710273802422,0.966904524240663,"educ"
"CY_2023","gini_within_nwx",0.84233461571661,0.0502450302546829,0.743854356417432,0.940814875015789,"educ"
"CY_2023","gini_between_nwx",0.0239727833049319,0.0107049619546175,0.00299105787388151,0.0449545087359823,"educ"
"CY_2023","d_gini_within",-0.258133608395566,0.0485247008990493,-0.353242022157702,-0.163025194633429,"educ"
"CY_2023","d_gini_between",0.00194554805648866,0.00427476924072373,-0.00643299965532985,0.0103240957683072,"educ"
"CY_2023","gini_share_between_nw",0.0425116597258356,0.0148275055951723,0.0134497487592979,0.0715735706923733,"educ"
"CY_2023","gini_share_between_nwx",0.027659475677958,0.0121106719667018,0.00392255862322248,0.0513963927326935,"educ"
"CY_2023","d_gini_share_between",0.0148521840478776,0.00592104015657578,0.00324694534098911,0.0264574227547662,"educ"
"CY_2023","mld_within_nw",0.982912547783845,0.0608828832131541,0.863582096686063,1.10224299888163,"educ"
"CY_2023","mld_between_nw",0.0334490580829228,0.0133412754673388,0.00730015816693866,0.0595979579989069,"educ"
"CY_2023","mld_within_nwx",1.05777493690231,0.0679041834539293,0.924682737332607,1.19086713647201,"educ"
"CY_2023","mld_between_nwx",0.0294468534978766,0.0147236710844795,0.000588458172296892,0.0583052488234563,"educ"
"CY_2023","d_mld_within",-0.0748623891184629,0.021600282100396,-0.117198942035239,-0.0325258362016868,"educ"
"CY_2023","d_mld_between",0.00400220458504617,0.00511452873214925,-0.00602227172996637,0.0140266809000587,"educ"
"CY_2023","mld_wtkept_nw",0.958320523284272,0.00912223569895996,0.94044094131431,0.976200105254233,"educ"
"CY_2023","mld_wtkept_nwx",0.844002258424334,0.0151261602324336,0.814354984368764,0.873649532479904,"educ"
"CY_2023","mld_ngrp_nw",2,0,2,2,"educ"
"CY_2023","mld_ngrp_nwx",2,0,2,2,"educ"
"CY_2023","I_nw",0.322635775099504,0.0504828147603053,0.223689458169306,0.421582092029703,"educ"
"CY_2023","I_nwx",0.220807204136243,0.0529444329230498,0.117036115607066,0.324578292665421,"educ"
"CY_2023","d_I",0.101828570963261,0.0368297791503873,0.0296422038285016,0.17401493809802,"educ"
"CY_2023","n_valid",1255.8,464.925608242867,344.54580784398,2167.05419215602,"educ"
"CY_2023","pct_valid",1,0.370222427280415,0.274364042530386,1.72563595746961,"educ"
"DE_2023","cv2_total_nw",4.31577153842259,0.619529977564285,3.10149278239659,5.53005029444859,"educ"
"DE_2023","cv2_within_nw",4.14698249103845,0.666899544531533,2.83985938375664,5.45410559832025,"educ"
"DE_2023","cv2_between_nw",0.168789047384144,0.0677314240829985,0.0360354561814674,0.301542638586821,"educ"
"DE_2023","cv2_total_nwx",15.4546908266125,3.92302063857369,7.76557037500803,23.1438112782169,"educ"
"DE_2023","cv2_within_nwx",15.2088448469784,3.8660303587478,7.63142534383275,22.7862643501241,"educ"
"DE_2023","cv2_between_nwx",0.245845979634005,0.115236038511235,0.0199833441519847,0.471708615116026,"educ"
"DE_2023","d_cv2_within",-11.06186235594,4.13654655462138,-19.1694936029979,-2.9542311088821,"educ"
"DE_2023","d_cv2_between",-0.0770569322498609,0.0590301672996286,-0.192756060157133,0.0386421956574112,"educ"
"DE_2023","cv2_share_between_nw",0.0391296253841369,0.0174576173362099,0.00491269540516555,0.0733465553631083,"educ"
"DE_2023","cv2_share_between_nwx",0.0158948145604863,0.00701656927020093,0.00214233879089243,0.0296472903300801,"educ"
"DE_2023","d_cv2_share_between",0.0232348108236507,0.013355865694603,-0.00294268593777118,0.0494123075850725,"educ"
"DE_2023","var_total_nw",461222844599.909,105460004900.21,254521234995.497,667924454204.322,"educ"
"DE_2023","var_within_nw",443186823633.927,109200318861.732,229154198664.932,657219448602.923,"educ"
"DE_2023","var_between_nw",18036020965.9823,7015990708.37996,4284679177.55756,31787362754.407,"educ"
"DE_2023","var_total_nwx",794224505633.393,150834040234.974,498589786772.843,1089859224493.94,"educ"
"DE_2023","var_within_nwx",781574816609.982,150168142354.883,487245257594.412,1075904375625.55,"educ"
"DE_2023","var_between_nwx",12649689023.4102,5390219023.2434,2084859737.85313,23214518308.9673,"educ"
"DE_2023","var_share_between_nw",0.0391296253841369,0.0174576173362099,0.00491269540516555,0.0733465553631083,"educ"
"DE_2023","var_share_between_nwx",0.0158948145604863,0.00701656927020093,0.00214233879089244,0.0296472903300801,"educ"
"DE_2023","d_var_share_between",0.0232348108236507,0.013355865694603,-0.00294268593777118,0.0494123075850725,"educ"
"DE_2023","gini_total_nw",0.723575874726347,0.0180067033092896,0.68828273624014,0.758869013212555,"educ"
"DE_2023","gini_within_nw",0.676188957132288,0.0314152859843801,0.614614996602903,0.737762917661673,"educ"
"DE_2023","gini_between_nw",0.047386917594059,0.0163148099010962,0.0154098901879105,0.0793639450002075,"educ"
"DE_2023","gini_total_nwx",1.10296903991499,0.0883230985552847,0.929855766746634,1.27608231308335,"educ"
"DE_2023","gini_within_nwx",1.04275564865318,0.0793295852579611,0.88726966154758,1.19824163575879,"educ"
"DE_2023","gini_between_nwx",0.0602133912618088,0.0209650344537191,0.0191219237325195,0.101304858791098,"educ"
"DE_2023","d_gini_within",-0.366566691520895,0.0917348522958483,-0.546367002020758,-0.186766381021032,"educ"
"DE_2023","d_gini_between",-0.0128264736677499,0.00637733867744141,-0.025326057475535,-0.000326889859964699,"educ"
"DE_2023","gini_share_between_nw",0.0654881736517363,0.0231781277085791,0.0200590433429212,0.110917303960551,"educ"
"DE_2023","gini_share_between_nwx",0.0545992411171503,0.0177781973840992,0.0197539742443159,0.0894445079899847,"educ"
"DE_2023","d_gini_share_between",0.010888932534586,0.00737979343453168,-0.00357546259709609,0.0253533276662681,"educ"
"DE_2023","mld_within_nw",1.41128630580508,0.0954073548494524,1.22428789030016,1.59828472131001,"educ"
"DE_2023","mld_between_nw",0.071501883796457,0.0311536515585132,0.0104407267417711,0.132563040851143,"educ"
"DE_2023","mld_within_nwx",1.45026222219901,0.100070897979448,1.25412326215929,1.64640118223872,"educ"
"DE_2023","mld_between_nwx",0.0750504786104087,0.034884992175368,0.00667589394668748,0.14342506327413,"educ"
"DE_2023","d_mld_within",-0.0389759163939244,0.0185896418359319,-0.0754116143923509,-0.00254021839549787,"educ"
"DE_2023","d_mld_between",-0.00354859481395169,0.00563145084447766,-0.0145862384691279,0.00748904884122452,"educ"
"DE_2023","mld_wtkept_nw",0.936102944854024,0.0111435567576716,0.914261573608987,0.95794431609906,"educ"
"DE_2023","mld_wtkept_nwx",0.866974495569689,0.0110590767742142,0.845298705092229,0.888650286047149,"educ"
"DE_2023","mld_ngrp_nw",2,0,2,2,"educ"
"DE_2023","mld_ngrp_nwx",2,0,2,2,"educ"
"DE_2023","I_nw",0.349451478767704,0.0384153908399641,0.274157312721375,0.424745644814034,"educ"
"DE_2023","I_nwx",0.337171099883327,0.0320966676467566,0.274261631295684,0.40008056847097,"educ"
"DE_2023","d_I",0.0122803788843775,0.0184256199269642,-0.0238338361724724,0.0483945939412275,"educ"
"DE_2023","n_valid",3965.8,1446.41663755641,1130.82339038943,6800.77660961057,"educ"
"DE_2023","pct_valid",0.998037052064191,0.364006605539622,0.284584105206533,1.71148999892185,"educ"
"EE_2023","cv2_total_nw",9.76261081805231,2.84747335659721,4.18156303912177,15.3436585969828,"educ"
"EE_2023","cv2_within_nw",9.65118032508424,2.85490118157611,4.05557400919506,15.2467866409734,"educ"
"EE_2023","cv2_between_nw",0.111430492968071,0.0422988886312282,0.0285246712508637,0.194336314685278,"educ"
"EE_2023","cv2_total_nwx",11.8508497561238,3.24439339842454,5.49183869521169,18.2098608170359,"educ"
"EE_2023","cv2_within_nwx",11.7370408568573,3.25009461752077,5.36685540651659,18.107226307198,"educ"
"EE_2023","cv2_between_nwx",0.113808899266503,0.0464010967841164,0.0228627495696354,0.204755048963371,"educ"
"EE_2023","d_cv2_within",-2.08586053177305,0.685526609107617,-3.42949268562398,-0.74222837792212,"educ"
"EE_2023","d_cv2_between",-0.00237840629843244,0.00928160802740307,-0.0205703580321425,0.0158135454352776,"educ"
"EE_2023","cv2_share_between_nw",0.0113989212528858,0.00775362948586022,-0.0037981925394002,0.0265960350451719,"educ"
"EE_2023","cv2_share_between_nwx",0.00958855118952654,0.00628929460681702,-0.00273846623983481,0.0219155686188879,"educ"
"EE_2023","d_cv2_share_between",0.00181037006335929,0.0021400962458026,-0.00238421857841381,0.00600495870513239,"educ"
"EE_2023","var_total_nw",431928758234.025,162003025357.503,114402828533.32,749454687934.73,"educ"
"EE_2023","var_within_nw",427002718855.157,161893647728.709,109691169306.887,744314268403.427,"educ"
"EE_2023","var_between_nw",4926039378.86806,1906028123.88264,1190224256.05808,8661854501.67805,"educ"
"EE_2023","var_total_nwx",426641073053.195,152855165194.51,127044949271.954,726237196834.435,"educ"
"EE_2023","var_within_nwx",422547822051.586,152659660026.716,123334888399.223,721760755703.948,"educ"
"EE_2023","var_between_nwx",4093251001.60905,1735906352.44329,690874550.820189,7495627452.3979,"educ"
"EE_2023","var_share_between_nw",0.0113989212528858,0.00775362948586022,-0.0037981925394002,0.0265960350451719,"educ"
"EE_2023","var_share_between_nwx",0.00958855118952654,0.00628929460681702,-0.00273846623983481,0.0219155686188879,"educ"
"EE_2023","d_var_share_between",0.00181037006335929,0.0021400962458026,-0.00238421857841381,0.00600495870513239,"educ"
"EE_2023","gini_total_nw",0.654767209834333,0.0182902376093724,0.618918344119963,0.690616075548703,"educ"
"EE_2023","gini_within_nw",0.620829857745607,0.0222842512665529,0.577152725263163,0.664506990228051,"educ"
"EE_2023","gini_between_nw",0.0339373520887263,0.0105834376013236,0.013193814390132,0.0546808897873207,"educ"
"EE_2023","gini_total_nwx",0.73128281822491,0.0242344866776772,0.683783224336663,0.778782412113157,"educ"
"EE_2023","gini_within_nwx",0.69422334249518,0.0264761080231221,0.64233017076986,0.746116514220499,"educ"
"EE_2023","gini_between_nwx",0.0370594757297303,0.0121742574035399,0.0131979312187921,0.0609210202406684,"educ"
"EE_2023","d_gini_within",-0.0733934847495729,0.0174676775122846,-0.107630132673651,-0.0391568368254951,"educ"
"EE_2023","d_gini_between",-0.00312212364100393,0.00259481400788107,-0.00820795909645082,0.00196371181444297,"educ"
"EE_2023","gini_share_between_nw",0.0518334167552003,0.0164417017337749,0.0196076813570016,0.0840591521533991,"educ"
"EE_2023","gini_share_between_nwx",0.0506810461091153,0.0166242351908432,0.0180975451350626,0.0832645470831681,"educ"
"EE_2023","d_gini_share_between",0.00115237064608503,0.00214461808659504,-0.00305108080364125,0.0053558220958113,"educ"
"EE_2023","mld_within_nw",0.984197647880993,0.0634251371241455,0.859884379117668,1.10851091664432,"educ"
"EE_2023","mld_between_nw",0.0485936650940634,0.0206355030045333,0.00814807920517805,0.0890392509829487,"educ"
"EE_2023","mld_within_nwx",1.01315513180415,0.0658038399031044,0.884179605594068,1.14213065801424,"educ"
"EE_2023","mld_between_nwx",0.049321824106105,0.0217257810901112,0.00673929316948698,0.091904355042723,"educ"
"EE_2023","d_mld_within",-0.0289574839231601,0.00907358872569943,-0.046741717825531,-0.0111732500207892,"educ"
"EE_2023","d_mld_between",-0.000728159012041615,0.00218762361479046,-0.00501590129703091,0.00355958327294768,"educ"
"EE_2023","mld_wtkept_nw",0.969252375654767,0.0044975875520056,0.960437104052836,0.978067647256698,"educ"
"EE_2023","mld_wtkept_nwx",0.934186799003196,0.00610474960584128,0.922221489775747,0.946152108230645,"educ"
"EE_2023","mld_ngrp_nw",2,0,2,2,"educ"
"EE_2023","mld_ngrp_nwx",2,0,2,2,"educ"
"EE_2023","I_nw",0.355351128669953,0.0254724734982678,0.305425080613348,0.405277176726558,"educ"
"EE_2023","I_nwx",0.323224489518748,0.0252813618770721,0.273673020239687,0.372775958797809,"educ"
"EE_2023","d_I",0.0321266391512049,0.0117158472362921,0.0091635785680724,0.0550896997343375,"educ"
"EE_2023","n_valid",2592,955.622232370093,718.980424554618,4465.01957544538,"educ"
"EE_2023","pct_valid",1,0.368681416809449,0.277384423053479,1.72261557694652,"educ"
"ES_2023","cv2_total_nw",24.2156813736495,9.40903593907549,5.77397093306152,42.6573918142374,"educ"
"ES_2023","cv2_within_nw",24.0535887155642,9.38623775309627,5.65656271949548,42.4506147116329,"educ"
"ES_2023","cv2_between_nw",0.162092658085315,0.0401126092958137,0.0834719438655198,0.24071337230511,"educ"
"ES_2023","cv2_total_nwx",95.8257716664948,39.9524080012997,17.5190519839474,174.132491349042,"educ"
"ES_2023","cv2_within_nwx",95.6855488457839,39.9658087030401,17.3525637878252,174.018533903743,"educ"
"ES_2023","cv2_between_nwx",0.140222820710914,0.0794823786997384,-0.0155626415405733,0.296008282962401,"educ"
"ES_2023","d_cv2_within",-71.6319601302197,35.7237462966035,-141.650502871563,-1.61341738887688,"educ"
"ES_2023","d_cv2_between",0.0218698373744008,0.0688122865296967,-0.113002244223805,0.156741918972606,"educ"
"ES_2023","cv2_share_between_nw",0.00670053389743982,0.00335596657022942,0.000122839419790163,0.0132782283750895,"educ"
"ES_2023","cv2_share_between_nwx",0.00146438539632582,0.00141242386985965,-0.00130396538859909,0.00423273618125073,"educ"
"ES_2023","d_cv2_share_between",0.005236148501114,0.0032262202523374,-0.0010872431934673,0.0115595401956953,"educ"
"ES_2023","var_total_nw",2508718495196.81,1277942697218.7,3950808648.15869,5013486181745.45,"educ"
"ES_2023","var_within_nw",2491927250981.42,1273241521285.97,-3626130739.0918,4987480632701.92,"educ"
"ES_2023","var_between_nw",16791244215.3905,6219742114.06856,4600549671.81608,28981938758.9649,"educ"
"ES_2023","var_total_nwx",3063269522204.68,1329551992113.6,457347617662.017,5669191426747.34,"educ"
"ES_2023","var_within_nwx",3058782941136.87,1327764762532.57,456364006573.043,5661201875700.7,"educ"
"ES_2023","var_between_nwx",4486581067.80719,4065098027.25649,-3481011065.61553,12454173201.2299,"educ"
"ES_2023","var_share_between_nw",0.00670053389743982,0.00335596657022942,0.000122839419790163,0.0132782283750895,"educ"
"ES_2023","var_share_between_nwx",0.00146438539632582,0.00141242386985965,-0.00130396538859909,0.00423273618125073,"educ"
"ES_2023","d_var_share_between",0.005236148501114,0.0032262202523374,-0.0010872431934673,0.0115595401956953,"educ"
"ES_2023","gini_total_nw",0.673579341439977,0.0156414103162364,0.642922177220154,0.704236505659801,"educ"
"ES_2023","gini_within_nw",0.630338727498901,0.0114163593556354,0.607962663161856,0.652714791835946,"educ"
"ES_2023","gini_between_nw",0.0432406139410764,0.0099957741014859,0.023648896702164,0.0628323311799888,"educ"
"ES_2023","gini_total_nwx",1.22294253657568,0.186916668129317,0.856585867042221,1.58929920610914,"educ"
"ES_2023","gini_within_nwx",1.15196444370789,0.167063077773541,0.824520811271749,1.47940807614403,"educ"
"ES_2023","gini_between_nwx",0.070978092867793,0.0269248370601852,0.0182054122298301,0.123750773505756,"educ"
"ES_2023","d_gini_within",-0.521625716208988,0.165945610104334,-0.846879112013482,-0.196372320404494,"educ"
"ES_2023","d_gini_between",-0.0277374789267166,0.0216871937705473,-0.0702443787169894,0.0147694208635561,"educ"
"ES_2023","gini_share_between_nw",0.0641951469599959,0.0135244643018041,0.0376871969284599,0.090703096991532,"educ"
"ES_2023","gini_share_between_nwx",0.0580297626755927,0.0150751087850278,0.0284825494569381,0.0875769758942473,"educ"
"ES_2023","d_gini_share_between",0.00616538428440324,0.00792013620859468,-0.00935808268444232,0.0216888512532488,"educ"
"ES_2023","mld_within_nw",1.03976276718967,0.0423935179146871,0.956671472076879,1.12285406230245,"educ"
"ES_2023","mld_between_nw",0.0655181924024145,0.0179583832655331,0.0303197612019696,0.100716623602859,"educ"
"ES_2023","mld_within_nwx",1.03789276767879,0.0500790223445282,0.939737883883518,1.13604765147407,"educ"
"ES_2023","mld_between_nwx",0.0559811500470515,0.0199776513349462,0.0168249534305569,0.0951373466635461,"educ"
"ES_2023","d_mld_within",0.0018699995108717,0.0205642595822123,-0.0384359492702643,0.0421759482920077,"educ"
"ES_2023","d_mld_between",0.009537042355363,0.008217211546069,-0.00656869227493226,0.0256427769856582,"educ"
"ES_2023","mld_wtkept_nw",0.942252446333247,0.00433220799200725,0.933761318668913,0.950743573997582,"educ"
"ES_2023","mld_wtkept_nwx",0.840932617729071,0.00732944833782545,0.826566898986933,0.855298336471209,"educ"
"ES_2023","mld_ngrp_nw",2,0,2,2,"educ"
"ES_2023","mld_ngrp_nwx",2,0,2,2,"educ"
"ES_2023","I_nw",0.30002762082334,0.0194261922085564,0.261952284094569,0.33810295755211,"educ"
"ES_2023","I_nwx",0.283237354626503,0.0202357843275051,0.243575217344593,0.322899491908413,"educ"
"ES_2023","d_I",0.0167902661968366,0.0149271267392958,-0.0124669022121831,0.0460474346058564,"educ"
"ES_2023","n_valid",6384,2343.73521286002,1790.27898279436,10977.7210172056,"educ"
"ES_2023","pct_valid",1,0.367126443117171,0.280432171490345,1.71956782850966,"educ"
"FR_2023","cv2_total_nw",7.61001337636958,2.37127356385893,2.96231719120607,12.2577095615331,"educ"
"FR_2023","cv2_within_nw",7.47250501755009,2.36800674078139,2.83121180561856,12.1137982294816,"educ"
"FR_2023","cv2_between_nw",0.137508358819483,0.0198133108601565,0.0986742695335765,0.17634244810539,"educ"
"FR_2023","cv2_total_nwx",91.5157377459653,69.233925265405,-44.1827557742285,227.214231266159,"educ"
"FR_2023","cv2_within_nwx",91.2001715936899,69.2455142736729,-44.521036382709,226.921379570089,"educ"
"FR_2023","cv2_between_nwx",0.315566152275377,0.081535232536645,0.155757096503553,0.475375208047201,"educ"
"FR_2023","d_cv2_within",-83.7276665761398,69.0464736908318,-219.05875501017,51.6034218578906,"educ"
"FR_2023","d_cv2_between",-0.178057793455894,0.0716580580621124,-0.318507587257634,-0.0376079996541534,"educ"
"FR_2023","cv2_share_between_nw",0.0180693977814114,0.00548277111003889,0.00732316640573514,0.0288156291570876,"educ"
"FR_2023","cv2_share_between_nwx",0.00344821732357492,0.00379266259813438,-0.00398540136876845,0.0108818360159183,"educ"
"FR_2023","d_cv2_share_between",0.0146211804578364,0.00578051143680475,0.00329137804169913,0.0259509828739738,"educ"
"FR_2023","var_total_nw",838296607476.318,279535647808.365,290406737771.923,1386186477180.71,"educ"
"FR_2023","var_within_nw",823149092617.021,279043695899.316,276223448654.361,1370074736579.68,"educ"
"FR_2023","var_between_nw",15147514859.2973,2237019234.89679,10762957158.8995,19532072559.695,"educ"
"FR_2023","var_total_nwx",3089455181713.58,1988426750919.03,-807861250087.723,6986771613514.89,"educ"
"FR_2023","var_within_nwx",3078802068835.59,1989469966307.66,-820559065127.421,6978163202798.6,"educ"
"FR_2023","var_between_nwx",10653112877.9931,2565609884.13904,5624517505.08058,15681708250.9056,"educ"
"FR_2023","var_share_between_nw",0.0180693977814114,0.00548277111003889,0.00732316640573514,0.0288156291570876,"educ"
"FR_2023","var_share_between_nwx",0.00344821732357492,0.00379266259813438,-0.00398540136876845,0.0108818360159183,"educ"
"FR_2023","d_var_share_between",0.0146211804578364,0.00578051143680475,0.00329137804169913,0.0259509828739738,"educ"
"FR_2023","gini_total_nw",0.677710245115626,0.014997407506877,0.648315326402147,0.707105163829105,"educ"
"FR_2023","gini_within_nw",0.640104560503114,0.0122275373220137,0.616138587351967,0.664070533654261,"educ"
"FR_2023","gini_between_nw",0.0376056846125116,0.00507407710762669,0.0276604934815633,0.0475508757434599,"educ"
"FR_2023","gini_total_nwx",1.39102412070724,0.141334013766984,1.11400945372396,1.66803878769053,"educ"
"FR_2023","gini_within_nwx",1.34885791019848,0.137973152946769,1.07843053042281,1.61928528997414,"educ"
"FR_2023","gini_between_nwx",0.0421662105087688,0.00923823535512844,0.024059269212717,0.0602731518048205,"educ"
"FR_2023","d_gini_within",-0.708753349695362,0.134341133501661,-0.972061971358617,-0.445444728032106,"educ"
"FR_2023","d_gini_between",-0.00456052589625722,0.00711390133577171,-0.0185037725143698,0.00938272072185533,"educ"
"FR_2023","gini_share_between_nw",0.0554893258343698,0.00688174667469146,0.0420011023519745,0.068977549316765,"educ"
"FR_2023","gini_share_between_nwx",0.0303130692567215,0.00621731172169628,0.0181271382821968,0.0424990002312462,"educ"
"FR_2023","d_gini_share_between",0.0251762565776483,0.00573857932394829,0.0139286411027097,0.036423872052587,"educ"
"FR_2023","mld_within_nw",1.21397427791692,0.0631558368206057,1.09018883774853,1.3377597180853,"educ"
"FR_2023","mld_between_nw",0.0631137489397657,0.00903932184825265,0.0453966781171905,0.0808308197623409,"educ"
"FR_2023","mld_within_nwx",1.22910653128315,0.0639313946979592,1.10380099767515,1.35441206489115,"educ"
"FR_2023","mld_between_nwx",0.0625537305168555,0.0102357012820194,0.0424917560040975,0.0826157050296134,"educ"
"FR_2023","d_mld_within",-0.0151322533662372,0.00922453484317157,-0.0332123416588535,0.00294783492637904,"educ"
"FR_2023","d_mld_between",0.000560018422910258,0.00292806567062365,-0.0051789902915121,0.00629902713733262,"educ"
"FR_2023","mld_wtkept_nw",0.982232772210396,0.00210100885171221,0.97811479486104,0.986350749559752,"educ"
"FR_2023","mld_wtkept_nwx",0.878781455629698,0.00498766328091343,0.869005635599108,0.888557275660289,"educ"
"FR_2023","mld_ngrp_nw",2,0,2,2,"educ"
"FR_2023","mld_ngrp_nwx",2,0,2,2,"educ"
"FR_2023","I_nw",0.263629272182066,0.0194563403043597,0.225494845185521,0.301763699178611,"educ"
"FR_2023","I_nwx",0.233361913904748,0.0182508242528268,0.197590298369208,0.269133529440289,"educ"
"FR_2023","d_I",0.0302673582773176,0.0101330414086081,0.0104065971164458,0.0501281194381895,"educ"
"FR_2023","n_valid",11912,4558.09266634631,2978.13837396124,20845.8616260388,"educ"
"FR_2023","pct_valid",1,0.382647134515305,0.250011616350003,1.74998838365,"educ"
"GR_2023","cv2_total_nw",2.43357289648006,0.411901390353327,1.62624617138754,3.24089962157258,"educ"
"GR_2023","cv2_within_nw",2.38557558781683,0.423786543563896,1.55495396243159,3.21619721320206,"educ"
"GR_2023","cv2_between_nw",0.0479973086632316,0.033630119328213,-0.0179177252200658,0.113912342546529,"educ"
"GR_2023","cv2_total_nwx",208.548204592111,57777.6732920962,-113035.691447916,113452.787857101,"educ"
"GR_2023","cv2_within_nwx",207.488894600547,57594.6337436003,-112677.993242856,113092.971032057,"educ"
"GR_2023","cv2_between_nwx",1.05930999156398,238.469395155769,-466.340704513743,468.459324496871,"educ"
"GR_2023","d_cv2_within",-205.103319012731,57594.6662395438,-113090.649148519,112680.442510493,"educ"
"GR_2023","d_cv2_between",-1.01131268290075,238.468172245298,-468.408930283685,466.386304917883,"educ"
"GR_2023","cv2_share_between_nw",0.0198153107313715,0.0168794033327884,-0.0132683198008937,0.0528989412636368,"educ"
"GR_2023","cv2_share_between_nwx",0.00768304011081519,0.0094218676135044,-0.0107838204116534,0.0261499006332838,"educ"
"GR_2023","d_cv2_share_between",0.0121322706205564,0.0126808085671871,-0.0127221141711304,0.0369866554122431,"educ"
"GR_2023","var_total_nw",71292222450.758,13459061798.2174,44912461326.2519,97671983575.2641,"educ"
"GR_2023","var_within_nw",69886738783.3306,13316004832.6861,43787369311.2658,95986108255.3954,"educ"
"GR_2023","var_between_nw",1405483667.4274,1222837627.05161,-991278081.593744,3802245416.44855,"educ"
"GR_2023","var_total_nwx",221670832631.454,338200589252.143,-441202322302.747,884543987565.654,"educ"
"GR_2023","var_within_nwx",220249239148.611,337215864469.379,-440693855211.373,881192333508.594,"educ"
"GR_2023","var_between_nwx",1421593482.84313,1791565633.25209,-2089875158.33096,4933062124.01723,"educ"
"GR_2023","var_share_between_nw",0.0198153107313715,0.0168794033327884,-0.0132683198008937,0.0528989412636368,"educ"
"GR_2023","var_share_between_nwx",0.0076830401108152,0.0094218676135044,-0.0107838204116534,0.0261499006332838,"educ"
"GR_2023","d_var_share_between",0.0121322706205564,0.0126808085671871,-0.0127221141711304,0.0369866554122431,"educ"
"GR_2023","gini_total_nw",0.584137606119118,0.0124191029887897,0.559796164261091,0.608479047977146,"educ"
"GR_2023","gini_within_nw",0.566720506336473,0.0143279157277353,0.538637791510112,0.594803221162834,"educ"
"GR_2023","gini_between_nw",0.0174170997826454,0.0107535420673251,-0.00365984266931176,0.0384940422346025,"educ"
"GR_2023","gini_total_nwx",2.29422253135763,7.95213661802458,-13.2919652399706,17.8804103026858,"educ"
"GR_2023","gini_within_nwx",1.27210006331292,0.619120870859871,0.058623156427575,2.48557697019827,"educ"
"GR_2023","gini_between_nwx",0.0166404698598771,0.0173527287347413,-0.0173708784602158,0.05065181817997,"educ"
"GR_2023","d_gini_within",-0.706353141926115,0.619472068885716,-1.92051839694212,0.507812113089889,"educ"
"GR_2023","d_gini_between",0.000901137152842235,0.0106435138141169,-0.0199601499228269,0.0217624242285113,"educ"
"GR_2023","gini_share_between_nw",0.0298182778488606,0.0180929150640422,-0.00564383567666215,0.0652803913743833,"educ"
"GR_2023","gini_share_between_nwx",0.0133181941581698,0.0123542751627658,-0.0108961851608513,0.0375325734771908,"educ"
"GR_2023","d_gini_share_between",0.0167554641474388,0.00919665886532735,-0.00126998722860282,0.0347809155234804,"educ"
"GR_2023","mld_within_nw",0.936350182704304,0.0399643476158139,0.858020061377309,1.0146803040313,"educ"
"GR_2023","mld_between_nw",0.021423305311562,0.0145980583156651,-0.00718888898714157,0.0500354996102656,"educ"
"GR_2023","mld_within_nwx",1.06550868721442,0.0801038248538323,0.908505190500913,1.22251218392794,"educ"
"GR_2023","mld_between_nwx",0.0176496742854545,0.016050674163783,-0.0138096470755602,0.0491089956464692,"educ"
"GR_2023","d_mld_within",-0.12915850451012,0.0622760064886151,-0.251219477227805,-0.00709753179243422,"educ"
"GR_2023","d_mld_between",0.0037736310261075,0.00676742002045115,-0.00949051221397675,0.0170377742661918,"educ"
"GR_2023","mld_wtkept_nw",0.991385614266428,0.00211182551110958,0.987246436264654,0.995524792268203,"educ"
"GR_2023","mld_wtkept_nwx",0.833688355500632,0.072542689095739,0.691504684872984,0.975872026128281,"educ"
"GR_2023","mld_ngrp_nw",2,0,2,2,"educ"
"GR_2023","mld_ngrp_nwx",2,0,2,2,"educ"
"GR_2023","I_nw",0.154951249678336,0.0431403804627275,0.0703961039713904,0.239506395385282,"educ"
"GR_2023","I_nwx",0.128832063553531,0.0725186151522605,-0.0133044221448999,0.270968549251961,"educ"
"GR_2023","d_I",0.0261191861248056,0.066059353965411,-0.1033571476474,0.155595519897011,"educ"
"GR_2023","n_valid",3599,1371.83608131584,910.201280620954,6287.79871937905,"educ"
"GR_2023","pct_valid",1,0.381171459104151,0.252903940155864,1.74709605984414,"educ"
"HR_2023","cv2_total_nw",1.82276632917057,0.293121427622435,1.2482483310306,2.39728432731054,"educ"
"HR_2023","cv2_within_nw",1.78965768222562,0.297924717520247,1.20572523588594,2.37359012856531,"educ"
"HR_2023","cv2_between_nw",0.0331086469449481,0.0150325912741789,0.00364476804755744,0.0625725258423387,"educ"
"HR_2023","cv2_total_nwx",2.82817224845324,0.454189346929094,1.93796112847221,3.71838336843426,"educ"
"HR_2023","cv2_within_nwx",2.79500737020816,0.459852781929697,1.89369591762595,3.69631882279036,"educ"
"HR_2023","cv2_between_nwx",0.0331648782450783,0.0189013784902562,-0.00388182359582395,0.0702115800859805,"educ"
"HR_2023","d_cv2_within",-1.00534968798253,0.202187043200236,-1.401636292655,-0.609063083310071,"educ"
"HR_2023","d_cv2_between",-5.6231300130196e-05,0.00803821807165406,-0.0158111387205722,0.0156986761203118,"educ"
"HR_2023","cv2_share_between_nw",0.0181681765825297,0.0101747784518492,-0.0017743891830947,0.038110742348154,"educ"
"HR_2023","cv2_share_between_nwx",0.0117290823499351,0.00797207447538236,-0.00389618362181437,0.0273543483216845,"educ"
"HR_2023","d_cv2_share_between",0.00643909423259461,0.00401868949769628,-0.0014375371828901,0.0143157256480793,"educ"
"HR_2023","var_total_nw",61286409919.3963,13332099977.2714,35155493963.9443,87417325874.8482,"educ"
"HR_2023","var_within_nw",60173680928.652,13422860564.4831,33864874222.2651,86482487635.039,"educ"
"HR_2023","var_between_nw",1112728990.74428,495202395.441634,142132295.678676,2083325685.80988,"educ"
"HR_2023","var_total_nwx",60362240721.6611,13277122196.6443,34339081216.2383,86385400227.084,"educ"
"HR_2023","var_within_nwx",59654883752.5813,13355737925.3581,33477637418.8793,85832130086.2833,"educ"
"HR_2023","var_between_nwx",707356969.079843,390066976.737904,-57174305.3264477,1471888243.48613,"educ"
"HR_2023","var_share_between_nw",0.0181681765825297,0.0101747784518492,-0.0017743891830947,0.038110742348154,"educ"
"HR_2023","var_share_between_nwx",0.0117290823499351,0.00797207447538236,-0.00389618362181437,0.0273543483216845,"educ"
"HR_2023","d_var_share_between",0.00643909423259461,0.00401868949769628,-0.0014375371828901,0.0143157256480793,"educ"
"HR_2023","gini_total_nw",0.539250849793568,0.0144433698347551,0.510941844917448,0.567559854669688,"educ"
"HR_2023","gini_within_nw",0.525540252450509,0.0152213041915889,0.495706496234995,0.555374008666023,"educ"
"HR_2023","gini_between_nw",0.0137105973430586,0.00460520109328929,0.00468440320021155,0.0227367914859056,"educ"
"HR_2023","gini_total_nwx",0.688506006099934,0.0210441419622139,0.647259487853995,0.729752524345873,"educ"
"HR_2023","gini_within_nwx",0.677106907904296,0.0212843639576221,0.635389554547357,0.718824261261236,"educ"
"HR_2023","gini_between_nwx",0.0113990981956376,0.00451852619447367,0.00254278685446917,0.0202554095368059,"educ"
"HR_2023","d_gini_within",-0.151566655453787,0.0176415170174337,-0.186144028807957,-0.116989282099617,"educ"
"HR_2023","d_gini_between",0.00231149914742099,0.00221854634071108,-0.00203685168037272,0.0066598499752147,"educ"
"HR_2023","gini_share_between_nw",0.0254246609660308,0.00860319660205614,0.00856239562600076,0.0422869263060608,"educ"
"HR_2023","gini_share_between_nwx",0.0165559628036175,0.00654963906740663,0.00371867023150055,0.0293932553757345,"educ"
"HR_2023","d_gini_share_between",0.00886869816241326,0.00416584226076004,0.000703647331323581,0.0170337489935029,"educ"
"HR_2023","mld_within_nw",0.672560066493081,0.0418990501007192,0.590437928295671,0.75468220469049,"educ"
"HR_2023","mld_between_nw",0.0138692994407569,0.00612258595730346,0.00186903096444207,0.0258695679170716,"educ"
"HR_2023","mld_within_nwx",0.755021755200798,0.0477509620190932,0.661429869643375,0.848613640758221,"educ"
"HR_2023","mld_between_nwx",0.0079228634015003,0.00522712127550626,-0.00232229429849197,0.0181680211014926,"educ"
"HR_2023","d_mld_within",-0.0824616887077172,0.0166471863060032,-0.115090173867483,-0.049833203547951,"educ"
"HR_2023","d_mld_between",0.00594643603925656,0.00233511620029773,0.00136960828667301,0.0105232637918401,"educ"
"HR_2023","mld_wtkept_nw",0.985910958782183,0.00339014491706817,0.979266274744729,0.992555642819636,"educ"
"HR_2023","mld_wtkept_nwx",0.880790956074145,0.00946590159881244,0.862237788940473,0.899344123207817,"educ"
"HR_2023","mld_ngrp_nw",2,0,2,2,"educ"
"HR_2023","mld_ngrp_nwx",2,0,2,2,"educ"
"HR_2023","I_nw",0.282177922310873,0.0388177306309694,0.206095170274173,0.358260674347573,"educ"
"HR_2023","I_nwx",0.244507921855205,0.0395138554886394,0.167060765097472,0.321955078612939,"educ"
"HR_2023","d_I",0.0376700004556674,0.0258105569298386,-0.0129186911268163,0.0882586920381511,"educ"
"HR_2023","n_valid",1445.2,539.524445043966,387.732087713826,2502.66791228617,"educ"
"HR_2023","pct_valid",1,0.373321478190654,0.268289902746319,1.73171009725368,"educ"
"HU_2023","cv2_total_nw",3.16312908078424,0.318256873658313,2.53934560841395,3.78691255315453,"educ"
"HU_2023","cv2_within_nw",2.89916399968005,0.320985790842237,2.27003184962927,3.52829614973084,"educ"
"HU_2023","cv2_between_nw",0.263965081104189,0.0224957197511669,0.219873470391901,0.308056691816476,"educ"
"HU_2023","cv2_total_nwx",4.62123175726645,0.511032603406777,3.61960785458917,5.62285565994374,"educ"
"HU_2023","cv2_within_nwx",4.32088846253635,0.517268349975559,3.30704249658425,5.33473442848845,"educ"
"HU_2023","cv2_between_nwx",0.300343294730105,0.0305756647232718,0.240414991872492,0.360271597587717,"educ"
"HU_2023","d_cv2_within",-1.4217244628563,0.318999934060171,-2.04696433361423,-0.796484592098363,"educ"
"HU_2023","d_cv2_between",-0.036378213625916,0.0135670191778935,-0.0629695712145873,-0.00978685603724475,"educ"
"HU_2023","cv2_share_between_nw",0.0834507844070433,0.0121341683354982,0.0596678144694669,0.10723375434462,"educ"
"HU_2023","cv2_share_between_nwx",0.0649922700266865,0.010917523635045,0.0435939237019984,0.0863906163513746,"educ"
"HU_2023","d_cv2_share_between",0.0184585143803568,0.00658969113492806,0.00554271975589784,0.0313743090048159,"educ"
"HU_2023","var_total_nw",56754381059.3634,6904895451.75202,43220785973.9294,70287976144.7973,"educ"
"HU_2023","var_within_nw",52018170902.9904,6830435216.84738,38630517877.9695,65405823928.0112,"educ"
"HU_2023","var_between_nw",4736210156.37302,430908058.467337,3891630361.77704,5580789950.969,"educ"
"HU_2023","var_total_nwx",59132658625.2629,7244398721.32991,44933637131.4562,73331680119.0695,"educ"
"HU_2023","var_within_nwx",55289481880.7703,7224947509.89414,41128584761.3778,69450379000.1629,"educ"
"HU_2023","var_between_nwx",3843176744.49251,435659251.994844,2989284610.58262,4697068878.40241,"educ"
"HU_2023","var_share_between_nw",0.0834507844070433,0.0121341683354982,0.0596678144694668,0.10723375434462,"educ"
"HU_2023","var_share_between_nwx",0.0649922700266865,0.010917523635045,0.0435939237019984,0.0863906163513746,"educ"
"HU_2023","d_var_share_between",0.0184585143803568,0.00658969113492807,0.00554271975589784,0.0313743090048159,"educ"
"HU_2023","gini_total_nw",0.595984697017222,0.00712077768531086,0.582027972754013,0.609941421280431,"educ"
"HU_2023","gini_within_nw",0.519163790738319,0.00876139868027657,0.501991449324976,0.536336132151661,"educ"
"HU_2023","gini_between_nw",0.0768209062789033,0.00567702831857065,0.0656939307745048,0.0879478817833018,"educ"
"HU_2023","gini_total_nwx",0.717566573756698,0.0158665797700369,0.686468077407425,0.74866507010597,"educ"
"HU_2023","gini_within_nwx",0.639929300533468,0.0157346404203246,0.609089405309632,0.670769195757304,"educ"
"HU_2023","gini_between_nwx",0.0776372732232297,0.00641901068990912,0.0650560122710078,0.0902185341754515,"educ"
"HU_2023","d_gini_within",-0.120765509795149,0.013657458567892,-0.147534128588218,-0.093996891002081,"educ"
"HU_2023","d_gini_between",-0.000816366944326341,0.00233927678626378,-0.00540134944540335,0.00376861555675067,"educ"
"HU_2023","gini_share_between_nw",0.128897202899207,0.00952387010331711,0.110230417496705,0.147563988301708,"educ"
"HU_2023","gini_share_between_nwx",0.108194935967343,0.00870896872529232,0.0911253572657704,0.125264514668916,"educ"
"HU_2023","d_gini_share_between",0.0207022669318634,0.00283611491706525,0.0151434816944155,0.0262610521693113,"educ"
"HU_2023","mld_within_nw",0.67002239411962,0.0232055065303146,0.624539601320204,0.715505186919037,"educ"
"HU_2023","mld_between_nw",0.106142083846768,0.00908163111345776,0.0883420868643912,0.123942080829146,"educ"
"HU_2023","mld_within_nwx",0.705289892429317,0.0253499992337955,0.655603893931078,0.754975890927556,"educ"
"HU_2023","mld_between_nwx",0.10010655504381,0.0096554591631198,0.0811818550840955,0.119031255003525,"educ"
"HU_2023","d_mld_within",-0.0352674983096964,0.00775104264239071,-0.0504595418887822,-0.0200754547306106,"educ"
"HU_2023","d_mld_between",0.00603552880295808,0.00213894533216288,0.00184319595191884,0.0102278616539973,"educ"
"HU_2023","mld_wtkept_nw",0.957061433115545,0.00315874614149086,0.950870290678223,0.963252575552868,"educ"
"HU_2023","mld_wtkept_nwx",0.886760656701398,0.00481096868630629,0.877331158076238,0.896190155326558,"educ"
"HU_2023","mld_ngrp_nw",2,0,2,2,"educ"
"HU_2023","mld_ngrp_nwx",2,0,2,2,"educ"
"HU_2023","I_nw",0.484642377410305,0.0145172225161746,0.456188621278603,0.513096133542007,"educ"
"HU_2023","I_nwx",0.433866986800116,0.0158969957961539,0.402708875039655,0.465025098560578,"educ"
"HU_2023","d_I",0.0507753906101888,0.00868765534638856,0.0337475861312672,0.0678031950891104,"educ"
"HU_2023","n_valid",6975,2892.9138699588,1304.88881488075,12645.1111851192,"educ"
"HU_2023","pct_valid",1,0.414754676696602,0.18708083367466,1.81291916632534,"educ"
"LT_2023","cv2_total_nw",13.0784758256788,5.10039222752382,3.08170705973213,23.0752445916255,"educ"
"LT_2023","cv2_within_nw",13.0127038426118,5.12023735582968,2.97703862518565,23.048369060038,"educ"
"LT_2023","cv2_between_nw",0.0657719830669888,0.0494385825135272,-0.0311276386595246,0.162671604793502,"educ"
"LT_2023","cv2_total_nwx",20.805014784843,7.54187833553788,6.02293324718873,35.5870963224972,"educ"
"LT_2023","cv2_within_nwx",20.7291919077877,7.57371887319088,5.88470291633355,35.5736808992418,"educ"
"LT_2023","cv2_between_nwx",0.0758228770553195,0.0699581624917924,-0.0612951214285935,0.212940875539232,"educ"
"LT_2023","d_cv2_within",-7.71648806517584,2.669763931113,-12.9492253701573,-2.48375076019435,"educ"
"LT_2023","d_cv2_between",-0.0100508939883307,0.0243235740959456,-0.057725099216384,0.0376233112397227,"educ"
"LT_2023","cv2_share_between_nw",0.00528328830905633,0.00862611325762594,-0.0116238936758905,0.0221904702940032,"educ"
"LT_2023","cv2_share_between_nwx",0.00383894455330946,0.00747098424896247,-0.010804184574657,0.0184820736812759,"educ"
"LT_2023","d_cv2_share_between",0.00144434375574686,0.0016458481389093,-0.00178151859651537,0.0046702061080091,"educ"
"LT_2023","var_total_nw",208232772069.272,140549591919.348,-67244428092.6513,483709972231.195,"educ"
"LT_2023","var_within_nw",207207484865.713,140614860829.757,-68397642360.6116,482812612092.038,"educ"
"LT_2023","var_between_nw",1025287203.55865,843216807.512449,-627417739.165752,2677992146.28305,"educ"
"LT_2023","var_total_nwx",203954748162.72,141603664972.642,-73588435183.659,481497931509.099,"educ"
"LT_2023","var_within_nwx",203234191685.194,141625469280.987,-74351728105.5405,480820111475.928,"educ"
"LT_2023","var_between_nwx",720556477.526335,736415514.116961,-722817930.142908,2163930885.19558,"educ"
"LT_2023","var_share_between_nw",0.00528328830905633,0.00862611325762594,-0.0116238936758905,0.0221904702940032,"educ"
"LT_2023","var_share_between_nwx",0.00383894455330946,0.00747098424896247,-0.010804184574657,0.0184820736812759,"educ"
"LT_2023","d_var_share_between",0.00144434375574686,0.0016458481389093,-0.00178151859651537,0.0046702061080091,"educ"
"LT_2023","gini_total_nw",0.58164379175969,0.0461830192181396,0.491125074092136,0.672162509427243,"educ"
"LT_2023","gini_within_nw",0.555015253189458,0.0502473728220981,0.456530402458146,0.65350010392077,"educ"
"LT_2023","gini_between_nw",0.0266285385702316,0.0122308974832477,0.00265597950306603,0.0506010976373971,"educ"
"LT_2023","gini_total_nwx",0.797534495463101,0.0396052245821197,0.719908255282146,0.875160735644055,"educ"
"LT_2023","gini_within_nwx",0.772860086712471,0.0425610733479881,0.689440382950415,0.856279790474528,"educ"
"LT_2023","gini_between_nwx",0.0246744087506292,0.0123365315873688,0.000494806839386328,0.048854010661872,"educ"
"LT_2023","d_gini_within",-0.217844833523013,0.0411848091503336,-0.298567059457667,-0.137122607588359,"educ"
"LT_2023","d_gini_between",0.00195412981960237,0.00230736913207773,-0.00256831367926998,0.00647657331847472,"educ"
"LT_2023","gini_share_between_nw",0.0459803232051871,0.0222477678945459,0.00237469813187723,0.089585948278497,"educ"
"LT_2023","gini_share_between_nwx",0.0310038758879677,0.0157122071473423,0.000207949879176796,0.0617998018967585,"educ"
"LT_2023","d_gini_share_between",0.0149764473172194,0.00830986516824031,-0.00131088841253157,0.0312637830469704,"educ"
"LT_2023","mld_within_nw",0.681832165885176,0.120571614487392,0.445511801489888,0.918152530280464,"educ"
"LT_2023","mld_between_nw",0.0336293207965362,0.0259468402679506,-0.017226486128647,0.0844851277217193,"educ"
"LT_2023","mld_within_nwx",0.776472592428956,0.138872963883574,0.504281583217151,1.04866360164076,"educ"
"LT_2023","mld_between_nwx",0.0320947865590935,0.0293249454660664,-0.0253821065543968,0.0895716796725837,"educ"
"LT_2023","d_mld_within",-0.0946404265437804,0.0218582991368777,-0.137482692852061,-0.0517981602355,"educ"
"LT_2023","d_mld_between",0.00153453423744273,0.00477267476741788,-0.00781990830669632,0.0108889767815818,"educ"
"LT_2023","mld_wtkept_nw",0.992984392203161,0.00186253730791045,0.989333819079657,0.996634965326666,"educ"
"LT_2023","mld_wtkept_nwx",0.88567196347901,0.0102736187101523,0.865535670807111,0.905808256150908,"educ"
"LT_2023","mld_ngrp_nw",2,0,2,2,"educ"
"LT_2023","mld_ngrp_nwx",2,0,2,2,"educ"
"LT_2023","I_nw",0.36320270020097,0.0290555284365759,0.306253864465282,0.420151535936659,"educ"
"LT_2023","I_nwx",0.287894557822728,0.025900994808136,0.237128607998782,0.338660507646675,"educ"
"LT_2023","d_I",0.0753081423782418,0.0239498827816817,0.0283663721261458,0.122249912630338,"educ"
"LT_2023","n_valid",1692,472.899596108941,765.116791626475,2618.88320837353,"educ"
"LT_2023","pct_valid",1,0.279491487062022,0.452196685358437,1.54780331464156,"educ"
"LU_2023","cv2_total_nw",4.11044669912097,1.42618725603902,1.31511967728449,6.90577372095744,"educ"
"LU_2023","cv2_within_nw",4.07855461442965,1.42779427598348,1.28007783350203,6.87703139535728,"educ"
"LU_2023","cv2_between_nw",0.0318920846913116,0.0222735387978025,-0.0117640513523813,0.0755482207350046,"educ"
"LU_2023","cv2_total_nwx",12.7360504182191,6.85959597274625,-0.708757688363528,26.1808585248018,"educ"
"LU_2023","cv2_within_nwx",12.6439589637359,6.77439327251696,-0.633851850397328,25.9217697778692,"educ"
"LU_2023","cv2_between_nwx",0.0920914544832102,0.13286822919894,-0.168330274746711,0.352513183713132,"educ"
"LU_2023","d_cv2_within",-8.56540434930627,6.43156278838437,-21.1712674145396,4.0404587159271,"educ"
"LU_2023","d_cv2_between",-0.0601993697918986,0.128122315265986,-0.31131910771323,0.190920368129433,"educ"
"LU_2023","cv2_share_between_nw",0.00775897054886688,0.00676858939900105,-0.00550746467317518,0.0210254057709089,"educ"
"LU_2023","cv2_share_between_nwx",0.00716358137206752,0.00608679846967565,-0.00476654362849676,0.0190937063726318,"educ"
"LU_2023","d_cv2_share_between",0.000595389176799361,0.00490271094601109,-0.00901392427738237,0.0102047026309811,"educ"
"LU_2023","var_total_nw",5512460582324.39,2593801792181.67,428609069648.321,10596312095000.5,"educ"
"LU_2023","var_within_nw",5469689392389.98,2589815178802.62,393651641936.846,10545727142843.1,"educ"
"LU_2023","var_between_nw",42771189934.4089,33719472016.4899,-23318975217.9113,108861355086.729,"educ"
"LU_2023","var_total_nwx",7579651312725.1,2967557357190.42,1763238892631.88,13396063732818.3,"educ"
"LU_2023","var_within_nwx",7525109109404.31,2954216586153.66,1734844600543.14,13315373618265.5,"educ"
"LU_2023","var_between_nwx",54542203320.787,50410449969.138,-44262278618.7236,153346685260.298,"educ"
"LU_2023","var_share_between_nw",0.00775897054886688,0.00676858939900105,-0.00550746467317518,0.0210254057709089,"educ"
"LU_2023","var_share_between_nwx",0.00716358137206752,0.00608679846967565,-0.00476654362849676,0.0190937063726318,"educ"
"LU_2023","d_var_share_between",0.000595389176799361,0.00490271094601109,-0.00901392427738238,0.0102047026309811,"educ"
"LU_2023","gini_total_nw",0.630562437872272,0.0186649569178917,0.593979122313204,0.667145753431339,"educ"
"LU_2023","gini_within_nw",0.617639734515604,0.019300935442174,0.579809901048943,0.655469567982265,"educ"
"LU_2023","gini_between_nw",0.0129227033566679,0.00801884023374101,-0.00279422350146451,0.0286396302148003,"educ"
"LU_2023","gini_total_nwx",1.0638820868223,0.195429041304685,0.680841165865117,1.44692300777948,"educ"
"LU_2023","gini_within_nwx",1.05458572748977,0.183801171573785,0.694335431205154,1.41483602377439,"educ"
"LU_2023","gini_between_nwx",0.00929635933252693,0.00987937866720422,-0.0100672228551934,0.0286599415202472,"educ"
"LU_2023","d_gini_within",-0.43694599297417,0.185528529665093,-0.800581911117751,-0.0733100748305881,"educ"
"LU_2023","d_gini_between",0.00362634402414095,0.00648308224830177,-0.00908049718253052,0.0163331852308124,"educ"
"LU_2023","gini_share_between_nw",0.0204934824757171,0.0125237432092027,-0.00405305421432013,0.0450400191657544,"educ"
"LU_2023","gini_share_between_nwx",0.00879436809524337,0.00951280193893109,-0.00985072370506156,0.0274394598955483,"educ"
"LU_2023","d_gini_share_between",0.0116991143804738,0.00769837342946613,-0.00338969754127984,0.0267879263022274,"educ"
"LU_2023","mld_within_nw",1.03649243169462,0.0714144552475016,0.896520099409522,1.17646476397973,"educ"
"LU_2023","mld_between_nw",0.0160297241249971,0.011446746876641,-0.00640589975321927,0.0384653480032135,"educ"
"LU_2023","mld_within_nwx",1.06063193485661,0.078372758775261,0.907021327657094,1.21424254205612,"educ"
"LU_2023","mld_between_nwx",0.016944910877764,0.0130328816198075,-0.00859953709705876,0.0424893588525868,"educ"
"LU_2023","d_mld_within",-0.0241395031619812,0.0198251067429943,-0.0629967123782501,0.0147177060542877,"educ"
"LU_2023","d_mld_between",-0.000915186752766914,0.00421736831208731,-0.00918122864445804,0.00735085513892421,"educ"
"LU_2023","mld_wtkept_nw",0.963437060585396,0.00813529388690272,0.947491884567067,0.979382236603725,"educ"
"LU_2023","mld_wtkept_nwx",0.891586638456071,0.0123607146625304,0.867359637717511,0.91581363919463,"educ"
"LU_2023","mld_ngrp_nw",2,0,2,2,"educ"
"LU_2023","mld_ngrp_nwx",2,0,2,2,"educ"
"LU_2023","I_nw",0.0740010074943827,0.0449216964776511,-0.0140455176018135,0.162047532590579,"educ"
"LU_2023","I_nwx",0.0647096650516965,0.0451957862756445,-0.0238740760485666,0.15329340615196,"educ"
"LU_2023","d_I",0.00929134244268615,0.031413787271155,-0.0522796806087777,0.07086236549415,"educ"
"LU_2023","n_valid",3695,1356.42257014545,1036.41176251491,6353.58823748509,"educ"
"LU_2023","pct_valid",1,0.367096513950528,0.280490832656965,1.71950916734303,"educ"
"LV_2023","cv2_total_nw",7.62280161205088,1.69488313118736,4.30083067492365,10.9447725491781,"educ"
"LV_2023","cv2_within_nw",7.57734360980503,1.73188121521393,4.18285642798573,10.9718307916243,"educ"
"LV_2023","cv2_between_nw",0.0454580022458545,0.0982948963700417,-0.147199994639427,0.238115999131136,"educ"
"LV_2023","cv2_total_nwx",8.94968452759797,1.91714383862292,5.19208260389704,12.7072864512989,"educ"
"LV_2023","cv2_within_nwx",8.90810310559544,1.95629745440661,5.07376009495849,12.7424461162324,"educ"
"LV_2023","cv2_between_nwx",0.0415814220025297,0.104850132839861,-0.163924838363598,0.247087682368657,"educ"
"LV_2023","d_cv2_within",-1.33075949579041,0.418591667567339,-2.1511991642224,-0.510319827358429,"educ"
"LV_2023","d_cv2_between",0.00387658024332474,0.0134337097470266,-0.0224534908608473,0.0302066513474968,"educ"
"LV_2023","cv2_share_between_nw",0.0059645709462732,0.0180008005023232,-0.0293169980382802,0.0412461399308266,"educ"
"LV_2023","cv2_share_between_nwx",0.00465467972631565,0.0158777579726892,-0.0264657259001552,0.0357750853527865,"educ"
"LV_2023","d_cv2_share_between",0.00130989121995755,0.00299404623431832,-0.00455843939930637,0.00717822183922146,"educ"
"LV_2023","var_total_nw",74607912459.7845,35156735514.6152,5700710851.13876,143515114068.43,"educ"
"LV_2023","var_within_nw",74155836056.2887,35416829243.1357,4738850739.74281,143572821372.835,"educ"
"LV_2023","var_between_nw",452076403.495848,754338415.508947,-1026426890.90169,1930579697.89338,"educ"
"LV_2023","var_total_nwx",74311869394.3887,35136350806.5782,5444621813.4955,143179116975.282,"educ"
"LV_2023","var_within_nwx",73959538371.8741,35355344216.2854,4663063707.95477,143256013035.793,"educ"
"LV_2023","var_between_nwx",352331022.514642,682328034.251135,-985031924.617583,1689693969.64687,"educ"
"LV_2023","var_share_between_nw",0.0059645709462732,0.0180008005023232,-0.0293169980382802,0.0412461399308266,"educ"
"LV_2023","var_share_between_nwx",0.00465467972631566,0.0158777579726892,-0.0264657259001552,0.0357750853527865,"educ"
"LV_2023","d_var_share_between",0.00130989121995755,0.00299404623431832,-0.00455843939930637,0.00717822183922146,"educ"
"LV_2023","gini_total_nw",0.689475911192955,0.0437484076984383,0.603729032104016,0.775222790281894,"educ"
"LV_2023","gini_within_nw",0.666787440225629,0.0577667931092182,0.553564525731561,0.780010354719696,"educ"
"LV_2023","gini_between_nw",0.0226884709673265,0.022404744022274,-0.0212248273163305,0.0666017692509835,"educ"
"LV_2023","gini_total_nwx",0.74958234595485,0.0421366500543648,0.666994511848295,0.832170180061405,"educ"
"LV_2023","gini_within_nwx",0.727031374801381,0.0564692501853475,0.6163516444381,0.837711105164662,"educ"
"LV_2023","gini_between_nwx",0.022550971153469,0.0228761520167872,-0.0222862867994338,0.0673882291063718,"educ"
"LV_2023","d_gini_within",-0.0602439345757523,0.0188806395737611,-0.0972499881403241,-0.0232378810111805,"educ"
"LV_2023","d_gini_between",0.000137499813857511,0.00281235385071611,-0.00537471373354607,0.0056497133612611,"educ"
"LV_2023","gini_share_between_nw",0.0329027918901572,0.0351186950422794,-0.0359298503927104,0.101735434173025,"educ"
"LV_2023","gini_share_between_nwx",0.0300850027199057,0.0326519015208831,-0.0339127242610251,0.0940827297008366,"educ"
"LV_2023","d_gini_share_between",0.00281778917025148,0.00516858438355354,-0.00731263622151346,0.0129482145620164,"educ"
"LV_2023","mld_within_nw",1.15658765032791,0.187060495470206,0.789949079206303,1.52322622144951,"educ"
"LV_2023","mld_between_nw",0.0192095178791144,0.0441951455538857,-0.0674129674065016,0.10583200316473,"educ"
"LV_2023","mld_within_nwx",1.16242425784974,0.195646705266834,0.778956715526747,1.54589180017273,"educ"
"LV_2023","mld_between_nwx",0.0163554128856688,0.0445119462566984,-0.07088800177746,0.103598827548798,"educ"
"LV_2023","d_mld_within",-0.00583660752183284,0.0227617676899887,-0.0504496721942107,0.038776457150545,"educ"
"LV_2023","d_mld_between",0.00285410499344556,0.00459642924737017,-0.00615489633139997,0.0118631063182911,"educ"
"LV_2023","mld_wtkept_nw",0.958344211043702,0.00923927252547354,0.940235236893773,0.97645318519363,"educ"
"LV_2023","mld_wtkept_nwx",0.925758567755369,0.0121064193519523,0.902029985825542,0.949487149685195,"educ"
"LV_2023","mld_ngrp_nw",2,0,2,2,"educ"
"LV_2023","mld_ngrp_nwx",2,0,2,2,"educ"
"LV_2023","I_nw",0.363954389317865,0.0556632485943172,0.254854422073003,0.473054356562727,"educ"
"LV_2023","I_nwx",0.344135726934136,0.0562893699642092,0.233808561804285,0.454462892063986,"educ"
"LV_2023","d_I",0.0198186623837294,0.0168712165114762,-0.0132489219787641,0.0528862467462228,"educ"
"LV_2023","n_valid",1216,0.409878030638384,1215.19663905995,1216.80336094005,"educ"
"LV_2023","pct_valid",1,0.00033707074888026,0.999339341332195,1.00066065866781,"educ"
"MT_2023","cv2_total_nw",1.21191311233242,0.160128345382993,0.898061555381753,1.52576466928309,"educ"
"MT_2023","cv2_within_nw",1.19342635581753,0.162799474175126,0.874339386434287,1.51251332520078,"educ"
"MT_2023","cv2_between_nw",0.0184867565148862,0.00267558688192707,0.0132426062263092,0.0237309068034633,"educ"
"MT_2023","cv2_total_nwx",2.3058046761562,0.417873233608651,1.48677313828324,3.12483621402915,"educ"
"MT_2023","cv2_within_nwx",2.26819564454097,0.412235098308702,1.46021485185592,3.07617643722603,"educ"
"MT_2023","cv2_between_nwx",0.0376090316152238,0.00564485171025098,0.0265451222631318,0.0486729409673157,"educ"
"MT_2023","d_cv2_within",-1.07476928872344,0.249442799945283,-1.56367717661619,-0.585861400830686,"educ"
"MT_2023","d_cv2_between",-0.0191222751003375,0.00831090607771194,-0.0354116510126529,-0.00283289918802211,"educ"
"MT_2023","cv2_share_between_nw",0.0152541930001129,0.00486438394784445,0.00572000046233778,0.024788385537888,"educ"
"MT_2023","cv2_share_between_nwx",0.016310588665263,0.000640549499124205,0.0150551116469796,0.0175660656835465,"educ"
"MT_2023","d_cv2_share_between",-0.00105639566515013,0.00423883807540055,-0.00936451829293521,0.00725172696263495,"educ"
"MT_2023","var_total_nw",315628085257.676,4022994177.56531,307743016669.648,323513153845.704,"educ"
"MT_2023","var_within_nw",310813433528.9,2460474127.63724,305990904238.731,315635962819.069,"educ"
"MT_2023","var_between_nw",4814651728.77668,1614570198.03431,1650094140.62944,7979209316.92393,"educ"
"MT_2023","var_total_nwx",350469861561.318,5352308715.79001,339979336478.369,360960386644.266,"educ"
"MT_2023","var_within_nwx",344753491809.819,5049742663.60789,334855996189.148,354650987430.491,"educ"
"MT_2023","var_between_nwx",5716369751.49833,311741508.556208,5105356394.72816,6327383108.2685,"educ"
"MT_2023","var_share_between_nw",0.0152541930001129,0.00486438394784445,0.00572000046233777,0.024788385537888,"educ"
"MT_2023","var_share_between_nwx",0.016310588665263,0.000640549499124205,0.0150551116469796,0.0175660656835465,"educ"
"MT_2023","d_var_share_between",-0.00105639566515013,0.00423883807540055,-0.00936451829293521,0.00725172696263496,"educ"
"MT_2023","gini_total_nw",0.516881964185969,0.0446726743307428,0.429323522497713,0.604440405874225,"educ"
"MT_2023","gini_within_nw",0.510654377982274,0.0468286791378883,0.418870166872013,0.602438589092535,"educ"
"MT_2023","gini_between_nw",0.00622758620369501,0.00215673082900276,0.00200039377884961,0.0104547786285404,"educ"
"MT_2023","gini_total_nwx",0.707547867522556,0.0793258298218006,0.552069241071827,0.863026493973285,"educ"
"MT_2023","gini_within_nwx",0.69997369435976,0.0819660052320048,0.53932032410503,0.860627064614489,"educ"
"MT_2023","gini_between_nwx",0.00757417316279629,0.00264113696655025,0.00239754470835781,0.0127508016172348,"educ"
"MT_2023","d_gini_within",-0.189319316377486,0.0351385194724728,-0.258190814543532,-0.120447818211439,"educ"
"MT_2023","d_gini_between",-0.00134658695910128,0.000485098139755852,-0.00229737931302275,-0.000395794605179812,"educ"
"MT_2023","gini_share_between_nw",0.0120483720369364,0.00570681588952699,0.000863012893463553,0.0232337311804093,"educ"
"MT_2023","gini_share_between_nwx",0.0107048208474105,0.00555546975324054,-0.000183899868940967,0.021593541563762,"educ"
"MT_2023","d_gini_share_between",0.00134355118952595,0.000158509334442427,0.00103287289401879,0.00165422948503311,"educ"
"MT_2023","mld_within_nw",0.799180894150611,0.16179391277567,0.482064825110298,1.11629696319092,"educ"
"MT_2023","mld_between_nw",0.00862216624362649,0.000795201614641423,0.00706357107892931,0.0101807614083237,"educ"
"MT_2023","mld_within_nwx",0.803357261891291,0.1320418327366,0.544555269727555,1.06215925405503,"educ"
"MT_2023","mld_between_nwx",0.00974580266242037,0.000399499949763778,0.00896278276088336,0.0105288225639574,"educ"
"MT_2023","d_mld_within",-0.00417636774067975,0.0297536034188693,-0.0624934304416636,0.0541406949603041,"educ"
"MT_2023","d_mld_between",-0.00112363641879387,0.00118442838569518,-0.00344511605475643,0.00119784321716869,"educ"
"MT_2023","mld_wtkept_nw",0.999517662670108,0.00118057695186969,0.997203731844443,1.00183159349577,"educ"
"MT_2023","mld_wtkept_nwx",0.90867164534568,0.014058741190377,0.881116512612541,0.936226778078819,"educ"
"MT_2023","mld_ngrp_nw",2,0,2,2,"educ"
"MT_2023","mld_ngrp_nwx",2,0,2,2,"educ"
"MT_2023","I_nw",0.160577793109499,0.088306769891056,-0.0125034758769711,0.333659062095969,"educ"
"MT_2023","I_nwx",0.17575440797659,0.0673644565166715,0.0437200732039141,0.307788742749266,"educ"
"MT_2023","d_I",-0.0151766148670914,0.0209475959375678,-0.0562339029047243,0.0258806731705414,"educ"
"MT_2023","n_valid",1023,0,1023,1023,"educ"
"MT_2023","pct_valid",1,0,1,1,"educ"
"NL_2023","cv2_total_nw",2.98940012667151,0.358256134079762,2.28721810387518,3.69158214946784,"educ"
"NL_2023","cv2_within_nw",2.9437569510074,0.359588688425097,2.23896312169421,3.64855078032059,"educ"
"NL_2023","cv2_between_nw",0.0456431756641073,0.0150885139674381,0.0160696882879286,0.075216663040286,"educ"
"NL_2023","cv2_total_nwx",3.8553850403372,1.36664177811433,1.17676715523312,6.53400292544129,"educ"
"NL_2023","cv2_within_nwx",3.80879169288769,1.35791078958352,1.14728654530398,6.47029684047139,"educ"
"NL_2023","cv2_between_nwx",0.0465933474495172,0.0194548056078391,0.00846192845815263,0.0847247664408818,"educ"
"NL_2023","d_cv2_within",-0.865034741880285,1.26290650570385,-3.34033149305983,1.61026200929926,"educ"
"NL_2023","d_cv2_between",-0.000950171785409873,0.0116350826948072,-0.0237549338672319,0.0218545902964122,"educ"
"NL_2023","cv2_share_between_nw",0.0152673220613799,0.00561427999616688,0.00426333326889286,0.026271310853867,"educ"
"NL_2023","cv2_share_between_nwx",0.0122805878452019,0.00504589124577284,0.00239064100348717,0.0221705346869167,"educ"
"NL_2023","d_cv2_share_between",0.00298673421617802,0.00185605024539267,-0.000651124264791615,0.00662459269714765,"educ"
"NL_2023","var_total_nw",200584016981.752,32638618766.5917,136612324199.232,264555709764.272,"educ"
"NL_2023","var_within_nw",197522022228.872,32550387497.9117,133723262732.965,261320781724.779,"educ"
"NL_2023","var_between_nw",3061994752.87983,1040559134.8488,1022498848.57618,5101490657.18347,"educ"
"NL_2023","var_total_nwx",213408074410.057,65322592713.7174,85375792691.1711,341440356128.943,"educ"
"NL_2023","var_within_nwx",210821127522.165,64980306373.6969,83459727029.7189,338182528014.611,"educ"
"NL_2023","var_between_nwx",2586946887.89231,1009421022.26789,608481684.247246,4565412091.53738,"educ"
"NL_2023","var_share_between_nw",0.0152673220613799,0.00561427999616688,0.00426333326889286,0.026271310853867,"educ"
"NL_2023","var_share_between_nwx",0.0122805878452019,0.00504589124577284,0.00239064100348717,0.0221705346869167,"educ"
"NL_2023","d_var_share_between",0.00298673421617802,0.00185605024539267,-0.000651124264791614,0.00662459269714765,"educ"
"NL_2023","gini_total_nw",0.650168469176985,0.00938738708540639,0.631769190489588,0.668567747864381,"educ"
"NL_2023","gini_within_nw",0.636142458003839,0.00999811330080418,0.616546155934263,0.655738760073415,"educ"
"NL_2023","gini_between_nw",0.0140260111731458,0.00414160847446502,0.00590845856319437,0.0221435637830973,"educ"
"NL_2023","gini_total_nwx",0.710721503223684,0.0489608878840787,0.61475816297089,0.806684843476479,"educ"
"NL_2023","gini_within_nwx",0.698371596406976,0.0494115418136127,0.601524974452295,0.795218218361657,"educ"
"NL_2023","gini_between_nwx",0.0123499068167085,0.00398885489206673,0.00453175122825769,0.0201680624051593,"educ"
"NL_2023","d_gini_within",-0.0622291384031368,0.0494398122172187,-0.159131170348885,0.0346728935426118,"educ"
"NL_2023","d_gini_between",0.00167610435643732,0.00085269365937665,4.82478405909007e-06,0.00334738392881556,"educ"
"NL_2023","gini_share_between_nw",0.0215714721090326,0.00635253562407199,0.00912050228585154,0.0340224419322137,"educ"
"NL_2023","gini_share_between_nwx",0.0174269552145795,0.00584616317600703,0.00596847538960571,0.0288854350395533,"educ"
"NL_2023","d_gini_share_between",0.00414451689445314,0.00196283702371128,0.000297356327979039,0.00799167746092725,"educ"
"NL_2023","mld_within_nw",1.16001731170474,0.0382214696592188,1.08510323117267,1.23493139223681,"educ"
"NL_2023","mld_between_nw",0.0265268685277352,0.0078668156368597,0.0111079098794902,0.0419458271759802,"educ"
"NL_2023","mld_within_nwx",1.15606201686079,0.039427479160086,1.07878415770702,1.23333987601455,"educ"
"NL_2023","mld_between_nwx",0.0249766373791893,0.00777626442491003,0.0097351591063656,0.0402181156520129,"educ"
"NL_2023","d_mld_within",0.0039552948439578,0.0066227365073631,-0.00902526871047387,0.0169358583983895,"educ"
"NL_2023","d_mld_between",0.00155023114854594,0.00175704851634783,-0.00189358394349581,0.00499404624058769,"educ"
"NL_2023","mld_wtkept_nw",0.947386458701346,0.00591277105366583,0.935797427436161,0.958975489966531,"educ"
"NL_2023","mld_wtkept_nwx",0.922378098671955,0.00759489776819466,0.907492099046294,0.937264098297617,"educ"
"NL_2023","mld_ngrp_nw",2,0,2,2,"educ"
"NL_2023","mld_ngrp_nwx",2,0,2,2,"educ"
"NL_2023","I_nw",0.184649985038798,0.0256598372200356,0.134356704087529,0.234943265990068,"educ"
"NL_2023","I_nwx",0.167737078026439,0.0260457493076917,0.116687409383364,0.218786746669515,"educ"
"NL_2023","d_I",0.0169129070123589,0.0069855572824483,0.00322121473876019,0.0306045992859575,"educ"
"NL_2023","n_valid",2518,0.774596669241483,2516.48179052829,2519.51820947171,"educ"
"NL_2023","pct_valid",1,0,1,1,"educ"
"PT_2023","cv2_total_nw",5.15050335721861,0.92359114328138,3.3402647163871,6.96074199805011,"educ"
"PT_2023","cv2_within_nw",4.94360791450661,0.927011374767189,3.12666561996292,6.7605502090503,"educ"
"PT_2023","cv2_between_nw",0.206895442711995,0.0330736699794963,0.142071049552183,0.271719835871808,"educ"
"PT_2023","cv2_total_nwx",9.3290149439598,2.06550276792035,5.28062951883592,13.3774003690837,"educ"
"PT_2023","cv2_within_nwx",9.14104063670755,2.08321542631908,5.05793840112215,13.224142872293,"educ"
"PT_2023","cv2_between_nwx",0.187974307252251,0.0434507920539893,0.102810754826432,0.27313785967807,"educ"
"PT_2023","d_cv2_within",-4.19743272220094,1.79226522766502,-7.71027256842439,-0.684592875977491,"educ"
"PT_2023","d_cv2_between",0.0189211354597448,0.0224663594221863,-0.0251129290077402,0.0629551999272299,"educ"
"PT_2023","cv2_share_between_nw",0.0402095979982822,0.0102173198228559,0.0201836511454846,0.0602355448510797,"educ"
"PT_2023","cv2_share_between_nwx",0.0203679001295837,0.00754007377846179,0.00558935552379861,0.0351464447353688,"educ"
"PT_2023","d_cv2_share_between",0.0198416978686984,0.0079442613185979,0.00427094568424657,0.0354124500531503,"educ"
"PT_2023","var_total_nw",459699058725.212,134927320501.856,195241510541.575,724156606908.85,"educ"
"PT_2023","var_within_nw",441231838014.992,132857865135.329,180830422349.747,701633253680.237,"educ"
"PT_2023","var_between_nw",18467220710.2202,4513853870.87834,9620067123.29863,27314374297.1417,"educ"
"PT_2023","var_total_nwx",492604480949.485,148475151521.847,201593183966.665,783615777932.304,"educ"
"PT_2023","var_within_nwx",482660311774.967,148080929535.203,192421689885.969,772898933663.965,"educ"
"PT_2023","var_between_nwx",9944169174.51792,3143676947.75584,3782562356.91647,16105775992.1194,"educ"
"PT_2023","var_share_between_nw",0.0402095979982822,0.0102173198228559,0.0201836511454846,0.0602355448510797,"educ"
"PT_2023","var_share_between_nwx",0.0203679001295837,0.00754007377846179,0.00558935552379861,0.0351464447353688,"educ"
"PT_2023","d_var_share_between",0.0198416978686984,0.0079442613185979,0.00427094568424657,0.0354124500531503,"educ"
"PT_2023","gini_total_nw",0.648040190893564,0.0090438181223757,0.630314307373708,0.665766074413421,"educ"
"PT_2023","gini_within_nw",0.590684695328198,0.0108152664976572,0.56948677299279,0.611882617663606,"educ"
"PT_2023","gini_between_nw",0.0573554955653668,0.00808268784106991,0.0415134273968698,0.0731975637338638,"educ"
"PT_2023","gini_total_nwx",0.868646935576971,0.0388305700781581,0.792539018223781,0.944754852930161,"educ"
"PT_2023","gini_within_nwx",0.808150449635202,0.0361417714667275,0.737312577560417,0.878988321709988,"educ"
"PT_2023","gini_between_nwx",0.0604964859417688,0.00993974922585233,0.0410145774590982,0.0799783944244394,"educ"
"PT_2023","d_gini_within",-0.217465754307005,0.0345747085533701,-0.28523218307161,-0.149699325542399,"educ"
"PT_2023","d_gini_between",-0.00314099037640203,0.00578565025668029,-0.0144808648794954,0.00819888412669133,"educ"
"PT_2023","gini_share_between_nw",0.0884970610273403,0.0122524404048582,0.0644822778338183,0.112511844220862,"educ"
"PT_2023","gini_share_between_nwx",0.0696399208273602,0.0105188460387278,0.0490229825914538,0.0902568590632666,"educ"
"PT_2023","d_gini_share_between",0.0188571401999801,0.00510290862924592,0.00885543928665811,0.0288588411133021,"educ"
"PT_2023","mld_within_nw",1.07924427646546,0.031076137435602,1.01833504709168,1.14015350583924,"educ"
"PT_2023","mld_between_nw",0.0832438934901662,0.0136206479737533,0.0565474234616097,0.109940363518723,"educ"
"PT_2023","mld_within_nwx",1.11573262202701,0.033814438540277,1.04945632248807,1.18200892156596,"educ"
"PT_2023","mld_between_nwx",0.0708528474309578,0.013064282319846,0.0452468540840597,0.096458840777856,"educ"
"PT_2023","d_mld_within",-0.0364883455615501,0.00976923154565336,-0.0556360393910307,-0.0173406517320695,"educ"
"PT_2023","d_mld_between",0.0123910460592083,0.00313102983544041,0.00625422758174515,0.0185278645366715,"educ"
"PT_2023","mld_wtkept_nw",0.960568490499017,0.00283667885132053,0.955008599950429,0.966128381047605,"educ"
"PT_2023","mld_wtkept_nwx",0.881788266419433,0.00433184487576717,0.873297850462929,0.890278682375937,"educ"
"PT_2023","mld_ngrp_nw",2,0,2,2,"educ"
"PT_2023","mld_ngrp_nwx",2,0,2,2,"educ"
"PT_2023","I_nw",0.386832044405907,0.020030561342751,0.347572144174115,0.426091944637699,"educ"
"PT_2023","I_nwx",0.331942372933701,0.0213745349657169,0.290048284400896,0.373836461466507,"educ"
"PT_2023","d_I",0.0548896714722057,0.0134978741406255,0.0284338381565797,0.0813455047878316,"educ"
"PT_2023","n_valid",5460,2028.14544646088,1484.83492493668,9435.16507506332,"educ"
"PT_2023","pct_valid",1,0.37145520997452,0.271947788449941,1.72805221155006,"educ"
"SI_2023","cv2_total_nw",3.82627315399955,1.28486912161221,1.30792967563961,6.34461663235949,"educ"
"SI_2023","cv2_within_nw",3.77273233343829,1.27884642883361,1.26619333292442,6.27927133395217,"educ"
"SI_2023","cv2_between_nw",0.053540820561253,0.0241107923833769,0.00628366748983425,0.100797973632672,"educ"
"SI_2023","cv2_total_nwx",86.2574386423628,375.451886550856,-649.628258997316,822.143136282041,"educ"
"SI_2023","cv2_within_nwx",85.8005355473821,373.876747848414,-646.997890235509,818.598961330273,"educ"
"SI_2023","cv2_between_nwx",0.456903094980712,1.64812695629341,-2.77342573935438,3.6872319293158,"educ"
"SI_2023","d_cv2_within",-82.0278032139438,373.923117613235,-814.917113735885,650.861507307998,"educ"
"SI_2023","d_cv2_between",-0.403362274419459,1.64577590527198,-3.62908304875253,2.82235849991361,"educ"
"SI_2023","cv2_share_between_nw",0.0142983287139282,0.00597724998169289,0.00258291874981018,0.0260137386780463,"educ"
"SI_2023","cv2_share_between_nwx",0.00535057526971044,0.0033935916253754,-0.00130086431602535,0.0120020148554462,"educ"
"SI_2023","d_cv2_share_between",0.0089477534442178,0.00492884396924114,-0.000712780735494824,0.0186082876239304,"educ"
"SI_2023","var_total_nw",216530912887.509,107915159978.635,5017199329.38507,428044626445.634,"educ"
"SI_2023","var_within_nw",213515501080.735,107054310106.249,3689053272.4881,423341948888.982,"educ"
"SI_2023","var_between_nw",3015411806.7741,1802934891.29761,-518340580.16922,6549164193.71741,"educ"
"SI_2023","var_total_nwx",351709112119.409,112765803458.094,130688137341.545,572730086897.272,"educ"
"SI_2023","var_within_nwx",349825034591.369,112056653560.803,130193993612.195,569456075570.544,"educ"
"SI_2023","var_between_nwx",1884077528.03931,1652992424.95535,-1355787624.87316,5123942680.95179,"educ"
"SI_2023","var_share_between_nw",0.0142983287139282,0.00597724998169289,0.00258291874981018,0.0260137386780463,"educ"
"SI_2023","var_share_between_nwx",0.00535057526971044,0.0033935916253754,-0.00130086431602535,0.0120020148554462,"educ"
"SI_2023","d_var_share_between",0.0089477534442178,0.00492884396924114,-0.000712780735494824,0.0186082876239304,"educ"
"SI_2023","gini_total_nw",0.565665431867465,0.0238408641841214,0.518937338066587,0.612393525668343,"educ"
"SI_2023","gini_within_nw",0.547270512807363,0.0224950978460026,0.503180121029198,0.591360904585528,"educ"
"SI_2023","gini_between_nw",0.018394919060102,0.00598818797810707,0.0066580706230121,0.0301317674971918,"educ"
"SI_2023","gini_total_nwx",3.27649878862502,1.5120107933076,0.312957633742132,6.24003994350791,"educ"
"SI_2023","gini_within_nwx",3.24149700038496,1.13290937075137,1.02099463371228,5.46199936705763,"educ"
"SI_2023","gini_between_nwx",0.035001788240067,0.0190264446417003,-0.00229004325766565,0.0722936197377997,"educ"
"SI_2023","d_gini_within",-2.69422648757759,1.13935573586516,-4.92736372987331,-0.461089245281873,"educ"
"SI_2023","d_gini_between",-0.0166068691799651,0.0155418264338111,-0.0470688489902348,0.0138551106303047,"educ"
"SI_2023","gini_share_between_nw",0.0324848089641373,0.00981966968240394,0.0132382563866256,0.051731361541649,"educ"
"SI_2023","gini_share_between_nwx",0.010786214045517,0.00487417196257864,0.00123283699886286,0.0203395910921711,"educ"
"SI_2023","d_gini_share_between",0.0216985949186203,0.00617821192223909,0.00958929955103166,0.0338078902862089,"educ"
"SI_2023","mld_within_nw",0.837889137712075,0.0534923386675419,0.733044153923692,0.942734121500457,"educ"
"SI_2023","mld_between_nw",0.0224554891058035,0.0101188518197766,0.00262253953904135,0.0422884386725657,"educ"
"SI_2023","mld_within_nwx",0.985956866865298,0.0716846663195023,0.845454920879073,1.12645881285152,"educ"
"SI_2023","mld_between_nwx",0.0223498924841239,0.013243236119981,-0.00360685031103895,0.0483066352792868,"educ"
"SI_2023","d_mld_within",-0.148067729153223,0.0254445466501494,-0.197939040587516,-0.0981964177189304,"educ"
"SI_2023","d_mld_between",0.000105596621679643,0.00424794483707646,-0.00822037525899022,0.00843156850234951,"educ"
"SI_2023","mld_wtkept_nw",0.976370212429051,0.00394075231736185,0.968646337887022,0.984094086971081,"educ"
"SI_2023","mld_wtkept_nwx",0.756341581599567,0.014927681796261,0.727083325278896,0.785599837920238,"educ"
"SI_2023","mld_ngrp_nw",2,0,2,2,"educ"
"SI_2023","mld_ngrp_nwx",2,0,2,2,"educ"
"SI_2023","I_nw",0.286236414968514,0.0319709649356481,0.223573323694643,0.348899506242384,"educ"
"SI_2023","I_nwx",0.154839217050105,0.0353766495986756,0.0855009838367012,0.224177450263509,"educ"
"SI_2023","d_I",0.131397197918408,0.0330408252751656,0.0666371803790837,0.196157215457733,"educ"
"SI_2023","n_valid",1983,0,1983,1983,"educ"
"SI_2023","pct_valid",1,0,1,1,"educ"
"SK_2023","cv2_total_nw",1.86334470588882,0.400351588190957,1.07865559303454,2.64803381874309,"educ"
"SK_2023","cv2_within_nw",1.77578185397101,0.392455881790849,1.00656832566095,2.54499538228108,"educ"
"SK_2023","cv2_between_nw",0.0875628519178045,0.0225904153275699,0.0432856378757675,0.131840065959842,"educ"
"SK_2023","cv2_total_nwx",4.34271321377153,0.855963422813399,2.66502490505726,6.02040152248579,"educ"
"SK_2023","cv2_within_nwx",4.19174707779959,0.845263310274542,2.53503098966149,5.84846316593769,"educ"
"SK_2023","cv2_between_nwx",0.150966135971936,0.0421370193608909,0.0683775780245902,0.233554693919282,"educ"
"SK_2023","d_cv2_within",-2.41596522382858,0.537936092029113,-3.47031996420564,-1.36161048345152,"educ"
"SK_2023","d_cv2_between",-0.0634032840541318,0.0267605772360799,-0.115854015436848,-0.0109525526714151,"educ"
"SK_2023","cv2_share_between_nw",0.0470072883093214,0.0129899037571822,0.0215470769452443,0.0724674996733986,"educ"
"SK_2023","cv2_share_between_nwx",0.0347516751516109,0.0105035330366322,0.0141647503998119,0.05533859990341,"educ"
"SK_2023","d_cv2_share_between",0.0122556131577105,0.00801084947699515,-0.00344565181719999,0.027956878132621,"educ"
"SK_2023","var_total_nw",52819879918.2894,13097263027.7969,27149244383.8074,78490515452.7714,"educ"
"SK_2023","var_within_nw",50338121164.8631,12718662979.5946,25409541724.8577,75266700604.8686,"educ"
"SK_2023","var_between_nw",2481758753.42623,744168514.154286,1023188465.68383,3940329041.16863,"educ"
"SK_2023","var_total_nwx",61732730648.3659,13676484350.8716,34926821320.6575,88538639976.0742,"educ"
"SK_2023","var_within_nwx",59586802392.4943,13358255407.9667,33404621792.8795,85768982992.1091,"educ"
"SK_2023","var_between_nwx",2145928255.87156,703952439.676506,766181474.105604,3525675037.63751,"educ"
"SK_2023","var_share_between_nw",0.0470072883093214,0.0129899037571822,0.0215470769452443,0.0724674996733986,"educ"
"SK_2023","var_share_between_nwx",0.0347516751516109,0.0105035330366322,0.0141647503998119,0.05533859990341,"educ"
"SK_2023","d_var_share_between",0.0122556131577105,0.00801084947699515,-0.00344565181719999,0.027956878132621,"educ"
"SK_2023","gini_total_nw",0.473291183150073,0.0135176771212421,0.446796535992439,0.499785830307708,"educ"
"SK_2023","gini_within_nw",0.444929050382594,0.0106922626076684,0.423972215671564,0.465885885093624,"educ"
"SK_2023","gini_between_nw",0.0283621327674791,0.00662312162952097,0.015380814373618,0.0413434511613402,"educ"
"SK_2023","gini_total_nwx",0.767495368068856,0.0366552183447108,0.695651140113223,0.839339596024489,"educ"
"SK_2023","gini_within_nwx",0.735594543547995,0.0359374639404026,0.665157114224806,0.806031972871184,"educ"
"SK_2023","gini_between_nwx",0.0319008245208604,0.00779710654954869,0.016618495683745,0.0471831533579758,"educ"
"SK_2023","d_gini_within",-0.290665493165401,0.0347151946871539,-0.358707274752223,-0.222623711578579,"educ"
"SK_2023","d_gini_between",-0.00353869175338132,0.00286616585899781,-0.00915637683701703,0.0020789933302544,"educ"
"SK_2023","gini_share_between_nw",0.059916388753579,0.0129329476874848,0.0345678112861088,0.0852649662210492,"educ"
"SK_2023","gini_share_between_nwx",0.0415534297468707,0.00991671432407379,0.022116669671686,0.0609901898220553,"educ"
"SK_2023","d_gini_share_between",0.0183629590067083,0.00523457153665589,0.0081031987948628,0.0286227192185539,"educ"
"SK_2023","mld_within_nw",0.478169973669473,0.0275775836808333,0.42411790965504,0.532222037683906,"educ"
"SK_2023","mld_between_nw",0.0368608422771128,0.00886754321055023,0.0194804575844344,0.0542412269697913,"educ"
"SK_2023","mld_within_nwx",0.592824744314239,0.036444708113854,0.521393116411085,0.664256372217393,"educ"
"SK_2023","mld_between_nwx",0.0362114696209175,0.010301430635291,0.016020665575747,0.0564022736660879,"educ"
"SK_2023","d_mld_within",-0.114654770644766,0.0184820957571608,-0.150879678328801,-0.0784298629607307,"educ"
"SK_2023","d_mld_between",0.000649372656195363,0.00345705121171167,-0.00612644771875951,0.00742519303115024,"educ"
"SK_2023","mld_wtkept_nw",0.984558913771465,0.00358011639285867,0.977541885641462,0.991575941901468,"educ"
"SK_2023","mld_wtkept_nwx",0.850314910135067,0.0108173836297607,0.829112838220736,0.871516982049398,"educ"
"SK_2023","mld_ngrp_nw",2,0,2,2,"educ"
"SK_2023","mld_ngrp_nwx",2,0,2,2,"educ"
"SK_2023","I_nw",0.311355451838282,0.0379321721027812,0.237008394516831,0.385702509159733,"educ"
"SK_2023","I_nwx",0.284804570019207,0.0368903368470261,0.212499509799036,0.357109630239379,"educ"
"SK_2023","d_I",0.0265508818190748,0.0272015948156638,-0.0267642440196262,0.0798660076577758,"educ"
"SK_2023","n_valid",2127,789.648631987671,579.288681304165,3674.71131869583,"educ"
"SK_2023","pct_valid",1,0.371249944517006,0.272350108746669,1.72764989125333,"educ"
"AT_2023","cv2_total_nw",5.91599789253262,3.37253086254902,-0.694162598063462,12.5261583831287,"occ"
"AT_2023","cv2_within_nw",5.83949217726574,3.37015856681014,-0.766018613682131,12.4450029682136,"occ"
"AT_2023","cv2_between_nw",0.0765057152668782,0.0276886234841899,0.0222360132378661,0.13077541729589,"occ"
"AT_2023","cv2_total_nwx",396836.601703843,227620597.83859,-445739535.161933,446533208.365341,"occ"
"AT_2023","cv2_within_nwx",396152.904969837,225544466.503273,-441671001.441445,442463307.251385,"occ"
"AT_2023","cv2_between_nwx",683.696734006051,2086212.19245598,-4088292.20047971,4089659.59394773,"occ"
"AT_2023","d_cv2_within",-396147.06547766,225544466.473377,-442463301.353296,441671007.222341,"occ"
"AT_2023","d_cv2_between",-683.620228290784,2086212.1924394,-4089659.51740951,4088292.27695293,"occ"
"AT_2023","cv2_share_between_nw",0.0142190847488363,0.00793344809907049,-0.00133047352534181,0.0297686430230145,"occ"
"AT_2023","cv2_share_between_nwx",0.00238388659920503,0.00284867039737708,-0.00319950737965405,0.00796728057806411,"occ"
"AT_2023","d_cv2_share_between",0.0118351981496313,0.00777727183746385,-0.00340825465179784,0.0270786509510605,"occ"
"AT_2023","var_total_nw",698756584567.642,479982322412.659,-242008767361.169,1639521936496.45,"occ"
"AT_2023","var_within_nw",689856035430.128,479010129516.437,-249003818422.088,1628715889282.34,"occ"
"AT_2023","var_between_nw",8900549137.51422,3389232384.47963,2257653663.93415,15543444611.0943,"occ"
"AT_2023","var_total_nwx",9581477494178.6,10578759529566.5,-11152891183771.7,30315846172128.9,"occ"
"AT_2023","var_within_nwx",9561448517617.96,10544943071428.6,-11106639902382.1,30229536937618.1,"occ"
"AT_2023","var_between_nwx",20028976560.637,43317494161.8857,-64873311996.6589,104931265117.933,"occ"
"AT_2023","var_share_between_nw",0.0142190847488363,0.00793344809907049,-0.00133047352534181,0.0297686430230145,"occ"
"AT_2023","var_share_between_nwx",0.00238388659920503,0.00284867039737708,-0.00319950737965405,0.00796728057806411,"occ"
"AT_2023","d_var_share_between",0.0118351981496313,0.00777727183746385,-0.00340825465179784,0.0270786509510605,"occ"
"AT_2023","gini_total_nw",0.700717015452023,0.0142380915569849,0.672810356000333,0.728623674903713,"occ"
"AT_2023","gini_within_nw",0.675897041879476,0.0159473073526613,0.64464031946826,0.707153764290692,"occ"
"AT_2023","gini_between_nw",0.0248199735725468,0.00683062806054984,0.0114319425738691,0.0382080045712245,"occ"
"AT_2023","gini_total_nwx",189.116940244119,NA,NA,NA,"occ"
"AT_2023","gini_within_nwx",NA,NA,NA,NA,"occ"
"AT_2023","gini_between_nwx",NA,NA,NA,NA,"occ"
"AT_2023","d_gini_within",NA,NA,NA,NA,"occ"
"AT_2023","d_gini_between",NA,NA,NA,NA,"occ"
"AT_2023","gini_share_between_nw",0.0354222240953766,0.00979216509303054,0.0162295805130367,0.0546148676777165,"occ"
"AT_2023","gini_share_between_nwx",NA,NA,NA,NA,"occ"
"AT_2023","d_gini_share_between",NA,NA,NA,NA,"occ"
"AT_2023","mld_within_nw",1.3457121960685,0.0508797976190929,1.24598779273508,1.44543659940192,"occ"
"AT_2023","mld_between_nw",0.0377204280819633,0.0136959869912988,0.0108762935790178,0.0645645625849089,"occ"
"AT_2023","mld_within_nwx",1.31492304930352,0.0653677226585426,1.18680231289277,1.44304378571426,"occ"
"AT_2023","mld_between_nwx",0.051959259349789,0.0210065520518285,0.0107864173282051,0.0931321013713728,"occ"
"AT_2023","d_mld_within",0.0307891467649822,0.0417657727521493,-0.0510717678292304,0.112650061359195,"occ"
"AT_2023","d_mld_between",-0.0142388312678256,0.0115845111986696,-0.036944473217218,0.00846681068156677,"occ"
"AT_2023","mld_wtkept_nw",0.956899504550815,0.00389332275584181,0.949268591949365,0.964530417152265,"occ"
"AT_2023","mld_wtkept_nwx",0.776266684697737,0.00961543773941708,0.75742042672848,0.795112942666995,"occ"
"AT_2023","mld_ngrp_nw",3,0,3,3,"occ"
"AT_2023","mld_ngrp_nwx",3,0,3,3,"occ"
"AT_2023","I_nw",0.459776311750506,0.0428456171962031,0.375798902045948,0.543753721455064,"occ"
"AT_2023","I_nwx",0.281986979188368,0.0439668199723929,0.195812012042478,0.368161946334258,"occ"
"AT_2023","d_I",0.177789332562138,0.0389005107881164,0.10154433141743,0.254034333706846,"occ"
"AT_2023","n_valid",2683.8,2.10713075057055,2679.67002372888,2687.92997627112,"occ"
"AT_2023","pct_valid",0.94740180771214,0.000482387879987559,0.946456327467364,0.948347287956915,"occ"
"BE_2023","cv2_total_nw",3.17599844530886,1.27416355737447,0.678637872854905,5.67335901776281,"occ"
"BE_2023","cv2_within_nw",3.02394832433623,1.2496357191046,0.574662314891213,5.47323433378125,"occ"
"BE_2023","cv2_between_nw",0.152050120972626,0.0419312770073306,0.0698648180382578,0.234235423906994,"occ"
"BE_2023","cv2_total_nwx",5.97535038674408,4.4352430432059,-2.71772597793949,14.6684267514276,"occ"
"BE_2023","cv2_within_nwx",5.81288088192852,4.44669186684453,-2.90263517708677,14.5283969409438,"occ"
"BE_2023","cv2_between_nwx",0.162469504815563,0.0558563261654992,0.0529911055311842,0.271947904099941,"occ"
"BE_2023","d_cv2_within",-2.78893255759229,3.94764900213061,-10.5263246017683,4.94845948658371,"occ"
"BE_2023","d_cv2_between",-0.010419383842937,0.0495655137920365,-0.107567790875329,0.0867290231894546,"occ"
"BE_2023","cv2_share_between_nw",0.0478753106270363,0.0168091190603531,0.0149294372687443,0.0808211839853283,"occ"
"BE_2023","cv2_share_between_nwx",0.0271903033680401,0.013397786582267,0.000930641666796784,0.0534499650692834,"occ"
"BE_2023","d_cv2_share_between",0.0206850072589962,0.0206321470814812,-0.0197540010207069,0.0611240155386993,"occ"
"BE_2023","var_total_nw",571431041706.299,336443681026.01,-87998573104.6803,1230860656517.28,"occ"
"BE_2023","var_within_nw",544074476948.405,326957929128.18,-96763064142.8284,1184912018039.64,"occ"
"BE_2023","var_between_nw",27356564757.8938,12118185636.3362,3604920910.6748,51108208605.1127,"occ"
"BE_2023","var_total_nwx",626243818687.323,428756645277.282,-214119206056.149,1466606843430.79,"occ"
"BE_2023","var_within_nwx",609216594164.769,426280997532.947,-226294160999.807,1444727349329.35,"occ"
"BE_2023","var_between_nwx",17027224522.5542,8896914503.61389,-410727904.529055,34465176949.6374,"occ"
"BE_2023","var_share_between_nw",0.0478753106270363,0.0168091190603531,0.0149294372687443,0.0808211839853283,"occ"
"BE_2023","var_share_between_nwx",0.0271903033680401,0.013397786582267,0.000930641666796784,0.0534499650692834,"occ"
"BE_2023","d_var_share_between",0.0206850072589962,0.0206321470814812,-0.0197540010207069,0.0611240155386993,"occ"
"BE_2023","gini_total_nw",0.595763010543351,0.0217125460165875,0.553206420350839,0.638319600735862,"occ"
"BE_2023","gini_within_nw",0.542140608132487,0.0152890523393246,0.51217406554741,0.572107150717563,"occ"
"BE_2023","gini_between_nw",0.0536224024108641,0.0129223788590358,0.0282945398471539,0.0789502649745743,"occ"
"BE_2023","gini_total_nwx",0.76151979611114,0.149869762622982,0.467775061370094,1.05526453085219,"occ"
"BE_2023","gini_within_nwx",0.701776063084273,0.124897583500674,0.456976799422951,0.946575326745595,"occ"
"BE_2023","gini_between_nwx",0.059743733026867,0.0292728011778079,0.00236904271836352,0.11711842333537,"occ"
"BE_2023","d_gini_within",-0.159635454951786,0.121536709403311,-0.397847405382275,0.078576495478703,"occ"
"BE_2023","d_gini_between",-0.00612133061600291,0.0201390759203546,-0.045593919419898,0.0333512581878922,"occ"
"BE_2023","gini_share_between_nw",0.0900060809405513,0.018778023477217,0.0532011549252061,0.126811006955897,"occ"
"BE_2023","gini_share_between_nwx",0.0784535309769347,0.0217371195401263,0.0358487766782872,0.121058285275582,"occ"
"BE_2023","d_gini_share_between",0.0115525499636167,0.00752375998326248,-0.00319401960357781,0.0262991195308111,"occ"
"BE_2023","mld_within_nw",0.921324273433504,0.0521302722101991,0.819148939901513,1.02349960696549,"occ"
"BE_2023","mld_between_nw",0.090502210949294,0.0259948277938337,0.03955234847338,0.141452073425208,"occ"
"BE_2023","mld_within_nwx",0.932459541405194,0.0556787706644037,0.823329150902962,1.04158993190742,"occ"
"BE_2023","mld_between_nwx",0.0860014733729427,0.0275585026560081,0.0319868081671668,0.140016138578719,"occ"
"BE_2023","d_mld_within",-0.0111352679716899,0.0195066964072628,-0.049368392929925,0.0270978569865452,"occ"
"BE_2023","d_mld_between",0.00450073757635125,0.00845725295962491,-0.0120754782245136,0.0210769533772161,"occ"
"BE_2023","mld_wtkept_nw",0.983211312840904,0.00401879325000113,0.975334478070902,0.991088147610906,"occ"
"BE_2023","mld_wtkept_nwx",0.908324571493979,0.00942750985329059,0.889846652181529,0.926802490806429,"occ"
"BE_2023","mld_ngrp_nw",3,0,3,3,"occ"
"BE_2023","mld_ngrp_nwx",3,0,3,3,"occ"
"BE_2023","I_nw",0.67378310234402,0.0479486319621193,0.579803783698266,0.767762420989774,"occ"
"BE_2023","I_nwx",0.575204274106408,0.0493227570195029,0.478531670348182,0.671876877864634,"occ"
"BE_2023","d_I",0.0985788282376121,0.0260790869919763,0.0474638177333386,0.149693838741886,"occ"
"BE_2023","n_valid",1877,690.090156428854,524.423293399446,3229.57670660055,"occ"
"BE_2023","pct_valid",0.91695163654128,0.337122694884638,0.25619115456739,1.57771211851517,"occ"
"CY_2023","cv2_total_nw",2.23266380109579,0.336944567884087,1.57225244804298,2.8930751541486,"occ"
"CY_2023","cv2_within_nw",2.04948478617386,0.322730241748131,1.41693351234752,2.68203606000019,"occ"
"CY_2023","cv2_between_nw",0.183179014921929,0.0406279712274882,0.103548191316052,0.262809838527806,"occ"
"CY_2023","cv2_total_nwx",4.26830262641399,0.732607972231358,2.83239100084053,5.70421425198745,"occ"
"CY_2023","cv2_within_nwx",4.04199320170711,0.728256203382749,2.61461104307693,5.4693753603373,"occ"
"CY_2023","cv2_between_nwx",0.226309424706877,0.0618022972388362,0.105176922118758,0.347441927294996,"occ"
"CY_2023","d_cv2_within",-1.99250841553325,0.56542835901376,-3.10074799920022,-0.884268831866285,"occ"
"CY_2023","d_cv2_between",-0.0431304097849479,0.037220342276409,-0.11608228064671,0.0298214610768137,"occ"
"CY_2023","cv2_share_between_nw",0.0822294776376316,0.0177150093493659,0.0475080593128744,0.116950895962389,"occ"
"CY_2023","cv2_share_between_nwx",0.0530989303252493,0.0162207634517635,0.0213062339597929,0.0848916266907057,"occ"
"CY_2023","d_cv2_share_between",0.0291305473123823,0.0137848818448824,0.00211217889641277,0.0561489157283518,"occ"
"CY_2023","var_total_nw",363724410511.808,73571969176.9404,219523350925.005,507925470098.611,"occ"
"CY_2023","var_within_nw",333888523036.295,68504040743.7391,199620603178.567,468156442894.024,"occ"
"CY_2023","var_between_nw",29835887475.5126,8385737758.45366,13399841468.9434,46271933482.0818,"occ"
"CY_2023","var_total_nwx",347701837413.363,71124144112.792,208298514952.29,487105159874.435,"occ"
"CY_2023","var_within_nwx",329267172942.423,67962982157.0874,196059727914.532,462474617970.314,"occ"
"CY_2023","var_between_nwx",18434664470.9397,6609875526.64788,5479308438.7099,31390020503.1696,"occ"
"CY_2023","var_share_between_nw",0.0822294776376316,0.0177150093493659,0.0475080593128744,0.116950895962389,"occ"
"CY_2023","var_share_between_nwx",0.0530989303252493,0.0162207634517635,0.0213062339597929,0.0848916266907057,"occ"
"CY_2023","d_var_share_between",0.0291305473123823,0.0137848818448824,0.00211217889641277,0.0561489157283518,"occ"
"CY_2023","gini_total_nw",0.607710334356004,0.0166471879974821,0.57508184588094,0.640338822831069,"occ"
"CY_2023","gini_within_nw",0.548753120352605,0.016050290712475,0.517294550556154,0.580211690149056,"occ"
"CY_2023","gini_between_nw",0.0589572140033991,0.0126412830875341,0.0341802991518322,0.0837341288549659,"occ"
"CY_2023","gini_total_nwx",0.857849840539949,0.0527362404908991,0.754486809177787,0.961212871902111,"occ"
"CY_2023","gini_within_nwx",0.795505120281068,0.0511443836487853,0.695262128329449,0.895748112232687,"occ"
"CY_2023","gini_between_nwx",0.062344720258881,0.0145062275347747,0.0339125142907227,0.0907769262270393,"occ"
"CY_2023","d_gini_within",-0.246751999928463,0.0483741537143363,-0.341565341208562,-0.151938658648364,"occ"
"CY_2023","d_gini_between",-0.00338750625548194,0.00629012180061458,-0.0157161449846865,0.00894113247372263,"occ"
"CY_2023","gini_share_between_nw",0.0969979431095818,0.0197419192898502,0.0583037813014754,0.135692104917688,"occ"
"CY_2023","gini_share_between_nwx",0.0726883510892762,0.0164027499775967,0.0405389611331866,0.104837741045366,"occ"
"CY_2023","d_gini_share_between",0.0243095920203057,0.00786248119126318,0.00889912888542984,0.0397200551551815,"occ"
"CY_2023","mld_within_nw",0.88857009640214,0.0602107024128692,0.770557119672917,1.00658307313136,"occ"
"CY_2023","mld_between_nw",0.0878093863019195,0.0199766715928148,0.0486551099800024,0.126963662623836,"occ"
"CY_2023","mld_within_nwx",0.950875470211839,0.0649570918296665,0.823559570225693,1.07819137019799,"occ"
"CY_2023","mld_between_nwx",0.0867577871311213,0.0213780370974654,0.0448568344200891,0.128658739842153,"occ"
"CY_2023","d_mld_within",-0.0623053738096992,0.0196401184613559,-0.100800005993957,-0.0238107416254416,"occ"
"CY_2023","d_mld_between",0.0010515991707982,0.00795811847180947,-0.0145463130339484,0.0166495113755448,"occ"
"CY_2023","mld_wtkept_nw",0.95505922120546,0.0101099430968146,0.935243732735704,0.974874709675217,"occ"
"CY_2023","mld_wtkept_nwx",0.842279786497889,0.0161989496575114,0.810529845169166,0.874029727826611,"occ"
"CY_2023","mld_ngrp_nw",3,0,3,3,"occ"
"CY_2023","mld_ngrp_nwx",3,0,3,3,"occ"
"CY_2023","I_nw",0.597859785555598,0.0657225577398798,0.469043572385434,0.726675998725762,"occ"
"CY_2023","I_nwx",0.466393047338622,0.0692753004199815,0.330613458515458,0.602172636161785,"occ"
"CY_2023","d_I",0.131466738216976,0.0448794978569281,0.0435029224173971,0.219430554016555,"occ"
"CY_2023","n_valid",1171.8,433.897670194252,321.360566419266,2022.23943358073,"occ"
"CY_2023","pct_valid",0.933110361103357,0.345514703083128,0.255901543060426,1.61031917914629,"occ"
"DE_2023","cv2_total_nw",4.2876908228804,0.60655585143355,3.09884135407064,5.47654029169015,"occ"
"DE_2023","cv2_within_nw",4.20968356253011,0.6109640849132,3.01219395610024,5.40717316895999,"occ"
"DE_2023","cv2_between_nw",0.0780072603502817,0.025067820891531,0.028874331402881,0.127140189297683,"occ"
"DE_2023","cv2_total_nwx",14.4261211353942,3.72676475455219,7.12166221647192,21.7305800543165,"occ"
"DE_2023","cv2_within_nwx",14.2752275423018,3.69817833256507,7.0267980104743,21.5236570741294,"occ"
"DE_2023","cv2_between_nwx",0.150893593092363,0.0644272796156811,0.0246161250456281,0.277171061139098,"occ"
"DE_2023","d_cv2_within",-10.0655439797717,3.87436171739104,-17.6592929458582,-2.47179501368529,"occ"
"DE_2023","d_cv2_between",-0.0728863327420812,0.0500914053836846,-0.171065487294103,0.0252928218099406,"occ"
"DE_2023","cv2_share_between_nw",0.0182033070765673,0.00621548147451169,0.00602096338652442,0.0303856507666102,"occ"
"DE_2023","cv2_share_between_nwx",0.0104352878272786,0.00477623490391591,0.00107386741560345,0.0197967082389538,"occ"
"DE_2023","d_cv2_share_between",0.00776801924928869,0.00338407735145502,0.00113522764043685,0.0144008108581405,"occ"
"DE_2023","var_total_nw",472661271025.71,108943866024.671,259131293617.355,686191248434.066,"occ"
"DE_2023","var_within_nw",464063542526.632,108833533971.606,250749815942.284,677377269110.979,"occ"
"DE_2023","var_between_nw",8597728499.07858,2734931404.97228,3237262945.33291,13958194052.8242,"occ"
"DE_2023","var_total_nwx",800418127730.753,162682449785.299,481560526151.566,1119275729309.94,"occ"
"DE_2023","var_within_nwx",792055877501.16,162363351557.983,473823708447.513,1110288046554.81,"occ"
"DE_2023","var_between_nwx",8362250229.593,3135958937.84597,2215770711.4149,14508729747.7711,"occ"
"DE_2023","var_share_between_nw",0.0182033070765673,0.00621548147451169,0.00602096338652442,0.0303856507666102,"occ"
"DE_2023","var_share_between_nwx",0.0104352878272786,0.00477623490391591,0.00107386741560345,0.0197967082389538,"occ"
"DE_2023","d_var_share_between",0.00776801924928869,0.00338407735145502,0.00113522764043685,0.0144008108581405,"occ"
"DE_2023","gini_total_nw",0.719698775982787,0.0175560974067952,0.685288825065469,0.754108726900106,"occ"
"DE_2023","gini_within_nw",0.69040594013649,0.0180024201074167,0.655121196725953,0.725690683547026,"occ"
"DE_2023","gini_between_nw",0.0292928358462974,0.0076891825059911,0.0142220381345549,0.04436363355804,"occ"
"DE_2023","gini_total_nwx",1.06857109639975,0.0830593783837961,0.905774714767509,1.23136747803199,"occ"
"DE_2023","gini_within_nwx",1.03423918872762,0.0829508688709011,0.871655485740649,1.19682289171458,"occ"
"DE_2023","gini_between_nwx",0.0343319076721342,0.00884564683438693,0.0169944398767358,0.0516693754675326,"occ"
"DE_2023","d_gini_within",-0.343833248591126,0.0870810998991912,-0.51451220439354,-0.173154292788711,"occ"
"DE_2023","d_gini_between",-0.00503907182583681,0.00349417495581122,-0.0118876547392268,0.00180951108755318,"occ"
"DE_2023","gini_share_between_nw",0.0407000907223069,0.0104170430193535,0.0202826864043741,0.0611174950402397,"occ"
"DE_2023","gini_share_between_nwx",0.0321285068169041,0.00884930004608784,0.0147838787265719,0.0494731349072363,"occ"
"DE_2023","d_gini_share_between",0.00857158390540279,0.00429986377484258,0.000143850906711334,0.0169993169040942,"occ"
"DE_2023","mld_within_nw",1.40044004978704,0.0674557669727385,1.26822674652048,1.53265335305361,"occ"
"DE_2023","mld_between_nw",0.0471062321666363,0.0143887477280529,0.0189042866196527,0.07530817771362,"occ"
"DE_2023","mld_within_nwx",1.43588929344728,0.0700787153934554,1.29853501127611,1.57324357561845,"occ"
"DE_2023","mld_between_nwx",0.0517478761041586,0.0167515613096895,0.0189148159371673,0.08458093627115,"occ"
"DE_2023","d_mld_within",-0.0354492436602351,0.0206243574967001,-0.0758729843537672,0.00497449703329704,"occ"
"DE_2023","d_mld_between",-0.00464164393752229,0.00535611495425382,-0.0151396292478598,0.00585634137281521,"occ"
"DE_2023","mld_wtkept_nw",0.940355164689552,0.0105331845597155,0.919710122952509,0.961000206426594,"occ"
"DE_2023","mld_wtkept_nwx",0.871675819678887,0.0112624980754933,0.849601323450921,0.893750315906854,"occ"
"DE_2023","mld_ngrp_nw",3,0,3,3,"occ"
"DE_2023","mld_ngrp_nwx",3,0,3,3,"occ"
"DE_2023","I_nw",0.547960142795664,0.0596090140574196,0.431126475243121,0.664793810348206,"occ"
"DE_2023","I_nwx",0.464799861344214,0.0571091699922179,0.352865888159467,0.576733834528961,"occ"
"DE_2023","d_I",0.0831602814514501,0.0184264532773351,0.0470444330278733,0.119276129875027,"occ"
"DE_2023","n_valid",3635,1325.52940706723,1036.96236214823,6233.03763785177,"occ"
"DE_2023","pct_valid",0.914787612053226,0.333584042415126,0.26096288891958,1.56861233518687,"occ"
"EE_2023","cv2_total_nw",8.36171468044401,2.52253267416773,3.41755063907527,13.3058787218128,"occ"
"EE_2023","cv2_within_nw",8.17769810815578,2.54824702191061,3.18313394521099,13.1722622711006,"occ"
"EE_2023","cv2_between_nw",0.184016572288228,0.0471404997716257,0.0916211927358421,0.276411951840615,"occ"
"EE_2023","cv2_total_nwx",10.1903539792159,2.7486368667941,4.80302572029943,15.5776822381323,"occ"
"EE_2023","cv2_within_nwx",10.0011417427342,2.77451594038225,4.56309049958498,15.4391929858834,"occ"
"EE_2023","cv2_between_nwx",0.189212236481677,0.0511567867914926,0.0889449343703516,0.289479538593003,"occ"
"EE_2023","d_cv2_within",-1.8234436345784,0.587277128147371,-2.97450680574725,-0.672380463409556,"occ"
"EE_2023","d_cv2_between",-0.00519566419344861,0.0112210343404138,-0.0271888915006596,0.0167975631137624,"occ"
"EE_2023","cv2_share_between_nw",0.0220144473254977,0.0134823107911524,-0.00441088182516096,0.0484397764761563,"occ"
"EE_2023","cv2_share_between_nwx",0.0185740799288568,0.0104301470090893,-0.00186900820895811,0.0390171680666718,"occ"
"EE_2023","d_cv2_share_between",0.00344036739664083,0.0041783982409283,-0.00474929315557864,0.0116300279488603,"occ"
"EE_2023","var_total_nw",355754195381.956,140186907729.954,80987856231.2472,630520534532.666,"occ"
"EE_2023","var_within_nw",347922911938.867,140382890669.462,72772446226.7208,623073377651.014,"occ"
"EE_2023","var_between_nw",7831283443.08932,2245687902.22392,3429735154.73044,12232831731.4482,"occ"
"EE_2023","var_total_nwx",349390467878.13,127229583215.218,100020484776.303,598760450979.957,"occ"
"EE_2023","var_within_nwx",342900601788.897,127269124243.795,93453118271.0576,592348085306.736,"occ"
"EE_2023","var_between_nwx",6489866089.23311,2039878349.56554,2491704524.08466,10488027654.3816,"occ"
"EE_2023","var_share_between_nw",0.0220144473254977,0.0134823107911524,-0.00441088182516096,0.0484397764761563,"occ"
"EE_2023","var_share_between_nwx",0.0185740799288568,0.0104301470090893,-0.00186900820895811,0.0390171680666718,"occ"
"EE_2023","d_var_share_between",0.00344036739664082,0.0041783982409283,-0.00474929315557865,0.0116300279488603,"occ"
"EE_2023","gini_total_nw",0.6534440473726,0.019098827946129,0.616010344598187,0.690877750147013,"occ"
"EE_2023","gini_within_nw",0.594440165387768,0.0231710693215265,0.549024869517576,0.63985546125796,"occ"
"EE_2023","gini_between_nw",0.0590038819848315,0.0128523780257294,0.0338132210544019,0.0841945429152612,"occ"
"EE_2023","gini_total_nwx",0.729188899692933,0.0257103967879877,0.678796521988477,0.779581277397389,"occ"
"EE_2023","gini_within_nwx",0.666307855206515,0.027631607054003,0.61214990538067,0.720465805032361,"occ"
"EE_2023","gini_between_nwx",0.0628810444864174,0.0145542549271511,0.0343547048292011,0.0914073841436336,"occ"
"EE_2023","d_gini_within",-0.0718676898187474,0.0180543678506445,-0.107254250806011,-0.0364811288314841,"occ"
"EE_2023","d_gini_between",-0.00387716250158585,0.00340631611924907,-0.010553542095314,0.00279921709214233,"occ"
"EE_2023","gini_share_between_nw",0.0902871478749963,0.0198299559579989,0.0514204341973184,0.129153861552674,"occ"
"EE_2023","gini_share_between_nwx",0.0862258954402671,0.0196644464830245,0.0476835803335391,0.124768210546995,"occ"
"EE_2023","d_gini_share_between",0.00406125243472915,0.00274220693966096,-0.00131347316700632,0.00943597803646463,"occ"
"EE_2023","mld_within_nw",0.942398993949545,0.0661609068972162,0.812723616431001,1.07207437146809,"occ"
"EE_2023","mld_between_nw",0.0941287811766782,0.025036398927188,0.0450574392793897,0.143200123073967,"occ"
"EE_2023","mld_within_nwx",0.965989632789433,0.0680502084516519,0.832611224224195,1.09936804135467,"occ"
"EE_2023","mld_between_nwx",0.0976499319896516,0.0264429942949625,0.0458216631715252,0.149478200807778,"occ"
"EE_2023","d_mld_within",-0.0235906388398879,0.00875933635076622,-0.0407589380873897,-0.00642233959238611,"occ"
"EE_2023","d_mld_between",-0.00352115081297348,0.00334964583541615,-0.0100864566503891,0.00304415502444219,"occ"
"EE_2023","mld_wtkept_nw",0.96973369951273,0.00481726567939469,0.960291858781116,0.979175540244343,"occ"
"EE_2023","mld_wtkept_nwx",0.934882905443223,0.00634908502773053,0.922438698788871,0.947327112097575,"occ"
"EE_2023","mld_ngrp_nw",3,0,3,3,"occ"
"EE_2023","mld_ngrp_nwx",3,0,3,3,"occ"
"EE_2023","I_nw",0.46148298537949,0.0458490643275428,0.371618819297506,0.551347151461474,"occ"
"EE_2023","I_nwx",0.426721989098779,0.0454980041515152,0.337545900961809,0.515898077235749,"occ"
"EE_2023","d_I",0.0347609962807105,0.02579445970404,-0.0157961447392078,0.0853181373006289,"occ"
"EE_2023","n_valid",2385,879.329293268455,661.514585193829,4108.48541480617,"occ"
"EE_2023","pct_valid",0.920138888888889,0.33924741252641,0.255213960337125,1.58506381744065,"occ"
"ES_2023","cv2_total_nw",24.6363210181295,9.58105180774291,5.85745947495343,43.4151825613057,"occ"
"ES_2023","cv2_within_nw",24.2461351398159,9.55223805690576,5.5237485482806,42.9685217313512,"occ"
"ES_2023","cv2_between_nw",0.39018587831365,0.0455513444776343,0.300905243137487,0.479466513489813,"occ"
"ES_2023","cv2_total_nwx",98.1474887079485,41.3057980056424,17.1881246168894,179.106852799008,"occ"
"ES_2023","cv2_within_nwx",97.8190777456146,41.3291862810117,16.8138726348317,178.824282856397,"occ"
"ES_2023","cv2_between_nwx",0.328410962333938,0.0952013836732402,0.141816250334387,0.515005674333489,"occ"
"ES_2023","d_cv2_within",-73.5729426057987,37.1082159885888,-146.305045943433,-0.840839268164572,"occ"
"ES_2023","d_cv2_between",0.061774915979712,0.0861748937831448,-0.107127875835252,0.230677707794676,"occ"
"ES_2023","cv2_share_between_nw",0.015856053651308,0.00833566493278423,-0.000481849616949082,0.0321939569195651,"occ"
"ES_2023","cv2_share_between_nwx",0.00334872161596818,0.00251540011025467,-0.00158146260013098,0.00827890583206733,"occ"
"ES_2023","d_cv2_share_between",0.0125073320353398,0.00767070768000869,-0.00252725501747721,0.0275419190881569,"occ"
"ES_2023","var_total_nw",2562637226000.95,1310390349342.12,-5727858709.5957,5131002310711.5,"occ"
"ES_2023","var_within_nw",2522055026866.07,1302504874435.26,-30854527027.0352,5074964580759.18,"occ"
"ES_2023","var_between_nw",40582199134.8781,9785615696.53004,21402392369.6792,59762005900.077,"occ"
"ES_2023","var_total_nwx",3129829590810.52,1363246077183.19,457867279531.46,5801791902089.58,"occ"
"ES_2023","var_within_nwx",3119353395591.92,1360523485362.01,452727364282.378,5785979426901.46,"occ"
"ES_2023","var_between_nwx",10476195218.5976,6054888412.79445,-1391386070.47949,22343776507.6748,"occ"
"ES_2023","var_share_between_nw",0.015856053651308,0.00833566493278423,-0.000481849616949082,0.0321939569195651,"occ"
"ES_2023","var_share_between_nwx",0.00334872161596818,0.00251540011025467,-0.00158146260013098,0.00827890583206733,"occ"
"ES_2023","d_var_share_between",0.0125073320353398,0.00767070768000869,-0.0025272550174772,0.0275419190881569,"occ"
"ES_2023","gini_total_nw",0.674934520312495,0.0158617055394821,0.64384557745511,0.70602346316988,"occ"
"ES_2023","gini_within_nw",0.559368281298853,0.00793575594116525,0.543814199654169,0.574922362943536,"occ"
"ES_2023","gini_between_nw",0.115566239013642,0.0119247338804396,0.0921937606079809,0.138938717419304,"occ"
"ES_2023","gini_total_nwx",1.22820781083335,0.192253374080087,0.851391197636379,1.60502442403032,"occ"
"ES_2023","gini_within_nwx",1.05540510826078,0.154846962370525,0.751905062014547,1.358905154507,"occ"
"ES_2023","gini_between_nwx",0.172802702572575,0.043208528102222,0.0881139874922196,0.25749141765293,"occ"
"ES_2023","d_gini_within",-0.496036826961923,0.15462304941448,-0.799098003814304,-0.192975650109542,"occ"
"ES_2023","d_gini_between",-0.0572364635589324,0.0380957500200387,-0.131904133598208,0.0174312064803434,"occ"
"ES_2023","gini_share_between_nw",0.171226121612616,0.0139740612697356,0.143836961523934,0.198615281701297,"occ"
"ES_2023","gini_share_between_nwx",0.140688020958682,0.0172216666929216,0.106933554240555,0.174442487676808,"occ"
"ES_2023","d_gini_share_between",0.030538100653934,0.00955951069286964,0.0118014596959095,0.0492747416119585,"occ"
"ES_2023","mld_within_nw",0.922525557732928,0.0350096094099333,0.853906723289458,0.991144392176397,"occ"
"ES_2023","mld_between_nw",0.185794771803239,0.0242808835941154,0.138204239958772,0.233385303647705,"occ"
"ES_2023","mld_within_nwx",0.933818719082294,0.0409668684585133,0.853523656903607,1.01411378126098,"occ"
"ES_2023","mld_between_nwx",0.161882177942125,0.0275734871410722,0.107838143145624,0.215926212738627,"occ"
"ES_2023","d_mld_within",-0.0112931613493658,0.0179776224214444,-0.0465293012953968,0.0239429785966652,"occ"
"ES_2023","d_mld_between",0.0239125938611133,0.0116830873768662,0.00101374260245552,0.046811445119771,"occ"
"ES_2023","mld_wtkept_nw",0.941655371398942,0.00439409390612848,0.93304294734293,0.950267795454953,"occ"
"ES_2023","mld_wtkept_nwx",0.840528820333428,0.00739560198575675,0.826033440441345,0.855024200225512,"occ"
"ES_2023","mld_ngrp_nw",3,0,3,3,"occ"
"ES_2023","mld_ngrp_nwx",3,0,3,3,"occ"
"ES_2023","I_nw",0.590508485963141,0.0229034483732003,0.545617727151668,0.635399244774613,"occ"
"ES_2023","I_nwx",0.4596341065343,0.0267756909431366,0.407153752285752,0.512114460782848,"occ"
"ES_2023","d_I",0.130874379428841,0.0195698964673227,0.0925173823528883,0.169231376504793,"occ"
"ES_2023","n_valid",6227,2286.469284727,1745.52020193508,10708.4797980649,"occ"
"ES_2023","pct_valid",0.975407268170426,0.358156216279292,0.273421084263014,1.67739345207784,"occ"
"FR_2023","cv2_total_nw",7.72197104427081,2.517922356735,2.78684322507021,12.6570988634714,"occ"
"FR_2023","cv2_within_nw",7.51186775301873,2.51425557810539,2.58392681993217,12.4398086861053,"occ"
"FR_2023","cv2_between_nw",0.210103291252085,0.0269291722248072,0.157322113691462,0.262884468812707,"occ"
"FR_2023","cv2_total_nwx",32.7446620343588,9.70511063413868,13.722645191447,51.7666788772706,"occ"
"FR_2023","cv2_within_nwx",32.3945045867665,9.6841022641555,13.4136641490217,51.3753450245113,"occ"
"FR_2023","cv2_between_nwx",0.350157447592326,0.0761308571242811,0.200940967628735,0.499373927555917,"occ"
"FR_2023","d_cv2_within",-24.8826368337478,8.1301205837676,-40.8176731779322,-8.94760048956326,"occ"
"FR_2023","d_cv2_between",-0.140054156340241,0.0618359102488026,-0.261252540427894,-0.0188557722525879,"occ"
"FR_2023","cv2_share_between_nw",0.0272085054512044,0.00864743529860623,0.0102595322659361,0.0441574786364726,"occ"
"FR_2023","cv2_share_between_nwx",0.0106935734204527,0.00339959299417584,0.00403037115186804,0.0173567756890373,"occ"
"FR_2023","d_cv2_share_between",0.0165149320307517,0.00685135445397783,0.00308627730095512,0.0299435867605482,"occ"
"FR_2023","var_total_nw",858865700507.092,297589651630.048,275589983312.198,1442141417701.99,"occ"
"FR_2023","var_within_nw",835497248412.993,297110992469.715,253159703172.352,1417834793653.63,"occ"
"FR_2023","var_between_nw",23368452094.0997,2798589166.979,17883217326.8208,28853686861.3785,"occ"
"FR_2023","var_total_nwx",1278501068385.03,341078390762.133,609987422491.248,1947014714278.81,"occ"
"FR_2023","var_within_nwx",1264829323342.13,340924106671.26,596618074266.455,1933040572417.8,"occ"
"FR_2023","var_between_nwx",13671745042.9025,2649126365.94955,8479457365.64138,18864032720.1636,"occ"
"FR_2023","var_share_between_nw",0.0272085054512044,0.00864743529860623,0.0102595322659361,0.0441574786364726,"occ"
"FR_2023","var_share_between_nwx",0.0106935734204527,0.00339959299417584,0.00403037115186804,0.0173567756890373,"occ"
"FR_2023","d_var_share_between",0.0165149320307517,0.00685135445397783,0.00308627730095512,0.0299435867605482,"occ"
"FR_2023","gini_total_nw",0.675649780165082,0.0146842257010617,0.646868697791001,0.704430862539163,"occ"
"FR_2023","gini_within_nw",0.607924315507067,0.00952137711540862,0.589262416360866,0.626586214653268,"occ"
"FR_2023","gini_between_nw",0.0677254646580153,0.00747215041199968,0.0530800498504959,0.0823708794655347,"occ"
"FR_2023","gini_total_nwx",1.24740804482711,0.102276424800168,1.04694625221878,1.44786983743544,"occ"
"FR_2023","gini_within_nwx",1.16292953010298,0.0969582236309234,0.972891411786372,1.35296764841959,"occ"
"FR_2023","gini_between_nwx",0.0844785147241311,0.0113821070482868,0.062169584909489,0.106787444538773,"occ"
"FR_2023","d_gini_within",-0.555005214595915,0.0958157670912272,-0.742804118094721,-0.36720631109711,"occ"
"FR_2023","d_gini_between",-0.0167530500661158,0.00646537888961309,-0.0294251926897575,-0.00408090744247418,"occ"
"FR_2023","gini_share_between_nw",0.100237529332827,0.00955217232788317,0.0815152715701757,0.118959787095478,"occ"
"FR_2023","gini_share_between_nwx",0.0677232402616416,0.00786760550078332,0.0523027334801062,0.0831437470431769,"occ"
"FR_2023","d_gini_share_between",0.0325142890711851,0.00558183772977468,0.0215738871208268,0.0434546910215435,"occ"
"FR_2023","mld_within_nw",1.11683704775128,0.0490371441014352,1.02072424531247,1.21294985019009,"occ"
"FR_2023","mld_between_nw",0.127587560616293,0.0153446011512424,0.0975121423598583,0.157662978872729,"occ"
"FR_2023","mld_within_nwx",1.13216751688461,0.0492688819038931,1.03560050835298,1.22873452541624,"occ"
"FR_2023","mld_between_nwx",0.126351612806968,0.0170197642443463,0.0929928748880491,0.159710350725887,"occ"
"FR_2023","d_mld_within",-0.0153304691333311,0.00928617304855332,-0.0335313683084956,0.00287043004183337,"occ"
"FR_2023","d_mld_between",0.00123594780932562,0.00363763404048631,-0.00589381491002755,0.0083657105286788,"occ"
"FR_2023","mld_wtkept_nw",0.981689967537637,0.00229367356159464,0.977194367356912,0.986185567718363,"occ"
"FR_2023","mld_wtkept_nwx",0.880609719874449,0.00499907652240289,0.870811529890539,0.890407909858359,"occ"
"FR_2023","mld_ngrp_nw",3,0,3,3,"occ"
"FR_2023","mld_ngrp_nwx",3,0,3,3,"occ"
"FR_2023","I_nw",0.615601366467253,0.0222385620038082,0.572013784939789,0.659188947994717,"occ"
"FR_2023","I_nwx",0.474560704786129,0.0233708815590651,0.428753776930361,0.520367632641897,"occ"
"FR_2023","d_I",0.141040661681124,0.012210985876513,0.117107129363159,0.16497419399909,"occ"
"FR_2023","n_valid",11332,4337.37165504641,2830.75155610904,19833.248443891,"occ"
"FR_2023","pct_valid",0.951309603760913,0.364117835379987,0.237638646416139,1.66498056110569,"occ"
"GR_2023","cv2_total_nw",2.52862109149563,0.43540036152515,1.67523638290634,3.38200580008492,"occ"
"GR_2023","cv2_within_nw",2.46403332531741,0.459847800676829,1.56273163599083,3.365335014644,"occ"
"GR_2023","cv2_between_nw",0.0645877661782196,0.0516528373274258,-0.036651794983535,0.165827327339974,"occ"
"GR_2023","cv2_total_nwx",207.637317626724,158907462.188329,-311458418.251807,311458833.526442,"occ"
"GR_2023","cv2_within_nwx",207.263469816971,158730456.120629,-311111486.732964,311111901.259903,"occ"
"GR_2023","cv2_between_nwx",0.373847809753961,177025.64458053,-346969.889530028,346970.637225648,"occ"
"GR_2023","d_cv2_within",-204.799436491653,158730456.128936,-311111898.812151,311111489.213278,"occ"
"GR_2023","d_cv2_between",-0.309260043575741,177025.644140163,-346970.571774763,346969.953254676,"occ"
"GR_2023","cv2_share_between_nw",0.0256203453503969,0.0259230571807979,-0.025188846723967,0.0764295374247608,"occ"
"GR_2023","cv2_share_between_nwx",0.00775164767141022,0.0148355916554769,-0.0213261119733246,0.036829407316145,"occ"
"GR_2023","d_cv2_share_between",0.0178686976789867,0.016121451868756,-0.013729347983775,0.0494667433417484,"occ"
"GR_2023","var_total_nw",75947470782.6665,15063194104.2014,46423610338.4317,105471331226.901,"occ"
"GR_2023","var_within_nw",74008183404.2667,14969424875.0843,44668110649.1015,103348256159.432,"occ"
"GR_2023","var_between_nw",1939287378.39978,1921264175.78754,-1826390406.1438,5704965162.94336,"occ"
"GR_2023","var_total_nwx",240445489341.023,376056786358.74,-496625811922.108,977516790604.154,"occ"
"GR_2023","var_within_nwx",239378289143.714,376020362587.471,-497621621527.729,976378199815.156,"occ"
"GR_2023","var_between_nwx",1067200197.30923,1966495012.46525,-2787130027.12266,4921530421.74112,"occ"
"GR_2023","var_share_between_nw",0.0256203453503969,0.0259230571807979,-0.025188846723967,0.0764295374247608,"occ"
"GR_2023","var_share_between_nwx",0.00775164767141022,0.0148355916554769,-0.0213261119733246,0.036829407316145,"occ"
"GR_2023","d_var_share_between",0.0178686976789867,0.016121451868756,-0.013729347983775,0.0494667433417484,"occ"
"GR_2023","gini_total_nw",0.589517116762049,0.0132297672351681,0.563586772981119,0.615447460542978,"occ"
"GR_2023","gini_within_nw",0.567054733115954,0.0182500213032881,0.531284691361509,0.602824774870398,"occ"
"GR_2023","gini_between_nw",0.0224623836460952,0.0160750745048827,-0.00904476238347489,0.0539695296756652,"occ"
"GR_2023","gini_total_nwx",2.28794006447952,200.6681954046,-391.021722928536,395.597603057495,"occ"
"GR_2023","gini_within_nwx",1.30936222454763,0.622076733520755,0.0900918268469466,2.52863262224831,"occ"
"GR_2023","gini_between_nwx",0.0210322647536647,0.0228647810657156,-0.0237827061351379,0.0658472356424672,"occ"
"GR_2023","d_gini_within",-0.743001809094782,0.622690252102028,-1.96347470321476,0.477471085025193,"occ"
"GR_2023","d_gini_between",0.00119745046158656,0.0107748248944014,-0.0199212063314401,0.0223161072546133,"occ"
"GR_2023","gini_share_between_nw",0.0381006401555703,0.0268609093481948,-0.0145467421668915,0.0907480224780321,"occ"
"GR_2023","gini_share_between_nwx",0.0163721525692137,0.0172571513550389,-0.0174518640866625,0.0501961692250899,"occ"
"GR_2023","d_gini_share_between",0.021395223351753,0.0118801546894123,-0.00188987983949509,0.0446803265430012,"occ"
"GR_2023","mld_within_nw",0.949990285095556,0.0457734217036961,0.860274378556312,1.0397061916348,"occ"
"GR_2023","mld_between_nw",0.0290013691028824,0.0236604439959766,-0.0173731011292317,0.0753758393349964,"occ"
"GR_2023","mld_within_nwx",1.08486311207314,0.0859186241706988,0.916462608698572,1.25326361544771,"occ"
"GR_2023","mld_between_nwx",0.0239215349451828,0.0280722837717609,-0.0311001412474685,0.0789432111378342,"occ"
"GR_2023","d_mld_within",-0.134872826977585,0.0649941094635184,-0.262261281526081,-0.00748437242908889,"occ"
"GR_2023","d_mld_between",0.00507983415769953,0.00803634785558022,-0.0106714076392377,0.0208310759546368,"occ"
"GR_2023","mld_wtkept_nw",0.992092570461612,0.00222564864734687,0.987730299112812,0.996454841810412,"occ"
"GR_2023","mld_wtkept_nwx",0.834513921176543,0.0697766920626347,0.697751604733779,0.971276237619307,"occ"
"GR_2023","mld_ngrp_nw",3,0,3,3,"occ"
"GR_2023","mld_ngrp_nwx",3,0,3,3,"occ"
"GR_2023","I_nw",0.377533258115579,0.0671618076773491,0.245896115067975,0.509170401163183,"occ"
"GR_2023","I_nwx",0.227115969700549,0.079941976755969,0.0704296952588495,0.383802244142248,"occ"
"GR_2023","d_I",0.15041728841503,0.0502091107673739,0.0520074313109773,0.248827145519083,"occ"
"GR_2023","n_valid",3170,1207.35436761541,803.585439473802,5536.4145605262,"occ"
"GR_2023","pct_valid",0.880800222283968,0.335469399170716,0.223280199909364,1.53832024465857,"occ"
"HR_2023","cv2_total_nw",1.79583727899879,0.310293359999464,1.18766229339984,2.40401226459774,"occ"
"HR_2023","cv2_within_nw",1.75602317786741,0.312232245401776,1.14404797687993,2.36799837885489,"occ"
"HR_2023","cv2_between_nw",0.039814101131381,0.0138892130315758,0.0125912435894924,0.0670369586732695,"occ"
"HR_2023","cv2_total_nwx",2.77895916744491,0.478289312303038,1.84151211533095,3.71640621955886,"occ"
"HR_2023","cv2_within_nwx",2.73239914485466,0.482349364753327,1.78699438993814,3.67780389977118,"occ"
"HR_2023","cv2_between_nwx",0.0465600225902465,0.0207636949935821,0.00586318040282566,0.0872568647776673,"occ"
"HR_2023","d_cv2_within",-0.976375966987252,0.211187262783318,-1.39030300204256,-0.562448931931948,"occ"
"HR_2023","d_cv2_between",-0.00674592145886555,0.00999526620523206,-0.0263366432211204,0.0128448003033893,"occ"
"HR_2023","cv2_share_between_nw",0.0221707917369511,0.00960365368149764,0.00334763052121574,0.0409939529526865,"occ"
"HR_2023","cv2_share_between_nwx",0.0167571843406826,0.00906825861914803,-0.00101660255284757,0.0345309712342127,"occ"
"HR_2023","d_cv2_share_between",0.00541360739626854,0.00377352791314212,-0.00198250731349001,0.0128097221060271,"occ"
"HR_2023","var_total_nw",64762141859.7395,15209630289.3755,34951266492.5635,94573017226.9155,"occ"
"HR_2023","var_within_nw",63326144511.2177,15157979752.7241,33616504195.8784,93035784826.5571,"occ"
"HR_2023","var_between_nw",1435997348.52179,521479474.297591,413897578.89851,2458097118.14507,"occ"
"HR_2023","var_total_nwx",63439003754.1748,15165930915.1376,33713779160.5051,93164228347.8445,"occ"
"HR_2023","var_within_nwx",62375834373.6958,15143652153.5829,32694276152.6735,92057392594.7182,"occ"
"HR_2023","var_between_nwx",1063169380.47897,490778048.505021,101244405.409132,2025094355.54882,"occ"
"HR_2023","var_share_between_nw",0.0221707917369511,0.00960365368149764,0.00334763052121574,0.0409939529526865,"occ"
"HR_2023","var_share_between_nwx",0.0167571843406826,0.00906825861914803,-0.00101660255284757,0.0345309712342127,"occ"
"HR_2023","d_var_share_between",0.00541360739626854,0.00377352791314212,-0.00198250731349002,0.0128097221060271,"occ"
"HR_2023","gini_total_nw",0.528890845784263,0.0158123428498689,0.49789865379852,0.559883037770006,"occ"
"HR_2023","gini_within_nw",0.513573027451723,0.0157153232748684,0.48277099383298,0.544375061070465,"occ"
"HR_2023","gini_between_nw",0.0153178183325408,0.00487292202633651,0.00576689116092128,0.0248687455041604,"occ"
"HR_2023","gini_total_nwx",0.672991641483742,0.0220557024149145,0.629762464750509,0.716220818216974,"occ"
"HR_2023","gini_within_nwx",0.657745231797,0.0222775992228674,0.61408113732018,0.70140932627382,"occ"
"HR_2023","gini_between_nwx",0.0152464096867417,0.0056219684819389,0.00422735146214144,0.0262654679113419,"occ"
"HR_2023","d_gini_within",-0.144172204345278,0.0178461208406249,-0.179150601192902,-0.109193807497653,"occ"
"HR_2023","d_gini_between",7.14086457991536e-05,0.00240363067437163,-0.00463970747596924,0.00478252476756754,"occ"
"HR_2023","gini_share_between_nw",0.0289603907936992,0.0090798630707003,0.0111638591751266,0.0467569224122718,"occ"
"HR_2023","gini_share_between_nwx",0.022655842419844,0.00831196643322022,0.00636438821073236,0.0389472966289556,"occ"
"HR_2023","d_gini_share_between",0.0063045483738552,0.00380567979295151,-0.00115458402032975,0.0137636807680402,"occ"
"HR_2023","mld_within_nw",0.608330216537921,0.038869598721204,0.532145803044361,0.68451463003148,"occ"
"HR_2023","mld_between_nw",0.0191475545391128,0.00666052152847869,0.00609293234329453,0.032202176734931,"occ"
"HR_2023","mld_within_nwx",0.690018936840658,0.0459119533101324,0.600031508352798,0.780006365328517,"occ"
"HR_2023","mld_between_nwx",0.0182111382930409,0.00750833622800795,0.00349479928614529,0.0329274772999364,"occ"
"HR_2023","d_mld_within",-0.0816887203027371,0.0185872546636173,-0.118119739443427,-0.0452577011620472,"occ"
"HR_2023","d_mld_between",0.000936416246071903,0.00290114575209632,-0.00474982942803689,0.0066226619201807,"occ"
"HR_2023","mld_wtkept_nw",0.984474395640634,0.00384093575519338,0.976946161560455,0.992002629720813,"occ"
"HR_2023","mld_wtkept_nwx",0.887559655338119,0.00980571717075343,0.868340449683442,0.906778860992796,"occ"
"HR_2023","mld_ngrp_nw",3,0,3,3,"occ"
"HR_2023","mld_ngrp_nwx",3,0,3,3,"occ"
"HR_2023","I_nw",0.356350420855298,0.0559176549834024,0.24675181708783,0.465949024622767,"occ"
"HR_2023","I_nwx",0.273289219880802,0.0582306000228377,0.15915724383604,0.387421195925564,"occ"
"HR_2023","d_I",0.0830612009744966,0.0342394943379502,0.0159517920721142,0.150170609876879,"occ"
"HR_2023","n_valid",1267.2,473.076491700866,339.970076266302,2194.4299237337,"occ"
"HR_2023","pct_valid",0.876833646809957,0.3273430748647,0.235241220075144,1.51842607354477,"occ"
"HU_2023","cv2_total_nw",2.83524108913322,0.289706210397567,2.26741691675399,3.40306526151245,"occ"
"HU_2023","cv2_within_nw",2.62012754820232,0.284694645390133,2.06212604323766,3.17812905316698,"occ"
"HU_2023","cv2_between_nw",0.215113540930898,0.0170373539626037,0.181720327164195,0.248506754697602,"occ"
"HU_2023","cv2_total_nwx",4.2688145621628,0.514960740557541,3.25949151067002,5.27813761365558,"occ"
"HU_2023","cv2_within_nwx",4.01609617842287,0.512876388743591,3.01085845648543,5.0213339003603,"occ"
"HU_2023","cv2_between_nwx",0.252718383739936,0.0242436390659339,0.205200851170706,0.300235916309167,"occ"
"HU_2023","d_cv2_within",-1.39596863022055,0.36167632640587,-2.10485422997605,-0.687083030465042,"occ"
"HU_2023","d_cv2_between",-0.0376048428090378,0.0124253174000292,-0.0619584649130951,-0.0132512207049805,"occ"
"HU_2023","cv2_share_between_nw",0.0758713421546313,0.00874838084674286,0.0587245156950153,0.0930181686142473,"occ"
"HU_2023","cv2_share_between_nwx",0.0592010722598609,0.00886324218225634,0.0418291175826385,0.0765730269370833,"occ"
"HU_2023","d_cv2_share_between",0.0166702698947704,0.00646151134277533,0.00400570766293077,0.0293348321266101,"occ"
"HU_2023","var_total_nw",47428904171.8192,5594150300.98182,36464369581.8948,58393438761.7435,"occ"
"HU_2023","var_within_nw",43830409060.8587,5428172469.90764,33191191019.8397,54469627101.8777,"occ"
"HU_2023","var_between_nw",3598495110.96049,336875618.533202,2938218898.63542,4258771323.28557,"occ"
"HU_2023","var_total_nwx",49904891410.3711,6122295078.61115,37905193056.2932,61904589764.449,"occ"
"HU_2023","var_within_nwx",46950467672.3133,6040411015.54855,35111262081.8382,58789673262.7885,"occ"
"HU_2023","var_between_nwx",2954423738.05781,337369368.690819,2293179775.4238,3615667700.69181,"occ"
"HU_2023","var_share_between_nw",0.0758713421546313,0.00874838084674286,0.0587245156950153,0.0930181686142473,"occ"
"HU_2023","var_share_between_nwx",0.0592010722598609,0.00886324218225634,0.0418291175826385,0.0765730269370833,"occ"
"HU_2023","d_var_share_between",0.0166702698947704,0.00646151134277533,0.00400570766293077,0.0293348321266101,"occ"
"HU_2023","gini_total_nw",0.587161081778954,0.0067399173257906,0.573950843820404,0.600371319737503,"occ"
"HU_2023","gini_within_nw",0.516326039566887,0.00641495558296449,0.503752726624277,0.528899352509497,"occ"
"HU_2023","gini_between_nw",0.0708350422120668,0.00529229403300827,0.0604621459073705,0.081207938516763,"occ"
"HU_2023","gini_total_nwx",0.714847574621342,0.0176705744869274,0.680213248626964,0.749481900615719,"occ"
"HU_2023","gini_within_nwx",0.644780496480362,0.0165506566134215,0.612341209518056,0.677219783442668,"occ"
"HU_2023","gini_between_nwx",0.0700670781409796,0.00598992020256527,0.0583268345439517,0.0818073217380076,"occ"
"HU_2023","d_gini_within",-0.128454456913475,0.015658732200082,-0.159145572025636,-0.0977633418013144,"occ"
"HU_2023","d_gini_between",0.000767964071087124,0.00244118419219778,-0.00401675694562052,0.00555268508779477,"occ"
"HU_2023","gini_share_between_nw",0.120639867492974,0.0084517813509755,0.104074376045062,0.137205358940886,"occ"
"HU_2023","gini_share_between_nwx",0.0980167994307488,0.00784540130448484,0.0826398128739585,0.113393785987539,"occ"
"HU_2023","d_gini_share_between",0.0226230680622251,0.00288946605043559,0.0169597146033713,0.0282864215210789,"occ"
"HU_2023","mld_within_nw",0.651247524263969,0.0184600636655234,0.615065799479543,0.687429249048395,"occ"
"HU_2023","mld_between_nw",0.104172665785896,0.00861045577325787,0.0872961724703103,0.121049159101481,"occ"
"HU_2023","mld_within_nwx",0.687478194477123,0.0200418643732319,0.648196140305588,0.726760248648657,"occ"
"HU_2023","mld_between_nwx",0.0966983377366386,0.00882915746639704,0.0793931891025005,0.114003486370777,"occ"
"HU_2023","d_mld_within",-0.0362306702131536,0.00835866213828338,-0.052613648004189,-0.0198476924221182,"occ"
"HU_2023","d_mld_between",0.00747432804925703,0.0023074133700706,0.00295179784391866,0.0119968582545954,"occ"
"HU_2023","mld_wtkept_nw",0.955427010984202,0.00338466921594294,0.948793059320954,0.96206096264745,"occ"
"HU_2023","mld_wtkept_nwx",0.884668269107946,0.00522805435667136,0.87442128256887,0.894915255647022,"occ"
"HU_2023","mld_ngrp_nw",3,0,3,3,"occ"
"HU_2023","mld_ngrp_nwx",3,0,3,3,"occ"
"HU_2023","I_nw",0.612029033939134,0.0219272105054291,0.569051701348493,0.655006366529775,"occ"
"HU_2023","I_nwx",0.548307691519645,0.0225825994353271,0.504045796626404,0.592569586412887,"occ"
"HU_2023","d_I",0.0637213424194887,0.0100954892707748,0.0439341834487701,0.0835085013902074,"occ"
"HU_2023","n_valid",6190,2567.65064192931,1157.40474181855,11222.5952581814,"occ"
"HU_2023","pct_valid",0.887455197132616,0.368121955832159,0.165936163701584,1.60897423056365,"occ"
"LT_2023","cv2_total_nw",12.978261197538,5.39973937968348,2.39477201335841,23.5617503817177,"occ"
"LT_2023","cv2_within_nw",12.8599514785782,5.3458948764468,2.38199752074244,23.3379054364139,"occ"
"LT_2023","cv2_between_nw",0.118309718959871,0.0728512959319614,-0.0244788210667739,0.261098258986515,"occ"
"LT_2023","cv2_total_nwx",20.7145736640283,8.11852474764133,4.80226515865126,36.6268821694053,"occ"
"LT_2023","cv2_within_nwx",20.5592456118033,8.05851338605323,4.76455937513899,36.3539318484677,"occ"
"LT_2023","cv2_between_nwx",0.155328052224949,0.0964733699722914,-0.0337597529207421,0.34441585737064,"occ"
"LT_2023","d_cv2_within",-7.69929413322515,2.91804143876019,-13.4186553531951,-1.97993291325519,"occ"
"LT_2023","d_cv2_between",-0.0370183332650785,0.0333083055948889,-0.102302612231061,0.0282659457009037,"occ"
"LT_2023","cv2_share_between_nw",0.00911824457225997,0.00850055998359415,-0.00754285299558457,0.0257793421401045,"occ"
"LT_2023","cv2_share_between_nwx",0.00749306680041231,0.00961597289223975,-0.0113542400683776,0.0263403736692022,"occ"
"LT_2023","d_cv2_share_between",0.00162517777184766,0.00308807320114798,-0.00442744570240238,0.0076778012460977,"occ"
"LT_2023","var_total_nw",204509019523.236,144949205576.968,-79591423407.6218,488609462454.094,"occ"
"LT_2023","var_within_nw",202644728508.155,143101559540.498,-77834328191.2205,483123785207.531,"occ"
"LT_2023","var_between_nw",1864291015.08092,2065095315.51982,-2183295803.33793,5911877833.49977,"occ"
"LT_2023","var_total_nwx",199963929579.589,146064248410.943,-86321997305.8589,486249856465.037,"occ"
"LT_2023","var_within_nwx",198463660738.075,144382343990.375,-84525733483.0607,481453054959.211,"occ"
"LT_2023","var_between_nwx",1500268841.51413,1894112081.43987,-2212190838.10802,5212728521.13628,"occ"
"LT_2023","var_share_between_nw",0.00911824457225997,0.00850055998359415,-0.00754285299558457,0.0257793421401045,"occ"
"LT_2023","var_share_between_nwx",0.00749306680041231,0.00961597289223975,-0.0113542400683776,0.0263403736692022,"occ"
"LT_2023","d_var_share_between",0.00162517777184766,0.00308807320114798,-0.00442744570240238,0.0076778012460977,"occ"
"LT_2023","gini_total_nw",0.580719980618442,0.047939021739006,0.486759498009991,0.674680463226894,"occ"
"LT_2023","gini_within_nw",0.542422314082715,0.0354620250592387,0.472916744966607,0.611927883198823,"occ"
"LT_2023","gini_between_nw",0.0382976665357278,0.0221423373986322,-0.00510131476559142,0.081696647837047,"occ"
"LT_2023","gini_total_nwx",0.797152364545797,0.0405224065005828,0.717728447804655,0.87657628128694,"occ"
"LT_2023","gini_within_nwx",0.759329124318499,0.034003427215111,0.692682406976881,0.825975841660116,"occ"
"LT_2023","gini_between_nwx",0.0378232402272986,0.0237980349780756,-0.00882090832972965,0.0844673887843268,"occ"
"LT_2023","d_gini_within",-0.216906810235784,0.0406073552304173,-0.296497226487402,-0.137316393984166,"occ"
"LT_2023","d_gini_between",0.000474426308429199,0.00438434698962936,-0.00811889379124434,0.00906774640810274,"occ"
"LT_2023","gini_share_between_nw",0.0658875564708386,0.0318558389689165,0.00345011209176226,0.128325000849915,"occ"
"LT_2023","gini_share_between_nwx",0.0474229011097514,0.0275084917795757,-0.00649374277821688,0.10133954499772,"occ"
"LT_2023","d_gini_share_between",0.0184646553610872,0.00825548075135044,0.00228391308844031,0.034645397633734,"occ"
"LT_2023","mld_within_nw",0.654091932087692,0.0858730812879645,0.485780692763281,0.822403171412102,"occ"
"LT_2023","mld_between_nw",0.059402855090518,0.0411332300277632,-0.0212182757638978,0.140023985944934,"occ"
"LT_2023","mld_within_nwx",0.745213216950046,0.0994350877954057,0.550320444871051,0.940105989029041,"occ"
"LT_2023","mld_between_nwx",0.0591365537798632,0.049498180905836,-0.0378798807955753,0.156152988355302,"occ"
"LT_2023","d_mld_within",-0.0911212848623545,0.017338979556485,-0.125105684793065,-0.057136884931644,"occ"
"LT_2023","d_mld_between",0.000266301310654851,0.00975371785607331,-0.0188509856872488,0.0193835883085585,"occ"
"LT_2023","mld_wtkept_nw",0.992815023437908,0.00190356221700674,0.989084041492575,0.996546005383241,"occ"
"LT_2023","mld_wtkept_nwx",0.884266533363701,0.0106282535312691,0.863435156442414,0.905097910284989,"occ"
"LT_2023","mld_ngrp_nw",3,0,3,3,"occ"
"LT_2023","mld_ngrp_nwx",3,0,3,3,"occ"
"LT_2023","I_nw",0.422537878309193,0.0647897954924401,0.295549879144011,0.549525877474376,"occ"
"LT_2023","I_nwx",0.368841939101125,0.063707761356251,0.243974726842873,0.493709151359377,"occ"
"LT_2023","d_I",0.0536959392080686,0.0390899365199317,-0.0229203363709975,0.130312214787135,"occ"
"LT_2023","n_valid",1648,460.176407478697,746.054241341753,2549.94575865825,"occ"
"LT_2023","pct_valid",0.973995271867612,0.271971872032327,0.440930402684252,1.50706014105097,"occ"
"LU_2023","cv2_total_nw",5.69826337612249,2.65746564438787,0.489630713122272,10.9068960391227,"occ"
"LU_2023","cv2_within_nw",5.64067422270721,2.64905087322665,0.448534511182979,10.8328139342314,"occ"
"LU_2023","cv2_between_nw",0.0575891534152774,0.0235061239122429,0.0115171505472813,0.103661156283273,"occ"
"LU_2023","cv2_total_nwx",10.4891998721896,5.09848169921052,0.496175741737039,20.4822240026423,"occ"
"LU_2023","cv2_within_nwx",10.3704857257828,5.03185748856551,0.508045048194449,20.2329264033712,"occ"
"LU_2023","cv2_between_nwx",0.11871414640681,0.126460591906319,-0.129148613729575,0.366576906543195,"occ"
"LU_2023","d_cv2_within",-4.72981150307563,3.37479405208001,-11.3444078451525,1.8847848390012,"occ"
"LU_2023","d_cv2_between",-0.0611249929915326,0.124093398943244,-0.304348054920291,0.182098068937226,"occ"
"LU_2023","cv2_share_between_nw",0.0101016499822246,0.00643596062771092,-0.00251283284808877,0.022716132812538,"occ"
"LU_2023","cv2_share_between_nwx",0.0113293687277147,0.008544653645826,-0.00541815241810423,0.0280768898735337,"occ"
"LU_2023","d_cv2_share_between",-0.00122771874549009,0.0065069532766086,-0.0139813471676429,0.0115259096766628,"occ"
"LU_2023","var_total_nw",5647834902609.79,3881707741436.17,-1960312270605.09,13255982075824.7,"occ"
"LU_2023","var_within_nw",5590784478455.95,3857920415676.05,-1970739536269.11,13152308493181,"occ"
"LU_2023","var_between_nw",57050424153.8425,35903646477.2049,-13320722941.4791,127421571249.164,"occ"
"LU_2023","var_total_nwx",6172296118155.8,3945226788904.34,-1560348388096.7,13904940624408.3,"occ"
"LU_2023","var_within_nwx",6102374853656.07,3915676782409.04,-1572351639865.65,13777101347177.8,"occ"
"LU_2023","var_between_nwx",69921264499.7325,55672706099.3556,-39197239455.0045,179039768454.469,"occ"
"LU_2023","var_share_between_nw",0.0101016499822246,0.00643596062771092,-0.00251283284808877,0.022716132812538,"occ"
"LU_2023","var_share_between_nwx",0.0113293687277147,0.008544653645826,-0.00541815241810423,0.0280768898735337,"occ"
"LU_2023","d_var_share_between",-0.00122771874549009,0.0065069532766086,-0.0139813471676429,0.0115259096766628,"occ"
"LU_2023","gini_total_nw",0.659690000458887,0.0237046997039741,0.613228789039098,0.706151211878677,"occ"
"LU_2023","gini_within_nw",0.638773001050976,0.020456820283023,0.598677633296251,0.678868368805701,"occ"
"LU_2023","gini_between_nw",0.0209169994079116,0.00951800404894639,0.00226171147197668,0.0395722873438465,"occ"
"LU_2023","gini_total_nwx",0.885123934384089,0.102759638090084,0.683715043727524,1.08653282504065,"occ"
"LU_2023","gini_within_nwx",0.87023012610556,0.0830448110018116,0.707462296542009,1.03299795566911,"occ"
"LU_2023","gini_between_nwx",0.0148938082785294,0.0113315973446526,-0.00731612251698973,0.0371037390740486,"occ"
"LU_2023","d_gini_within",-0.231457125054584,0.083376362108412,-0.394874794787071,-0.0680394553220965,"occ"
"LU_2023","d_gini_between",0.00602319112938219,0.00604027090544173,-0.0058157398452836,0.017862122104048,"occ"
"LU_2023","gini_share_between_nw",0.0317056905869062,0.0135861310052001,0.00507687381671399,0.0583345073570984,"occ"
"LU_2023","gini_share_between_nwx",0.0168357400060654,0.0135925444351478,-0.00980564708682432,0.043477127098955,"occ"
"LU_2023","d_gini_share_between",0.0148699505808408,0.00810277281102815,-0.00101148412877436,0.030751385290456,"occ"
"LU_2023","mld_within_nw",1.0375631507991,0.0811660041973817,0.878477782572234,1.19664851902597,"occ"
"LU_2023","mld_between_nw",0.0359687260999922,0.0180375684832452,0.000615091872831562,0.0713223603271528,"occ"
"LU_2023","mld_within_nwx",1.04412059807141,0.0877281208657861,0.872173481174473,1.21606771496835,"occ"
"LU_2023","mld_between_nwx",0.0386224374096836,0.0196156695109884,0.00017572516814636,0.0770691496512209,"occ"
"LU_2023","d_mld_within",-0.00655744727231138,0.019211701331673,-0.0442123818823904,0.0310974873377677,"occ"
"LU_2023","d_mld_between",-0.00265371130969145,0.00609479407349369,-0.0145995076937391,0.00929208507435619,"occ"
"LU_2023","mld_wtkept_nw",0.961179418138676,0.00872532757974161,0.944077776082382,0.978281060194969,"occ"
"LU_2023","mld_wtkept_nwx",0.908341796000165,0.0126753743944876,0.88349806218697,0.933185529813361,"occ"
"LU_2023","mld_ngrp_nw",3,0,3,3,"occ"
"LU_2023","mld_ngrp_nwx",3,0,3,3,"occ"
"LU_2023","I_nw",0.271073557449636,0.137961003139332,0.000669991296545491,0.541477123602727,"occ"
"LU_2023","I_nwx",0.241697837069963,0.127668005795967,-0.00853145429013186,0.491927128430057,"occ"
"LU_2023","d_I",0.0293757203796737,0.070938808299079,-0.109664343886521,0.168415784645869,"occ"
"LU_2023","n_valid",2901.6,1065.78511000384,812.661184392466,4990.53881560753,"occ"
"LU_2023","pct_valid",0.785277493944682,0.288440056322469,0.219934983552643,1.35062000433672,"occ"
"LV_2023","cv2_total_nw",7.51627167694633,1.66674880162458,4.24944402576216,10.7830993281305,"occ"
"LV_2023","cv2_within_nw",7.44126392746889,1.69620972374468,4.11669286892932,10.7658349860085,"occ"
"LV_2023","cv2_between_nw",0.0750077494774369,0.0914813840522361,-0.104295763264946,0.25431126221982,"occ"
"LV_2023","cv2_total_nwx",8.83693152325948,1.888276261443,5.1359100508312,12.5379529956878,"occ"
"LV_2023","cv2_within_nwx",8.77281033613323,1.91850495888556,5.01254061671754,12.5330800555489,"occ"
"LV_2023","cv2_between_nwx",0.0641211871262465,0.0933195171850177,-0.118785066556388,0.247027440808881,"occ"
"LV_2023","d_cv2_within",-1.33154640866434,0.419190286345455,-2.15315936990143,-0.509933447427246,"occ"
"LV_2023","d_cv2_between",0.0108865623511904,0.0150711104609695,-0.0186528141523099,0.0404259388546906,"occ"
"LV_2023","cv2_share_between_nw",0.00998603503328311,0.0174383455949707,-0.0241931223328595,0.0441651923994258,"occ"
"LV_2023","cv2_share_between_nwx",0.00726653567587861,0.0143148888090449,-0.0207906463898494,0.0353237177416066,"occ"
"LV_2023","d_cv2_share_between",0.0027194993574045,0.0041799695306045,-0.00547324092258031,0.0109122396373893,"occ"
"LV_2023","var_total_nw",76717817335.7112,36174374486.2691,5816043342.62372,147619591328.799,"occ"
"LV_2023","var_within_nw",75946364415.0639,35898844894.7704,5584628421.31386,146308100408.814,"occ"
"LV_2023","var_between_nw",771452920.647359,935919648.102653,-1062949589.63384,2605855430.92856,"occ"
"LV_2023","var_total_nwx",76442450743.1906,36161622651.2653,5565670346.71074,147319231139.671,"occ"
"LV_2023","var_within_nwx",75882497204.7233,35819634501.6902,5676013581.41042,146088980828.036,"occ"
"LV_2023","var_between_nwx",559953538.467371,916657367.231772,-1236694901.3069,2356601978.24164,"occ"
"LV_2023","var_share_between_nw",0.00998603503328311,0.0174383455949707,-0.0241931223328595,0.0441651923994258,"occ"
"LV_2023","var_share_between_nwx",0.00726653567587861,0.0143148888090449,-0.0207906463898494,0.0353237177416066,"occ"
"LV_2023","d_var_share_between",0.0027194993574045,0.0041799695306045,-0.00547324092258031,0.0109122396373893,"occ"
"LV_2023","gini_total_nw",0.688260823902617,0.044050403482943,0.601922033076049,0.774599614729185,"occ"
"LV_2023","gini_within_nw",0.650919892132827,0.0489875094730878,0.554904373565575,0.746935410700079,"occ"
"LV_2023","gini_between_nw",0.0373409317697896,0.0220978070793162,-0.00597077010567024,0.0806526336452494,"occ"
"LV_2023","gini_total_nwx",0.749171770269795,0.0423644359701707,0.666137475768261,0.83220606477133,"occ"
"LV_2023","gini_within_nwx",0.712890003749898,0.0467890508512623,0.621183464081423,0.804596543418372,"occ"
"LV_2023","gini_between_nwx",0.0362817665198977,0.0226414445564244,-0.0080954648106942,0.0806589978504896,"occ"
"LV_2023","d_gini_within",-0.0619701116170703,0.0191850461773319,-0.0995728021246409,-0.0243674211094997,"occ"
"LV_2023","d_gini_between",0.00105916524989189,0.00363394518110358,-0.00606336730507112,0.00818169780485491,"occ"
"LV_2023","gini_share_between_nw",0.0542429374505074,0.0326235412000004,-0.00969920330149326,0.118185078202508,"occ"
"LV_2023","gini_share_between_nwx",0.0484227066951301,0.0302638130157122,-0.0108943668156657,0.107739780205926,"occ"
"LV_2023","d_gini_share_between",0.00582023075537731,0.00638881174952561,-0.00670184027369287,0.0183423017844475,"occ"
"LV_2023","mld_within_nw",1.11461738978986,0.163810639997145,0.793548535395452,1.43568624418426,"occ"
"LV_2023","mld_between_nw",0.0458298802562742,0.0409713373025503,-0.0344739408567243,0.126133701369273,"occ"
"LV_2023","mld_within_nwx",1.1211469797406,0.167802231765614,0.792254605479993,1.4500393540012,"occ"
"LV_2023","mld_between_nwx",0.0439110221383998,0.0413979935450511,-0.0372290452099004,0.1250510894867,"occ"
"LV_2023","d_mld_within",-0.0065295899507408,0.0221191478155473,-0.0498831196692135,0.0368239397677319,"occ"
"LV_2023","d_mld_between",0.00191885811787437,0.00839654821890827,-0.0145383763911858,0.0183760926269346,"occ"
"LV_2023","mld_wtkept_nw",0.958718482384197,0.00954478682214053,0.940010700212801,0.977426264555592,"occ"
"LV_2023","mld_wtkept_nwx",0.925659515207581,0.0124307924858792,0.901295161935257,0.950023868479904,"occ"
"LV_2023","mld_ngrp_nw",3,0,3,3,"occ"
"LV_2023","mld_ngrp_nwx",3,0,3,3,"occ"
"LV_2023","I_nw",0.431321879519516,0.066155610746705,0.301656882455974,0.560986876583058,"occ"
"LV_2023","I_nwx",0.376892242771081,0.0695519240480691,0.240570471636866,0.513214013905297,"occ"
"LV_2023","d_I",0.0544296367484344,0.0189728490356353,0.0172428526385891,0.0916164208582797,"occ"
"LV_2023","n_valid",1184,0.409878030638384,1183.19663905995,1184.80336094005,"occ"
"LV_2023","pct_valid",0.973684210526316,0.00033707074888026,0.973023551858511,0.974344869194121,"occ"
"MT_2023","cv2_total_nw",1.18696762088921,0.178464756483067,0.837176698182396,1.53675854359602,"occ"
"MT_2023","cv2_within_nw",1.13273084664302,0.151067881982357,0.836637797957603,1.42882389532844,"occ"
"MT_2023","cv2_between_nw",0.0542367742461834,0.0273998824287193,0.000533004685893637,0.107940543806473,"occ"
"MT_2023","cv2_total_nwx",2.11231550594835,0.472818820056967,1.18559061863669,3.03904039326,"occ"
"MT_2023","cv2_within_nwx",2.05202386608591,0.433915491618425,1.20154950251379,2.90249822965802,"occ"
"MT_2023","cv2_between_nwx",0.0602916398624416,0.0389051896592948,-0.0159625318697762,0.136545811594659,"occ"
"MT_2023","d_cv2_within",-0.919293019442884,0.282854936315552,-1.47368869462137,-0.364897344264402,"occ"
"MT_2023","d_cv2_between",-0.00605486561625824,0.0115056759798065,-0.0286059905366789,0.0164962593041625,"occ"
"MT_2023","cv2_share_between_nw",0.045693558351282,0.0190834624615387,0.00828997192666614,0.0830971447758979,"occ"
"MT_2023","cv2_share_between_nwx",0.0285429140167074,0.0154986090395434,-0.00183435970079772,0.0589201877342126,"occ"
"MT_2023","d_cv2_share_between",0.0171506443345746,0.00358566636574355,0.0101227382577172,0.0241785504114319,"occ"
"MT_2023","var_total_nw",317610940754.251,4904579304.36681,307997965317.692,327223916190.81,"occ"
"MT_2023","var_within_nw",303098166699.891,1555397809.92955,300049586992.429,306146746407.353,"occ"
"MT_2023","var_between_nw",14512774054.3599,6189993596.76741,2380386604.6958,26645161504.0241,"occ"
"MT_2023","var_total_nwx",338795237333.115,8533352252.69578,322069866917.831,355520607748.399,"occ"
"MT_2023","var_within_nwx",329125034004.646,3236331442.49917,322781824377.347,335468243631.944,"occ"
"MT_2023","var_between_nwx",9670203328.46909,5361678648.76839,-838686823.116964,20179093480.0551,"occ"
"MT_2023","var_share_between_nw",0.045693558351282,0.0190834624615387,0.00828997192666614,0.0830971447758979,"occ"
"MT_2023","var_share_between_nwx",0.0285429140167074,0.0154986090395435,-0.00183435970079773,0.0589201877342126,"occ"
"MT_2023","d_var_share_between",0.0171506443345746,0.00358566636574354,0.0101227382577172,0.0241785504114319,"occ"
"MT_2023","gini_total_nw",0.515595002896074,0.0463746967877652,0.424700597192054,0.606489408600093,"occ"
"MT_2023","gini_within_nw",0.49476611911273,0.0380846117189818,0.420120280143526,0.569411958081935,"occ"
"MT_2023","gini_between_nw",0.0208288837833431,0.0082904981982906,0.00457950731469351,0.0370782602519926,"occ"
"MT_2023","gini_total_nwx",0.684650050412227,0.0890935657250531,0.510026661591123,0.859273439233331,"occ"
"MT_2023","gini_within_nwx",0.659958546165202,0.0761699714369009,0.510665402148876,0.809251690181528,"occ"
"MT_2023","gini_between_nwx",0.0246915042470253,0.0129239390933953,-0.000639416376029583,0.0500224248700801,"occ"
"MT_2023","d_gini_within",-0.165192427052472,0.0380862614578483,-0.239841499509854,-0.090543354595089,"occ"
"MT_2023","d_gini_between",-0.00386262046368219,0.00463359749554291,-0.0129444715549463,0.00521923062758192,"occ"
"MT_2023","gini_share_between_nw",0.040397761162052,0.0136762023407498,0.0135924045741823,0.0672031177499217,"occ"
"MT_2023","gini_share_between_nwx",0.0360644160212338,0.0163056141761204,0.00410541223603777,0.0680234198064298,"occ"
"MT_2023","d_gini_share_between",0.00433334514081818,0.00263036771079254,-0.000822175572335199,0.00948886585397156,"occ"
"MT_2023","mld_within_nw",0.764656532967134,0.141946553427215,0.486441288249792,1.04287177768448,"occ"
"MT_2023","mld_between_nw",0.0294972790072495,0.0151349999745916,-0.000167320942950019,0.0591618789574491,"occ"
"MT_2023","mld_within_nwx",0.768016854263422,0.123383803493712,0.526184599415747,1.0098491091111,"occ"
"MT_2023","mld_between_nwx",0.0248763508610331,0.0136805649853389,-0.00193755651023112,0.0516902582322973,"occ"
"MT_2023","d_mld_within",-0.00336032129628816,0.0185641718435323,-0.0397460981096114,0.0330254555170351,"occ"
"MT_2023","d_mld_between",0.00462092814621645,0.00145477919457368,0.00176956092485204,0.00747229536758087,"occ"
"MT_2023","mld_wtkept_nw",0.999483430436591,0.0013223646689774,0.996891595685395,1.00207526518779,"occ"
"MT_2023","mld_wtkept_nwx",0.913593070497624,0.016547007154859,0.8811609364741,0.946025204521147,"occ"
"MT_2023","mld_ngrp_nw",3,0,3,3,"occ"
"MT_2023","mld_ngrp_nwx",3,0,3,3,"occ"
"MT_2023","I_nw",0.44566107342234,0.0604565298760339,0.327166274865313,0.564155871979366,"occ"
"MT_2023","I_nwx",0.387538558424065,0.0728746583822475,0.24470422799486,0.53037288885327,"occ"
"MT_2023","d_I",0.0581225149982749,0.0124332223936066,0.0337533991068059,0.0824916308897439,"occ"
"MT_2023","n_valid",924,0,924,924,"occ"
"MT_2023","pct_valid",0.903225806451613,0,0.903225806451613,0.903225806451613,"occ"
"NL_2023","cv2_total_nw",2.90319277966573,0.406980049614416,2.10551188242147,3.70087367690998,"occ"
"NL_2023","cv2_within_nw",2.85857094002074,0.406224553053824,2.06237081603525,3.65477106400624,"occ"
"NL_2023","cv2_between_nw",0.044621839644984,0.0141140997063245,0.016958204220588,0.07228547506938,"occ"
"NL_2023","cv2_total_nwx",3.25113116785285,0.563121414049615,2.1474131963156,4.35484913939009,"occ"
"NL_2023","cv2_within_nwx",3.20248729169342,0.560444865127016,2.10401535604447,4.30095922734237,"occ"
"NL_2023","cv2_between_nwx",0.0486438761594305,0.0167088878523373,0.0158944559688493,0.0813932963500117,"occ"
"NL_2023","d_cv2_within",-0.343916351672676,0.293740906197498,-0.919648527819771,0.231815824474419,"occ"
"NL_2023","d_cv2_between",-0.00402203651444651,0.00642388051833479,-0.0166128423303827,0.00856876930148967,"occ"
"NL_2023","cv2_share_between_nw",0.0153721972050721,0.00532720122299888,0.00493088280799435,0.0258135116021499,"occ"
"NL_2023","cv2_share_between_nwx",0.0149728982747667,0.00548742010116092,0.00421755487649134,0.0257282416730422,"occ"
"NL_2023","d_cv2_share_between",0.000399298930305403,0.00135408569675434,-0.00225470903533311,0.00305330689594391,"occ"
"NL_2023","var_total_nw",232580558390.361,44379989005.9337,145595779938.731,319565336841.991,"occ"
"NL_2023","var_within_nw",229006304014.086,44100674706.7376,142568981588.88,315443626439.292,"occ"
"NL_2023","var_between_nw",3574254376.27474,1188756630.99024,1244291379.53387,5904217373.0156,"occ"
"NL_2023","var_total_nwx",216391982643.136,44173707869.9844,129811515217.966,302972450068.305,"occ"
"NL_2023","var_within_nwx",213153677145.656,43912781354.2108,127084625691.403,299222728599.909,"occ"
"NL_2023","var_between_nwx",3238305497.47953,1134642657.46313,1014405888.8518,5462205106.10727,"occ"
"NL_2023","var_share_between_nw",0.0153721972050721,0.00532720122299888,0.00493088280799435,0.0258135116021499,"occ"
"NL_2023","var_share_between_nwx",0.0149728982747667,0.00548742010116092,0.00421755487649133,0.0257282416730422,"occ"
"NL_2023","d_var_share_between",0.000399298930305403,0.00135408569675434,-0.00225470903533311,0.00305330689594391,"occ"
"NL_2023","gini_total_nw",0.625438597527345,0.0117064764219492,0.602493903740325,0.648383291314365,"occ"
"NL_2023","gini_within_nw",0.609551159219963,0.0121322575855197,0.585771934352344,0.633330384087581,"occ"
"NL_2023","gini_between_nw",0.0158874383073825,0.00465103267610848,0.00677141426220989,0.0250034623525551,"occ"
"NL_2023","gini_total_nwx",0.669169382841399,0.0263779527552859,0.617468595441038,0.720870170241759,"occ"
"NL_2023","gini_within_nwx",0.653586710390934,0.0263050973859076,0.602028719514555,0.705144701267312,"occ"
"NL_2023","gini_between_nwx",0.0155826724504651,0.00473107425692011,0.00630976690690173,0.0248555779940286,"occ"
"NL_2023","d_gini_within",-0.044035551170971,0.0239445169156187,-0.0909668043255837,0.00289570198364161,"occ"
"NL_2023","d_gini_between",0.000304765856917366,0.000873925059589643,-0.00140812725987833,0.00201765897371307,"occ"
"NL_2023","gini_share_between_nw",0.0254043542376679,0.00738559385847004,0.0109285902750666,0.0398801182002691,"occ"
"NL_2023","gini_share_between_nwx",0.0232923683803375,0.00702471691198942,0.0095239232328382,0.0370608135278367,"occ"
"NL_2023","d_gini_share_between",0.0021119858573304,0.00133427563140166,-0.000503194380216861,0.00472716609487766,"occ"
"NL_2023","mld_within_nw",0.974781332113162,0.0395420225007072,0.897278968011776,1.05228369621455,"occ"
"NL_2023","mld_between_nw",0.0263958640974833,0.00948907781338499,0.00779727158324874,0.0449944566117179,"occ"
"NL_2023","mld_within_nwx",0.970398137484126,0.0408523843637309,0.890327464131213,1.05046881083704,"occ"
"NL_2023","mld_between_nwx",0.0239959681036842,0.00946546720977895,0.00544365237251745,0.0425482838348509,"occ"
"NL_2023","d_mld_within",0.00438319462903618,0.00887914353338354,-0.0130199266963956,0.0217863159544679,"occ"
"NL_2023","d_mld_between",0.00239989599379913,0.0018292480796745,-0.00118543024236288,0.00598522222996115,"occ"
"NL_2023","mld_wtkept_nw",0.945077890925807,0.00734610332680278,0.930679528405273,0.95947625344634,"occ"
"NL_2023","mld_wtkept_nwx",0.9199031006282,0.00883953173570596,0.902577618426216,0.937228582830183,"occ"
"NL_2023","mld_ngrp_nw",3,0,3,3,"occ"
"NL_2023","mld_ngrp_nwx",3,0,3,3,"occ"
"NL_2023","I_nw",0.420263487957881,0.0535136065519961,0.315376819115969,0.525150156799794,"occ"
"NL_2023","I_nwx",0.41142088557765,0.0534012213614541,0.3067544917092,0.5160872794461,"occ"
"NL_2023","d_I",0.00884260238023162,0.014059162998433,-0.0187133570966971,0.0363985618571604,"occ"
"NL_2023","n_valid",1762,0.774596669241483,1760.48179052829,1763.51820947171,"occ"
"NL_2023","pct_valid",0.699761696705826,9.23604538214701e-05,0.699580670216336,0.699942723195316,"occ"
"PT_2023","cv2_total_nw",4.81645574566921,0.855349505664692,3.13997071456641,6.49294077677201,"occ"
"PT_2023","cv2_within_nw",4.52312255646719,0.841680865887835,2.87342805932704,6.17281705360735,"occ"
"PT_2023","cv2_between_nw",0.293333189202016,0.0288742826909561,0.236739595127742,0.34992678327629,"occ"
"PT_2023","cv2_total_nwx",8.98600073109346,2.08816658022642,4.89319423384968,13.0788072283372,"occ"
"PT_2023","cv2_within_nwx",8.68206184108089,2.0870490839056,4.59144563662591,12.7726780455359,"occ"
"PT_2023","cv2_between_nwx",0.303938890012573,0.0390807509473466,0.227340618155773,0.380537161869372,"occ"
"PT_2023","d_cv2_within",-4.15893928461369,1.85979684679576,-7.80414110433339,-0.513737464894,"occ"
"PT_2023","d_cv2_between",-0.0106057008105562,0.0220852708063649,-0.0538928315910314,0.0326814299699189,"occ"
"PT_2023","cv2_share_between_nw",0.0610332132925935,0.00966250074378918,0.0420947118347667,0.0799717147504203,"occ"
"PT_2023","cv2_share_between_nwx",0.0340915396481849,0.00844342674613928,0.0175424232257519,0.0506406560706179,"occ"
"PT_2023","d_cv2_share_between",0.0269416736444085,0.0109375362236453,0.0055041026460637,0.0483792446427534,"occ"
"PT_2023","var_total_nw",428721900918.583,121979852957.92,189641389121.059,667802412716.107,"occ"
"PT_2023","var_within_nw",402598872976.472,117545141186.261,172210396251.4,632987349701.544,"occ"
"PT_2023","var_between_nw",26123027942.1112,5601420671.5112,15144243425.9493,37101812458.2731,"occ"
"PT_2023","var_total_nwx",476163502754.384,145283116087.191,191408595223.49,760918410285.278,"occ"
"PT_2023","var_within_nwx",460035434391.066,143159315014.249,179443176963.138,740627691818.993,"occ"
"PT_2023","var_between_nwx",16128068363.3179,4148660751.81847,7996693289.75371,24259443436.8821,"occ"
"PT_2023","var_share_between_nw",0.0610332132925935,0.00966250074378918,0.0420947118347667,0.0799717147504203,"occ"
"PT_2023","var_share_between_nwx",0.0340915396481849,0.00844342674613928,0.0175424232257519,0.0506406560706179,"occ"
"PT_2023","d_var_share_between",0.0269416736444085,0.0109375362236453,0.0055041026460637,0.0483792446427534,"occ"
"PT_2023","gini_total_nw",0.645959469362598,0.00897604407431998,0.628366422976931,0.663552515748265,"occ"
"PT_2023","gini_within_nw",0.557351052858301,0.00735214813143959,0.542940842520679,0.571761263195922,"occ"
"PT_2023","gini_between_nw",0.0886084165042975,0.00838166589831534,0.0721803513435995,0.105036481664996,"occ"
"PT_2023","gini_total_nwx",0.863617511970957,0.0387979495760012,0.787573530801995,0.93966149313992,"occ"
"PT_2023","gini_within_nwx",0.763276260413316,0.0335700248940146,0.697479011621048,0.829073509205585,"occ"
"PT_2023","gini_between_nwx",0.100341251557641,0.0118947535178555,0.0770275346626443,0.123654968452638,"occ"
"PT_2023","d_gini_within",-0.205925207555016,0.0335436820296835,-0.271670824333195,-0.140179590776836,"occ"
"PT_2023","d_gini_between",-0.0117328350533436,0.00716080418334058,-0.0257680112526911,0.00230234114600396,"occ"
"PT_2023","gini_share_between_nw",0.137167013706259,0.0117806708537841,0.114076898832843,0.160257128579676,"occ"
"PT_2023","gini_share_between_nwx",0.116161696477616,0.0115300205992851,0.0935628561030175,0.138760536852215,"occ"
"PT_2023","d_gini_share_between",0.0210053172286432,0.00454834067393661,0.0120905695077274,0.0299200649495589,"occ"
"PT_2023","mld_within_nw",1.0134938547036,0.0262062298170747,0.962129644262129,1.06485806514506,"occ"
"PT_2023","mld_between_nw",0.141593738809811,0.0153175603167248,0.11157132058903,0.171616157030592,"occ"
"PT_2023","mld_within_nwx",1.04417443489953,0.0277250299764946,0.989833376145602,1.09851549365346,"occ"
"PT_2023","mld_between_nwx",0.134519921046892,0.0163008846111172,0.102570187209102,0.166469654884681,"occ"
"PT_2023","d_mld_within",-0.0306805801959359,0.00861595223369084,-0.04756784657397,-0.0137933138179019,"occ"
"PT_2023","d_mld_between",0.00707381776291927,0.00387350918234917,-0.000518260234485098,0.0146658957603236,"occ"
"PT_2023","mld_wtkept_nw",0.96177083523038,0.00291722406162233,0.956053076069601,0.96748859439116,"occ"
"PT_2023","mld_wtkept_nwx",0.882903895472733,0.00435222845710697,0.874373527696803,0.891434263248662,"occ"
"PT_2023","mld_ngrp_nw",3,0,3,3,"occ"
"PT_2023","mld_ngrp_nwx",3,0,3,3,"occ"
"PT_2023","I_nw",0.591543435278625,0.0228360768530012,0.546784724646742,0.636302145910507,"occ"
"PT_2023","I_nwx",0.519976490266754,0.0241488355955863,0.472644772499404,0.567308208034103,"occ"
"PT_2023","d_I",0.071566945011871,0.014937817626037,0.0422888224648384,0.100845067558904,"occ"
"PT_2023","n_valid",5281.2,1961.84759367286,1435.97871640119,9126.42128359881,"occ"
"PT_2023","pct_valid",0.967252747252747,0.359312746093931,0.262999764908643,1.67150572959685,"occ"
"SI_2023","cv2_total_nw",3.58709099605123,0.823365754838939,1.97329411656691,5.20088787553555,"occ"
"SI_2023","cv2_within_nw",3.4783315564591,0.806737024854959,1.89712698774338,5.05953612517482,"occ"
"SI_2023","cv2_between_nw",0.108759439592123,0.0295677486841535,0.0508066521711826,0.166712227013064,"occ"
"SI_2023","cv2_total_nwx",88.544139310416,1428.55844635803,-2711.43041555133,2888.51869417216,"occ"
"SI_2023","cv2_within_nwx",87.1640050739379,1412.98677146366,-2682.29006699483,2856.61807714271,"occ"
"SI_2023","cv2_between_nwx",1.3801342364781,15.612047210468,-29.2194782960391,31.9797467689953,"occ"
"SI_2023","d_cv2_within",-83.6856735174788,1412.99465706444,-2853.15520136377,2685.78385432882,"occ"
"SI_2023","d_cv2_between",-1.27137479688597,15.6119134449368,-31.8707251489621,29.3279755551902,"occ"
"SI_2023","cv2_share_between_nw",0.0305093298061585,0.0067453588011823,0.0172884265558412,0.0437302330564758,"occ"
"SI_2023","cv2_share_between_nwx",0.0156945703169785,0.00531866861073352,0.00526997983994083,0.0261191607940162,"occ"
"SI_2023","d_cv2_share_between",0.01481475948918,0.00695977438002054,0.00117360170433975,0.0284559172740203,"occ"
"SI_2023","var_total_nw",204083512043.314,73533260110.8645,59958322226.0197,348208701860.609,"occ"
"SI_2023","var_within_nw",197912718689.733,71671681828.7281,57436222305.4255,338389215074.04,"occ"
"SI_2023","var_between_nw",6170793353.58156,2429857335.85815,1408272975.29958,10933313731.8635,"occ"
"SI_2023","var_total_nwx",342043981379.628,82499408424.5789,180345140867.454,503742821891.803,"occ"
"SI_2023","var_within_nwx",336704477546.976,80816981583.9853,178303193642.365,495105761451.587,"occ"
"SI_2023","var_between_nwx",5339503832.65239,2728253804.6729,-7873624.50648117,10686881289.8113,"occ"
"SI_2023","var_share_between_nw",0.0305093298061585,0.0067453588011823,0.0172884265558412,0.0437302330564758,"occ"
"SI_2023","var_share_between_nwx",0.0156945703169785,0.00531866861073352,0.00526997983994083,0.0261191607940162,"occ"
"SI_2023","d_var_share_between",0.01481475948918,0.00695977438002054,0.00117360170433975,0.0284559172740203,"occ"
"SI_2023","gini_total_nw",0.559599385415054,0.0198912321694671,0.520612570362899,0.59858620046721,"occ"
"SI_2023","gini_within_nw",0.522975027856296,0.0165814909693073,0.490475305556453,0.555474750156138,"occ"
"SI_2023","gini_between_nw",0.0366243575587588,0.00790012692427175,0.0211401087871862,0.0521086063303314,"occ"
"SI_2023","gini_total_nwx",3.33402297832177,2.22657343694027,-1.03006095808117,7.6981069147247,"occ"
"SI_2023","gini_within_nwx",2.75829053675875,0.477867519084182,1.82167019935375,3.69491087416375,"occ"
"SI_2023","gini_between_nwx",0.0783868366367807,0.0236340829703582,0.0320640340148786,0.124709639258683,"occ"
"SI_2023","d_gini_within",-2.23497306434545,0.486801038321813,-3.1891030994562,-1.2808430292347,"occ"
"SI_2023","d_gini_between",-0.042858044921658,0.0207604426621528,-0.0835485125394775,-0.00216757730383849,"occ"
"SI_2023","gini_share_between_nw",0.0654385329047085,0.0124191325049079,0.041097033195089,0.089780032614328,"occ"
"SI_2023","gini_share_between_nwx",0.0275549152604238,0.00645475374906237,0.0149035979122615,0.040206232608586,"occ"
"SI_2023","d_gini_share_between",0.0360611418325913,0.005945131160486,0.0244086847580388,0.0477135989071439,"occ"
"SI_2023","mld_within_nw",0.768083714807976,0.0434395709225738,0.682942155799731,0.85322527381622,"occ"
"SI_2023","mld_between_nw",0.0545031791164813,0.0137258194597918,0.0276005729752895,0.0814057852576732,"occ"
"SI_2023","mld_within_nwx",0.892926493867188,0.0579106680000851,0.779421584587021,1.00643140314735,"occ"
"SI_2023","mld_between_nwx",0.0708650768763946,0.0214332632865493,0.028855880834758,0.112874272918031,"occ"
"SI_2023","d_mld_within",-0.124842779059212,0.0218830957499855,-0.167733646729184,-0.0819519113892404,"occ"
"SI_2023","d_mld_between",-0.0163618977599133,0.00883673893076006,-0.033681906064203,0.000958110544376389,"occ"
"SI_2023","mld_wtkept_nw",0.974719103819493,0.00418686181454986,0.966512854662975,0.982925352976011,"occ"
"SI_2023","mld_wtkept_nwx",0.75492403198529,0.0149046952456312,0.725710829303853,0.784137234666728,"occ"
"SI_2023","mld_ngrp_nw",3,0,3,3,"occ"
"SI_2023","mld_ngrp_nwx",3,0,3,3,"occ"
"SI_2023","I_nw",0.497961331272098,0.0346194867407162,0.430107137260294,0.565815525283901,"occ"
"SI_2023","I_nwx",0.288207529726415,0.0368875666462037,0.215907899099856,0.360507160352974,"occ"
"SI_2023","d_I",0.209753801545682,0.03735791028009,0.136532297396706,0.282975305694659,"occ"
"SI_2023","n_valid",1855,0,1855,1855,"occ"
"SI_2023","pct_valid",0.935451336359052,0,0.935451336359052,0.935451336359052,"occ"
"SK_2023","cv2_total_nw",1.84968962196858,0.399104686873148,1.06744443569721,2.63193480823995,"occ"
"SK_2023","cv2_within_nw",1.75373302854562,0.391529221510141,0.986335754385738,2.52113030270549,"occ"
"SK_2023","cv2_between_nw",0.0959565934229649,0.0194857530355493,0.0577645174732883,0.134148669372641,"occ"
"SK_2023","cv2_total_nwx",4.322400061654,0.853749899179373,2.64905025926243,5.99574986404557,"occ"
"SK_2023","cv2_within_nwx",4.17273215033522,0.84008977993388,2.52615618166482,5.81930811900563,"occ"
"SK_2023","cv2_between_nwx",0.14966791131878,0.0381902198207939,0.0748150804700243,0.224520742167537,"occ"
"SK_2023","d_cv2_within",-2.41899912178961,0.533568598644802,-3.46479357513342,-1.37320466844579,"occ"
"SK_2023","d_cv2_between",-0.0537113178958156,0.0257262866866364,-0.104134839801623,-0.00328779599000826,"occ"
"SK_2023","cv2_share_between_nw",0.0518557173216694,0.0122010067806911,0.0279417440315148,0.075769690611824,"occ"
"SK_2023","cv2_share_between_nwx",0.0345814037780679,0.00933750832305508,0.0162798874648799,0.0528829200912558,"occ"
"SK_2023","d_cv2_share_between",0.0172743135436016,0.00824574078487113,0.00111266160525413,0.033435965481949,"occ"
"SK_2023","var_total_nw",53344675560.4961,13281448621.3852,27313036262.5811,79376314858.4112,"occ"
"SK_2023","var_within_nw",50577174077.1765,12894913992.1476,25303142652.5672,75851205501.7858,"occ"
"SK_2023","var_between_nw",2767501483.3196,693347491.056202,1408540400.84944,4126462565.78975,"occ"
"SK_2023","var_total_nwx",62460562264.8506,13876168219.7417,35263272554.1567,89657851975.5444,"occ"
"SK_2023","var_within_nwx",60297404042.7614,13532304398.3544,33774087421.9868,86820720663.536,"occ"
"SK_2023","var_between_nwx",2163158222.08916,653659341.905295,881985911.954784,3444330532.22354,"occ"
"SK_2023","var_share_between_nw",0.0518557173216694,0.0122010067806911,0.0279417440315148,0.0757696906118241,"occ"
"SK_2023","var_share_between_nwx",0.0345814037780679,0.00933750832305508,0.0162798874648799,0.0528829200912558,"occ"
"SK_2023","d_var_share_between",0.0172743135436016,0.00824574078487113,0.00111266160525414,0.033435965481949,"occ"
"SK_2023","gini_total_nw",0.470887716297183,0.0136121319075833,0.44420793775832,0.497567494836047,"occ"
"SK_2023","gini_within_nw",0.434864553339586,0.0100624529396147,0.415142145577941,0.45458696110123,"occ"
"SK_2023","gini_between_nw",0.0360231629575977,0.00700058962035221,0.0223020073017074,0.0497443186134881,"occ"
"SK_2023","gini_total_nwx",0.76580685980354,0.0367758133984201,0.693726265542636,0.837887454064443,"occ"
"SK_2023","gini_within_nwx",0.725064737612988,0.0357549237672426,0.654985087029192,0.795144388196783,"occ"
"SK_2023","gini_between_nwx",0.0407421221905521,0.00864329691836484,0.023801260230557,0.0576829841505472,"occ"
"SK_2023","d_gini_within",-0.290200184273402,0.0351188781749916,-0.359033185496386,-0.221367183050419,"occ"
"SK_2023","d_gini_between",-0.00471895923295433,0.00332966528322722,-0.0112451031880797,0.00180718472217101,"occ"
"SK_2023","gini_share_between_nw",0.0764757451710504,0.0133519601156188,0.0503059033444376,0.102645586997663,"occ"
"SK_2023","gini_share_between_nwx",0.0531743330233466,0.0109763896695695,0.0316606092709903,0.0746880567757029,"occ"
"SK_2023","d_gini_share_between",0.0233014121477038,0.00572669830153922,0.012077083476687,0.0345257408187207,"occ"
"SK_2023","mld_within_nw",0.450730385079086,0.0256201582054312,0.400514874996441,0.500945895161731,"occ"
"SK_2023","mld_between_nw",0.0478502953721189,0.00982963754665518,0.0285842057806747,0.067116384963563,"occ"
"SK_2023","mld_within_nwx",0.557277037461091,0.0341796950667473,0.490284835130266,0.624269239791916,"occ"
"SK_2023","mld_between_nwx",0.0523987664329291,0.011873760859423,0.02912619514846,0.0756713377173981,"occ"
"SK_2023","d_mld_within",-0.106546652382005,0.0181275204104306,-0.142076592386449,-0.0710167123775611,"occ"
"SK_2023","d_mld_between",-0.0045484710608102,0.00430736274583114,-0.0129909020426392,0.00389395992101883,"occ"
"SK_2023","mld_wtkept_nw",0.984338157027376,0.00364012851786736,0.977203505132356,0.991472808922396,"occ"
"SK_2023","mld_wtkept_nwx",0.849875980868147,0.0109991776330561,0.828317592707357,0.871434369028937,"occ"
"SK_2023","mld_ngrp_nw",3,0,3,3,"occ"
"SK_2023","mld_ngrp_nwx",3,0,3,3,"occ"
"SK_2023","I_nw",0.481905116327738,0.0591604817149044,0.365950572166525,0.59785966048895,"occ"
"SK_2023","I_nwx",0.370225099671755,0.0560991436194938,0.260270778177547,0.480179421165963,"occ"
"SK_2023","d_I",0.111680016655983,0.0424070228354785,0.0285622518984452,0.194797781413521,"occ"
"SK_2023","n_valid",2097,778.469939689388,571.198918208799,3622.8010817912,"occ"
"SK_2023","pct_valid",0.98589562764457,0.36599432989628,0.26854674104786,1.70324451424128,"occ"
"AT_2023","cv2_total_nw",NA,NA,NA,NA,"pared"
"AT_2023","cv2_within_nw",NA,NA,NA,NA,"pared"
"AT_2023","cv2_between_nw",NA,NA,NA,NA,"pared"
"AT_2023","cv2_total_nwx",NA,NA,NA,NA,"pared"
"AT_2023","cv2_within_nwx",NA,NA,NA,NA,"pared"
"AT_2023","cv2_between_nwx",NA,NA,NA,NA,"pared"
"AT_2023","d_cv2_within",NA,NA,NA,NA,"pared"
"AT_2023","d_cv2_between",NA,NA,NA,NA,"pared"
"AT_2023","cv2_share_between_nw",NA,NA,NA,NA,"pared"
"AT_2023","cv2_share_between_nwx",NA,NA,NA,NA,"pared"
"AT_2023","d_cv2_share_between",NA,NA,NA,NA,"pared"
"AT_2023","var_total_nw",NA,NA,NA,NA,"pared"
"AT_2023","var_within_nw",NA,NA,NA,NA,"pared"
"AT_2023","var_between_nw",NA,NA,NA,NA,"pared"
"AT_2023","var_total_nwx",NA,NA,NA,NA,"pared"
"AT_2023","var_within_nwx",NA,NA,NA,NA,"pared"
"AT_2023","var_between_nwx",NA,NA,NA,NA,"pared"
"AT_2023","var_share_between_nw",NA,NA,NA,NA,"pared"
"AT_2023","var_share_between_nwx",NA,NA,NA,NA,"pared"
"AT_2023","d_var_share_between",NA,NA,NA,NA,"pared"
"AT_2023","gini_total_nw",NA,NA,NA,NA,"pared"
"AT_2023","gini_within_nw",NA,NA,NA,NA,"pared"
"AT_2023","gini_between_nw",NA,NA,NA,NA,"pared"
"AT_2023","gini_total_nwx",NA,NA,NA,NA,"pared"
"AT_2023","gini_within_nwx",NA,NA,NA,NA,"pared"
"AT_2023","gini_between_nwx",NA,NA,NA,NA,"pared"
"AT_2023","d_gini_within",NA,NA,NA,NA,"pared"
"AT_2023","d_gini_between",NA,NA,NA,NA,"pared"
"AT_2023","gini_share_between_nw",NA,NA,NA,NA,"pared"
"AT_2023","gini_share_between_nwx",NA,NA,NA,NA,"pared"
"AT_2023","d_gini_share_between",NA,NA,NA,NA,"pared"
"AT_2023","mld_within_nw",NA,NA,NA,NA,"pared"
"AT_2023","mld_between_nw",NA,NA,NA,NA,"pared"
"AT_2023","mld_within_nwx",NA,NA,NA,NA,"pared"
"AT_2023","mld_between_nwx",NA,NA,NA,NA,"pared"
"AT_2023","d_mld_within",NA,NA,NA,NA,"pared"
"AT_2023","d_mld_between",NA,NA,NA,NA,"pared"
"AT_2023","mld_wtkept_nw",NA,NA,NA,NA,"pared"
"AT_2023","mld_wtkept_nwx",NA,NA,NA,NA,"pared"
"AT_2023","mld_ngrp_nw",NA,NA,NA,NA,"pared"
"AT_2023","mld_ngrp_nwx",NA,NA,NA,NA,"pared"
"AT_2023","I_nw",NA,NA,NA,NA,"pared"
"AT_2023","I_nwx",NA,NA,NA,NA,"pared"
"AT_2023","d_I",NA,NA,NA,NA,"pared"
"AT_2023","n_valid",NA,NA,NA,NA,"pared"
"AT_2023","pct_valid",NA,NA,NA,NA,"pared"
"BE_2023","cv2_total_nw",NA,NA,NA,NA,"pared"
"BE_2023","cv2_within_nw",NA,NA,NA,NA,"pared"
"BE_2023","cv2_between_nw",NA,NA,NA,NA,"pared"
"BE_2023","cv2_total_nwx",NA,NA,NA,NA,"pared"
"BE_2023","cv2_within_nwx",NA,NA,NA,NA,"pared"
"BE_2023","cv2_between_nwx",NA,NA,NA,NA,"pared"
"BE_2023","d_cv2_within",NA,NA,NA,NA,"pared"
"BE_2023","d_cv2_between",NA,NA,NA,NA,"pared"
"BE_2023","cv2_share_between_nw",NA,NA,NA,NA,"pared"
"BE_2023","cv2_share_between_nwx",NA,NA,NA,NA,"pared"
"BE_2023","d_cv2_share_between",NA,NA,NA,NA,"pared"
"BE_2023","var_total_nw",NA,NA,NA,NA,"pared"
"BE_2023","var_within_nw",NA,NA,NA,NA,"pared"
"BE_2023","var_between_nw",NA,NA,NA,NA,"pared"
"BE_2023","var_total_nwx",NA,NA,NA,NA,"pared"
"BE_2023","var_within_nwx",NA,NA,NA,NA,"pared"
"BE_2023","var_between_nwx",NA,NA,NA,NA,"pared"
"BE_2023","var_share_between_nw",NA,NA,NA,NA,"pared"
"BE_2023","var_share_between_nwx",NA,NA,NA,NA,"pared"
"BE_2023","d_var_share_between",NA,NA,NA,NA,"pared"
"BE_2023","gini_total_nw",NA,NA,NA,NA,"pared"
"BE_2023","gini_within_nw",NA,NA,NA,NA,"pared"
"BE_2023","gini_between_nw",NA,NA,NA,NA,"pared"
"BE_2023","gini_total_nwx",NA,NA,NA,NA,"pared"
"BE_2023","gini_within_nwx",NA,NA,NA,NA,"pared"
"BE_2023","gini_between_nwx",NA,NA,NA,NA,"pared"
"BE_2023","d_gini_within",NA,NA,NA,NA,"pared"
"BE_2023","d_gini_between",NA,NA,NA,NA,"pared"
"BE_2023","gini_share_between_nw",NA,NA,NA,NA,"pared"
"BE_2023","gini_share_between_nwx",NA,NA,NA,NA,"pared"
"BE_2023","d_gini_share_between",NA,NA,NA,NA,"pared"
"BE_2023","mld_within_nw",NA,NA,NA,NA,"pared"
"BE_2023","mld_between_nw",NA,NA,NA,NA,"pared"
"BE_2023","mld_within_nwx",NA,NA,NA,NA,"pared"
"BE_2023","mld_between_nwx",NA,NA,NA,NA,"pared"
"BE_2023","d_mld_within",NA,NA,NA,NA,"pared"
"BE_2023","d_mld_between",NA,NA,NA,NA,"pared"
"BE_2023","mld_wtkept_nw",NA,NA,NA,NA,"pared"
"BE_2023","mld_wtkept_nwx",NA,NA,NA,NA,"pared"
"BE_2023","mld_ngrp_nw",NA,NA,NA,NA,"pared"
"BE_2023","mld_ngrp_nwx",NA,NA,NA,NA,"pared"
"BE_2023","I_nw",NA,NA,NA,NA,"pared"
"BE_2023","I_nwx",NA,NA,NA,NA,"pared"
"BE_2023","d_I",NA,NA,NA,NA,"pared"
"BE_2023","n_valid",NA,NA,NA,NA,"pared"
"BE_2023","pct_valid",NA,NA,NA,NA,"pared"
"CY_2023","cv2_total_nw",2.22482146536576,0.375348575501888,1.48913825738206,2.96050467334946,"pared"
"CY_2023","cv2_within_nw",2.18550529103886,0.376935282142632,1.4467121380393,2.92429844403842,"pared"
"CY_2023","cv2_between_nw",0.0393161743268966,0.0287057168551186,-0.0169470307091358,0.095579379362929,"pared"
"CY_2023","cv2_total_nwx",4.32857528856202,0.787191549938253,2.78567985068304,5.87147072644099,"pared"
"CY_2023","cv2_within_nwx",4.31018352721516,0.793177793899038,2.75555505117305,5.86481200325728,"pared"
"CY_2023","cv2_between_nwx",0.0183917613468526,0.0332612514726808,-0.0468002915396017,0.083583814233307,"pared"
"CY_2023","d_cv2_within",-2.1246782361763,0.577463405593661,-3.25650651113988,-0.992849961212728,"pared"
"CY_2023","d_cv2_between",0.020924412980044,0.0263447437381882,-0.0307112847468048,0.0725601107068929,"pared"
"CY_2023","cv2_share_between_nw",0.0179127221463397,0.0136181835447562,-0.00877891760138259,0.0446043618940619,"pared"
"CY_2023","cv2_share_between_nwx",0.00429188533563127,0.00837702157319707,-0.012127076947835,0.0207108476190975,"pared"
"CY_2023","d_cv2_share_between",0.0136208368107084,0.0108115742470913,-0.00756984871359062,0.0348115223350074,"pared"
"CY_2023","var_total_nw",340743702186.157,79462822717.2408,184996569660.365,496490834711.949,"pared"
"CY_2023","var_within_nw",334744744965.905,79013024074.775,179879217779.346,489610272152.464,"pared"
"CY_2023","var_between_nw",5998957220.25158,4620492433.01467,-3057207948.45717,15055122388.9603,"pared"
"CY_2023","var_total_nwx",329176120304.148,78241070346.9698,175823622424.087,482528618184.209,"pared"
"CY_2023","var_within_nwx",327784679141.888,78281466681.6151,174353004445.923,481216353837.854,"pared"
"CY_2023","var_between_nwx",1391441162.25998,2655187650.7091,-3812726633.12985,6595608957.64981,"pared"
"CY_2023","var_share_between_nw",0.0179127221463397,0.0136181835447562,-0.00877891760138259,0.0446043618940619,"pared"
"CY_2023","var_share_between_nwx",0.00429188533563127,0.00837702157319707,-0.012127076947835,0.0207108476190975,"pared"
"CY_2023","d_var_share_between",0.0136208368107084,0.0108115742470913,-0.00756984871359062,0.0348115223350074,"pared"
"CY_2023","gini_total_nw",0.603762262698835,0.016913866264133,0.570611084821134,0.636913440576536,"pared"
"CY_2023","gini_within_nw",0.594383220366859,0.017738251118186,0.559616248175214,0.629150192558503,"pared"
"CY_2023","gini_between_nw",0.00937904233197624,0.00667572675945565,-0.00370538211655684,0.0224634667805093,"pared"
"CY_2023","gini_total_nwx",0.86375585398666,0.0517615514041372,0.762303213234551,0.965208494738769,"pared"
"CY_2023","gini_within_nwx",0.854473508356003,0.0495724015390486,0.757311601339468,0.951635415372539,"pared"
"CY_2023","gini_between_nwx",0.00928234563065651,0.00860460273918796,-0.00758267573815189,0.0261473669994649,"pared"
"CY_2023","d_gini_within",-0.260090287989145,0.0483220757980015,-0.354801556553228,-0.165379019425062,"pared"
"CY_2023","d_gini_between",9.66967013197317e-05,0.00395413435881434,-0.00765340664195637,0.00784680004459583,"pared"
"CY_2023","gini_share_between_nw",0.0155388894095274,0.0110168115584618,-0.0060540612450577,0.0371318400641125,"pared"
"CY_2023","gini_share_between_nwx",0.0107440096039122,0.00955838895749322,-0.00799043275277451,0.0294784519605989,"pared"
"CY_2023","d_gini_share_between",0.00479487980561519,0.00449118260761901,-0.00400783810531807,0.0135975977165485,"pared"
"CY_2023","mld_within_nw",0.97287272331457,0.0619661593474882,0.851419050993493,1.09432639563565,"pared"
"CY_2023","mld_between_nw",0.0121361753808323,0.00823011996386194,-0.00399485974833706,0.0282672105100017,"pared"
"CY_2023","mld_within_nwx",1.04454317475906,0.0687639090024111,0.909765913114334,1.17932043640379,"pared"
"CY_2023","mld_between_nwx",0.00911186730262554,0.00789079588550887,-0.00635409263297184,0.0245778272382229,"pared"
"CY_2023","d_mld_within",-0.0716704514444896,0.0219550621699729,-0.114702373297637,-0.0286385295913426,"pared"
"CY_2023","d_mld_between",0.00302430807820679,0.002881041394342,-0.00262253305470352,0.0086711492111171,"pared"
"CY_2023","mld_wtkept_nw",0.958164091971585,0.00940523968586577,0.939729822187288,0.976598361755882,"pared"
"CY_2023","mld_wtkept_nwx",0.842121850264764,0.0154017206127568,0.811934477863761,0.872309222665768,"pared"
"CY_2023","mld_ngrp_nw",2,0,2,2,"pared"
"CY_2023","mld_ngrp_nwx",2,0,2,2,"pared"
"CY_2023","I_nw",0.26928728317648,0.0755021911748311,0.121302988473811,0.417271577879149,"pared"
"CY_2023","I_nwx",0.14428709352409,0.088133215801343,-0.0284540094465422,0.317028196494722,"pared"
"CY_2023","d_I",0.12500018965239,0.0729451485097813,-0.0179723014267812,0.267972680731562,"pared"
"CY_2023","n_valid",1237.8,458.319005715451,339.494748797715,2136.10525120228,"pared"
"CY_2023","pct_valid",0.985666505950719,0.364961551995014,0.270341864040491,1.70099114786095,"pared"
"DE_2023","cv2_total_nw",NA,NA,NA,NA,"pared"
"DE_2023","cv2_within_nw",NA,NA,NA,NA,"pared"
"DE_2023","cv2_between_nw",NA,NA,NA,NA,"pared"
"DE_2023","cv2_total_nwx",NA,NA,NA,NA,"pared"
"DE_2023","cv2_within_nwx",NA,NA,NA,NA,"pared"
"DE_2023","cv2_between_nwx",NA,NA,NA,NA,"pared"
"DE_2023","d_cv2_within",NA,NA,NA,NA,"pared"
"DE_2023","d_cv2_between",NA,NA,NA,NA,"pared"
"DE_2023","cv2_share_between_nw",NA,NA,NA,NA,"pared"
"DE_2023","cv2_share_between_nwx",NA,NA,NA,NA,"pared"
"DE_2023","d_cv2_share_between",NA,NA,NA,NA,"pared"
"DE_2023","var_total_nw",NA,NA,NA,NA,"pared"
"DE_2023","var_within_nw",NA,NA,NA,NA,"pared"
"DE_2023","var_between_nw",NA,NA,NA,NA,"pared"
"DE_2023","var_total_nwx",NA,NA,NA,NA,"pared"
"DE_2023","var_within_nwx",NA,NA,NA,NA,"pared"
"DE_2023","var_between_nwx",NA,NA,NA,NA,"pared"
"DE_2023","var_share_between_nw",NA,NA,NA,NA,"pared"
"DE_2023","var_share_between_nwx",NA,NA,NA,NA,"pared"
"DE_2023","d_var_share_between",NA,NA,NA,NA,"pared"
"DE_2023","gini_total_nw",NA,NA,NA,NA,"pared"
"DE_2023","gini_within_nw",NA,NA,NA,NA,"pared"
"DE_2023","gini_between_nw",NA,NA,NA,NA,"pared"
"DE_2023","gini_total_nwx",NA,NA,NA,NA,"pared"
"DE_2023","gini_within_nwx",NA,NA,NA,NA,"pared"
"DE_2023","gini_between_nwx",NA,NA,NA,NA,"pared"
"DE_2023","d_gini_within",NA,NA,NA,NA,"pared"
"DE_2023","d_gini_between",NA,NA,NA,NA,"pared"
"DE_2023","gini_share_between_nw",NA,NA,NA,NA,"pared"
"DE_2023","gini_share_between_nwx",NA,NA,NA,NA,"pared"
"DE_2023","d_gini_share_between",NA,NA,NA,NA,"pared"
"DE_2023","mld_within_nw",NA,NA,NA,NA,"pared"
"DE_2023","mld_between_nw",NA,NA,NA,NA,"pared"
"DE_2023","mld_within_nwx",NA,NA,NA,NA,"pared"
"DE_2023","mld_between_nwx",NA,NA,NA,NA,"pared"
"DE_2023","d_mld_within",NA,NA,NA,NA,"pared"
"DE_2023","d_mld_between",NA,NA,NA,NA,"pared"
"DE_2023","mld_wtkept_nw",NA,NA,NA,NA,"pared"
"DE_2023","mld_wtkept_nwx",NA,NA,NA,NA,"pared"
"DE_2023","mld_ngrp_nw",NA,NA,NA,NA,"pared"
"DE_2023","mld_ngrp_nwx",NA,NA,NA,NA,"pared"
"DE_2023","I_nw",NA,NA,NA,NA,"pared"
"DE_2023","I_nwx",NA,NA,NA,NA,"pared"
"DE_2023","d_I",NA,NA,NA,NA,"pared"
"DE_2023","n_valid",NA,NA,NA,NA,"pared"
"DE_2023","pct_valid",NA,NA,NA,NA,"pared"
"EE_2023","cv2_total_nw",NA,NA,NA,NA,"pared"
"EE_2023","cv2_within_nw",NA,NA,NA,NA,"pared"
"EE_2023","cv2_between_nw",NA,NA,NA,NA,"pared"
"EE_2023","cv2_total_nwx",NA,NA,NA,NA,"pared"
"EE_2023","cv2_within_nwx",NA,NA,NA,NA,"pared"
"EE_2023","cv2_between_nwx",NA,NA,NA,NA,"pared"
"EE_2023","d_cv2_within",NA,NA,NA,NA,"pared"
"EE_2023","d_cv2_between",NA,NA,NA,NA,"pared"
"EE_2023","cv2_share_between_nw",NA,NA,NA,NA,"pared"
"EE_2023","cv2_share_between_nwx",NA,NA,NA,NA,"pared"
"EE_2023","d_cv2_share_between",NA,NA,NA,NA,"pared"
"EE_2023","var_total_nw",NA,NA,NA,NA,"pared"
"EE_2023","var_within_nw",NA,NA,NA,NA,"pared"
"EE_2023","var_between_nw",NA,NA,NA,NA,"pared"
"EE_2023","var_total_nwx",NA,NA,NA,NA,"pared"
"EE_2023","var_within_nwx",NA,NA,NA,NA,"pared"
"EE_2023","var_between_nwx",NA,NA,NA,NA,"pared"
"EE_2023","var_share_between_nw",NA,NA,NA,NA,"pared"
"EE_2023","var_share_between_nwx",NA,NA,NA,NA,"pared"
"EE_2023","d_var_share_between",NA,NA,NA,NA,"pared"
"EE_2023","gini_total_nw",NA,NA,NA,NA,"pared"
"EE_2023","gini_within_nw",NA,NA,NA,NA,"pared"
"EE_2023","gini_between_nw",NA,NA,NA,NA,"pared"
"EE_2023","gini_total_nwx",NA,NA,NA,NA,"pared"
"EE_2023","gini_within_nwx",NA,NA,NA,NA,"pared"
"EE_2023","gini_between_nwx",NA,NA,NA,NA,"pared"
"EE_2023","d_gini_within",NA,NA,NA,NA,"pared"
"EE_2023","d_gini_between",NA,NA,NA,NA,"pared"
"EE_2023","gini_share_between_nw",NA,NA,NA,NA,"pared"
"EE_2023","gini_share_between_nwx",NA,NA,NA,NA,"pared"
"EE_2023","d_gini_share_between",NA,NA,NA,NA,"pared"
"EE_2023","mld_within_nw",NA,NA,NA,NA,"pared"
"EE_2023","mld_between_nw",NA,NA,NA,NA,"pared"
"EE_2023","mld_within_nwx",NA,NA,NA,NA,"pared"
"EE_2023","mld_between_nwx",NA,NA,NA,NA,"pared"
"EE_2023","d_mld_within",NA,NA,NA,NA,"pared"
"EE_2023","d_mld_between",NA,NA,NA,NA,"pared"
"EE_2023","mld_wtkept_nw",NA,NA,NA,NA,"pared"
"EE_2023","mld_wtkept_nwx",NA,NA,NA,NA,"pared"
"EE_2023","mld_ngrp_nw",NA,NA,NA,NA,"pared"
"EE_2023","mld_ngrp_nwx",NA,NA,NA,NA,"pared"
"EE_2023","I_nw",NA,NA,NA,NA,"pared"
"EE_2023","I_nwx",NA,NA,NA,NA,"pared"
"EE_2023","d_I",NA,NA,NA,NA,"pared"
"EE_2023","n_valid",NA,NA,NA,NA,"pared"
"EE_2023","pct_valid",NA,NA,NA,NA,"pared"
"ES_2023","cv2_total_nw",NA,NA,NA,NA,"pared"
"ES_2023","cv2_within_nw",NA,NA,NA,NA,"pared"
"ES_2023","cv2_between_nw",NA,NA,NA,NA,"pared"
"ES_2023","cv2_total_nwx",NA,NA,NA,NA,"pared"
"ES_2023","cv2_within_nwx",NA,NA,NA,NA,"pared"
"ES_2023","cv2_between_nwx",NA,NA,NA,NA,"pared"
"ES_2023","d_cv2_within",NA,NA,NA,NA,"pared"
"ES_2023","d_cv2_between",NA,NA,NA,NA,"pared"
"ES_2023","cv2_share_between_nw",NA,NA,NA,NA,"pared"
"ES_2023","cv2_share_between_nwx",NA,NA,NA,NA,"pared"
"ES_2023","d_cv2_share_between",NA,NA,NA,NA,"pared"
"ES_2023","var_total_nw",NA,NA,NA,NA,"pared"
"ES_2023","var_within_nw",NA,NA,NA,NA,"pared"
"ES_2023","var_between_nw",NA,NA,NA,NA,"pared"
"ES_2023","var_total_nwx",NA,NA,NA,NA,"pared"
"ES_2023","var_within_nwx",NA,NA,NA,NA,"pared"
"ES_2023","var_between_nwx",NA,NA,NA,NA,"pared"
"ES_2023","var_share_between_nw",NA,NA,NA,NA,"pared"
"ES_2023","var_share_between_nwx",NA,NA,NA,NA,"pared"
"ES_2023","d_var_share_between",NA,NA,NA,NA,"pared"
"ES_2023","gini_total_nw",NA,NA,NA,NA,"pared"
"ES_2023","gini_within_nw",NA,NA,NA,NA,"pared"
"ES_2023","gini_between_nw",NA,NA,NA,NA,"pared"
"ES_2023","gini_total_nwx",NA,NA,NA,NA,"pared"
"ES_2023","gini_within_nwx",NA,NA,NA,NA,"pared"
"ES_2023","gini_between_nwx",NA,NA,NA,NA,"pared"
"ES_2023","d_gini_within",NA,NA,NA,NA,"pared"
"ES_2023","d_gini_between",NA,NA,NA,NA,"pared"
"ES_2023","gini_share_between_nw",NA,NA,NA,NA,"pared"
"ES_2023","gini_share_between_nwx",NA,NA,NA,NA,"pared"
"ES_2023","d_gini_share_between",NA,NA,NA,NA,"pared"
"ES_2023","mld_within_nw",NA,NA,NA,NA,"pared"
"ES_2023","mld_between_nw",NA,NA,NA,NA,"pared"
"ES_2023","mld_within_nwx",NA,NA,NA,NA,"pared"
"ES_2023","mld_between_nwx",NA,NA,NA,NA,"pared"
"ES_2023","d_mld_within",NA,NA,NA,NA,"pared"
"ES_2023","d_mld_between",NA,NA,NA,NA,"pared"
"ES_2023","mld_wtkept_nw",NA,NA,NA,NA,"pared"
"ES_2023","mld_wtkept_nwx",NA,NA,NA,NA,"pared"
"ES_2023","mld_ngrp_nw",NA,NA,NA,NA,"pared"
"ES_2023","mld_ngrp_nwx",NA,NA,NA,NA,"pared"
"ES_2023","I_nw",NA,NA,NA,NA,"pared"
"ES_2023","I_nwx",NA,NA,NA,NA,"pared"
"ES_2023","d_I",NA,NA,NA,NA,"pared"
"ES_2023","n_valid",NA,NA,NA,NA,"pared"
"ES_2023","pct_valid",NA,NA,NA,NA,"pared"
"FR_2023","cv2_total_nw",NA,NA,NA,NA,"pared"
"FR_2023","cv2_within_nw",NA,NA,NA,NA,"pared"
"FR_2023","cv2_between_nw",NA,NA,NA,NA,"pared"
"FR_2023","cv2_total_nwx",NA,NA,NA,NA,"pared"
"FR_2023","cv2_within_nwx",NA,NA,NA,NA,"pared"
"FR_2023","cv2_between_nwx",NA,NA,NA,NA,"pared"
"FR_2023","d_cv2_within",NA,NA,NA,NA,"pared"
"FR_2023","d_cv2_between",NA,NA,NA,NA,"pared"
"FR_2023","cv2_share_between_nw",NA,NA,NA,NA,"pared"
"FR_2023","cv2_share_between_nwx",NA,NA,NA,NA,"pared"
"FR_2023","d_cv2_share_between",NA,NA,NA,NA,"pared"
"FR_2023","var_total_nw",NA,NA,NA,NA,"pared"
"FR_2023","var_within_nw",NA,NA,NA,NA,"pared"
"FR_2023","var_between_nw",NA,NA,NA,NA,"pared"
"FR_2023","var_total_nwx",NA,NA,NA,NA,"pared"
"FR_2023","var_within_nwx",NA,NA,NA,NA,"pared"
"FR_2023","var_between_nwx",NA,NA,NA,NA,"pared"
"FR_2023","var_share_between_nw",NA,NA,NA,NA,"pared"
"FR_2023","var_share_between_nwx",NA,NA,NA,NA,"pared"
"FR_2023","d_var_share_between",NA,NA,NA,NA,"pared"
"FR_2023","gini_total_nw",NA,NA,NA,NA,"pared"
"FR_2023","gini_within_nw",NA,NA,NA,NA,"pared"
"FR_2023","gini_between_nw",NA,NA,NA,NA,"pared"
"FR_2023","gini_total_nwx",NA,NA,NA,NA,"pared"
"FR_2023","gini_within_nwx",NA,NA,NA,NA,"pared"
"FR_2023","gini_between_nwx",NA,NA,NA,NA,"pared"
"FR_2023","d_gini_within",NA,NA,NA,NA,"pared"
"FR_2023","d_gini_between",NA,NA,NA,NA,"pared"
"FR_2023","gini_share_between_nw",NA,NA,NA,NA,"pared"
"FR_2023","gini_share_between_nwx",NA,NA,NA,NA,"pared"
"FR_2023","d_gini_share_between",NA,NA,NA,NA,"pared"
"FR_2023","mld_within_nw",NA,NA,NA,NA,"pared"
"FR_2023","mld_between_nw",NA,NA,NA,NA,"pared"
"FR_2023","mld_within_nwx",NA,NA,NA,NA,"pared"
"FR_2023","mld_between_nwx",NA,NA,NA,NA,"pared"
"FR_2023","d_mld_within",NA,NA,NA,NA,"pared"
"FR_2023","d_mld_between",NA,NA,NA,NA,"pared"
"FR_2023","mld_wtkept_nw",NA,NA,NA,NA,"pared"
"FR_2023","mld_wtkept_nwx",NA,NA,NA,NA,"pared"
"FR_2023","mld_ngrp_nw",NA,NA,NA,NA,"pared"
"FR_2023","mld_ngrp_nwx",NA,NA,NA,NA,"pared"
"FR_2023","I_nw",NA,NA,NA,NA,"pared"
"FR_2023","I_nwx",NA,NA,NA,NA,"pared"
"FR_2023","d_I",NA,NA,NA,NA,"pared"
"FR_2023","n_valid",NA,NA,NA,NA,"pared"
"FR_2023","pct_valid",NA,NA,NA,NA,"pared"
"GR_2023","cv2_total_nw",NA,NA,NA,NA,"pared"
"GR_2023","cv2_within_nw",NA,NA,NA,NA,"pared"
"GR_2023","cv2_between_nw",NA,NA,NA,NA,"pared"
"GR_2023","cv2_total_nwx",NA,NA,NA,NA,"pared"
"GR_2023","cv2_within_nwx",NA,NA,NA,NA,"pared"
"GR_2023","cv2_between_nwx",NA,NA,NA,NA,"pared"
"GR_2023","d_cv2_within",NA,NA,NA,NA,"pared"
"GR_2023","d_cv2_between",NA,NA,NA,NA,"pared"
"GR_2023","cv2_share_between_nw",NA,NA,NA,NA,"pared"
"GR_2023","cv2_share_between_nwx",NA,NA,NA,NA,"pared"
"GR_2023","d_cv2_share_between",NA,NA,NA,NA,"pared"
"GR_2023","var_total_nw",NA,NA,NA,NA,"pared"
"GR_2023","var_within_nw",NA,NA,NA,NA,"pared"
"GR_2023","var_between_nw",NA,NA,NA,NA,"pared"
"GR_2023","var_total_nwx",NA,NA,NA,NA,"pared"
"GR_2023","var_within_nwx",NA,NA,NA,NA,"pared"
"GR_2023","var_between_nwx",NA,NA,NA,NA,"pared"
"GR_2023","var_share_between_nw",NA,NA,NA,NA,"pared"
"GR_2023","var_share_between_nwx",NA,NA,NA,NA,"pared"
"GR_2023","d_var_share_between",NA,NA,NA,NA,"pared"
"GR_2023","gini_total_nw",NA,NA,NA,NA,"pared"
"GR_2023","gini_within_nw",NA,NA,NA,NA,"pared"
"GR_2023","gini_between_nw",NA,NA,NA,NA,"pared"
"GR_2023","gini_total_nwx",NA,NA,NA,NA,"pared"
"GR_2023","gini_within_nwx",NA,NA,NA,NA,"pared"
"GR_2023","gini_between_nwx",NA,NA,NA,NA,"pared"
"GR_2023","d_gini_within",NA,NA,NA,NA,"pared"
"GR_2023","d_gini_between",NA,NA,NA,NA,"pared"
"GR_2023","gini_share_between_nw",NA,NA,NA,NA,"pared"
"GR_2023","gini_share_between_nwx",NA,NA,NA,NA,"pared"
"GR_2023","d_gini_share_between",NA,NA,NA,NA,"pared"
"GR_2023","mld_within_nw",NA,NA,NA,NA,"pared"
"GR_2023","mld_between_nw",NA,NA,NA,NA,"pared"
"GR_2023","mld_within_nwx",NA,NA,NA,NA,"pared"
"GR_2023","mld_between_nwx",NA,NA,NA,NA,"pared"
"GR_2023","d_mld_within",NA,NA,NA,NA,"pared"
"GR_2023","d_mld_between",NA,NA,NA,NA,"pared"
"GR_2023","mld_wtkept_nw",NA,NA,NA,NA,"pared"
"GR_2023","mld_wtkept_nwx",NA,NA,NA,NA,"pared"
"GR_2023","mld_ngrp_nw",NA,NA,NA,NA,"pared"
"GR_2023","mld_ngrp_nwx",NA,NA,NA,NA,"pared"
"GR_2023","I_nw",NA,NA,NA,NA,"pared"
"GR_2023","I_nwx",NA,NA,NA,NA,"pared"
"GR_2023","d_I",NA,NA,NA,NA,"pared"
"GR_2023","n_valid",NA,NA,NA,NA,"pared"
"GR_2023","pct_valid",NA,NA,NA,NA,"pared"
"HR_2023","cv2_total_nw",NA,NA,NA,NA,"pared"
"HR_2023","cv2_within_nw",NA,NA,NA,NA,"pared"
"HR_2023","cv2_between_nw",NA,NA,NA,NA,"pared"
"HR_2023","cv2_total_nwx",NA,NA,NA,NA,"pared"
"HR_2023","cv2_within_nwx",NA,NA,NA,NA,"pared"
"HR_2023","cv2_between_nwx",NA,NA,NA,NA,"pared"
"HR_2023","d_cv2_within",NA,NA,NA,NA,"pared"
"HR_2023","d_cv2_between",NA,NA,NA,NA,"pared"
"HR_2023","cv2_share_between_nw",NA,NA,NA,NA,"pared"
"HR_2023","cv2_share_between_nwx",NA,NA,NA,NA,"pared"
"HR_2023","d_cv2_share_between",NA,NA,NA,NA,"pared"
"HR_2023","var_total_nw",NA,NA,NA,NA,"pared"
"HR_2023","var_within_nw",NA,NA,NA,NA,"pared"
"HR_2023","var_between_nw",NA,NA,NA,NA,"pared"
"HR_2023","var_total_nwx",NA,NA,NA,NA,"pared"
"HR_2023","var_within_nwx",NA,NA,NA,NA,"pared"
"HR_2023","var_between_nwx",NA,NA,NA,NA,"pared"
"HR_2023","var_share_between_nw",NA,NA,NA,NA,"pared"
"HR_2023","var_share_between_nwx",NA,NA,NA,NA,"pared"
"HR_2023","d_var_share_between",NA,NA,NA,NA,"pared"
"HR_2023","gini_total_nw",NA,NA,NA,NA,"pared"
"HR_2023","gini_within_nw",NA,NA,NA,NA,"pared"
"HR_2023","gini_between_nw",NA,NA,NA,NA,"pared"
"HR_2023","gini_total_nwx",NA,NA,NA,NA,"pared"
"HR_2023","gini_within_nwx",NA,NA,NA,NA,"pared"
"HR_2023","gini_between_nwx",NA,NA,NA,NA,"pared"
"HR_2023","d_gini_within",NA,NA,NA,NA,"pared"
"HR_2023","d_gini_between",NA,NA,NA,NA,"pared"
"HR_2023","gini_share_between_nw",NA,NA,NA,NA,"pared"
"HR_2023","gini_share_between_nwx",NA,NA,NA,NA,"pared"
"HR_2023","d_gini_share_between",NA,NA,NA,NA,"pared"
"HR_2023","mld_within_nw",NA,NA,NA,NA,"pared"
"HR_2023","mld_between_nw",NA,NA,NA,NA,"pared"
"HR_2023","mld_within_nwx",NA,NA,NA,NA,"pared"
"HR_2023","mld_between_nwx",NA,NA,NA,NA,"pared"
"HR_2023","d_mld_within",NA,NA,NA,NA,"pared"
"HR_2023","d_mld_between",NA,NA,NA,NA,"pared"
"HR_2023","mld_wtkept_nw",NA,NA,NA,NA,"pared"
"HR_2023","mld_wtkept_nwx",NA,NA,NA,NA,"pared"
"HR_2023","mld_ngrp_nw",NA,NA,NA,NA,"pared"
"HR_2023","mld_ngrp_nwx",NA,NA,NA,NA,"pared"
"HR_2023","I_nw",NA,NA,NA,NA,"pared"
"HR_2023","I_nwx",NA,NA,NA,NA,"pared"
"HR_2023","d_I",NA,NA,NA,NA,"pared"
"HR_2023","n_valid",NA,NA,NA,NA,"pared"
"HR_2023","pct_valid",NA,NA,NA,NA,"pared"
"HU_2023","cv2_total_nw",NA,NA,NA,NA,"pared"
"HU_2023","cv2_within_nw",NA,NA,NA,NA,"pared"
"HU_2023","cv2_between_nw",NA,NA,NA,NA,"pared"
"HU_2023","cv2_total_nwx",NA,NA,NA,NA,"pared"
"HU_2023","cv2_within_nwx",NA,NA,NA,NA,"pared"
"HU_2023","cv2_between_nwx",NA,NA,NA,NA,"pared"
"HU_2023","d_cv2_within",NA,NA,NA,NA,"pared"
"HU_2023","d_cv2_between",NA,NA,NA,NA,"pared"
"HU_2023","cv2_share_between_nw",NA,NA,NA,NA,"pared"
"HU_2023","cv2_share_between_nwx",NA,NA,NA,NA,"pared"
"HU_2023","d_cv2_share_between",NA,NA,NA,NA,"pared"
"HU_2023","var_total_nw",NA,NA,NA,NA,"pared"
"HU_2023","var_within_nw",NA,NA,NA,NA,"pared"
"HU_2023","var_between_nw",NA,NA,NA,NA,"pared"
"HU_2023","var_total_nwx",NA,NA,NA,NA,"pared"
"HU_2023","var_within_nwx",NA,NA,NA,NA,"pared"
"HU_2023","var_between_nwx",NA,NA,NA,NA,"pared"
"HU_2023","var_share_between_nw",NA,NA,NA,NA,"pared"
"HU_2023","var_share_between_nwx",NA,NA,NA,NA,"pared"
"HU_2023","d_var_share_between",NA,NA,NA,NA,"pared"
"HU_2023","gini_total_nw",NA,NA,NA,NA,"pared"
"HU_2023","gini_within_nw",NA,NA,NA,NA,"pared"
"HU_2023","gini_between_nw",NA,NA,NA,NA,"pared"
"HU_2023","gini_total_nwx",NA,NA,NA,NA,"pared"
"HU_2023","gini_within_nwx",NA,NA,NA,NA,"pared"
"HU_2023","gini_between_nwx",NA,NA,NA,NA,"pared"
"HU_2023","d_gini_within",NA,NA,NA,NA,"pared"
"HU_2023","d_gini_between",NA,NA,NA,NA,"pared"
"HU_2023","gini_share_between_nw",NA,NA,NA,NA,"pared"
"HU_2023","gini_share_between_nwx",NA,NA,NA,NA,"pared"
"HU_2023","d_gini_share_between",NA,NA,NA,NA,"pared"
"HU_2023","mld_within_nw",NA,NA,NA,NA,"pared"
"HU_2023","mld_between_nw",NA,NA,NA,NA,"pared"
"HU_2023","mld_within_nwx",NA,NA,NA,NA,"pared"
"HU_2023","mld_between_nwx",NA,NA,NA,NA,"pared"
"HU_2023","d_mld_within",NA,NA,NA,NA,"pared"
"HU_2023","d_mld_between",NA,NA,NA,NA,"pared"
"HU_2023","mld_wtkept_nw",NA,NA,NA,NA,"pared"
"HU_2023","mld_wtkept_nwx",NA,NA,NA,NA,"pared"
"HU_2023","mld_ngrp_nw",NA,NA,NA,NA,"pared"
"HU_2023","mld_ngrp_nwx",NA,NA,NA,NA,"pared"
"HU_2023","I_nw",NA,NA,NA,NA,"pared"
"HU_2023","I_nwx",NA,NA,NA,NA,"pared"
"HU_2023","d_I",NA,NA,NA,NA,"pared"
"HU_2023","n_valid",NA,NA,NA,NA,"pared"
"HU_2023","pct_valid",NA,NA,NA,NA,"pared"
"LT_2023","cv2_total_nw",NA,NA,NA,NA,"pared"
"LT_2023","cv2_within_nw",NA,NA,NA,NA,"pared"
"LT_2023","cv2_between_nw",NA,NA,NA,NA,"pared"
"LT_2023","cv2_total_nwx",NA,NA,NA,NA,"pared"
"LT_2023","cv2_within_nwx",NA,NA,NA,NA,"pared"
"LT_2023","cv2_between_nwx",NA,NA,NA,NA,"pared"
"LT_2023","d_cv2_within",NA,NA,NA,NA,"pared"
"LT_2023","d_cv2_between",NA,NA,NA,NA,"pared"
"LT_2023","cv2_share_between_nw",NA,NA,NA,NA,"pared"
"LT_2023","cv2_share_between_nwx",NA,NA,NA,NA,"pared"
"LT_2023","d_cv2_share_between",NA,NA,NA,NA,"pared"
"LT_2023","var_total_nw",NA,NA,NA,NA,"pared"
"LT_2023","var_within_nw",NA,NA,NA,NA,"pared"
"LT_2023","var_between_nw",NA,NA,NA,NA,"pared"
"LT_2023","var_total_nwx",NA,NA,NA,NA,"pared"
"LT_2023","var_within_nwx",NA,NA,NA,NA,"pared"
"LT_2023","var_between_nwx",NA,NA,NA,NA,"pared"
"LT_2023","var_share_between_nw",NA,NA,NA,NA,"pared"
"LT_2023","var_share_between_nwx",NA,NA,NA,NA,"pared"
"LT_2023","d_var_share_between",NA,NA,NA,NA,"pared"
"LT_2023","gini_total_nw",NA,NA,NA,NA,"pared"
"LT_2023","gini_within_nw",NA,NA,NA,NA,"pared"
"LT_2023","gini_between_nw",NA,NA,NA,NA,"pared"
"LT_2023","gini_total_nwx",NA,NA,NA,NA,"pared"
"LT_2023","gini_within_nwx",NA,NA,NA,NA,"pared"
"LT_2023","gini_between_nwx",NA,NA,NA,NA,"pared"
"LT_2023","d_gini_within",NA,NA,NA,NA,"pared"
"LT_2023","d_gini_between",NA,NA,NA,NA,"pared"
"LT_2023","gini_share_between_nw",NA,NA,NA,NA,"pared"
"LT_2023","gini_share_between_nwx",NA,NA,NA,NA,"pared"
"LT_2023","d_gini_share_between",NA,NA,NA,NA,"pared"
"LT_2023","mld_within_nw",NA,NA,NA,NA,"pared"
"LT_2023","mld_between_nw",NA,NA,NA,NA,"pared"
"LT_2023","mld_within_nwx",NA,NA,NA,NA,"pared"
"LT_2023","mld_between_nwx",NA,NA,NA,NA,"pared"
"LT_2023","d_mld_within",NA,NA,NA,NA,"pared"
"LT_2023","d_mld_between",NA,NA,NA,NA,"pared"
"LT_2023","mld_wtkept_nw",NA,NA,NA,NA,"pared"
"LT_2023","mld_wtkept_nwx",NA,NA,NA,NA,"pared"
"LT_2023","mld_ngrp_nw",NA,NA,NA,NA,"pared"
"LT_2023","mld_ngrp_nwx",NA,NA,NA,NA,"pared"
"LT_2023","I_nw",NA,NA,NA,NA,"pared"
"LT_2023","I_nwx",NA,NA,NA,NA,"pared"
"LT_2023","d_I",NA,NA,NA,NA,"pared"
"LT_2023","n_valid",NA,NA,NA,NA,"pared"
"LT_2023","pct_valid",NA,NA,NA,NA,"pared"
"LU_2023","cv2_total_nw",NA,NA,NA,NA,"pared"
"LU_2023","cv2_within_nw",NA,NA,NA,NA,"pared"
"LU_2023","cv2_between_nw",NA,NA,NA,NA,"pared"
"LU_2023","cv2_total_nwx",NA,NA,NA,NA,"pared"
"LU_2023","cv2_within_nwx",NA,NA,NA,NA,"pared"
"LU_2023","cv2_between_nwx",NA,NA,NA,NA,"pared"
"LU_2023","d_cv2_within",NA,NA,NA,NA,"pared"
"LU_2023","d_cv2_between",NA,NA,NA,NA,"pared"
"LU_2023","cv2_share_between_nw",NA,NA,NA,NA,"pared"
"LU_2023","cv2_share_between_nwx",NA,NA,NA,NA,"pared"
"LU_2023","d_cv2_share_between",NA,NA,NA,NA,"pared"
"LU_2023","var_total_nw",NA,NA,NA,NA,"pared"
"LU_2023","var_within_nw",NA,NA,NA,NA,"pared"
"LU_2023","var_between_nw",NA,NA,NA,NA,"pared"
"LU_2023","var_total_nwx",NA,NA,NA,NA,"pared"
"LU_2023","var_within_nwx",NA,NA,NA,NA,"pared"
"LU_2023","var_between_nwx",NA,NA,NA,NA,"pared"
"LU_2023","var_share_between_nw",NA,NA,NA,NA,"pared"
"LU_2023","var_share_between_nwx",NA,NA,NA,NA,"pared"
"LU_2023","d_var_share_between",NA,NA,NA,NA,"pared"
"LU_2023","gini_total_nw",NA,NA,NA,NA,"pared"
"LU_2023","gini_within_nw",NA,NA,NA,NA,"pared"
"LU_2023","gini_between_nw",NA,NA,NA,NA,"pared"
"LU_2023","gini_total_nwx",NA,NA,NA,NA,"pared"
"LU_2023","gini_within_nwx",NA,NA,NA,NA,"pared"
"LU_2023","gini_between_nwx",NA,NA,NA,NA,"pared"
"LU_2023","d_gini_within",NA,NA,NA,NA,"pared"
"LU_2023","d_gini_between",NA,NA,NA,NA,"pared"
"LU_2023","gini_share_between_nw",NA,NA,NA,NA,"pared"
"LU_2023","gini_share_between_nwx",NA,NA,NA,NA,"pared"
"LU_2023","d_gini_share_between",NA,NA,NA,NA,"pared"
"LU_2023","mld_within_nw",NA,NA,NA,NA,"pared"
"LU_2023","mld_between_nw",NA,NA,NA,NA,"pared"
"LU_2023","mld_within_nwx",NA,NA,NA,NA,"pared"
"LU_2023","mld_between_nwx",NA,NA,NA,NA,"pared"
"LU_2023","d_mld_within",NA,NA,NA,NA,"pared"
"LU_2023","d_mld_between",NA,NA,NA,NA,"pared"
"LU_2023","mld_wtkept_nw",NA,NA,NA,NA,"pared"
"LU_2023","mld_wtkept_nwx",NA,NA,NA,NA,"pared"
"LU_2023","mld_ngrp_nw",NA,NA,NA,NA,"pared"
"LU_2023","mld_ngrp_nwx",NA,NA,NA,NA,"pared"
"LU_2023","I_nw",NA,NA,NA,NA,"pared"
"LU_2023","I_nwx",NA,NA,NA,NA,"pared"
"LU_2023","d_I",NA,NA,NA,NA,"pared"
"LU_2023","n_valid",NA,NA,NA,NA,"pared"
"LU_2023","pct_valid",NA,NA,NA,NA,"pared"
"LV_2023","cv2_total_nw",NA,NA,NA,NA,"pared"
"LV_2023","cv2_within_nw",NA,NA,NA,NA,"pared"
"LV_2023","cv2_between_nw",NA,NA,NA,NA,"pared"
"LV_2023","cv2_total_nwx",NA,NA,NA,NA,"pared"
"LV_2023","cv2_within_nwx",NA,NA,NA,NA,"pared"
"LV_2023","cv2_between_nwx",NA,NA,NA,NA,"pared"
"LV_2023","d_cv2_within",NA,NA,NA,NA,"pared"
"LV_2023","d_cv2_between",NA,NA,NA,NA,"pared"
"LV_2023","cv2_share_between_nw",NA,NA,NA,NA,"pared"
"LV_2023","cv2_share_between_nwx",NA,NA,NA,NA,"pared"
"LV_2023","d_cv2_share_between",NA,NA,NA,NA,"pared"
"LV_2023","var_total_nw",NA,NA,NA,NA,"pared"
"LV_2023","var_within_nw",NA,NA,NA,NA,"pared"
"LV_2023","var_between_nw",NA,NA,NA,NA,"pared"
"LV_2023","var_total_nwx",NA,NA,NA,NA,"pared"
"LV_2023","var_within_nwx",NA,NA,NA,NA,"pared"
"LV_2023","var_between_nwx",NA,NA,NA,NA,"pared"
"LV_2023","var_share_between_nw",NA,NA,NA,NA,"pared"
"LV_2023","var_share_between_nwx",NA,NA,NA,NA,"pared"
"LV_2023","d_var_share_between",NA,NA,NA,NA,"pared"
"LV_2023","gini_total_nw",NA,NA,NA,NA,"pared"
"LV_2023","gini_within_nw",NA,NA,NA,NA,"pared"
"LV_2023","gini_between_nw",NA,NA,NA,NA,"pared"
"LV_2023","gini_total_nwx",NA,NA,NA,NA,"pared"
"LV_2023","gini_within_nwx",NA,NA,NA,NA,"pared"
"LV_2023","gini_between_nwx",NA,NA,NA,NA,"pared"
"LV_2023","d_gini_within",NA,NA,NA,NA,"pared"
"LV_2023","d_gini_between",NA,NA,NA,NA,"pared"
"LV_2023","gini_share_between_nw",NA,NA,NA,NA,"pared"
"LV_2023","gini_share_between_nwx",NA,NA,NA,NA,"pared"
"LV_2023","d_gini_share_between",NA,NA,NA,NA,"pared"
"LV_2023","mld_within_nw",NA,NA,NA,NA,"pared"
"LV_2023","mld_between_nw",NA,NA,NA,NA,"pared"
"LV_2023","mld_within_nwx",NA,NA,NA,NA,"pared"
"LV_2023","mld_between_nwx",NA,NA,NA,NA,"pared"
"LV_2023","d_mld_within",NA,NA,NA,NA,"pared"
"LV_2023","d_mld_between",NA,NA,NA,NA,"pared"
"LV_2023","mld_wtkept_nw",NA,NA,NA,NA,"pared"
"LV_2023","mld_wtkept_nwx",NA,NA,NA,NA,"pared"
"LV_2023","mld_ngrp_nw",NA,NA,NA,NA,"pared"
"LV_2023","mld_ngrp_nwx",NA,NA,NA,NA,"pared"
"LV_2023","I_nw",NA,NA,NA,NA,"pared"
"LV_2023","I_nwx",NA,NA,NA,NA,"pared"
"LV_2023","d_I",NA,NA,NA,NA,"pared"
"LV_2023","n_valid",NA,NA,NA,NA,"pared"
"LV_2023","pct_valid",NA,NA,NA,NA,"pared"
"MT_2023","cv2_total_nw",NA,NA,NA,NA,"pared"
"MT_2023","cv2_within_nw",NA,NA,NA,NA,"pared"
"MT_2023","cv2_between_nw",NA,NA,NA,NA,"pared"
"MT_2023","cv2_total_nwx",NA,NA,NA,NA,"pared"
"MT_2023","cv2_within_nwx",NA,NA,NA,NA,"pared"
"MT_2023","cv2_between_nwx",NA,NA,NA,NA,"pared"
"MT_2023","d_cv2_within",NA,NA,NA,NA,"pared"
"MT_2023","d_cv2_between",NA,NA,NA,NA,"pared"
"MT_2023","cv2_share_between_nw",NA,NA,NA,NA,"pared"
"MT_2023","cv2_share_between_nwx",NA,NA,NA,NA,"pared"
"MT_2023","d_cv2_share_between",NA,NA,NA,NA,"pared"
"MT_2023","var_total_nw",NA,NA,NA,NA,"pared"
"MT_2023","var_within_nw",NA,NA,NA,NA,"pared"
"MT_2023","var_between_nw",NA,NA,NA,NA,"pared"
"MT_2023","var_total_nwx",NA,NA,NA,NA,"pared"
"MT_2023","var_within_nwx",NA,NA,NA,NA,"pared"
"MT_2023","var_between_nwx",NA,NA,NA,NA,"pared"
"MT_2023","var_share_between_nw",NA,NA,NA,NA,"pared"
"MT_2023","var_share_between_nwx",NA,NA,NA,NA,"pared"
"MT_2023","d_var_share_between",NA,NA,NA,NA,"pared"
"MT_2023","gini_total_nw",NA,NA,NA,NA,"pared"
"MT_2023","gini_within_nw",NA,NA,NA,NA,"pared"
"MT_2023","gini_between_nw",NA,NA,NA,NA,"pared"
"MT_2023","gini_total_nwx",NA,NA,NA,NA,"pared"
"MT_2023","gini_within_nwx",NA,NA,NA,NA,"pared"
"MT_2023","gini_between_nwx",NA,NA,NA,NA,"pared"
"MT_2023","d_gini_within",NA,NA,NA,NA,"pared"
"MT_2023","d_gini_between",NA,NA,NA,NA,"pared"
"MT_2023","gini_share_between_nw",NA,NA,NA,NA,"pared"
"MT_2023","gini_share_between_nwx",NA,NA,NA,NA,"pared"
"MT_2023","d_gini_share_between",NA,NA,NA,NA,"pared"
"MT_2023","mld_within_nw",NA,NA,NA,NA,"pared"
"MT_2023","mld_between_nw",NA,NA,NA,NA,"pared"
"MT_2023","mld_within_nwx",NA,NA,NA,NA,"pared"
"MT_2023","mld_between_nwx",NA,NA,NA,NA,"pared"
"MT_2023","d_mld_within",NA,NA,NA,NA,"pared"
"MT_2023","d_mld_between",NA,NA,NA,NA,"pared"
"MT_2023","mld_wtkept_nw",NA,NA,NA,NA,"pared"
"MT_2023","mld_wtkept_nwx",NA,NA,NA,NA,"pared"
"MT_2023","mld_ngrp_nw",NA,NA,NA,NA,"pared"
"MT_2023","mld_ngrp_nwx",NA,NA,NA,NA,"pared"
"MT_2023","I_nw",NA,NA,NA,NA,"pared"
"MT_2023","I_nwx",NA,NA,NA,NA,"pared"
"MT_2023","d_I",NA,NA,NA,NA,"pared"
"MT_2023","n_valid",NA,NA,NA,NA,"pared"
"MT_2023","pct_valid",NA,NA,NA,NA,"pared"
"NL_2023","cv2_total_nw",NA,NA,NA,NA,"pared"
"NL_2023","cv2_within_nw",NA,NA,NA,NA,"pared"
"NL_2023","cv2_between_nw",NA,NA,NA,NA,"pared"
"NL_2023","cv2_total_nwx",NA,NA,NA,NA,"pared"
"NL_2023","cv2_within_nwx",NA,NA,NA,NA,"pared"
"NL_2023","cv2_between_nwx",NA,NA,NA,NA,"pared"
"NL_2023","d_cv2_within",NA,NA,NA,NA,"pared"
"NL_2023","d_cv2_between",NA,NA,NA,NA,"pared"
"NL_2023","cv2_share_between_nw",NA,NA,NA,NA,"pared"
"NL_2023","cv2_share_between_nwx",NA,NA,NA,NA,"pared"
"NL_2023","d_cv2_share_between",NA,NA,NA,NA,"pared"
"NL_2023","var_total_nw",NA,NA,NA,NA,"pared"
"NL_2023","var_within_nw",NA,NA,NA,NA,"pared"
"NL_2023","var_between_nw",NA,NA,NA,NA,"pared"
"NL_2023","var_total_nwx",NA,NA,NA,NA,"pared"
"NL_2023","var_within_nwx",NA,NA,NA,NA,"pared"
"NL_2023","var_between_nwx",NA,NA,NA,NA,"pared"
"NL_2023","var_share_between_nw",NA,NA,NA,NA,"pared"
"NL_2023","var_share_between_nwx",NA,NA,NA,NA,"pared"
"NL_2023","d_var_share_between",NA,NA,NA,NA,"pared"
"NL_2023","gini_total_nw",NA,NA,NA,NA,"pared"
"NL_2023","gini_within_nw",NA,NA,NA,NA,"pared"
"NL_2023","gini_between_nw",NA,NA,NA,NA,"pared"
"NL_2023","gini_total_nwx",NA,NA,NA,NA,"pared"
"NL_2023","gini_within_nwx",NA,NA,NA,NA,"pared"
"NL_2023","gini_between_nwx",NA,NA,NA,NA,"pared"
"NL_2023","d_gini_within",NA,NA,NA,NA,"pared"
"NL_2023","d_gini_between",NA,NA,NA,NA,"pared"
"NL_2023","gini_share_between_nw",NA,NA,NA,NA,"pared"
"NL_2023","gini_share_between_nwx",NA,NA,NA,NA,"pared"
"NL_2023","d_gini_share_between",NA,NA,NA,NA,"pared"
"NL_2023","mld_within_nw",NA,NA,NA,NA,"pared"
"NL_2023","mld_between_nw",NA,NA,NA,NA,"pared"
"NL_2023","mld_within_nwx",NA,NA,NA,NA,"pared"
"NL_2023","mld_between_nwx",NA,NA,NA,NA,"pared"
"NL_2023","d_mld_within",NA,NA,NA,NA,"pared"
"NL_2023","d_mld_between",NA,NA,NA,NA,"pared"
"NL_2023","mld_wtkept_nw",NA,NA,NA,NA,"pared"
"NL_2023","mld_wtkept_nwx",NA,NA,NA,NA,"pared"
"NL_2023","mld_ngrp_nw",NA,NA,NA,NA,"pared"
"NL_2023","mld_ngrp_nwx",NA,NA,NA,NA,"pared"
"NL_2023","I_nw",NA,NA,NA,NA,"pared"
"NL_2023","I_nwx",NA,NA,NA,NA,"pared"
"NL_2023","d_I",NA,NA,NA,NA,"pared"
"NL_2023","n_valid",NA,NA,NA,NA,"pared"
"NL_2023","pct_valid",NA,NA,NA,NA,"pared"
"PT_2023","cv2_total_nw",5.15050335721861,0.92359114328138,3.3402647163871,6.96074199805011,"pared"
"PT_2023","cv2_within_nw",5.08596892464389,0.921534367740287,3.27976156387292,6.89217628541485,"pared"
"PT_2023","cv2_between_nw",0.0645344325747191,0.0249990229779746,0.0155363475378889,0.113532517611549,"pared"
"PT_2023","cv2_total_nwx",9.3290149439598,2.06550276792035,5.28062951883592,13.3774003690837,"pared"
"PT_2023","cv2_within_nwx",9.27810374065451,2.05933807601678,5.24180111166162,13.3144063696474,"pared"
"PT_2023","cv2_between_nwx",0.0509112033052873,0.0334857442532551,-0.0147208554310926,0.116543262041667,"pared"
"PT_2023","d_cv2_within",-4.19213481601063,1.77409804699843,-7.66936698812754,-0.714902643893709,"pared"
"PT_2023","d_cv2_between",0.0136232292694318,0.0179004784667478,-0.0214617085253939,0.0487081670642575,"pared"
"PT_2023","cv2_share_between_nw",0.0125969710992916,0.00534939533844745,0.0021121562359346,0.0230817859626486,"pared"
"PT_2023","cv2_share_between_nwx",0.00545647425557758,0.00351052895255825,-0.00142416249143658,0.0123371110025917,"pared"
"PT_2023","d_cv2_share_between",0.00714049684371402,0.00327358702380618,0.00072426627705391,0.0135567274103741,"pared"
"PT_2023","var_total_nw",459699058725.212,134927320501.856,195241510541.575,724156606908.85,"pared"
"PT_2023","var_within_nw",453931463173.652,133634865962.127,192007125887.883,715855800459.421,"pared"
"PT_2023","var_between_nw",5767595551.5598,2901516749.44291,80622722.6516991,11454568380.4679,"pared"
"PT_2023","var_total_nwx",492604480949.485,148475151521.847,201593183966.665,783615777932.304,"pared"
"PT_2023","var_within_nwx",489910917432.57,147694907088.648,200428899538.82,779392935326.32,"pared"
"PT_2023","var_between_nwx",2693563516.9146,2051627699.92604,-1327626774.94044,6714753808.76965,"pared"
"PT_2023","var_share_between_nw",0.0125969710992916,0.00534939533844745,0.0021121562359346,0.0230817859626486,"pared"
"PT_2023","var_share_between_nwx",0.00545647425557758,0.00351052895255825,-0.00142416249143658,0.0123371110025917,"pared"
"PT_2023","d_var_share_between",0.00714049684371402,0.00327358702380618,0.00072426627705391,0.0135567274103741,"pared"
"PT_2023","gini_total_nw",0.648040190893564,0.0090438181223757,0.630314307373708,0.665766074413421,"pared"
"PT_2023","gini_within_nw",0.631625890560494,0.00949275240732532,0.613020095842136,0.650231685278851,"pared"
"PT_2023","gini_between_nw",0.0164143003330707,0.00477152003196529,0.00706212107041876,0.0257664795957227,"pared"
"PT_2023","gini_total_nwx",0.868646935576971,0.0388305700781581,0.792539018223781,0.944754852930161,"pared"
"PT_2023","gini_within_nwx",0.851719349427657,0.0372614927214027,0.778686823693707,0.924751875161606,"pared"
"PT_2023","gini_between_nwx",0.0169275861493146,0.00579950677546726,0.00556055286939878,0.0282946194292304,"pared"
"PT_2023","d_gini_within",-0.220093458867163,0.0379348857689826,-0.294445834974369,-0.145741082759957,"pared"
"PT_2023","d_gini_between",-0.00051328581624388,0.00309661499205445,-0.0065826512006706,0.00555607956818284,"pared"
"PT_2023","gini_share_between_nw",0.0253304390557146,0.00728700419932723,0.0110479108250333,0.039612967286396,"pared"
"PT_2023","gini_share_between_nwx",0.0194540670099726,0.00636704247782123,0.00697466375344299,0.0319334702665022,"pared"
"PT_2023","d_gini_share_between",0.00587637204574206,0.00376764537030102,-0.00150821288004794,0.013260956971532,"pared"
"PT_2023","mld_within_nw",1.14086889700233,0.0307818777727905,1.08053641656766,1.201201377437,"pared"
"PT_2023","mld_between_nw",0.0216192729533006,0.00710610290719033,0.00769131125520758,0.0355472346513937,"pared"
"PT_2023","mld_within_nwx",1.16746976225545,0.0336277103754749,1.10155944991952,1.23338007459138,"pared"
"PT_2023","mld_between_nwx",0.0191157072025244,0.00759517556616731,0.00422916309283646,0.0340022513122123,"pared"
"PT_2023","d_mld_within",-0.0266008652531176,0.00990825317808056,-0.0460210414821556,-0.00718068902407974,"pared"
"PT_2023","d_mld_between",0.00250356575077625,0.00233370844832238,-0.00207050280793561,0.00707763430948812,"pared"
"PT_2023","mld_wtkept_nw",0.960568490499017,0.00283667885132053,0.955008599950429,0.966128381047605,"pared"
"PT_2023","mld_wtkept_nwx",0.881788266419433,0.00433184487576717,0.873297850462929,0.890278682375937,"pared"
"PT_2023","mld_ngrp_nw",2,0,2,2,"pared"
"PT_2023","mld_ngrp_nwx",2,0,2,2,"pared"
"PT_2023","I_nw",0.253119930264068,0.0381057526881455,0.178432654995303,0.327807205532833,"pared"
"PT_2023","I_nwx",0.169737722573107,0.0386992300234536,0.0938872317271383,0.245588213419077,"pared"
"PT_2023","d_I",0.0833822076909602,0.0246808686122782,0.0350077052108949,0.131756710171025,"pared"
"PT_2023","n_valid",5460,2028.14544646088,1484.83492493668,9435.16507506332,"pared"
"PT_2023","pct_valid",1,0.37145520997452,0.271947788449941,1.72805221155006,"pared"
"SI_2023","cv2_total_nw",NA,NA,NA,NA,"pared"
"SI_2023","cv2_within_nw",NA,NA,NA,NA,"pared"
"SI_2023","cv2_between_nw",NA,NA,NA,NA,"pared"
"SI_2023","cv2_total_nwx",NA,NA,NA,NA,"pared"
"SI_2023","cv2_within_nwx",NA,NA,NA,NA,"pared"
"SI_2023","cv2_between_nwx",NA,NA,NA,NA,"pared"
"SI_2023","d_cv2_within",NA,NA,NA,NA,"pared"
"SI_2023","d_cv2_between",NA,NA,NA,NA,"pared"
"SI_2023","cv2_share_between_nw",NA,NA,NA,NA,"pared"
"SI_2023","cv2_share_between_nwx",NA,NA,NA,NA,"pared"
"SI_2023","d_cv2_share_between",NA,NA,NA,NA,"pared"
"SI_2023","var_total_nw",NA,NA,NA,NA,"pared"
"SI_2023","var_within_nw",NA,NA,NA,NA,"pared"
"SI_2023","var_between_nw",NA,NA,NA,NA,"pared"
"SI_2023","var_total_nwx",NA,NA,NA,NA,"pared"
"SI_2023","var_within_nwx",NA,NA,NA,NA,"pared"
"SI_2023","var_between_nwx",NA,NA,NA,NA,"pared"
"SI_2023","var_share_between_nw",NA,NA,NA,NA,"pared"
"SI_2023","var_share_between_nwx",NA,NA,NA,NA,"pared"
"SI_2023","d_var_share_between",NA,NA,NA,NA,"pared"
"SI_2023","gini_total_nw",NA,NA,NA,NA,"pared"
"SI_2023","gini_within_nw",NA,NA,NA,NA,"pared"
"SI_2023","gini_between_nw",NA,NA,NA,NA,"pared"
"SI_2023","gini_total_nwx",NA,NA,NA,NA,"pared"
"SI_2023","gini_within_nwx",NA,NA,NA,NA,"pared"
"SI_2023","gini_between_nwx",NA,NA,NA,NA,"pared"
"SI_2023","d_gini_within",NA,NA,NA,NA,"pared"
"SI_2023","d_gini_between",NA,NA,NA,NA,"pared"
"SI_2023","gini_share_between_nw",NA,NA,NA,NA,"pared"
"SI_2023","gini_share_between_nwx",NA,NA,NA,NA,"pared"
"SI_2023","d_gini_share_between",NA,NA,NA,NA,"pared"
"SI_2023","mld_within_nw",NA,NA,NA,NA,"pared"
"SI_2023","mld_between_nw",NA,NA,NA,NA,"pared"
"SI_2023","mld_within_nwx",NA,NA,NA,NA,"pared"
"SI_2023","mld_between_nwx",NA,NA,NA,NA,"pared"
"SI_2023","d_mld_within",NA,NA,NA,NA,"pared"
"SI_2023","d_mld_between",NA,NA,NA,NA,"pared"
"SI_2023","mld_wtkept_nw",NA,NA,NA,NA,"pared"
"SI_2023","mld_wtkept_nwx",NA,NA,NA,NA,"pared"
"SI_2023","mld_ngrp_nw",NA,NA,NA,NA,"pared"
"SI_2023","mld_ngrp_nwx",NA,NA,NA,NA,"pared"
"SI_2023","I_nw",NA,NA,NA,NA,"pared"
"SI_2023","I_nwx",NA,NA,NA,NA,"pared"
"SI_2023","d_I",NA,NA,NA,NA,"pared"
"SI_2023","n_valid",NA,NA,NA,NA,"pared"
"SI_2023","pct_valid",NA,NA,NA,NA,"pared"
"SK_2023","cv2_total_nw",NA,NA,NA,NA,"pared"
"SK_2023","cv2_within_nw",NA,NA,NA,NA,"pared"
"SK_2023","cv2_between_nw",NA,NA,NA,NA,"pared"
"SK_2023","cv2_total_nwx",NA,NA,NA,NA,"pared"
"SK_2023","cv2_within_nwx",NA,NA,NA,NA,"pared"
"SK_2023","cv2_between_nwx",NA,NA,NA,NA,"pared"
"SK_2023","d_cv2_within",NA,NA,NA,NA,"pared"
"SK_2023","d_cv2_between",NA,NA,NA,NA,"pared"
"SK_2023","cv2_share_between_nw",NA,NA,NA,NA,"pared"
"SK_2023","cv2_share_between_nwx",NA,NA,NA,NA,"pared"
"SK_2023","d_cv2_share_between",NA,NA,NA,NA,"pared"
"SK_2023","var_total_nw",NA,NA,NA,NA,"pared"
"SK_2023","var_within_nw",NA,NA,NA,NA,"pared"
"SK_2023","var_between_nw",NA,NA,NA,NA,"pared"
"SK_2023","var_total_nwx",NA,NA,NA,NA,"pared"
"SK_2023","var_within_nwx",NA,NA,NA,NA,"pared"
"SK_2023","var_between_nwx",NA,NA,NA,NA,"pared"
"SK_2023","var_share_between_nw",NA,NA,NA,NA,"pared"
"SK_2023","var_share_between_nwx",NA,NA,NA,NA,"pared"
"SK_2023","d_var_share_between",NA,NA,NA,NA,"pared"
"SK_2023","gini_total_nw",NA,NA,NA,NA,"pared"
"SK_2023","gini_within_nw",NA,NA,NA,NA,"pared"
"SK_2023","gini_between_nw",NA,NA,NA,NA,"pared"
"SK_2023","gini_total_nwx",NA,NA,NA,NA,"pared"
"SK_2023","gini_within_nwx",NA,NA,NA,NA,"pared"
"SK_2023","gini_between_nwx",NA,NA,NA,NA,"pared"
"SK_2023","d_gini_within",NA,NA,NA,NA,"pared"
"SK_2023","d_gini_between",NA,NA,NA,NA,"pared"
"SK_2023","gini_share_between_nw",NA,NA,NA,NA,"pared"
"SK_2023","gini_share_between_nwx",NA,NA,NA,NA,"pared"
"SK_2023","d_gini_share_between",NA,NA,NA,NA,"pared"
"SK_2023","mld_within_nw",NA,NA,NA,NA,"pared"
"SK_2023","mld_between_nw",NA,NA,NA,NA,"pared"
"SK_2023","mld_within_nwx",NA,NA,NA,NA,"pared"
"SK_2023","mld_between_nwx",NA,NA,NA,NA,"pared"
"SK_2023","d_mld_within",NA,NA,NA,NA,"pared"
"SK_2023","d_mld_between",NA,NA,NA,NA,"pared"
"SK_2023","mld_wtkept_nw",NA,NA,NA,NA,"pared"
"SK_2023","mld_wtkept_nwx",NA,NA,NA,NA,"pared"
"SK_2023","mld_ngrp_nw",NA,NA,NA,NA,"pared"
"SK_2023","mld_ngrp_nwx",NA,NA,NA,NA,"pared"
"SK_2023","I_nw",NA,NA,NA,NA,"pared"
"SK_2023","I_nwx",NA,NA,NA,NA,"pared"
"SK_2023","d_I",NA,NA,NA,NA,"pared"
"SK_2023","n_valid",NA,NA,NA,NA,"pared"
"SK_2023","pct_valid",NA,NA,NA,NA,"pared"
"AT_2023","cv2_total_nw",NA,NA,NA,NA,"pared_max"
"AT_2023","cv2_within_nw",NA,NA,NA,NA,"pared_max"
"AT_2023","cv2_between_nw",NA,NA,NA,NA,"pared_max"
"AT_2023","cv2_total_nwx",NA,NA,NA,NA,"pared_max"
"AT_2023","cv2_within_nwx",NA,NA,NA,NA,"pared_max"
"AT_2023","cv2_between_nwx",NA,NA,NA,NA,"pared_max"
"AT_2023","d_cv2_within",NA,NA,NA,NA,"pared_max"
"AT_2023","d_cv2_between",NA,NA,NA,NA,"pared_max"
"AT_2023","cv2_share_between_nw",NA,NA,NA,NA,"pared_max"
"AT_2023","cv2_share_between_nwx",NA,NA,NA,NA,"pared_max"
"AT_2023","d_cv2_share_between",NA,NA,NA,NA,"pared_max"
"AT_2023","var_total_nw",NA,NA,NA,NA,"pared_max"
"AT_2023","var_within_nw",NA,NA,NA,NA,"pared_max"
"AT_2023","var_between_nw",NA,NA,NA,NA,"pared_max"
"AT_2023","var_total_nwx",NA,NA,NA,NA,"pared_max"
"AT_2023","var_within_nwx",NA,NA,NA,NA,"pared_max"
"AT_2023","var_between_nwx",NA,NA,NA,NA,"pared_max"
"AT_2023","var_share_between_nw",NA,NA,NA,NA,"pared_max"
"AT_2023","var_share_between_nwx",NA,NA,NA,NA,"pared_max"
"AT_2023","d_var_share_between",NA,NA,NA,NA,"pared_max"
"AT_2023","gini_total_nw",NA,NA,NA,NA,"pared_max"
"AT_2023","gini_within_nw",NA,NA,NA,NA,"pared_max"
"AT_2023","gini_between_nw",NA,NA,NA,NA,"pared_max"
"AT_2023","gini_total_nwx",NA,NA,NA,NA,"pared_max"
"AT_2023","gini_within_nwx",NA,NA,NA,NA,"pared_max"
"AT_2023","gini_between_nwx",NA,NA,NA,NA,"pared_max"
"AT_2023","d_gini_within",NA,NA,NA,NA,"pared_max"
"AT_2023","d_gini_between",NA,NA,NA,NA,"pared_max"
"AT_2023","gini_share_between_nw",NA,NA,NA,NA,"pared_max"
"AT_2023","gini_share_between_nwx",NA,NA,NA,NA,"pared_max"
"AT_2023","d_gini_share_between",NA,NA,NA,NA,"pared_max"
"AT_2023","mld_within_nw",NA,NA,NA,NA,"pared_max"
"AT_2023","mld_between_nw",NA,NA,NA,NA,"pared_max"
"AT_2023","mld_within_nwx",NA,NA,NA,NA,"pared_max"
"AT_2023","mld_between_nwx",NA,NA,NA,NA,"pared_max"
"AT_2023","d_mld_within",NA,NA,NA,NA,"pared_max"
"AT_2023","d_mld_between",NA,NA,NA,NA,"pared_max"
"AT_2023","mld_wtkept_nw",NA,NA,NA,NA,"pared_max"
"AT_2023","mld_wtkept_nwx",NA,NA,NA,NA,"pared_max"
"AT_2023","mld_ngrp_nw",NA,NA,NA,NA,"pared_max"
"AT_2023","mld_ngrp_nwx",NA,NA,NA,NA,"pared_max"
"AT_2023","I_nw",NA,NA,NA,NA,"pared_max"
"AT_2023","I_nwx",NA,NA,NA,NA,"pared_max"
"AT_2023","d_I",NA,NA,NA,NA,"pared_max"
"AT_2023","n_valid",NA,NA,NA,NA,"pared_max"
"AT_2023","pct_valid",NA,NA,NA,NA,"pared_max"
"BE_2023","cv2_total_nw",NA,NA,NA,NA,"pared_max"
"BE_2023","cv2_within_nw",NA,NA,NA,NA,"pared_max"
"BE_2023","cv2_between_nw",NA,NA,NA,NA,"pared_max"
"BE_2023","cv2_total_nwx",NA,NA,NA,NA,"pared_max"
"BE_2023","cv2_within_nwx",NA,NA,NA,NA,"pared_max"
"BE_2023","cv2_between_nwx",NA,NA,NA,NA,"pared_max"
"BE_2023","d_cv2_within",NA,NA,NA,NA,"pared_max"
"BE_2023","d_cv2_between",NA,NA,NA,NA,"pared_max"
"BE_2023","cv2_share_between_nw",NA,NA,NA,NA,"pared_max"
"BE_2023","cv2_share_between_nwx",NA,NA,NA,NA,"pared_max"
"BE_2023","d_cv2_share_between",NA,NA,NA,NA,"pared_max"
"BE_2023","var_total_nw",NA,NA,NA,NA,"pared_max"
"BE_2023","var_within_nw",NA,NA,NA,NA,"pared_max"
"BE_2023","var_between_nw",NA,NA,NA,NA,"pared_max"
"BE_2023","var_total_nwx",NA,NA,NA,NA,"pared_max"
"BE_2023","var_within_nwx",NA,NA,NA,NA,"pared_max"
"BE_2023","var_between_nwx",NA,NA,NA,NA,"pared_max"
"BE_2023","var_share_between_nw",NA,NA,NA,NA,"pared_max"
"BE_2023","var_share_between_nwx",NA,NA,NA,NA,"pared_max"
"BE_2023","d_var_share_between",NA,NA,NA,NA,"pared_max"
"BE_2023","gini_total_nw",NA,NA,NA,NA,"pared_max"
"BE_2023","gini_within_nw",NA,NA,NA,NA,"pared_max"
"BE_2023","gini_between_nw",NA,NA,NA,NA,"pared_max"
"BE_2023","gini_total_nwx",NA,NA,NA,NA,"pared_max"
"BE_2023","gini_within_nwx",NA,NA,NA,NA,"pared_max"
"BE_2023","gini_between_nwx",NA,NA,NA,NA,"pared_max"
"BE_2023","d_gini_within",NA,NA,NA,NA,"pared_max"
"BE_2023","d_gini_between",NA,NA,NA,NA,"pared_max"
"BE_2023","gini_share_between_nw",NA,NA,NA,NA,"pared_max"
"BE_2023","gini_share_between_nwx",NA,NA,NA,NA,"pared_max"
"BE_2023","d_gini_share_between",NA,NA,NA,NA,"pared_max"
"BE_2023","mld_within_nw",NA,NA,NA,NA,"pared_max"
"BE_2023","mld_between_nw",NA,NA,NA,NA,"pared_max"
"BE_2023","mld_within_nwx",NA,NA,NA,NA,"pared_max"
"BE_2023","mld_between_nwx",NA,NA,NA,NA,"pared_max"
"BE_2023","d_mld_within",NA,NA,NA,NA,"pared_max"
"BE_2023","d_mld_between",NA,NA,NA,NA,"pared_max"
"BE_2023","mld_wtkept_nw",NA,NA,NA,NA,"pared_max"
"BE_2023","mld_wtkept_nwx",NA,NA,NA,NA,"pared_max"
"BE_2023","mld_ngrp_nw",NA,NA,NA,NA,"pared_max"
"BE_2023","mld_ngrp_nwx",NA,NA,NA,NA,"pared_max"
"BE_2023","I_nw",NA,NA,NA,NA,"pared_max"
"BE_2023","I_nwx",NA,NA,NA,NA,"pared_max"
"BE_2023","d_I",NA,NA,NA,NA,"pared_max"
"BE_2023","n_valid",NA,NA,NA,NA,"pared_max"
"BE_2023","pct_valid",NA,NA,NA,NA,"pared_max"
"CY_2023","cv2_total_nw",2.23036696479217,0.37532656740091,1.49472689268639,2.96600703689796,"pared_max"
"CY_2023","cv2_within_nw",2.19169676297194,0.377711825777179,1.45138158444867,2.93201194149521,"pared_max"
"CY_2023","cv2_between_nw",0.0386702018202379,0.0255424648435419,-0.0113930292731043,0.0887334329135801,"pared_max"
"CY_2023","cv2_total_nwx",4.33350671850156,0.785907439289062,2.793128137495,5.87388529950812,"pared_max"
"CY_2023","cv2_within_nwx",4.29865458122238,0.794365606039731,2.74169799338451,5.85561116906026,"pared_max"
"CY_2023","cv2_between_nwx",0.0348521372791734,0.0364974574137731,-0.0366828792518218,0.106387153810169,"pared_max"
"CY_2023","d_cv2_within",-2.10695781825045,0.577400881290379,-3.23866354557959,-0.975252090921304,"pared_max"
"CY_2023","d_cv2_between",0.0038180645410645,0.0261548511149516,-0.0474454436442407,0.0550815727263697,"pared_max"
"CY_2023","cv2_share_between_nw",0.0175594844839094,0.0123891754155049,-0.00672329933048025,0.041842268298299,"pared_max"
"CY_2023","cv2_share_between_nwx",0.00812147332281444,0.00941656279237828,-0.010334989750247,0.0265779363958759,"pared_max"
"CY_2023","d_cv2_share_between",0.00943801116109494,0.00935574936833461,-0.00889925760084089,0.0277752799230308,"pared_max"
"CY_2023","var_total_nw",340509595278.625,79247965644.2996,185183582615.797,495835607941.452,"pared_max"
"CY_2023","var_within_nw",334627832735.513,78952174261.847,179881571182.293,489374094288.733,"pared_max"
"CY_2023","var_between_nw",5881762543.1117,4085833674.22872,-2126471458.3766,13889996544.6,"pared_max"
"CY_2023","var_total_nwx",328869182617.323,78005885995.3733,175977646066.391,481760719168.254,"pared_max"
"CY_2023","var_within_nwx",326238285363.466,78137589904.9577,173088609149.749,479387961577.183,"pared_max"
"CY_2023","var_between_nwx",2630897253.85678,2877189854.74968,-3008394861.4526,8270189369.16616,"pared_max"
"CY_2023","var_share_between_nw",0.0175594844839094,0.0123891754155049,-0.00672329933048025,0.041842268298299,"pared_max"
"CY_2023","var_share_between_nwx",0.00812147332281444,0.00941656279237828,-0.010334989750247,0.0265779363958759,"pared_max"
"CY_2023","d_var_share_between",0.00943801116109494,0.00935574936833461,-0.0088992576008409,0.0277752799230308,"pared_max"
"CY_2023","gini_total_nw",0.604355305087832,0.0168527506317592,0.571323913849584,0.63738669632608,"pared_max"
"CY_2023","gini_within_nw",0.593827871919449,0.0178456776370451,0.558850343750841,0.628805400088057,"pared_max"
"CY_2023","gini_between_nw",0.0105274331683829,0.00670585160164862,-0.00261603597084836,0.0236709023076142,"pared_max"
"CY_2023","gini_total_nwx",0.86380296924699,0.0515875271892179,0.762691415956123,0.964914522537857,"pared_max"
"CY_2023","gini_within_nwx",0.852745817606253,0.0500261123409401,0.75469463741801,0.950796997794495,"pared_max"
"CY_2023","gini_between_nwx",0.0110571516407373,0.00827287856307928,-0.00515769034289808,0.0272719936243727,"pared_max"
"CY_2023","d_gini_within",-0.258917945686804,0.0487967029029913,-0.354559483376667,-0.163276407996941,"pared_max"
"CY_2023","d_gini_between",-0.000529718472354368,0.00329461581723061,-0.00698716547412636,0.00592772852941762,"pared_max"
"CY_2023","gini_share_between_nw",0.0174228911014954,0.0110749404693254,-0.00428399221838245,0.0391297744213732,"pared_max"
"CY_2023","gini_share_between_nwx",0.012801507789312,0.00927692844199088,-0.00538127195699008,0.0309842875356142,"pared_max"
"CY_2023","d_gini_share_between",0.00462138331218331,0.00406223450243009,-0.00334059631257966,0.0125833629369463,"pared_max"
"CY_2023","mld_within_nw",0.974766698271296,0.0621891584585851,0.852875947692469,1.09665744885012,"pared_max"
"CY_2023","mld_between_nw",0.0121814636190262,0.0080432597038278,-0.00358332540047629,0.0279462526385287,"pared_max"
"CY_2023","mld_within_nwx",1.04636480135969,0.0688403010631251,0.911437811275964,1.18129179144341,"pared_max"
"CY_2023","mld_between_nwx",0.00909476211016819,0.00759418480238708,-0.00578984010251048,0.0239793643228469,"pared_max"
"CY_2023","d_mld_within",-0.0715981030883935,0.0218727449976111,-0.114468683283711,-0.0287275228930758,"pared_max"
"CY_2023","d_mld_between",0.003086701508858,0.00272337261128573,-0.00225110880926203,0.00842451182697804,"pared_max"
"CY_2023","mld_wtkept_nw",0.958295693518071,0.00938088918847356,0.939909150708663,0.976682236327479,"pared_max"
"CY_2023","mld_wtkept_nwx",0.842609446429147,0.0153831687513754,0.812458435676451,0.872760457181843,"pared_max"
"CY_2023","mld_ngrp_nw",2,0,2,2,"pared_max"
"CY_2023","mld_ngrp_nwx",2,0,2,2,"pared_max"
"CY_2023","I_nw",0.22730629786651,0.0660787793913127,0.0977918902595375,0.356820705473483,"pared_max"
"CY_2023","I_nwx",0.174410986139927,0.0679455265130582,0.0412377541743332,0.307584218105521,"pared_max"
"CY_2023","d_I",0.052895311726583,0.0515173019401986,-0.0480786000762061,0.153869223529372,"pared_max"
"CY_2023","n_valid",1242.8,460.178630968453,340.849883301831,2144.75011669817,"pared_max"
"CY_2023","pct_valid",0.98964803207552,0.366442382198241,0.271420962966967,1.70787510118407,"pared_max"
"DE_2023","cv2_total_nw",NA,NA,NA,NA,"pared_max"
"DE_2023","cv2_within_nw",NA,NA,NA,NA,"pared_max"
"DE_2023","cv2_between_nw",NA,NA,NA,NA,"pared_max"
"DE_2023","cv2_total_nwx",NA,NA,NA,NA,"pared_max"
"DE_2023","cv2_within_nwx",NA,NA,NA,NA,"pared_max"
"DE_2023","cv2_between_nwx",NA,NA,NA,NA,"pared_max"
"DE_2023","d_cv2_within",NA,NA,NA,NA,"pared_max"
"DE_2023","d_cv2_between",NA,NA,NA,NA,"pared_max"
"DE_2023","cv2_share_between_nw",NA,NA,NA,NA,"pared_max"
"DE_2023","cv2_share_between_nwx",NA,NA,NA,NA,"pared_max"
"DE_2023","d_cv2_share_between",NA,NA,NA,NA,"pared_max"
"DE_2023","var_total_nw",NA,NA,NA,NA,"pared_max"
"DE_2023","var_within_nw",NA,NA,NA,NA,"pared_max"
"DE_2023","var_between_nw",NA,NA,NA,NA,"pared_max"
"DE_2023","var_total_nwx",NA,NA,NA,NA,"pared_max"
"DE_2023","var_within_nwx",NA,NA,NA,NA,"pared_max"
"DE_2023","var_between_nwx",NA,NA,NA,NA,"pared_max"
"DE_2023","var_share_between_nw",NA,NA,NA,NA,"pared_max"
"DE_2023","var_share_between_nwx",NA,NA,NA,NA,"pared_max"
"DE_2023","d_var_share_between",NA,NA,NA,NA,"pared_max"
"DE_2023","gini_total_nw",NA,NA,NA,NA,"pared_max"
"DE_2023","gini_within_nw",NA,NA,NA,NA,"pared_max"
"DE_2023","gini_between_nw",NA,NA,NA,NA,"pared_max"
"DE_2023","gini_total_nwx",NA,NA,NA,NA,"pared_max"
"DE_2023","gini_within_nwx",NA,NA,NA,NA,"pared_max"
"DE_2023","gini_between_nwx",NA,NA,NA,NA,"pared_max"
"DE_2023","d_gini_within",NA,NA,NA,NA,"pared_max"
"DE_2023","d_gini_between",NA,NA,NA,NA,"pared_max"
"DE_2023","gini_share_between_nw",NA,NA,NA,NA,"pared_max"
"DE_2023","gini_share_between_nwx",NA,NA,NA,NA,"pared_max"
"DE_2023","d_gini_share_between",NA,NA,NA,NA,"pared_max"
"DE_2023","mld_within_nw",NA,NA,NA,NA,"pared_max"
"DE_2023","mld_between_nw",NA,NA,NA,NA,"pared_max"
"DE_2023","mld_within_nwx",NA,NA,NA,NA,"pared_max"
"DE_2023","mld_between_nwx",NA,NA,NA,NA,"pared_max"
"DE_2023","d_mld_within",NA,NA,NA,NA,"pared_max"
"DE_2023","d_mld_between",NA,NA,NA,NA,"pared_max"
"DE_2023","mld_wtkept_nw",NA,NA,NA,NA,"pared_max"
"DE_2023","mld_wtkept_nwx",NA,NA,NA,NA,"pared_max"
"DE_2023","mld_ngrp_nw",NA,NA,NA,NA,"pared_max"
"DE_2023","mld_ngrp_nwx",NA,NA,NA,NA,"pared_max"
"DE_2023","I_nw",NA,NA,NA,NA,"pared_max"
"DE_2023","I_nwx",NA,NA,NA,NA,"pared_max"
"DE_2023","d_I",NA,NA,NA,NA,"pared_max"
"DE_2023","n_valid",NA,NA,NA,NA,"pared_max"
"DE_2023","pct_valid",NA,NA,NA,NA,"pared_max"
"EE_2023","cv2_total_nw",NA,NA,NA,NA,"pared_max"
"EE_2023","cv2_within_nw",NA,NA,NA,NA,"pared_max"
"EE_2023","cv2_between_nw",NA,NA,NA,NA,"pared_max"
"EE_2023","cv2_total_nwx",NA,NA,NA,NA,"pared_max"
"EE_2023","cv2_within_nwx",NA,NA,NA,NA,"pared_max"
"EE_2023","cv2_between_nwx",NA,NA,NA,NA,"pared_max"
"EE_2023","d_cv2_within",NA,NA,NA,NA,"pared_max"
"EE_2023","d_cv2_between",NA,NA,NA,NA,"pared_max"
"EE_2023","cv2_share_between_nw",NA,NA,NA,NA,"pared_max"
"EE_2023","cv2_share_between_nwx",NA,NA,NA,NA,"pared_max"
"EE_2023","d_cv2_share_between",NA,NA,NA,NA,"pared_max"
"EE_2023","var_total_nw",NA,NA,NA,NA,"pared_max"
"EE_2023","var_within_nw",NA,NA,NA,NA,"pared_max"
"EE_2023","var_between_nw",NA,NA,NA,NA,"pared_max"
"EE_2023","var_total_nwx",NA,NA,NA,NA,"pared_max"
"EE_2023","var_within_nwx",NA,NA,NA,NA,"pared_max"
"EE_2023","var_between_nwx",NA,NA,NA,NA,"pared_max"
"EE_2023","var_share_between_nw",NA,NA,NA,NA,"pared_max"
"EE_2023","var_share_between_nwx",NA,NA,NA,NA,"pared_max"
"EE_2023","d_var_share_between",NA,NA,NA,NA,"pared_max"
"EE_2023","gini_total_nw",NA,NA,NA,NA,"pared_max"
"EE_2023","gini_within_nw",NA,NA,NA,NA,"pared_max"
"EE_2023","gini_between_nw",NA,NA,NA,NA,"pared_max"
"EE_2023","gini_total_nwx",NA,NA,NA,NA,"pared_max"
"EE_2023","gini_within_nwx",NA,NA,NA,NA,"pared_max"
"EE_2023","gini_between_nwx",NA,NA,NA,NA,"pared_max"
"EE_2023","d_gini_within",NA,NA,NA,NA,"pared_max"
"EE_2023","d_gini_between",NA,NA,NA,NA,"pared_max"
"EE_2023","gini_share_between_nw",NA,NA,NA,NA,"pared_max"
"EE_2023","gini_share_between_nwx",NA,NA,NA,NA,"pared_max"
"EE_2023","d_gini_share_between",NA,NA,NA,NA,"pared_max"
"EE_2023","mld_within_nw",NA,NA,NA,NA,"pared_max"
"EE_2023","mld_between_nw",NA,NA,NA,NA,"pared_max"
"EE_2023","mld_within_nwx",NA,NA,NA,NA,"pared_max"
"EE_2023","mld_between_nwx",NA,NA,NA,NA,"pared_max"
"EE_2023","d_mld_within",NA,NA,NA,NA,"pared_max"
"EE_2023","d_mld_between",NA,NA,NA,NA,"pared_max"
"EE_2023","mld_wtkept_nw",NA,NA,NA,NA,"pared_max"
"EE_2023","mld_wtkept_nwx",NA,NA,NA,NA,"pared_max"
"EE_2023","mld_ngrp_nw",NA,NA,NA,NA,"pared_max"
"EE_2023","mld_ngrp_nwx",NA,NA,NA,NA,"pared_max"
"EE_2023","I_nw",NA,NA,NA,NA,"pared_max"
"EE_2023","I_nwx",NA,NA,NA,NA,"pared_max"
"EE_2023","d_I",NA,NA,NA,NA,"pared_max"
"EE_2023","n_valid",NA,NA,NA,NA,"pared_max"
"EE_2023","pct_valid",NA,NA,NA,NA,"pared_max"
"ES_2023","cv2_total_nw",NA,NA,NA,NA,"pared_max"
"ES_2023","cv2_within_nw",NA,NA,NA,NA,"pared_max"
"ES_2023","cv2_between_nw",NA,NA,NA,NA,"pared_max"
"ES_2023","cv2_total_nwx",NA,NA,NA,NA,"pared_max"
"ES_2023","cv2_within_nwx",NA,NA,NA,NA,"pared_max"
"ES_2023","cv2_between_nwx",NA,NA,NA,NA,"pared_max"
"ES_2023","d_cv2_within",NA,NA,NA,NA,"pared_max"
"ES_2023","d_cv2_between",NA,NA,NA,NA,"pared_max"
"ES_2023","cv2_share_between_nw",NA,NA,NA,NA,"pared_max"
"ES_2023","cv2_share_between_nwx",NA,NA,NA,NA,"pared_max"
"ES_2023","d_cv2_share_between",NA,NA,NA,NA,"pared_max"
"ES_2023","var_total_nw",NA,NA,NA,NA,"pared_max"
"ES_2023","var_within_nw",NA,NA,NA,NA,"pared_max"
"ES_2023","var_between_nw",NA,NA,NA,NA,"pared_max"
"ES_2023","var_total_nwx",NA,NA,NA,NA,"pared_max"
"ES_2023","var_within_nwx",NA,NA,NA,NA,"pared_max"
"ES_2023","var_between_nwx",NA,NA,NA,NA,"pared_max"
"ES_2023","var_share_between_nw",NA,NA,NA,NA,"pared_max"
"ES_2023","var_share_between_nwx",NA,NA,NA,NA,"pared_max"
"ES_2023","d_var_share_between",NA,NA,NA,NA,"pared_max"
"ES_2023","gini_total_nw",NA,NA,NA,NA,"pared_max"
"ES_2023","gini_within_nw",NA,NA,NA,NA,"pared_max"
"ES_2023","gini_between_nw",NA,NA,NA,NA,"pared_max"
"ES_2023","gini_total_nwx",NA,NA,NA,NA,"pared_max"
"ES_2023","gini_within_nwx",NA,NA,NA,NA,"pared_max"
"ES_2023","gini_between_nwx",NA,NA,NA,NA,"pared_max"
"ES_2023","d_gini_within",NA,NA,NA,NA,"pared_max"
"ES_2023","d_gini_between",NA,NA,NA,NA,"pared_max"
"ES_2023","gini_share_between_nw",NA,NA,NA,NA,"pared_max"
"ES_2023","gini_share_between_nwx",NA,NA,NA,NA,"pared_max"
"ES_2023","d_gini_share_between",NA,NA,NA,NA,"pared_max"
"ES_2023","mld_within_nw",NA,NA,NA,NA,"pared_max"
"ES_2023","mld_between_nw",NA,NA,NA,NA,"pared_max"
"ES_2023","mld_within_nwx",NA,NA,NA,NA,"pared_max"
"ES_2023","mld_between_nwx",NA,NA,NA,NA,"pared_max"
"ES_2023","d_mld_within",NA,NA,NA,NA,"pared_max"
"ES_2023","d_mld_between",NA,NA,NA,NA,"pared_max"
"ES_2023","mld_wtkept_nw",NA,NA,NA,NA,"pared_max"
"ES_2023","mld_wtkept_nwx",NA,NA,NA,NA,"pared_max"
"ES_2023","mld_ngrp_nw",NA,NA,NA,NA,"pared_max"
"ES_2023","mld_ngrp_nwx",NA,NA,NA,NA,"pared_max"
"ES_2023","I_nw",NA,NA,NA,NA,"pared_max"
"ES_2023","I_nwx",NA,NA,NA,NA,"pared_max"
"ES_2023","d_I",NA,NA,NA,NA,"pared_max"
"ES_2023","n_valid",NA,NA,NA,NA,"pared_max"
"ES_2023","pct_valid",NA,NA,NA,NA,"pared_max"
"FR_2023","cv2_total_nw",NA,NA,NA,NA,"pared_max"
"FR_2023","cv2_within_nw",NA,NA,NA,NA,"pared_max"
"FR_2023","cv2_between_nw",NA,NA,NA,NA,"pared_max"
"FR_2023","cv2_total_nwx",NA,NA,NA,NA,"pared_max"
"FR_2023","cv2_within_nwx",NA,NA,NA,NA,"pared_max"
"FR_2023","cv2_between_nwx",NA,NA,NA,NA,"pared_max"
"FR_2023","d_cv2_within",NA,NA,NA,NA,"pared_max"
"FR_2023","d_cv2_between",NA,NA,NA,NA,"pared_max"
"FR_2023","cv2_share_between_nw",NA,NA,NA,NA,"pared_max"
"FR_2023","cv2_share_between_nwx",NA,NA,NA,NA,"pared_max"
"FR_2023","d_cv2_share_between",NA,NA,NA,NA,"pared_max"
"FR_2023","var_total_nw",NA,NA,NA,NA,"pared_max"
"FR_2023","var_within_nw",NA,NA,NA,NA,"pared_max"
"FR_2023","var_between_nw",NA,NA,NA,NA,"pared_max"
"FR_2023","var_total_nwx",NA,NA,NA,NA,"pared_max"
"FR_2023","var_within_nwx",NA,NA,NA,NA,"pared_max"
"FR_2023","var_between_nwx",NA,NA,NA,NA,"pared_max"
"FR_2023","var_share_between_nw",NA,NA,NA,NA,"pared_max"
"FR_2023","var_share_between_nwx",NA,NA,NA,NA,"pared_max"
"FR_2023","d_var_share_between",NA,NA,NA,NA,"pared_max"
"FR_2023","gini_total_nw",NA,NA,NA,NA,"pared_max"
"FR_2023","gini_within_nw",NA,NA,NA,NA,"pared_max"
"FR_2023","gini_between_nw",NA,NA,NA,NA,"pared_max"
"FR_2023","gini_total_nwx",NA,NA,NA,NA,"pared_max"
"FR_2023","gini_within_nwx",NA,NA,NA,NA,"pared_max"
"FR_2023","gini_between_nwx",NA,NA,NA,NA,"pared_max"
"FR_2023","d_gini_within",NA,NA,NA,NA,"pared_max"
"FR_2023","d_gini_between",NA,NA,NA,NA,"pared_max"
"FR_2023","gini_share_between_nw",NA,NA,NA,NA,"pared_max"
"FR_2023","gini_share_between_nwx",NA,NA,NA,NA,"pared_max"
"FR_2023","d_gini_share_between",NA,NA,NA,NA,"pared_max"
"FR_2023","mld_within_nw",NA,NA,NA,NA,"pared_max"
"FR_2023","mld_between_nw",NA,NA,NA,NA,"pared_max"
"FR_2023","mld_within_nwx",NA,NA,NA,NA,"pared_max"
"FR_2023","mld_between_nwx",NA,NA,NA,NA,"pared_max"
"FR_2023","d_mld_within",NA,NA,NA,NA,"pared_max"
"FR_2023","d_mld_between",NA,NA,NA,NA,"pared_max"
"FR_2023","mld_wtkept_nw",NA,NA,NA,NA,"pared_max"
"FR_2023","mld_wtkept_nwx",NA,NA,NA,NA,"pared_max"
"FR_2023","mld_ngrp_nw",NA,NA,NA,NA,"pared_max"
"FR_2023","mld_ngrp_nwx",NA,NA,NA,NA,"pared_max"
"FR_2023","I_nw",NA,NA,NA,NA,"pared_max"
"FR_2023","I_nwx",NA,NA,NA,NA,"pared_max"
"FR_2023","d_I",NA,NA,NA,NA,"pared_max"
"FR_2023","n_valid",NA,NA,NA,NA,"pared_max"
"FR_2023","pct_valid",NA,NA,NA,NA,"pared_max"
"GR_2023","cv2_total_nw",NA,NA,NA,NA,"pared_max"
"GR_2023","cv2_within_nw",NA,NA,NA,NA,"pared_max"
"GR_2023","cv2_between_nw",NA,NA,NA,NA,"pared_max"
"GR_2023","cv2_total_nwx",NA,NA,NA,NA,"pared_max"
"GR_2023","cv2_within_nwx",NA,NA,NA,NA,"pared_max"
"GR_2023","cv2_between_nwx",NA,NA,NA,NA,"pared_max"
"GR_2023","d_cv2_within",NA,NA,NA,NA,"pared_max"
"GR_2023","d_cv2_between",NA,NA,NA,NA,"pared_max"
"GR_2023","cv2_share_between_nw",NA,NA,NA,NA,"pared_max"
"GR_2023","cv2_share_between_nwx",NA,NA,NA,NA,"pared_max"
"GR_2023","d_cv2_share_between",NA,NA,NA,NA,"pared_max"
"GR_2023","var_total_nw",NA,NA,NA,NA,"pared_max"
"GR_2023","var_within_nw",NA,NA,NA,NA,"pared_max"
"GR_2023","var_between_nw",NA,NA,NA,NA,"pared_max"
"GR_2023","var_total_nwx",NA,NA,NA,NA,"pared_max"
"GR_2023","var_within_nwx",NA,NA,NA,NA,"pared_max"
"GR_2023","var_between_nwx",NA,NA,NA,NA,"pared_max"
"GR_2023","var_share_between_nw",NA,NA,NA,NA,"pared_max"
"GR_2023","var_share_between_nwx",NA,NA,NA,NA,"pared_max"
"GR_2023","d_var_share_between",NA,NA,NA,NA,"pared_max"
"GR_2023","gini_total_nw",NA,NA,NA,NA,"pared_max"
"GR_2023","gini_within_nw",NA,NA,NA,NA,"pared_max"
"GR_2023","gini_between_nw",NA,NA,NA,NA,"pared_max"
"GR_2023","gini_total_nwx",NA,NA,NA,NA,"pared_max"
"GR_2023","gini_within_nwx",NA,NA,NA,NA,"pared_max"
"GR_2023","gini_between_nwx",NA,NA,NA,NA,"pared_max"
"GR_2023","d_gini_within",NA,NA,NA,NA,"pared_max"
"GR_2023","d_gini_between",NA,NA,NA,NA,"pared_max"
"GR_2023","gini_share_between_nw",NA,NA,NA,NA,"pared_max"
"GR_2023","gini_share_between_nwx",NA,NA,NA,NA,"pared_max"
"GR_2023","d_gini_share_between",NA,NA,NA,NA,"pared_max"
"GR_2023","mld_within_nw",NA,NA,NA,NA,"pared_max"
"GR_2023","mld_between_nw",NA,NA,NA,NA,"pared_max"
"GR_2023","mld_within_nwx",NA,NA,NA,NA,"pared_max"
"GR_2023","mld_between_nwx",NA,NA,NA,NA,"pared_max"
"GR_2023","d_mld_within",NA,NA,NA,NA,"pared_max"
"GR_2023","d_mld_between",NA,NA,NA,NA,"pared_max"
"GR_2023","mld_wtkept_nw",NA,NA,NA,NA,"pared_max"
"GR_2023","mld_wtkept_nwx",NA,NA,NA,NA,"pared_max"
"GR_2023","mld_ngrp_nw",NA,NA,NA,NA,"pared_max"
"GR_2023","mld_ngrp_nwx",NA,NA,NA,NA,"pared_max"
"GR_2023","I_nw",NA,NA,NA,NA,"pared_max"
"GR_2023","I_nwx",NA,NA,NA,NA,"pared_max"
"GR_2023","d_I",NA,NA,NA,NA,"pared_max"
"GR_2023","n_valid",NA,NA,NA,NA,"pared_max"
"GR_2023","pct_valid",NA,NA,NA,NA,"pared_max"
"HR_2023","cv2_total_nw",NA,NA,NA,NA,"pared_max"
"HR_2023","cv2_within_nw",NA,NA,NA,NA,"pared_max"
"HR_2023","cv2_between_nw",NA,NA,NA,NA,"pared_max"
"HR_2023","cv2_total_nwx",NA,NA,NA,NA,"pared_max"
"HR_2023","cv2_within_nwx",NA,NA,NA,NA,"pared_max"
"HR_2023","cv2_between_nwx",NA,NA,NA,NA,"pared_max"
"HR_2023","d_cv2_within",NA,NA,NA,NA,"pared_max"
"HR_2023","d_cv2_between",NA,NA,NA,NA,"pared_max"
"HR_2023","cv2_share_between_nw",NA,NA,NA,NA,"pared_max"
"HR_2023","cv2_share_between_nwx",NA,NA,NA,NA,"pared_max"
"HR_2023","d_cv2_share_between",NA,NA,NA,NA,"pared_max"
"HR_2023","var_total_nw",NA,NA,NA,NA,"pared_max"
"HR_2023","var_within_nw",NA,NA,NA,NA,"pared_max"
"HR_2023","var_between_nw",NA,NA,NA,NA,"pared_max"
"HR_2023","var_total_nwx",NA,NA,NA,NA,"pared_max"
"HR_2023","var_within_nwx",NA,NA,NA,NA,"pared_max"
"HR_2023","var_between_nwx",NA,NA,NA,NA,"pared_max"
"HR_2023","var_share_between_nw",NA,NA,NA,NA,"pared_max"
"HR_2023","var_share_between_nwx",NA,NA,NA,NA,"pared_max"
"HR_2023","d_var_share_between",NA,NA,NA,NA,"pared_max"
"HR_2023","gini_total_nw",NA,NA,NA,NA,"pared_max"
"HR_2023","gini_within_nw",NA,NA,NA,NA,"pared_max"
"HR_2023","gini_between_nw",NA,NA,NA,NA,"pared_max"
"HR_2023","gini_total_nwx",NA,NA,NA,NA,"pared_max"
"HR_2023","gini_within_nwx",NA,NA,NA,NA,"pared_max"
"HR_2023","gini_between_nwx",NA,NA,NA,NA,"pared_max"
"HR_2023","d_gini_within",NA,NA,NA,NA,"pared_max"
"HR_2023","d_gini_between",NA,NA,NA,NA,"pared_max"
"HR_2023","gini_share_between_nw",NA,NA,NA,NA,"pared_max"
"HR_2023","gini_share_between_nwx",NA,NA,NA,NA,"pared_max"
"HR_2023","d_gini_share_between",NA,NA,NA,NA,"pared_max"
"HR_2023","mld_within_nw",NA,NA,NA,NA,"pared_max"
"HR_2023","mld_between_nw",NA,NA,NA,NA,"pared_max"
"HR_2023","mld_within_nwx",NA,NA,NA,NA,"pared_max"
"HR_2023","mld_between_nwx",NA,NA,NA,NA,"pared_max"
"HR_2023","d_mld_within",NA,NA,NA,NA,"pared_max"
"HR_2023","d_mld_between",NA,NA,NA,NA,"pared_max"
"HR_2023","mld_wtkept_nw",NA,NA,NA,NA,"pared_max"
"HR_2023","mld_wtkept_nwx",NA,NA,NA,NA,"pared_max"
"HR_2023","mld_ngrp_nw",NA,NA,NA,NA,"pared_max"
"HR_2023","mld_ngrp_nwx",NA,NA,NA,NA,"pared_max"
"HR_2023","I_nw",NA,NA,NA,NA,"pared_max"
"HR_2023","I_nwx",NA,NA,NA,NA,"pared_max"
"HR_2023","d_I",NA,NA,NA,NA,"pared_max"
"HR_2023","n_valid",NA,NA,NA,NA,"pared_max"
"HR_2023","pct_valid",NA,NA,NA,NA,"pared_max"
"HU_2023","cv2_total_nw",NA,NA,NA,NA,"pared_max"
"HU_2023","cv2_within_nw",NA,NA,NA,NA,"pared_max"
"HU_2023","cv2_between_nw",NA,NA,NA,NA,"pared_max"
"HU_2023","cv2_total_nwx",NA,NA,NA,NA,"pared_max"
"HU_2023","cv2_within_nwx",NA,NA,NA,NA,"pared_max"
"HU_2023","cv2_between_nwx",NA,NA,NA,NA,"pared_max"
"HU_2023","d_cv2_within",NA,NA,NA,NA,"pared_max"
"HU_2023","d_cv2_between",NA,NA,NA,NA,"pared_max"
"HU_2023","cv2_share_between_nw",NA,NA,NA,NA,"pared_max"
"HU_2023","cv2_share_between_nwx",NA,NA,NA,NA,"pared_max"
"HU_2023","d_cv2_share_between",NA,NA,NA,NA,"pared_max"
"HU_2023","var_total_nw",NA,NA,NA,NA,"pared_max"
"HU_2023","var_within_nw",NA,NA,NA,NA,"pared_max"
"HU_2023","var_between_nw",NA,NA,NA,NA,"pared_max"
"HU_2023","var_total_nwx",NA,NA,NA,NA,"pared_max"
"HU_2023","var_within_nwx",NA,NA,NA,NA,"pared_max"
"HU_2023","var_between_nwx",NA,NA,NA,NA,"pared_max"
"HU_2023","var_share_between_nw",NA,NA,NA,NA,"pared_max"
"HU_2023","var_share_between_nwx",NA,NA,NA,NA,"pared_max"
"HU_2023","d_var_share_between",NA,NA,NA,NA,"pared_max"
"HU_2023","gini_total_nw",NA,NA,NA,NA,"pared_max"
"HU_2023","gini_within_nw",NA,NA,NA,NA,"pared_max"
"HU_2023","gini_between_nw",NA,NA,NA,NA,"pared_max"
"HU_2023","gini_total_nwx",NA,NA,NA,NA,"pared_max"
"HU_2023","gini_within_nwx",NA,NA,NA,NA,"pared_max"
"HU_2023","gini_between_nwx",NA,NA,NA,NA,"pared_max"
"HU_2023","d_gini_within",NA,NA,NA,NA,"pared_max"
"HU_2023","d_gini_between",NA,NA,NA,NA,"pared_max"
"HU_2023","gini_share_between_nw",NA,NA,NA,NA,"pared_max"
"HU_2023","gini_share_between_nwx",NA,NA,NA,NA,"pared_max"
"HU_2023","d_gini_share_between",NA,NA,NA,NA,"pared_max"
"HU_2023","mld_within_nw",NA,NA,NA,NA,"pared_max"
"HU_2023","mld_between_nw",NA,NA,NA,NA,"pared_max"
"HU_2023","mld_within_nwx",NA,NA,NA,NA,"pared_max"
"HU_2023","mld_between_nwx",NA,NA,NA,NA,"pared_max"
"HU_2023","d_mld_within",NA,NA,NA,NA,"pared_max"
"HU_2023","d_mld_between",NA,NA,NA,NA,"pared_max"
"HU_2023","mld_wtkept_nw",NA,NA,NA,NA,"pared_max"
"HU_2023","mld_wtkept_nwx",NA,NA,NA,NA,"pared_max"
"HU_2023","mld_ngrp_nw",NA,NA,NA,NA,"pared_max"
"HU_2023","mld_ngrp_nwx",NA,NA,NA,NA,"pared_max"
"HU_2023","I_nw",NA,NA,NA,NA,"pared_max"
"HU_2023","I_nwx",NA,NA,NA,NA,"pared_max"
"HU_2023","d_I",NA,NA,NA,NA,"pared_max"
"HU_2023","n_valid",NA,NA,NA,NA,"pared_max"
"HU_2023","pct_valid",NA,NA,NA,NA,"pared_max"
"LT_2023","cv2_total_nw",NA,NA,NA,NA,"pared_max"
"LT_2023","cv2_within_nw",NA,NA,NA,NA,"pared_max"
"LT_2023","cv2_between_nw",NA,NA,NA,NA,"pared_max"
"LT_2023","cv2_total_nwx",NA,NA,NA,NA,"pared_max"
"LT_2023","cv2_within_nwx",NA,NA,NA,NA,"pared_max"
"LT_2023","cv2_between_nwx",NA,NA,NA,NA,"pared_max"
"LT_2023","d_cv2_within",NA,NA,NA,NA,"pared_max"
"LT_2023","d_cv2_between",NA,NA,NA,NA,"pared_max"
"LT_2023","cv2_share_between_nw",NA,NA,NA,NA,"pared_max"
"LT_2023","cv2_share_between_nwx",NA,NA,NA,NA,"pared_max"
"LT_2023","d_cv2_share_between",NA,NA,NA,NA,"pared_max"
"LT_2023","var_total_nw",NA,NA,NA,NA,"pared_max"
"LT_2023","var_within_nw",NA,NA,NA,NA,"pared_max"
"LT_2023","var_between_nw",NA,NA,NA,NA,"pared_max"
"LT_2023","var_total_nwx",NA,NA,NA,NA,"pared_max"
"LT_2023","var_within_nwx",NA,NA,NA,NA,"pared_max"
"LT_2023","var_between_nwx",NA,NA,NA,NA,"pared_max"
"LT_2023","var_share_between_nw",NA,NA,NA,NA,"pared_max"
"LT_2023","var_share_between_nwx",NA,NA,NA,NA,"pared_max"
"LT_2023","d_var_share_between",NA,NA,NA,NA,"pared_max"
"LT_2023","gini_total_nw",NA,NA,NA,NA,"pared_max"
"LT_2023","gini_within_nw",NA,NA,NA,NA,"pared_max"
"LT_2023","gini_between_nw",NA,NA,NA,NA,"pared_max"
"LT_2023","gini_total_nwx",NA,NA,NA,NA,"pared_max"
"LT_2023","gini_within_nwx",NA,NA,NA,NA,"pared_max"
"LT_2023","gini_between_nwx",NA,NA,NA,NA,"pared_max"
"LT_2023","d_gini_within",NA,NA,NA,NA,"pared_max"
"LT_2023","d_gini_between",NA,NA,NA,NA,"pared_max"
"LT_2023","gini_share_between_nw",NA,NA,NA,NA,"pared_max"
"LT_2023","gini_share_between_nwx",NA,NA,NA,NA,"pared_max"
"LT_2023","d_gini_share_between",NA,NA,NA,NA,"pared_max"
"LT_2023","mld_within_nw",NA,NA,NA,NA,"pared_max"
"LT_2023","mld_between_nw",NA,NA,NA,NA,"pared_max"
"LT_2023","mld_within_nwx",NA,NA,NA,NA,"pared_max"
"LT_2023","mld_between_nwx",NA,NA,NA,NA,"pared_max"
"LT_2023","d_mld_within",NA,NA,NA,NA,"pared_max"
"LT_2023","d_mld_between",NA,NA,NA,NA,"pared_max"
"LT_2023","mld_wtkept_nw",NA,NA,NA,NA,"pared_max"
"LT_2023","mld_wtkept_nwx",NA,NA,NA,NA,"pared_max"
"LT_2023","mld_ngrp_nw",NA,NA,NA,NA,"pared_max"
"LT_2023","mld_ngrp_nwx",NA,NA,NA,NA,"pared_max"
"LT_2023","I_nw",NA,NA,NA,NA,"pared_max"
"LT_2023","I_nwx",NA,NA,NA,NA,"pared_max"
"LT_2023","d_I",NA,NA,NA,NA,"pared_max"
"LT_2023","n_valid",NA,NA,NA,NA,"pared_max"
"LT_2023","pct_valid",NA,NA,NA,NA,"pared_max"
"LU_2023","cv2_total_nw",NA,NA,NA,NA,"pared_max"
"LU_2023","cv2_within_nw",NA,NA,NA,NA,"pared_max"
"LU_2023","cv2_between_nw",NA,NA,NA,NA,"pared_max"
"LU_2023","cv2_total_nwx",NA,NA,NA,NA,"pared_max"
"LU_2023","cv2_within_nwx",NA,NA,NA,NA,"pared_max"
"LU_2023","cv2_between_nwx",NA,NA,NA,NA,"pared_max"
"LU_2023","d_cv2_within",NA,NA,NA,NA,"pared_max"
"LU_2023","d_cv2_between",NA,NA,NA,NA,"pared_max"
"LU_2023","cv2_share_between_nw",NA,NA,NA,NA,"pared_max"
"LU_2023","cv2_share_between_nwx",NA,NA,NA,NA,"pared_max"
"LU_2023","d_cv2_share_between",NA,NA,NA,NA,"pared_max"
"LU_2023","var_total_nw",NA,NA,NA,NA,"pared_max"
"LU_2023","var_within_nw",NA,NA,NA,NA,"pared_max"
"LU_2023","var_between_nw",NA,NA,NA,NA,"pared_max"
"LU_2023","var_total_nwx",NA,NA,NA,NA,"pared_max"
"LU_2023","var_within_nwx",NA,NA,NA,NA,"pared_max"
"LU_2023","var_between_nwx",NA,NA,NA,NA,"pared_max"
"LU_2023","var_share_between_nw",NA,NA,NA,NA,"pared_max"
"LU_2023","var_share_between_nwx",NA,NA,NA,NA,"pared_max"
"LU_2023","d_var_share_between",NA,NA,NA,NA,"pared_max"
"LU_2023","gini_total_nw",NA,NA,NA,NA,"pared_max"
"LU_2023","gini_within_nw",NA,NA,NA,NA,"pared_max"
"LU_2023","gini_between_nw",NA,NA,NA,NA,"pared_max"
"LU_2023","gini_total_nwx",NA,NA,NA,NA,"pared_max"
"LU_2023","gini_within_nwx",NA,NA,NA,NA,"pared_max"
"LU_2023","gini_between_nwx",NA,NA,NA,NA,"pared_max"
"LU_2023","d_gini_within",NA,NA,NA,NA,"pared_max"
"LU_2023","d_gini_between",NA,NA,NA,NA,"pared_max"
"LU_2023","gini_share_between_nw",NA,NA,NA,NA,"pared_max"
"LU_2023","gini_share_between_nwx",NA,NA,NA,NA,"pared_max"
"LU_2023","d_gini_share_between",NA,NA,NA,NA,"pared_max"
"LU_2023","mld_within_nw",NA,NA,NA,NA,"pared_max"
"LU_2023","mld_between_nw",NA,NA,NA,NA,"pared_max"
"LU_2023","mld_within_nwx",NA,NA,NA,NA,"pared_max"
"LU_2023","mld_between_nwx",NA,NA,NA,NA,"pared_max"
"LU_2023","d_mld_within",NA,NA,NA,NA,"pared_max"
"LU_2023","d_mld_between",NA,NA,NA,NA,"pared_max"
"LU_2023","mld_wtkept_nw",NA,NA,NA,NA,"pared_max"
"LU_2023","mld_wtkept_nwx",NA,NA,NA,NA,"pared_max"
"LU_2023","mld_ngrp_nw",NA,NA,NA,NA,"pared_max"
"LU_2023","mld_ngrp_nwx",NA,NA,NA,NA,"pared_max"
"LU_2023","I_nw",NA,NA,NA,NA,"pared_max"
"LU_2023","I_nwx",NA,NA,NA,NA,"pared_max"
"LU_2023","d_I",NA,NA,NA,NA,"pared_max"
"LU_2023","n_valid",NA,NA,NA,NA,"pared_max"
"LU_2023","pct_valid",NA,NA,NA,NA,"pared_max"
"LV_2023","cv2_total_nw",NA,NA,NA,NA,"pared_max"
"LV_2023","cv2_within_nw",NA,NA,NA,NA,"pared_max"
"LV_2023","cv2_between_nw",NA,NA,NA,NA,"pared_max"
"LV_2023","cv2_total_nwx",NA,NA,NA,NA,"pared_max"
"LV_2023","cv2_within_nwx",NA,NA,NA,NA,"pared_max"
"LV_2023","cv2_between_nwx",NA,NA,NA,NA,"pared_max"
"LV_2023","d_cv2_within",NA,NA,NA,NA,"pared_max"
"LV_2023","d_cv2_between",NA,NA,NA,NA,"pared_max"
"LV_2023","cv2_share_between_nw",NA,NA,NA,NA,"pared_max"
"LV_2023","cv2_share_between_nwx",NA,NA,NA,NA,"pared_max"
"LV_2023","d_cv2_share_between",NA,NA,NA,NA,"pared_max"
"LV_2023","var_total_nw",NA,NA,NA,NA,"pared_max"
"LV_2023","var_within_nw",NA,NA,NA,NA,"pared_max"
"LV_2023","var_between_nw",NA,NA,NA,NA,"pared_max"
"LV_2023","var_total_nwx",NA,NA,NA,NA,"pared_max"
"LV_2023","var_within_nwx",NA,NA,NA,NA,"pared_max"
"LV_2023","var_between_nwx",NA,NA,NA,NA,"pared_max"
"LV_2023","var_share_between_nw",NA,NA,NA,NA,"pared_max"
"LV_2023","var_share_between_nwx",NA,NA,NA,NA,"pared_max"
"LV_2023","d_var_share_between",NA,NA,NA,NA,"pared_max"
"LV_2023","gini_total_nw",NA,NA,NA,NA,"pared_max"
"LV_2023","gini_within_nw",NA,NA,NA,NA,"pared_max"
"LV_2023","gini_between_nw",NA,NA,NA,NA,"pared_max"
"LV_2023","gini_total_nwx",NA,NA,NA,NA,"pared_max"
"LV_2023","gini_within_nwx",NA,NA,NA,NA,"pared_max"
"LV_2023","gini_between_nwx",NA,NA,NA,NA,"pared_max"
"LV_2023","d_gini_within",NA,NA,NA,NA,"pared_max"
"LV_2023","d_gini_between",NA,NA,NA,NA,"pared_max"
"LV_2023","gini_share_between_nw",NA,NA,NA,NA,"pared_max"
"LV_2023","gini_share_between_nwx",NA,NA,NA,NA,"pared_max"
"LV_2023","d_gini_share_between",NA,NA,NA,NA,"pared_max"
"LV_2023","mld_within_nw",NA,NA,NA,NA,"pared_max"
"LV_2023","mld_between_nw",NA,NA,NA,NA,"pared_max"
"LV_2023","mld_within_nwx",NA,NA,NA,NA,"pared_max"
"LV_2023","mld_between_nwx",NA,NA,NA,NA,"pared_max"
"LV_2023","d_mld_within",NA,NA,NA,NA,"pared_max"
"LV_2023","d_mld_between",NA,NA,NA,NA,"pared_max"
"LV_2023","mld_wtkept_nw",NA,NA,NA,NA,"pared_max"
"LV_2023","mld_wtkept_nwx",NA,NA,NA,NA,"pared_max"
"LV_2023","mld_ngrp_nw",NA,NA,NA,NA,"pared_max"
"LV_2023","mld_ngrp_nwx",NA,NA,NA,NA,"pared_max"
"LV_2023","I_nw",NA,NA,NA,NA,"pared_max"
"LV_2023","I_nwx",NA,NA,NA,NA,"pared_max"
"LV_2023","d_I",NA,NA,NA,NA,"pared_max"
"LV_2023","n_valid",NA,NA,NA,NA,"pared_max"
"LV_2023","pct_valid",NA,NA,NA,NA,"pared_max"
"MT_2023","cv2_total_nw",NA,NA,NA,NA,"pared_max"
"MT_2023","cv2_within_nw",NA,NA,NA,NA,"pared_max"
"MT_2023","cv2_between_nw",NA,NA,NA,NA,"pared_max"
"MT_2023","cv2_total_nwx",NA,NA,NA,NA,"pared_max"
"MT_2023","cv2_within_nwx",NA,NA,NA,NA,"pared_max"
"MT_2023","cv2_between_nwx",NA,NA,NA,NA,"pared_max"
"MT_2023","d_cv2_within",NA,NA,NA,NA,"pared_max"
"MT_2023","d_cv2_between",NA,NA,NA,NA,"pared_max"
"MT_2023","cv2_share_between_nw",NA,NA,NA,NA,"pared_max"
"MT_2023","cv2_share_between_nwx",NA,NA,NA,NA,"pared_max"
"MT_2023","d_cv2_share_between",NA,NA,NA,NA,"pared_max"
"MT_2023","var_total_nw",NA,NA,NA,NA,"pared_max"
"MT_2023","var_within_nw",NA,NA,NA,NA,"pared_max"
"MT_2023","var_between_nw",NA,NA,NA,NA,"pared_max"
"MT_2023","var_total_nwx",NA,NA,NA,NA,"pared_max"
"MT_2023","var_within_nwx",NA,NA,NA,NA,"pared_max"
"MT_2023","var_between_nwx",NA,NA,NA,NA,"pared_max"
"MT_2023","var_share_between_nw",NA,NA,NA,NA,"pared_max"
"MT_2023","var_share_between_nwx",NA,NA,NA,NA,"pared_max"
"MT_2023","d_var_share_between",NA,NA,NA,NA,"pared_max"
"MT_2023","gini_total_nw",NA,NA,NA,NA,"pared_max"
"MT_2023","gini_within_nw",NA,NA,NA,NA,"pared_max"
"MT_2023","gini_between_nw",NA,NA,NA,NA,"pared_max"
"MT_2023","gini_total_nwx",NA,NA,NA,NA,"pared_max"
"MT_2023","gini_within_nwx",NA,NA,NA,NA,"pared_max"
"MT_2023","gini_between_nwx",NA,NA,NA,NA,"pared_max"
"MT_2023","d_gini_within",NA,NA,NA,NA,"pared_max"
"MT_2023","d_gini_between",NA,NA,NA,NA,"pared_max"
"MT_2023","gini_share_between_nw",NA,NA,NA,NA,"pared_max"
"MT_2023","gini_share_between_nwx",NA,NA,NA,NA,"pared_max"
"MT_2023","d_gini_share_between",NA,NA,NA,NA,"pared_max"
"MT_2023","mld_within_nw",NA,NA,NA,NA,"pared_max"
"MT_2023","mld_between_nw",NA,NA,NA,NA,"pared_max"
"MT_2023","mld_within_nwx",NA,NA,NA,NA,"pared_max"
"MT_2023","mld_between_nwx",NA,NA,NA,NA,"pared_max"
"MT_2023","d_mld_within",NA,NA,NA,NA,"pared_max"
"MT_2023","d_mld_between",NA,NA,NA,NA,"pared_max"
"MT_2023","mld_wtkept_nw",NA,NA,NA,NA,"pared_max"
"MT_2023","mld_wtkept_nwx",NA,NA,NA,NA,"pared_max"
"MT_2023","mld_ngrp_nw",NA,NA,NA,NA,"pared_max"
"MT_2023","mld_ngrp_nwx",NA,NA,NA,NA,"pared_max"
"MT_2023","I_nw",NA,NA,NA,NA,"pared_max"
"MT_2023","I_nwx",NA,NA,NA,NA,"pared_max"
"MT_2023","d_I",NA,NA,NA,NA,"pared_max"
"MT_2023","n_valid",NA,NA,NA,NA,"pared_max"
"MT_2023","pct_valid",NA,NA,NA,NA,"pared_max"
"NL_2023","cv2_total_nw",NA,NA,NA,NA,"pared_max"
"NL_2023","cv2_within_nw",NA,NA,NA,NA,"pared_max"
"NL_2023","cv2_between_nw",NA,NA,NA,NA,"pared_max"
"NL_2023","cv2_total_nwx",NA,NA,NA,NA,"pared_max"
"NL_2023","cv2_within_nwx",NA,NA,NA,NA,"pared_max"
"NL_2023","cv2_between_nwx",NA,NA,NA,NA,"pared_max"
"NL_2023","d_cv2_within",NA,NA,NA,NA,"pared_max"
"NL_2023","d_cv2_between",NA,NA,NA,NA,"pared_max"
"NL_2023","cv2_share_between_nw",NA,NA,NA,NA,"pared_max"
"NL_2023","cv2_share_between_nwx",NA,NA,NA,NA,"pared_max"
"NL_2023","d_cv2_share_between",NA,NA,NA,NA,"pared_max"
"NL_2023","var_total_nw",NA,NA,NA,NA,"pared_max"
"NL_2023","var_within_nw",NA,NA,NA,NA,"pared_max"
"NL_2023","var_between_nw",NA,NA,NA,NA,"pared_max"
"NL_2023","var_total_nwx",NA,NA,NA,NA,"pared_max"
"NL_2023","var_within_nwx",NA,NA,NA,NA,"pared_max"
"NL_2023","var_between_nwx",NA,NA,NA,NA,"pared_max"
"NL_2023","var_share_between_nw",NA,NA,NA,NA,"pared_max"
"NL_2023","var_share_between_nwx",NA,NA,NA,NA,"pared_max"
"NL_2023","d_var_share_between",NA,NA,NA,NA,"pared_max"
"NL_2023","gini_total_nw",NA,NA,NA,NA,"pared_max"
"NL_2023","gini_within_nw",NA,NA,NA,NA,"pared_max"
"NL_2023","gini_between_nw",NA,NA,NA,NA,"pared_max"
"NL_2023","gini_total_nwx",NA,NA,NA,NA,"pared_max"
"NL_2023","gini_within_nwx",NA,NA,NA,NA,"pared_max"
"NL_2023","gini_between_nwx",NA,NA,NA,NA,"pared_max"
"NL_2023","d_gini_within",NA,NA,NA,NA,"pared_max"
"NL_2023","d_gini_between",NA,NA,NA,NA,"pared_max"
"NL_2023","gini_share_between_nw",NA,NA,NA,NA,"pared_max"
"NL_2023","gini_share_between_nwx",NA,NA,NA,NA,"pared_max"
"NL_2023","d_gini_share_between",NA,NA,NA,NA,"pared_max"
"NL_2023","mld_within_nw",NA,NA,NA,NA,"pared_max"
"NL_2023","mld_between_nw",NA,NA,NA,NA,"pared_max"
"NL_2023","mld_within_nwx",NA,NA,NA,NA,"pared_max"
"NL_2023","mld_between_nwx",NA,NA,NA,NA,"pared_max"
"NL_2023","d_mld_within",NA,NA,NA,NA,"pared_max"
"NL_2023","d_mld_between",NA,NA,NA,NA,"pared_max"
"NL_2023","mld_wtkept_nw",NA,NA,NA,NA,"pared_max"
"NL_2023","mld_wtkept_nwx",NA,NA,NA,NA,"pared_max"
"NL_2023","mld_ngrp_nw",NA,NA,NA,NA,"pared_max"
"NL_2023","mld_ngrp_nwx",NA,NA,NA,NA,"pared_max"
"NL_2023","I_nw",NA,NA,NA,NA,"pared_max"
"NL_2023","I_nwx",NA,NA,NA,NA,"pared_max"
"NL_2023","d_I",NA,NA,NA,NA,"pared_max"
"NL_2023","n_valid",NA,NA,NA,NA,"pared_max"
"NL_2023","pct_valid",NA,NA,NA,NA,"pared_max"
"PT_2023","cv2_total_nw",5.15050335721861,0.92359114328138,3.3402647163871,6.96074199805011,"pared_max"
"PT_2023","cv2_within_nw",5.07405683181942,0.922724897158352,3.26551603338905,6.88259763024979,"pared_max"
"PT_2023","cv2_between_nw",0.0764465253991898,0.0215122389916371,0.0342825369755812,0.118610513822798,"pared_max"
"PT_2023","cv2_total_nwx",9.3290149439598,2.06550276792035,5.28062951883592,13.3774003690837,"pared_max"
"PT_2023","cv2_within_nwx",9.27731964428597,2.0720076426078,5.21618466477469,13.3384546237973,"pared_max"
"PT_2023","cv2_between_nwx",0.0516952996738252,0.0271622584597388,-0.00154272690726281,0.104933326254913,"pared_max"
"PT_2023","d_cv2_within",-4.20326281246656,1.78689761397478,-7.70558213585712,-0.700943489075997,"pared_max"
"PT_2023","d_cv2_between",0.0247512257253646,0.0174356507060654,-0.00942264965852358,0.0589251011092527,"pared_max"
"PT_2023","cv2_share_between_nw",0.0148925529248894,0.00503570875455717,0.00502256376595736,0.0247625420838215,"pared_max"
"PT_2023","cv2_share_between_nwx",0.00559467446629197,0.00343169956771918,-0.00113145668643764,0.0123208056190216,"pared_max"
"PT_2023","d_cv2_share_between",0.00929787845859744,0.00391167684811107,0.00163099183629975,0.0169647650808951,"pared_max"
"PT_2023","var_total_nw",459699058725.212,134927320501.856,195241510541.575,724156606908.85,"pared_max"
"PT_2023","var_within_nw",452871624553.233,133786003462.225,190651057767.272,715092191339.193,"pared_max"
"PT_2023","var_between_nw",6827434171.97971,2586598691.06481,1757700737.49268,11897167606.4667,"pared_max"
"PT_2023","var_total_nwx",492604480949.485,148475151521.847,201593183966.665,783615777932.304,"pared_max"
"PT_2023","var_within_nwx",489870460173.376,148298763173.969,199204884352.397,780536035994.354,"pared_max"
"PT_2023","var_between_nwx",2734020776.109,1720236611.46646,-637642982.365261,6105684534.58326,"pared_max"
"PT_2023","var_share_between_nw",0.0148925529248894,0.00503570875455717,0.00502256376595736,0.0247625420838215,"pared_max"
"PT_2023","var_share_between_nwx",0.00559467446629197,0.00343169956771918,-0.00113145668643764,0.0123208056190216,"pared_max"
"PT_2023","d_var_share_between",0.00929787845859744,0.00391167684811107,0.00163099183629975,0.0169647650808951,"pared_max"
"PT_2023","gini_total_nw",0.648040190893564,0.0090438181223757,0.630314307373708,0.665766074413421,"pared_max"
"PT_2023","gini_within_nw",0.62691736909805,0.00970980376748724,0.607886153713775,0.645948584482325,"pared_max"
"PT_2023","gini_between_nw",0.0211228217955147,0.00462475664564149,0.0120582987700574,0.030187344820972,"pared_max"
"PT_2023","gini_total_nwx",0.868646935576971,0.0388305700781581,0.792539018223781,0.944754852930161,"pared_max"
"PT_2023","gini_within_nwx",0.845359528167351,0.0352366144656294,0.776295763814717,0.914423292519984,"pared_max"
"PT_2023","gini_between_nwx",0.0232874074096207,0.00682290300634704,0.00991451751718045,0.0366602973020609,"pared_max"
"PT_2023","d_gini_within",-0.218442159069301,0.0355656109368435,-0.288150756505514,-0.148733561633087,"pared_max"
"PT_2023","d_gini_between",-0.00216458561410593,0.00470390719956427,-0.0113842437252519,0.00705507249704003,"pared_max"
"PT_2023","gini_share_between_nw",0.0325964232210884,0.00708514847219043,0.0187095322155952,0.0464833142265817,"pared_max"
"PT_2023","gini_share_between_nwx",0.0267601371068704,0.00704919502487661,0.0129437148581122,0.0405765593556285,"pared_max"
"PT_2023","d_gini_share_between",0.00583628611421803,0.0046506812471222,-0.00327904913014147,0.0149516213585775,"pared_max"
"PT_2023","mld_within_nw",1.13402708828166,0.0309792996692255,1.07330766092998,1.19474651563334,"pared_max"
"PT_2023","mld_between_nw",0.0284610816739693,0.00715794907236637,0.0144315014921313,0.0424906618558074,"pared_max"
"PT_2023","mld_within_nwx",1.16259433711326,0.0340323346914427,1.09589096111803,1.22929771310849,"pared_max"
"PT_2023","mld_between_nwx",0.0239911323447108,0.00751977259523221,0.00925237805805566,0.0387298866313659,"pared_max"
"PT_2023","d_mld_within",-0.0285672488315996,0.0101069813113566,-0.0483769322018587,-0.00875756546134063,"pared_max"
"PT_2023","d_mld_between",0.00446994932925855,0.00273076028997115,-0.000882340839084906,0.00982223949760201,"pared_max"
"PT_2023","mld_wtkept_nw",0.960568490499017,0.00283667885132053,0.955008599950429,0.966128381047605,"pared_max"
"PT_2023","mld_wtkept_nwx",0.881788266419433,0.00433184487576717,0.873297850462929,0.890278682375937,"pared_max"
"PT_2023","mld_ngrp_nw",2,0,2,2,"pared_max"
"PT_2023","mld_ngrp_nwx",2,0,2,2,"pared_max"
"PT_2023","I_nw",0.243457220319335,0.0289692126580348,0.186677563509587,0.300236877129083,"pared_max"
"PT_2023","I_nwx",0.179360056180189,0.0273156502756328,0.125821381639949,0.23289873072043,"pared_max"
"PT_2023","d_I",0.0640971641391456,0.0159013059999358,0.0329306043792715,0.0952637238990197,"pared_max"
"PT_2023","n_valid",5460,2028.14544646088,1484.83492493668,9435.16507506332,"pared_max"
"PT_2023","pct_valid",1,0.37145520997452,0.271947788449941,1.72805221155006,"pared_max"
"SI_2023","cv2_total_nw",NA,NA,NA,NA,"pared_max"
"SI_2023","cv2_within_nw",NA,NA,NA,NA,"pared_max"
"SI_2023","cv2_between_nw",NA,NA,NA,NA,"pared_max"
"SI_2023","cv2_total_nwx",NA,NA,NA,NA,"pared_max"
"SI_2023","cv2_within_nwx",NA,NA,NA,NA,"pared_max"
"SI_2023","cv2_between_nwx",NA,NA,NA,NA,"pared_max"
"SI_2023","d_cv2_within",NA,NA,NA,NA,"pared_max"
"SI_2023","d_cv2_between",NA,NA,NA,NA,"pared_max"
"SI_2023","cv2_share_between_nw",NA,NA,NA,NA,"pared_max"
"SI_2023","cv2_share_between_nwx",NA,NA,NA,NA,"pared_max"
"SI_2023","d_cv2_share_between",NA,NA,NA,NA,"pared_max"
"SI_2023","var_total_nw",NA,NA,NA,NA,"pared_max"
"SI_2023","var_within_nw",NA,NA,NA,NA,"pared_max"
"SI_2023","var_between_nw",NA,NA,NA,NA,"pared_max"
"SI_2023","var_total_nwx",NA,NA,NA,NA,"pared_max"
"SI_2023","var_within_nwx",NA,NA,NA,NA,"pared_max"
"SI_2023","var_between_nwx",NA,NA,NA,NA,"pared_max"
"SI_2023","var_share_between_nw",NA,NA,NA,NA,"pared_max"
"SI_2023","var_share_between_nwx",NA,NA,NA,NA,"pared_max"
"SI_2023","d_var_share_between",NA,NA,NA,NA,"pared_max"
"SI_2023","gini_total_nw",NA,NA,NA,NA,"pared_max"
"SI_2023","gini_within_nw",NA,NA,NA,NA,"pared_max"
"SI_2023","gini_between_nw",NA,NA,NA,NA,"pared_max"
"SI_2023","gini_total_nwx",NA,NA,NA,NA,"pared_max"
"SI_2023","gini_within_nwx",NA,NA,NA,NA,"pared_max"
"SI_2023","gini_between_nwx",NA,NA,NA,NA,"pared_max"
"SI_2023","d_gini_within",NA,NA,NA,NA,"pared_max"
"SI_2023","d_gini_between",NA,NA,NA,NA,"pared_max"
"SI_2023","gini_share_between_nw",NA,NA,NA,NA,"pared_max"
"SI_2023","gini_share_between_nwx",NA,NA,NA,NA,"pared_max"
"SI_2023","d_gini_share_between",NA,NA,NA,NA,"pared_max"
"SI_2023","mld_within_nw",NA,NA,NA,NA,"pared_max"
"SI_2023","mld_between_nw",NA,NA,NA,NA,"pared_max"
"SI_2023","mld_within_nwx",NA,NA,NA,NA,"pared_max"
"SI_2023","mld_between_nwx",NA,NA,NA,NA,"pared_max"
"SI_2023","d_mld_within",NA,NA,NA,NA,"pared_max"
"SI_2023","d_mld_between",NA,NA,NA,NA,"pared_max"
"SI_2023","mld_wtkept_nw",NA,NA,NA,NA,"pared_max"
"SI_2023","mld_wtkept_nwx",NA,NA,NA,NA,"pared_max"
"SI_2023","mld_ngrp_nw",NA,NA,NA,NA,"pared_max"
"SI_2023","mld_ngrp_nwx",NA,NA,NA,NA,"pared_max"
"SI_2023","I_nw",NA,NA,NA,NA,"pared_max"
"SI_2023","I_nwx",NA,NA,NA,NA,"pared_max"
"SI_2023","d_I",NA,NA,NA,NA,"pared_max"
"SI_2023","n_valid",NA,NA,NA,NA,"pared_max"
"SI_2023","pct_valid",NA,NA,NA,NA,"pared_max"
"SK_2023","cv2_total_nw",NA,NA,NA,NA,"pared_max"
"SK_2023","cv2_within_nw",NA,NA,NA,NA,"pared_max"
"SK_2023","cv2_between_nw",NA,NA,NA,NA,"pared_max"
"SK_2023","cv2_total_nwx",NA,NA,NA,NA,"pared_max"
"SK_2023","cv2_within_nwx",NA,NA,NA,NA,"pared_max"
"SK_2023","cv2_between_nwx",NA,NA,NA,NA,"pared_max"
"SK_2023","d_cv2_within",NA,NA,NA,NA,"pared_max"
"SK_2023","d_cv2_between",NA,NA,NA,NA,"pared_max"
"SK_2023","cv2_share_between_nw",NA,NA,NA,NA,"pared_max"
"SK_2023","cv2_share_between_nwx",NA,NA,NA,NA,"pared_max"
"SK_2023","d_cv2_share_between",NA,NA,NA,NA,"pared_max"
"SK_2023","var_total_nw",NA,NA,NA,NA,"pared_max"
"SK_2023","var_within_nw",NA,NA,NA,NA,"pared_max"
"SK_2023","var_between_nw",NA,NA,NA,NA,"pared_max"
"SK_2023","var_total_nwx",NA,NA,NA,NA,"pared_max"
"SK_2023","var_within_nwx",NA,NA,NA,NA,"pared_max"
"SK_2023","var_between_nwx",NA,NA,NA,NA,"pared_max"
"SK_2023","var_share_between_nw",NA,NA,NA,NA,"pared_max"
"SK_2023","var_share_between_nwx",NA,NA,NA,NA,"pared_max"
"SK_2023","d_var_share_between",NA,NA,NA,NA,"pared_max"
"SK_2023","gini_total_nw",NA,NA,NA,NA,"pared_max"
"SK_2023","gini_within_nw",NA,NA,NA,NA,"pared_max"
"SK_2023","gini_between_nw",NA,NA,NA,NA,"pared_max"
"SK_2023","gini_total_nwx",NA,NA,NA,NA,"pared_max"
"SK_2023","gini_within_nwx",NA,NA,NA,NA,"pared_max"
"SK_2023","gini_between_nwx",NA,NA,NA,NA,"pared_max"
"SK_2023","d_gini_within",NA,NA,NA,NA,"pared_max"
"SK_2023","d_gini_between",NA,NA,NA,NA,"pared_max"
"SK_2023","gini_share_between_nw",NA,NA,NA,NA,"pared_max"
"SK_2023","gini_share_between_nwx",NA,NA,NA,NA,"pared_max"
"SK_2023","d_gini_share_between",NA,NA,NA,NA,"pared_max"
"SK_2023","mld_within_nw",NA,NA,NA,NA,"pared_max"
"SK_2023","mld_between_nw",NA,NA,NA,NA,"pared_max"
"SK_2023","mld_within_nwx",NA,NA,NA,NA,"pared_max"
"SK_2023","mld_between_nwx",NA,NA,NA,NA,"pared_max"
"SK_2023","d_mld_within",NA,NA,NA,NA,"pared_max"
"SK_2023","d_mld_between",NA,NA,NA,NA,"pared_max"
"SK_2023","mld_wtkept_nw",NA,NA,NA,NA,"pared_max"
"SK_2023","mld_wtkept_nwx",NA,NA,NA,NA,"pared_max"
"SK_2023","mld_ngrp_nw",NA,NA,NA,NA,"pared_max"
"SK_2023","mld_ngrp_nwx",NA,NA,NA,NA,"pared_max"
"SK_2023","I_nw",NA,NA,NA,NA,"pared_max"
"SK_2023","I_nwx",NA,NA,NA,NA,"pared_max"
"SK_2023","d_I",NA,NA,NA,NA,"pared_max"
"SK_2023","n_valid",NA,NA,NA,NA,"pared_max"
"SK_2023","pct_valid",NA,NA,NA,NA,"pared_max"
