"country","stat_name","estimate","se","ci_lo","ci_hi"
"AT_2023","baseline_3pct_gini_nw",0.699731497952375,0.0137564015535763,0.672768950907366,0.726694044997385
"AT_2023","baseline_3pct_gini_nwx",-21.7487473639472,261.016096856483,-533.340297202654,489.84280247476
"AT_2023","baseline_3pct_gini_ratio",-0.0904260671217235,0.120331006067203,-0.326274839013442,0.145422704769995
"AT_2023","baseline_3pct_gini_ok",0,0,0,0
"AT_2023","baseline_3pct_gini_keptmin",1,0,1,1
"AT_2023","baseline_3pct_gini_naltmax",0,0,0,0
"AT_2023","baseline_3pct_gini_rsv_nw",0.697077626160137,0.0139699879526983,0.669696449772849,0.724458802547426
"AT_2023","baseline_3pct_gini_rsv_nwx",0.872438598332993,0.0188924041918604,0.835409486116947,0.90946771054904
"AT_2023","baseline_3pct_gini_rsv_ratio",0.799094195386009,0.0229467758854898,0.754118514650449,0.844069876121569
"AT_2023","baseline_3pct_gini_rsv_ok",1,0,1,1
"AT_2023","baseline_3pct_gini_rsv_keptmin",1,0,1,1
"AT_2023","baseline_3pct_gini_rsv_naltmax",0,0,0,0
"AT_2023","baseline_3pct_cv_nw",2.37374299017505,0.615480709490144,1.16740079957437,3.58008518077573
"AT_2023","baseline_3pct_cv_nwx",-150.528499596731,1637.12558578902,-3359.29464774322,3058.23764854976
"AT_2023","baseline_3pct_cv_ratio",-0.0384435083161929,0.055446253352383,-0.147118164886864,0.0702311482544778
"AT_2023","baseline_3pct_cv_ok",0,0.448107130048162,-0.878289974894397,0.878289974894397
"AT_2023","baseline_3pct_cv_keptmin",1,0,1,1
"AT_2023","baseline_3pct_cv_naltmax",0,0,0,0
"AT_2023","baseline_3pct_top10_nw",0.514033503837544,0.0237055915709811,0.467570544358421,0.560496463316667
"AT_2023","baseline_3pct_top10_nwx",NA,NA,NA,NA
"AT_2023","baseline_3pct_top10_ratio",NA,NA,NA,NA
"AT_2023","baseline_3pct_top10_ok",0,0,0,0
"AT_2023","baseline_3pct_top10_keptmin",1,0,1,1
"AT_2023","baseline_3pct_top10_naltmax",0,0,0,0
"AT_2023","baseline_3pct_top1_nw",0.169728318286225,0.033660309269293,0.103754112118411,0.23570252445404
"AT_2023","baseline_3pct_top1_nwx",NA,NA,NA,NA
"AT_2023","baseline_3pct_top1_ratio",NA,NA,NA,NA
"AT_2023","baseline_3pct_top1_ok",0,0.175499287747842,-0.343978603985771,0.343978603985771
"AT_2023","baseline_3pct_top1_keptmin",1,0,1,1
"AT_2023","baseline_3pct_top1_naltmax",0,0,0,0
"AT_2023","baseline_3pct_sgini4_nw",0.923859137640505,0.00480054302956398,0.91445007330256,0.933268201978451
"AT_2023","baseline_3pct_sgini4_nwx",-47.7084155291888,567.921606234512,-1160.83476374883,1065.41793269045
"AT_2023","baseline_3pct_sgini4_ratio",-0.0515896646787474,0.0665671828089752,-0.182061342984339,0.078882013626844
"AT_2023","baseline_3pct_sgini4_ok",0,0.448107130048162,-0.878289974894397,0.878289974894397
"AT_2023","baseline_3pct_sgini4_keptmin",1,0,1,1
"AT_2023","baseline_3pct_sgini4_naltmax",0,0,0,0
"AT_2023","baseline_3pct_gini_abs_nw",236632.649562427,17172.4176239439,202974.711019497,270290.588105357
"AT_2023","baseline_3pct_gini_abs_nwx",418893.820914643,88863.7645621239,244720.84237288,593066.799456406
"AT_2023","baseline_3pct_gini_abs_ratio",0.568921696288134,0.104246185179163,0.364599173336974,0.773244219239294
"AT_2023","baseline_3pct_gini_abs_ok",1,0,1,1
"AT_2023","baseline_3pct_gini_abs_keptmin",1,0,1,1
"AT_2023","baseline_3pct_gini_abs_naltmax",0,0,0,0
"AT_2023","baseline_3pct_variance_nw",673462635895.535,456282406201.595,-220850880259.591,1567776152050.66
"AT_2023","baseline_3pct_variance_nwx",9234123555548.43,10041985987571,-10448168980090.6,28916416091187.5
"AT_2023","baseline_3pct_variance_ratio",0.0892935620284746,0.164682067344152,-0.233483289966063,0.412070414023012
"AT_2023","baseline_3pct_variance_ok",1,0,1,1
"AT_2023","baseline_3pct_variance_keptmin",1,0,1,1
"AT_2023","baseline_3pct_variance_naltmax",0,0,0,0
"AT_2023","baseline_3pct_kolm0.5_nw",0.106575364936793,0.0268026169596723,0.0540422356958353,0.159108494177751
"AT_2023","baseline_3pct_kolm0.5_nwx",146.634499148015,54.0846396043288,40.6286055235307,252.640392772499
"AT_2023","baseline_3pct_kolm0.5_ratio",0.000757534579836116,0.000242635380176225,0.000281969234690715,0.00123309992498152
"AT_2023","baseline_3pct_kolm0.5_ok",1,0,1,1
"AT_2023","baseline_3pct_kolm0.5_keptmin",1,0,1,1
"AT_2023","baseline_3pct_kolm0.5_naltmax",0,0,0,0
"AT_2023","baseline_3pct_kolm1_nw",0.154009590652294,0.0421007292128108,0.0714921613951848,0.236527019909403
"AT_2023","baseline_3pct_kolm1_nwx",154.742048847249,54.0486875103181,48.8066213270251,260.677476367472
"AT_2023","baseline_3pct_kolm1_ratio",0.00103025944279575,0.000311193878458396,0.000420319441017295,0.00164019944457421
"AT_2023","baseline_3pct_kolm1_ok",1,0,1,1
"AT_2023","baseline_3pct_kolm1_keptmin",1,0,1,1
"AT_2023","baseline_3pct_kolm1_naltmax",0,0,0,0
"AT_2023","baseline_3pct_p75_p25_nw",391651.4,14684.765869445,362869.258895888,420433.541104112
"AT_2023","baseline_3pct_p75_p25_nwx",270983.8,10648.2039756988,250113.32020763,291854.27979237
"AT_2023","baseline_3pct_p75_p25_ratio",1.44540689551902,0.0653022920747332,1.31741440305254,1.57339938798549
"AT_2023","baseline_3pct_p75_p25_ok",1,0,1,1
"AT_2023","baseline_3pct_p75_p25_keptmin",1,0,1,1
"AT_2023","baseline_3pct_p75_p25_naltmax",0,0,0,0
"AT_2023","baseline_3pct_p90_p10_nw",793568,27467.0597696171,739732.562851551,847403.437148449
"AT_2023","baseline_3pct_p90_p10_nwx",789893.9520512,58865.8733577717,674516.840269968,905271.063832433
"AT_2023","baseline_3pct_p90_p10_ratio",1.00490839792104,0.0698803959844712,0.867942821791473,1.1418739740506
"AT_2023","baseline_3pct_p90_p10_ok",1,0,1,1
"AT_2023","baseline_3pct_p90_p10_keptmin",1,0,1,1
"AT_2023","baseline_3pct_p90_p10_naltmax",0,0,0,0
"AT_2023","baseline_3pct_inter1_nw",0.368023548183521,0.226823002985342,-0.0765495376677488,0.812596634034791
"AT_2023","baseline_3pct_inter1_nwx",0.000370708062784151,0.000335755876523177,-0.000287373455201276,0.00102878958076958
"AT_2023","baseline_3pct_inter1_ratio",1043.88925591929,3868.24340369497,-6537.86781532284,8625.64632716143
"AT_2023","baseline_3pct_inter1_ok",1,0,1,1
"AT_2023","baseline_3pct_inter1_keptmin",1,0,1,1
"AT_2023","baseline_3pct_inter1_naltmax",0,0,0,0
"AT_2023","baseline_3pct_inter2_nw",1.07793876246594,1.15644029449296,-1.18868421474025,3.34456173967214
"AT_2023","baseline_3pct_inter2_nwx",0.000245835392630737,0.000215325148343665,-0.000176201898122847,0.00066787268338432
"AT_2023","baseline_3pct_inter2_ratio",4969.18396788328,13597.4381154443,-21681.7947383875,31620.1626741541
"AT_2023","baseline_3pct_inter2_ok",1,0,1,1
"AT_2023","baseline_3pct_inter2_keptmin",1,0,1,1
"AT_2023","baseline_3pct_inter2_naltmax",0,0,0,0
"AT_2023","baseline_3pct_ge2_nw",2.73822366556424,1.57582012773809,-0.350383784802407,5.82683111593089
"AT_2023","baseline_3pct_ge2_nwx",3.25698155067791,3.11934054334982,-2.85692591428773,9.37088901564355
"AT_2023","baseline_3pct_ge2_ratio",0.950202980248027,0.287422525188536,0.386854830878496,1.51355112961756
"AT_2023","baseline_3pct_ge2_ok",1,0,1,1
"AT_2023","baseline_3pct_ge2_keptmin",0.773408570733856,0.00925997653075395,0.755259016733578,0.791558124734133
"AT_2023","baseline_3pct_ge2_naltmax",0.226591429266144,0.00925997653075396,0.208441875265866,0.244740983266422
"AT_2023","baseline_3pct_ge_theil_nw",0.966720525401035,0.105165076058831,0.760596976325726,1.17284407447635
"AT_2023","baseline_3pct_ge_theil_nwx",0.986431707958184,0.160014145236931,0.6728039832938,1.30005943262257
"AT_2023","baseline_3pct_ge_theil_ratio",0.983936373587696,0.0728236176361958,0.841202083020752,1.12667066415464
"AT_2023","baseline_3pct_ge_theil_ok",1,0,1,1
"AT_2023","baseline_3pct_ge_theil_keptmin",0.773408570733856,0.00925997653075395,0.755259016733578,0.791558124734133
"AT_2023","baseline_3pct_ge_theil_naltmax",0.226591429266144,0.00925997653075396,0.208441875265866,0.244740983266422
"AT_2023","baseline_3pct_ge_mld_nw",1.37638701019973,0.0478466768367593,1.28260752359968,1.47016649679978
"AT_2023","baseline_3pct_ge_mld_nwx",1.35828568915189,0.0629258896765613,1.23495094538583,1.48162043291795
"AT_2023","baseline_3pct_ge_mld_ratio",1.01357271258934,0.0277255960402181,0.959230544350511,1.06791488082817
"AT_2023","baseline_3pct_ge_mld_ok",1,0,1,1
"AT_2023","baseline_3pct_ge_mld_keptmin",0.773408570733856,0.00925997653075395,0.755259016733578,0.791558124734133
"AT_2023","baseline_3pct_ge_mld_naltmax",0.226591429266144,0.00925997653075396,0.208441875265866,0.244740983266422
"AT_2023","baseline_3pct_atkinson05_nw",0.423186049278165,0.0191034335149213,0.385743319588919,0.46062877896741
"AT_2023","baseline_3pct_atkinson05_nwx",0.425872796060527,0.0262709732478361,0.374381688494768,0.477363903626286
"AT_2023","baseline_3pct_atkinson05_ratio",0.994207930524653,0.0326376488846859,0.930238138710669,1.05817772233864
"AT_2023","baseline_3pct_atkinson05_ok",1,0,1,1
"AT_2023","baseline_3pct_atkinson05_keptmin",0.773408570733856,0.00925997653075395,0.755259016733578,0.791558124734133
"AT_2023","baseline_3pct_atkinson05_naltmax",0.226591429266144,0.00925997653075396,0.208441875265866,0.244740983266422
"AT_2023","baseline_3pct_atkinson1_nw",0.747471688509954,0.011968192590726,0.724014031032132,0.770929345987777
"AT_2023","baseline_3pct_atkinson1_nwx",0.74277115681332,0.0159202935900365,0.711567381376849,0.773974932249792
"AT_2023","baseline_3pct_atkinson1_ratio",1.00638130051084,0.0128617079080616,0.98117235301104,1.03159024801064
"AT_2023","baseline_3pct_atkinson1_ok",1,0,1,1
"AT_2023","baseline_3pct_atkinson1_keptmin",0.773408570733856,0.00925997653075395,0.755259016733578,0.791558124734133
"AT_2023","baseline_3pct_atkinson1_naltmax",0.226591429266144,0.00925997653075396,0.208441875265866,0.244740983266422
"AT_2023","baseline_3pct_atkinson2_nw",0.990627978916075,0.00392418386302026,0.982936578544556,0.998319379287595
"AT_2023","baseline_3pct_atkinson2_nwx",0.984398817473478,0.00386480113551291,0.976823807247873,0.991973827699084
"AT_2023","baseline_3pct_atkinson2_ratio",1.00632836703399,0.00416679816307425,0.998161442634368,1.01449529143362
"AT_2023","baseline_3pct_atkinson2_ok",1,0,1,1
"AT_2023","baseline_3pct_atkinson2_keptmin",0.773408570733856,0.00925997653075395,0.755259016733578,0.791558124734133
"AT_2023","baseline_3pct_atkinson2_naltmax",0.226591429266144,0.00925997653075396,0.208441875265866,0.244740983266422
"AT_2023","baseline_3pct_ge2_bach1_nw",2.88992882427611,1.64754344842178,-0.339256334630573,6.11911398318279
"AT_2023","baseline_3pct_ge2_bach1_nwx",4.36265268665861,4.05217790339648,-3.57961600399849,12.3049213773157
"AT_2023","baseline_3pct_ge2_bach1_ratio",0.741122965852376,0.211752414125424,0.326088234166546,1.15615769753821
"AT_2023","baseline_3pct_ge2_bach1_ok",1,0,1,1
"AT_2023","baseline_3pct_ge2_bach1_keptmin",1,0,1,1
"AT_2023","baseline_3pct_ge2_bach1_naltmax",0.226591429266144,0.00925997653075396,0.208441875265866,0.244740983266422
"AT_2023","baseline_3pct_ge_theil_bach1_nw",1.01257944744946,0.104844919910498,0.807083404424882,1.21807549047404
"AT_2023","baseline_3pct_ge_theil_bach1_nwx",1.24336712523099,0.162048993192054,0.925751098574564,1.56098315188742
"AT_2023","baseline_3pct_ge_theil_bach1_ratio",0.815998634759914,0.0458803024139589,0.726073242028555,0.905924027491274
"AT_2023","baseline_3pct_ge_theil_bach1_ok",1,0,1,1
"AT_2023","baseline_3pct_ge_theil_bach1_keptmin",1,0,1,1
"AT_2023","baseline_3pct_ge_theil_bach1_naltmax",0.226591429266144,0.00925997653075396,0.208441875265866,0.244740983266422
"AT_2023","baseline_3pct_ge_mld_bach1_nw",1.84163927066664,0.0596177687215019,1.72478844397249,1.95849009736078
"AT_2023","baseline_3pct_ge_mld_bach1_nwx",3.62988783481113,0.117003599690494,3.40056077941777,3.8592148902045
"AT_2023","baseline_3pct_ge_mld_bach1_ratio",0.507387076534684,0.0161939735471842,0.475646888382202,0.539127264687165
"AT_2023","baseline_3pct_ge_mld_bach1_ok",1,0,1,1
"AT_2023","baseline_3pct_ge_mld_bach1_keptmin",1,0,1,1
"AT_2023","baseline_3pct_ge_mld_bach1_naltmax",0.226591429266144,0.00925997653075396,0.208441875265866,0.244740983266422
"AT_2023","baseline_3pct_atkinson05_bach1_nw",0.448929658009535,0.0181620445794033,0.413332050633904,0.484527265385165
"AT_2023","baseline_3pct_atkinson05_bach1_nwx",0.555287410540334,0.0217369618142343,0.512682965384435,0.597891855696234
"AT_2023","baseline_3pct_atkinson05_bach1_ratio",0.808535804818374,0.0192021404663614,0.770899609504306,0.846172000132443
"AT_2023","baseline_3pct_atkinson05_bach1_ok",1,0,1,1
"AT_2023","baseline_3pct_atkinson05_bach1_keptmin",1,0,1,1
"AT_2023","baseline_3pct_atkinson05_bach1_naltmax",0.226591429266144,0.00925997653075396,0.208441875265866,0.244740983266422
"AT_2023","baseline_3pct_atkinson1_bach1_nw",0.841423543861242,0.00942032237745533,0.82295971200143,0.859887375721055
"AT_2023","baseline_3pct_atkinson1_bach1_nwx",0.973452401534271,0.00307676800187414,0.967421936250598,0.979482866817944
"AT_2023","baseline_3pct_atkinson1_bach1_ratio",0.864368981145431,0.0086310946455879,0.847452035640078,0.881285926650783
"AT_2023","baseline_3pct_atkinson1_bach1_ok",1,0,1,1
"AT_2023","baseline_3pct_atkinson1_bach1_keptmin",1,0,1,1
"AT_2023","baseline_3pct_atkinson1_bach1_naltmax",0.226591429266144,0.00925997653075396,0.208441875265866,0.244740983266422
"AT_2023","baseline_3pct_atkinson2_bach1_nw",0.999934541923262,6.66337088438846e-06,0.999921481716329,0.999947602130196
"AT_2023","baseline_3pct_atkinson2_bach1_nwx",0.999979103923287,1.53483259510707e-06,0.999976095651401,0.999982112195173
"AT_2023","baseline_3pct_atkinson2_bach1_ratio",0.999955437068605,6.0441539496363e-06,0.999943590526864,0.999967283610347
"AT_2023","baseline_3pct_atkinson2_bach1_ok",1,0,1,1
"AT_2023","baseline_3pct_atkinson2_bach1_keptmin",1,0,1,1
"AT_2023","baseline_3pct_atkinson2_bach1_naltmax",0.226591429266144,0.00925997653075396,0.208441875265866,0.244740983266422
"AT_2023","baseline_3pct_mu_ratio_nw",0.996203615948475,0.00152574320565641,0.993213159265388,0.999194072631562
"AT_2023","baseline_3pct_mu_ratio_nwx",-0.113897402471909,0.154015964852011,-0.41576869358185,0.187973888638033
"BE_2023","baseline_3pct_gini_nw",0.603788573368038,0.0208249203354601,0.562971729510537,0.64460541722554
"BE_2023","baseline_3pct_gini_nwx",0.769565574886265,0.142292528269542,0.490672219477962,1.04845893029457
"BE_2023","baseline_3pct_gini_ratio",0.784584131476083,0.100590178615939,0.587427381388843,0.981740881563323
"BE_2023","baseline_3pct_gini_ok",1,0.331058907144937,0.351124541995924,1.64887545800408
"BE_2023","baseline_3pct_gini_keptmin",1,0,1,1
"BE_2023","baseline_3pct_gini_naltmax",0,0,0,0
"BE_2023","baseline_3pct_gini_rsv_nw",0.602592073450142,0.0208001905225191,0.561823700026005,0.64336044687428
"BE_2023","baseline_3pct_gini_rsv_nwx",0.665046769495718,0.0287895119651294,0.608619326044064,0.721474212947372
"BE_2023","baseline_3pct_gini_rsv_ratio",0.906089170963692,0.0183208641314355,0.870180277266078,0.941998064661306
"BE_2023","baseline_3pct_gini_rsv_ok",1,0,1,1
"BE_2023","baseline_3pct_gini_rsv_keptmin",1,0,1,1
"BE_2023","baseline_3pct_gini_rsv_naltmax",0,0,0,0
"BE_2023","baseline_3pct_cv_nw",1.79371225497678,0.319307269990174,1.16787000579604,2.41955450415752
"BE_2023","baseline_3pct_cv_nwx",2.44837487318763,0.708256495832535,1.06019214135586,3.8365576050194
"BE_2023","baseline_3pct_cv_ratio",0.732614392578498,0.128467170861067,0.480818737690807,0.984410047466189
"BE_2023","baseline_3pct_cv_ok",1,0,1,1
"BE_2023","baseline_3pct_cv_keptmin",1,0,1,1
"BE_2023","baseline_3pct_cv_naltmax",0,0,0,0
"BE_2023","baseline_3pct_top10_nw",0.426573201237233,0.0294594841445328,0.368832612313949,0.484313790160518
"BE_2023","baseline_3pct_top10_nwx",0.497847662636429,0.0573790907932164,0.385384644681724,0.610310680591133
"BE_2023","baseline_3pct_top10_ratio",0.856835287074168,0.0503117613960646,0.758224234737882,0.955446339410455
"BE_2023","baseline_3pct_top10_ok",1,0,1,1
"BE_2023","baseline_3pct_top10_keptmin",1,0,1,1
"BE_2023","baseline_3pct_top10_naltmax",0,0,0,0
"BE_2023","baseline_3pct_top1_nw",0.127402300978549,0.0259641084405051,0.0765126484351593,0.178291953521939
"BE_2023","baseline_3pct_top1_nwx",0.161327702185492,0.0371778667468973,0.0884590833615731,0.23419632100941
"BE_2023","baseline_3pct_top1_ratio",0.789717770566007,0.0620182090730602,0.668162080782809,0.911273460349205
"BE_2023","baseline_3pct_top1_ok",1,0,1,1
"BE_2023","baseline_3pct_top1_keptmin",1,0,1,1
"BE_2023","baseline_3pct_top1_naltmax",0,0,0,0
"BE_2023","baseline_3pct_sgini4_nw",0.851593762007457,0.0111233100990312,0.829792074213356,0.873395449801558
"BE_2023","baseline_3pct_sgini4_nwx",1.17886661398949,0.317786713568567,0.556004655395097,1.80172857258388
"BE_2023","baseline_3pct_sgini4_ratio",0.722385412942809,0.13070300703281,0.466207519158501,0.978563306727118
"BE_2023","baseline_3pct_sgini4_ok",1,0,1,1
"BE_2023","baseline_3pct_sgini4_keptmin",1,0,1,1
"BE_2023","baseline_3pct_sgini4_naltmax",0,0,0,0
"BE_2023","baseline_3pct_gini_abs_nw",248619.210847716,24869.4637324925,199875.061932031,297363.359763402
"BE_2023","baseline_3pct_gini_abs_nwx",242573.717967038,35015.4646222135,173943.407307499,311204.028626576
"BE_2023","baseline_3pct_gini_abs_ratio",1.02492332422833,0.0577386560376608,0.911755558394518,1.13809109006215
"BE_2023","baseline_3pct_gini_abs_ok",1,0,1,1
"BE_2023","baseline_3pct_gini_abs_keptmin",1,0,1,1
"BE_2023","baseline_3pct_gini_abs_naltmax",0,0,0,0
"BE_2023","baseline_3pct_variance_nw",545515271171.561,313501350779.107,-68947376355.4895,1159977918698.61
"BE_2023","baseline_3pct_variance_nwx",595594778304.228,398742377582.708,-185940281757.879,1377129838366.34
"BE_2023","baseline_3pct_variance_ratio",0.915914515629203,0.184384512246816,0.554520871625445,1.27730815963296
"BE_2023","baseline_3pct_variance_ok",1,0,1,1
"BE_2023","baseline_3pct_variance_keptmin",1,0,1,1
"BE_2023","baseline_3pct_variance_naltmax",0,0,0,0
"BE_2023","baseline_3pct_kolm0.5_nw",0.113588623541222,0.0211416006188045,0.0721510863283654,0.155026160754079
"BE_2023","baseline_3pct_kolm0.5_nwx",0.993922262564737,1.51062521397769,-1.96690315683154,3.95474768196101
"BE_2023","baseline_3pct_kolm0.5_ratio",0.114307822444235,0.298468877023368,-0.470691176521566,0.699306821410036
"BE_2023","baseline_3pct_kolm0.5_ok",1,0,1,1
"BE_2023","baseline_3pct_kolm0.5_keptmin",1,0,1,1
"BE_2023","baseline_3pct_kolm0.5_naltmax",0,0,0,0
"BE_2023","baseline_3pct_kolm1_nw",0.170138142958318,0.0348388427664927,0.101854011135992,0.238422274780644
"BE_2023","baseline_3pct_kolm1_nwx",7.22894862661918,3.57872331328039,0.214650932589608,14.2432463206487
"BE_2023","baseline_3pct_kolm1_ratio",0.0235365392217475,0.189813733495171,-0.348498378428789,0.395571456872284
"BE_2023","baseline_3pct_kolm1_ok",1,0,1,1
"BE_2023","baseline_3pct_kolm1_keptmin",1,0,1,1
"BE_2023","baseline_3pct_kolm1_naltmax",0,0,0,0
"BE_2023","baseline_3pct_p75_p25_nw",464958.8,21373.3580425606,423067.018236581,506850.581763419
"BE_2023","baseline_3pct_p75_p25_nwx",399017.362384875,18008.8708158573,363719.975585795,434314.749183956
"BE_2023","baseline_3pct_p75_p25_ratio",1.16532558414782,0.0438827986574281,1.07931529877926,1.25133586951638
"BE_2023","baseline_3pct_p75_p25_ok",1,0,1,1
"BE_2023","baseline_3pct_p75_p25_keptmin",1,0,1,1
"BE_2023","baseline_3pct_p75_p25_naltmax",0,0,0,0
"BE_2023","baseline_3pct_p90_p10_nw",923233.114,50926.0032637556,823418.147603039,1023048.08039696
"BE_2023","baseline_3pct_p90_p10_nwx",769695.462227453,45805.069949984,679917.525125484,859473.399329422
"BE_2023","baseline_3pct_p90_p10_ratio",1.19959066796957,0.0537763646067838,1.09418899334027,1.30499234259887
"BE_2023","baseline_3pct_p90_p10_ok",1,0,1,1
"BE_2023","baseline_3pct_p90_p10_keptmin",1,0,1,1
"BE_2023","baseline_3pct_p90_p10_naltmax",0,0,0,0
"BE_2023","baseline_3pct_inter1_nw",0.388558708834694,0.100767797076856,0.191053826564056,0.586063591105332
"BE_2023","baseline_3pct_inter1_nwx",0.00165320173345361,0.00408430958427586,-0.00635204505172707,0.00965844851863429
"BE_2023","baseline_3pct_inter1_ratio",235.010420596752,114.040113035531,11.4917990471107,458.529042146393
"BE_2023","baseline_3pct_inter1_ok",1,0,1,1
"BE_2023","baseline_3pct_inter1_keptmin",1,0,1,1
"BE_2023","baseline_3pct_inter1_naltmax",0,0,0,0
"BE_2023","baseline_3pct_inter2_nw",0.862090248453995,0.442107050487623,-0.0044395705017457,1.72862006740974
"BE_2023","baseline_3pct_inter2_nwx",0.00180298792610583,0.00582785048477484,-0.00961959902405284,0.0132255748762645
"BE_2023","baseline_3pct_inter2_ratio",478.092506722056,212.975917982638,60.6597074760866,895.525305968026
"BE_2023","baseline_3pct_inter2_ok",1,0,1,1
"BE_2023","baseline_3pct_inter2_keptmin",1,0,1,1
"BE_2023","baseline_3pct_inter2_naltmax",0,0,0,0
"BE_2023","baseline_3pct_ge2_nw",1.56368718379424,0.620338972148151,0.34782279838386,2.77955156920461
"BE_2023","baseline_3pct_ge2_nwx",1.90918978966735,0.819155085434932,0.303645822214886,3.51473375711982
"BE_2023","baseline_3pct_ge2_ratio",0.819031410557091,0.0386441854777359,0.743288807020728,0.894774014093453
"BE_2023","baseline_3pct_ge2_ok",1,0,1,1
"BE_2023","baseline_3pct_ge2_keptmin",0.904891235987047,0.00910499921396469,0.887045437527676,0.922737034446418
"BE_2023","baseline_3pct_ge2_naltmax",0.0951087640129528,0.00910499921396469,0.077262965553582,0.112954562472324
"BE_2023","baseline_3pct_ge_theil_nw",0.700773885124947,0.0889621591982786,0.526408053096321,0.875139717153573
"BE_2023","baseline_3pct_ge_theil_nwx",0.749163035870611,0.107097814335147,0.539251319773723,0.9590747519675
"BE_2023","baseline_3pct_ge_theil_ratio",0.935410241308621,0.0220143682612873,0.892262079516498,0.978558403100744
"BE_2023","baseline_3pct_ge_theil_ok",1,0,1,1
"BE_2023","baseline_3pct_ge_theil_keptmin",0.904891235987047,0.00910499921396469,0.887045437527676,0.922737034446418
"BE_2023","baseline_3pct_ge_theil_naltmax",0.0951087640129528,0.00910499921396469,0.077262965553582,0.112954562472324
"BE_2023","baseline_3pct_ge_mld_nw",1.07328593653289,0.0670030884923124,0.941959883087958,1.20461198997782
"BE_2023","baseline_3pct_ge_mld_nwx",1.08143550864229,0.071155634879175,0.941970464279108,1.22090055300547
"BE_2023","baseline_3pct_ge_mld_ratio",0.992460721858902,0.0188536734634186,0.955507521870602,1.0294139218472
"BE_2023","baseline_3pct_ge_mld_ok",1,0,1,1
"BE_2023","baseline_3pct_ge_mld_keptmin",0.904891235987047,0.00910499921396469,0.887045437527676,0.922737034446418
"BE_2023","baseline_3pct_ge_mld_naltmax",0.0951087640129528,0.00910499921396469,0.077262965553582,0.112954562472324
"BE_2023","baseline_3pct_atkinson05_nw",0.328994389898795,0.0225298748989584,0.284835835096836,0.373152944700753
"BE_2023","baseline_3pct_atkinson05_nwx",0.339428487690364,0.0257350382782007,0.28898781266509,0.389869162715637
"BE_2023","baseline_3pct_atkinson05_ratio",0.969259438066149,0.0160073655964064,0.937885001497192,1.00063387463511
"BE_2023","baseline_3pct_atkinson05_ok",1,0,1,1
"BE_2023","baseline_3pct_atkinson05_keptmin",0.904891235987047,0.00910499921396469,0.887045437527676,0.922737034446418
"BE_2023","baseline_3pct_atkinson05_naltmax",0.0951087640129528,0.00910499921396469,0.077262965553582,0.112954562472324
"BE_2023","baseline_3pct_atkinson1_nw",0.658107120270895,0.0219248783516105,0.615134358701739,0.701079881840052
"BE_2023","baseline_3pct_atkinson1_nwx",0.660884749102399,0.0229953047652475,0.615813951762514,0.705955546442284
"BE_2023","baseline_3pct_atkinson1_ratio",0.995795986911685,0.0102906243368932,0.975626363211375,1.015965610612
"BE_2023","baseline_3pct_atkinson1_ok",1,0,1,1
"BE_2023","baseline_3pct_atkinson1_keptmin",0.904891235987047,0.00910499921396469,0.887045437527676,0.922737034446418
"BE_2023","baseline_3pct_atkinson1_naltmax",0.0951087640129528,0.00910499921396469,0.077262965553582,0.112954562472324
"BE_2023","baseline_3pct_atkinson2_nw",0.994678908435481,0.00568698956652427,0.983532408885093,1.00582540798587
"BE_2023","baseline_3pct_atkinson2_nwx",0.990710825747459,0.00810187975811964,0.974831141421545,1.00659051007337
"BE_2023","baseline_3pct_atkinson2_ratio",1.00400533734429,0.00734035923736358,0.989618233239058,1.01839244144952
"BE_2023","baseline_3pct_atkinson2_ok",1,0,1,1
"BE_2023","baseline_3pct_atkinson2_keptmin",0.904891235987047,0.00910499921396469,0.887045437527676,0.922737034446418
"BE_2023","baseline_3pct_atkinson2_naltmax",0.0951087640129528,0.00910499921396469,0.077262965553582,0.112954562472324
"BE_2023","baseline_3pct_ge2_bach1_nw",1.60440372690154,0.632802564263406,0.364110700945268,2.84469675285782
"BE_2023","baseline_3pct_ge2_bach1_nwx",2.16242206623223,0.907769099649318,0.383194630919569,3.9416495015449
"BE_2023","baseline_3pct_ge2_bach1_ratio",0.741950056844389,0.0308328419911379,0.681517686541758,0.802382427147019
"BE_2023","baseline_3pct_ge2_bach1_ok",1,0,1,1
"BE_2023","baseline_3pct_ge2_bach1_keptmin",1,0,1,1
"BE_2023","baseline_3pct_ge2_bach1_naltmax",0.0951087640129528,0.00910499921396469,0.077262965553582,0.112954562472324
"BE_2023","baseline_3pct_ge_theil_bach1_nw",0.720310328353979,0.0889883772426034,0.545893108958477,0.894727547749482
"BE_2023","baseline_3pct_ge_theil_bach1_nwx",0.849100647471512,0.1080925445336,0.637239260185655,1.06096203475737
"BE_2023","baseline_3pct_ge_theil_bach1_ratio",0.848321851142764,0.0153722779513464,0.818192186358126,0.878451515927403
"BE_2023","baseline_3pct_ge_theil_bach1_ok",1,0,1,1
"BE_2023","baseline_3pct_ge_theil_bach1_keptmin",1,0,1,1
"BE_2023","baseline_3pct_ge_theil_bach1_naltmax",0.0951087640129528,0.00910499921396469,0.077262965553582,0.112954562472324
"BE_2023","baseline_3pct_ge_mld_bach1_nw",1.2835110117367,0.0775777175609595,1.13145868531722,1.43556333815618
"BE_2023","baseline_3pct_ge_mld_bach1_nwx",2.0995104273928,0.120594657896449,1.86314489791576,2.33587595686984
"BE_2023","baseline_3pct_ge_mld_bach1_ratio",0.611355223387261,0.027744789122543,0.556975436707077,0.665735010067445
"BE_2023","baseline_3pct_ge_mld_bach1_ok",1,0,1,1
"BE_2023","baseline_3pct_ge_mld_bach1_keptmin",1,0,1,1
"BE_2023","baseline_3pct_ge_mld_bach1_naltmax",0.0951087640129528,0.00910499921396469,0.077262965553582,0.112954562472324
"BE_2023","baseline_3pct_atkinson05_bach1_nw",0.341928051917594,0.0221483974869942,0.298517192843086,0.385338910992103
"BE_2023","baseline_3pct_atkinson05_bach1_nwx",0.402002593393737,0.0242309206526495,0.354509988914544,0.44949519787293
"BE_2023","baseline_3pct_atkinson05_bach1_ratio",0.850562220566313,0.0140044124030273,0.82311357225638,0.878010868876247
"BE_2023","baseline_3pct_atkinson05_bach1_ok",1,0,1,1
"BE_2023","baseline_3pct_atkinson05_bach1_keptmin",1,0,1,1
"BE_2023","baseline_3pct_atkinson05_bach1_naltmax",0.0951087640129528,0.00910499921396469,0.077262965553582,0.112954562472324
"BE_2023","baseline_3pct_atkinson1_bach1_nw",0.722933844075885,0.0205267495547794,0.682701414948518,0.763166273203253
"BE_2023","baseline_3pct_atkinson1_bach1_nwx",0.87746873224824,0.0139188559287784,0.850187774627834,0.904749689868646
"BE_2023","baseline_3pct_atkinson1_bach1_ratio",0.823886247121322,0.017191342953807,0.790191214931861,0.857581279310784
"BE_2023","baseline_3pct_atkinson1_bach1_ok",1,0,1,1
"BE_2023","baseline_3pct_atkinson1_bach1_keptmin",1,0,1,1
"BE_2023","baseline_3pct_atkinson1_bach1_naltmax",0.0951087640129528,0.00910499921396469,0.077262965553582,0.112954562472324
"BE_2023","baseline_3pct_atkinson2_bach1_nw",0.999877273941269,2.80716095868166e-05,0.999822253586479,0.99993229429606
"BE_2023","baseline_3pct_atkinson2_bach1_nwx",0.999969152021559,3.40448926539494e-06,0.999962479222599,0.999975824820519
"BE_2023","baseline_3pct_atkinson2_bach1_ratio",0.999908119084722,2.66927912034615e-05,0.999855801213963,0.99996043695548
"BE_2023","baseline_3pct_atkinson2_bach1_ok",1,0,1,1
"BE_2023","baseline_3pct_atkinson2_bach1_keptmin",1,0,1,1
"BE_2023","baseline_3pct_atkinson2_bach1_naltmax",0.0951087640129528,0.00910499921396469,0.077262965553582,0.112954562472324
"BE_2023","baseline_3pct_mu_ratio_nw",0.998018426065674,0.00122342166517551,0.99562051960193,1.00041633252942
"BE_2023","baseline_3pct_mu_ratio_nwx",0.864185849132685,0.0973411286430947,0.673397236992219,1.05497446127315
"CY_2023","baseline_3pct_gini_nw",0.610119338682465,0.0168253045804038,0.577141741704874,0.643096935660056
"CY_2023","baseline_3pct_gini_nwx",0.866307399021542,0.0513250638873063,0.765710273802422,0.966904524240663
"CY_2023","baseline_3pct_gini_ratio",0.704329850008606,0.0401839296078866,0.625569347977149,0.783090352040064
"CY_2023","baseline_3pct_gini_ok",1,0.125698050899765,0.75363182023646,1.24636817976354
"CY_2023","baseline_3pct_gini_keptmin",1,0,1,1
"CY_2023","baseline_3pct_gini_naltmax",0,0,0,0
"CY_2023","baseline_3pct_gini_rsv_nw",0.599086681852702,0.0149254420514024,0.569832815431953,0.628340548273451
"CY_2023","baseline_3pct_gini_rsv_nwx",0.686478977805328,0.0144172542018148,0.658221159569771,0.714736796040885
"CY_2023","baseline_3pct_gini_rsv_ratio",0.872684739033185,0.0142625925022824,0.844730057728711,0.900639420337658
"CY_2023","baseline_3pct_gini_rsv_ok",1,0,1,1
"CY_2023","baseline_3pct_gini_rsv_keptmin",1,0,1,1
"CY_2023","baseline_3pct_gini_rsv_naltmax",0,0,0,0
"CY_2023","baseline_3pct_cv_nw",1.51200702222615,0.120100877213985,1.27660930288674,1.74740474156556
"CY_2023","baseline_3pct_cv_nwx",2.09504278014611,0.180846169814547,1.7405842873096,2.44950127298262
"CY_2023","baseline_3pct_cv_ratio",0.721571491124364,0.0432135980605251,0.636872838925734,0.806270143322993
"CY_2023","baseline_3pct_cv_ok",1,0,1,1
"CY_2023","baseline_3pct_cv_keptmin",1,0,1,1
"CY_2023","baseline_3pct_cv_naltmax",0,0,0,0
"CY_2023","baseline_3pct_top10_nw",0.427257137411708,0.020983055910274,0.386130347827571,0.468383926995845
"CY_2023","baseline_3pct_top10_nwx",0.529481926838457,0.0276283095942511,0.475330440033725,0.583633413643189
"CY_2023","baseline_3pct_top10_ratio",0.806876920719375,0.0281621504051016,0.751679105925376,0.862074735513374
"CY_2023","baseline_3pct_top10_ok",1,0,1,1
"CY_2023","baseline_3pct_top10_keptmin",1,0,1,1
"CY_2023","baseline_3pct_top10_naltmax",0,0,0,0
"CY_2023","baseline_3pct_top1_nw",0.107481902738078,0.0143980598516899,0.0792617054287653,0.13570210004739
"CY_2023","baseline_3pct_top1_nwx",0.140828617713762,0.0206189274022917,0.10041552000527,0.181241715422254
"CY_2023","baseline_3pct_top1_ratio",0.763604314100936,0.035310402860218,0.694395924494909,0.832812703706963
"CY_2023","baseline_3pct_top1_ok",1,0,1,1
"CY_2023","baseline_3pct_top1_keptmin",1,0,1,1
"CY_2023","baseline_3pct_top1_naltmax",0,0,0,0
"CY_2023","baseline_3pct_sgini4_nw",0.876036079862086,0.0203497724584696,0.836150525843486,0.915921633880687
"CY_2023","baseline_3pct_sgini4_nwx",1.36842535786757,0.109976524082462,1.15287137066594,1.58397934506919
"CY_2023","baseline_3pct_sgini4_ratio",0.640332902620272,0.0480923326236294,0.546071930677959,0.734593874562586
"CY_2023","baseline_3pct_sgini4_ok",1,0,1,1
"CY_2023","baseline_3pct_sgini4_keptmin",1,0,1,1
"CY_2023","baseline_3pct_sgini4_naltmax",0,0,0,0
"CY_2023","baseline_3pct_gini_abs_nw",238261.413057391,15281.3333021561,208309.999785165,268212.826329617
"CY_2023","baseline_3pct_gini_abs_nwx",239316.525100354,15510.7187796055,208915.516292327,269717.53390838
"CY_2023","baseline_3pct_gini_abs_ratio",0.995568994259479,0.0262951686180405,0.944030463768119,1.04710752475084
"CY_2023","baseline_3pct_gini_abs_ok",1,0,1,1
"CY_2023","baseline_3pct_gini_abs_keptmin",1,0,1,1
"CY_2023","baseline_3pct_gini_abs_naltmax",0,0,0,0
"CY_2023","baseline_3pct_variance_nw",350208446830.641,78916625035.98,195531861760.12,504885031901.161
"CY_2023","baseline_3pct_variance_nwx",336777770535.304,77430792270.0245,185013417686.056,488542123384.552
"CY_2023","baseline_3pct_variance_ratio",1.04035521955767,0.0648987621241683,0.913153645794303,1.16755679332104
"CY_2023","baseline_3pct_variance_ok",1,0,1,1
"CY_2023","baseline_3pct_variance_keptmin",1,0,1,1
"CY_2023","baseline_3pct_variance_naltmax",0,0,0,0
"CY_2023","baseline_3pct_kolm0.5_nw",0.148822678779903,0.0107492641452797,0.127754121055155,0.169891236504652
"CY_2023","baseline_3pct_kolm0.5_nwx",0.179433935040475,0.0416269032234465,0.0978452047225202,0.26102266535843
"CY_2023","baseline_3pct_kolm0.5_ratio",0.83261774550596,0.145099418274664,0.548222885687617,1.1170126053243
"CY_2023","baseline_3pct_kolm0.5_ok",1,0,1,1
"CY_2023","baseline_3pct_kolm0.5_keptmin",1,0,1,1
"CY_2023","baseline_3pct_kolm0.5_naltmax",0,0,0,0
"CY_2023","baseline_3pct_kolm1_nw",0.229662895661777,0.0216364002333614,0.187255551204389,0.272070240119165
"CY_2023","baseline_3pct_kolm1_nwx",0.458147691612135,0.246714284867227,-0.0254123067276296,0.9417076899519
"CY_2023","baseline_3pct_kolm1_ratio",0.521059180824415,0.279387069942754,-0.0265394762633832,1.06865783791221
"CY_2023","baseline_3pct_kolm1_ok",1,0,1,1
"CY_2023","baseline_3pct_kolm1_keptmin",1,0,1,1
"CY_2023","baseline_3pct_kolm1_naltmax",0,0,0,0
"CY_2023","baseline_3pct_p75_p25_nw",425389.4,32047.3919190275,362576.511838706,488202.288161294
"CY_2023","baseline_3pct_p75_p25_nwx",380781.942573503,22284.8636263323,337103.609865891,424460.275281114
"CY_2023","baseline_3pct_p75_p25_ratio",1.11733919678145,0.0688746701535029,0.982344843280588,1.25233355028232
"CY_2023","baseline_3pct_p75_p25_ok",1,0,1,1
"CY_2023","baseline_3pct_p75_p25_keptmin",1,0,1,1
"CY_2023","baseline_3pct_p75_p25_naltmax",0,0,0,0
"CY_2023","baseline_3pct_p90_p10_nw",898099.2,62994.5391693581,774629.903228058,1021568.49677194
"CY_2023","baseline_3pct_p90_p10_nwx",800187.729816456,57155.9332591817,688162.10062846,912213.359004452
"CY_2023","baseline_3pct_p90_p10_ratio",1.12236854950609,0.0651913611608781,0.994593481630769,1.25014361738141
"CY_2023","baseline_3pct_p90_p10_ok",1,0,1,1
"CY_2023","baseline_3pct_p90_p10_keptmin",1,0,1,1
"CY_2023","baseline_3pct_p90_p10_naltmax",0,0,0,0
"CY_2023","baseline_3pct_inter1_nw",0.0501014329264858,0.0578835221341496,-0.0633502704564474,0.163553136309419
"CY_2023","baseline_3pct_inter1_nwx",0.0162997529079778,0.0181433484053896,-0.0192612099665857,0.0518607157825413
"CY_2023","baseline_3pct_inter1_ratio",3.13922287763995,3.16745577160442,-3.06899043470472,9.34743618998462
"CY_2023","baseline_3pct_inter1_ok",1,0,1,1
"CY_2023","baseline_3pct_inter1_keptmin",1,0,1,1
"CY_2023","baseline_3pct_inter1_naltmax",0,0,0,0
"CY_2023","baseline_3pct_inter2_nw",0.0684274379908051,0.0969223857851406,-0.121540438148071,0.258395314129681
"CY_2023","baseline_3pct_inter2_nwx",0.0186087503099343,0.0251673124332892,-0.0307191820593126,0.0679366826791811
"CY_2023","baseline_3pct_inter2_ratio",3.7839274549984,4.66701971959021,-5.36343119539841,12.9312861053952
"CY_2023","baseline_3pct_inter2_ok",1,0,1,1
"CY_2023","baseline_3pct_inter2_keptmin",1,0,1,1
"CY_2023","baseline_3pct_inter2_naltmax",0,0,0,0
"CY_2023","baseline_3pct_ge2_nw",1.04231228379803,0.168581481677499,0.711892579710132,1.37273198788593
"CY_2023","baseline_3pct_ge2_nwx",1.15346480953389,0.223461432757643,0.715480401328913,1.59144921773887
"CY_2023","baseline_3pct_ge2_ratio",0.906187666034799,0.0474652870712709,0.813155703375108,0.99921962869449
"CY_2023","baseline_3pct_ge2_ok",1,0,1,1
"CY_2023","baseline_3pct_ge2_keptmin",0.844002258424334,0.0151261602324336,0.814354984368764,0.873649532479904
"CY_2023","baseline_3pct_ge2_naltmax",0.155997741575666,0.0151261602324336,0.126350467520096,0.185645015631236
"CY_2023","baseline_3pct_ge_theil_nw",0.630215585277387,0.0435772840714457,0.544804108497354,0.71562706205742
"CY_2023","baseline_3pct_ge_theil_nwx",0.672578491285177,0.054304686623306,0.566141305503498,0.779015677066857
"CY_2023","baseline_3pct_ge_theil_ratio",0.937317619886287,0.0234338750878804,0.891387224714042,0.983248015058533
"CY_2023","baseline_3pct_ge_theil_ok",1,0,1,1
"CY_2023","baseline_3pct_ge_theil_keptmin",0.844002258424334,0.0151261602324336,0.814354984368764,0.873649532479904
"CY_2023","baseline_3pct_ge_theil_naltmax",0.155997741575666,0.0151261602324336,0.126350467520096,0.185645015631236
"CY_2023","baseline_3pct_ge_mld_nw",1.01636160586677,0.0626470814487807,0.893573326227158,1.13914988550638
"CY_2023","baseline_3pct_ge_mld_nwx",1.08722179040018,0.069005831593061,0.951970360477785,1.22247322032258
"CY_2023","baseline_3pct_ge_mld_ratio",0.93482196877846,0.018768629532703,0.898035454894362,0.971608482662558
"CY_2023","baseline_3pct_ge_mld_ok",1,0,1,1
"CY_2023","baseline_3pct_ge_mld_keptmin",0.844002258424334,0.0151261602324336,0.814354984368764,0.873649532479904
"CY_2023","baseline_3pct_ge_mld_naltmax",0.155997741575666,0.0151261602324336,0.126350467520096,0.185645015631236
"CY_2023","baseline_3pct_atkinson05_nw",0.30726717291181,0.0145829505587518,0.278684589816657,0.335849756006964
"CY_2023","baseline_3pct_atkinson05_nwx",0.325237444004957,0.0170258791114989,0.291866720946419,0.358608167063495
"CY_2023","baseline_3pct_atkinson05_ratio",0.944811228729587,0.0175988548552488,0.910317473213299,0.979304984245874
"CY_2023","baseline_3pct_atkinson05_ok",1,0,1,1
"CY_2023","baseline_3pct_atkinson05_keptmin",0.844002258424334,0.0151261602324336,0.814354984368764,0.873649532479904
"CY_2023","baseline_3pct_atkinson05_naltmax",0.155997741575666,0.0151261602324336,0.126350467520096,0.185645015631236
"CY_2023","baseline_3pct_atkinson1_nw",0.638041658642446,0.022792285182038,0.593368779685651,0.682714537599241
"CY_2023","baseline_3pct_atkinson1_nwx",0.662802547034717,0.0233761349823408,0.616985322469329,0.708619771600105
"CY_2023","baseline_3pct_atkinson1_ratio",0.962638283909396,0.0109275649197871,0.941220256666613,0.984056311152179
"CY_2023","baseline_3pct_atkinson1_ok",1,0,1,1
"CY_2023","baseline_3pct_atkinson1_keptmin",0.844002258424334,0.0151261602324336,0.814354984368764,0.873649532479904
"CY_2023","baseline_3pct_atkinson1_naltmax",0.155997741575666,0.0151261602324336,0.126350467520096,0.185645015631236
"CY_2023","baseline_3pct_atkinson2_nw",0.991211220080988,0.0116846444454818,0.968309316967843,1.01411312319413
"CY_2023","baseline_3pct_atkinson2_nwx",0.991413947265258,0.0114303540095597,0.969010453406521,1.013817441124
"CY_2023","baseline_3pct_atkinson2_ratio",0.99979405477979,0.000479304692751268,0.998854617581997,1.00073349197758
"CY_2023","baseline_3pct_atkinson2_ok",1,0,1,1
"CY_2023","baseline_3pct_atkinson2_keptmin",0.844002258424334,0.0151261602324336,0.814354984368764,0.873649532479904
"CY_2023","baseline_3pct_atkinson2_naltmax",0.155997741575666,0.0151261602324336,0.126350467520096,0.185645015631236
"CY_2023","baseline_3pct_ge2_bach1_nw",1.1095964550322,0.179576094892264,0.75762730904336,1.46156560102103
"CY_2023","baseline_3pct_ge2_bach1_nwx",1.45881041498012,0.264537393064953,0.940317124572814,1.97730370538743
"CY_2023","baseline_3pct_ge2_bach1_ratio",0.76175220774606,0.0360235633794978,0.691146023522244,0.832358391969875
"CY_2023","baseline_3pct_ge2_bach1_ok",1,0,1,1
"CY_2023","baseline_3pct_ge2_bach1_keptmin",1,0,1,1
"CY_2023","baseline_3pct_ge2_bach1_naltmax",0.155997741575666,0.0151261602324336,0.126350467520096,0.185645015631236
"CY_2023","baseline_3pct_ge_theil_bach1_nw",0.672791943696609,0.0456568898655827,0.583304439560067,0.762279447833151
"CY_2023","baseline_3pct_ge_theil_bach1_nwx",0.842181052905043,0.0555614168096535,0.733280675958122,0.951081429851964
"CY_2023","baseline_3pct_ge_theil_bach1_ratio",0.798826887048387,0.0222871683200918,0.755144037141007,0.842509736955767
"CY_2023","baseline_3pct_ge_theil_bach1_ok",1,0,1,1
"CY_2023","baseline_3pct_ge_theil_bach1_keptmin",1,0,1,1
"CY_2023","baseline_3pct_ge_theil_bach1_naltmax",0.155997741575666,0.0151261602324336,0.126350467520096,0.185645015631236
"CY_2023","baseline_3pct_ge_mld_bach1_nw",1.47027995656488,0.11007351774362,1.25453586178738,1.68602405134237
"CY_2023","baseline_3pct_ge_mld_bach1_nwx",2.74814107709001,0.164702034797902,2.42532508888612,3.0709570652939
"CY_2023","baseline_3pct_ge_mld_bach1_ratio",0.535083865162532,0.0373738273001121,0.461831163654312,0.608336566670751
"CY_2023","baseline_3pct_ge_mld_bach1_ok",1,0,1,1
"CY_2023","baseline_3pct_ge_mld_bach1_keptmin",1,0,1,1
"CY_2023","baseline_3pct_ge_mld_bach1_naltmax",0.155997741575666,0.0151261602324336,0.126350467520096,0.185645015631236
"CY_2023","baseline_3pct_atkinson05_bach1_nw",0.336028659676996,0.0154587371343128,0.305729534893743,0.366327784460249
"CY_2023","baseline_3pct_atkinson05_bach1_nwx",0.430088822742969,0.0167668837995818,0.397225730495789,0.462951914990149
"CY_2023","baseline_3pct_atkinson05_bach1_ratio",0.781282302884717,0.0229050486054202,0.736388407618093,0.826176198151341
"CY_2023","baseline_3pct_atkinson05_bach1_ok",1,0,1,1
"CY_2023","baseline_3pct_atkinson05_bach1_keptmin",1,0,1,1
"CY_2023","baseline_3pct_atkinson05_bach1_naltmax",0.155997741575666,0.0151261602324336,0.126350467520096,0.185645015631236
"CY_2023","baseline_3pct_atkinson1_bach1_nw",0.770073614261869,0.0256389475327117,0.719821277097754,0.820325951425984
"CY_2023","baseline_3pct_atkinson1_bach1_nwx",0.935919764705839,0.0107148433490352,0.91491867174173,0.956920857669948
"CY_2023","baseline_3pct_atkinson1_bach1_ratio",0.822802891112385,0.0243152854173379,0.775144931694402,0.870460850530367
"CY_2023","baseline_3pct_atkinson1_bach1_ok",1,0,1,1
"CY_2023","baseline_3pct_atkinson1_bach1_keptmin",1,0,1,1
"CY_2023","baseline_3pct_atkinson1_bach1_naltmax",0.155997741575666,0.0151261602324336,0.126350467520096,0.185645015631236
"CY_2023","baseline_3pct_atkinson2_bach1_nw",0.999939529337401,1.54934222639754e-05,0.999909162229764,0.999969896445039
"CY_2023","baseline_3pct_atkinson2_bach1_nwx",0.999979534310307,2.07249215491185e-06,0.999975472225684,0.999983596394931
"CY_2023","baseline_3pct_atkinson2_bach1_ratio",0.999959994206732,1.45175295750288e-05,0.999931539848765,0.999988448564699
"CY_2023","baseline_3pct_atkinson2_bach1_ok",1,0,1,1
"CY_2023","baseline_3pct_atkinson2_bach1_keptmin",1,0,1,1
"CY_2023","baseline_3pct_atkinson2_bach1_naltmax",0.155997741575666,0.0151261602324336,0.126350467520096,0.185645015631236
"CY_2023","baseline_3pct_mu_ratio_nw",0.981924576459519,0.00779775693097848,0.966640972874801,0.997208180044237
"CY_2023","baseline_3pct_mu_ratio_nwx",0.792480009055324,0.0369272990640341,0.720102502889817,0.86485751522083
"DE_2023","baseline_3pct_gini_nw",0.723788804903286,0.0179961628152808,0.688516325785335,0.759061284021236
"DE_2023","baseline_3pct_gini_nwx",1.12470950627349,0.0966459197117649,0.935283503638432,1.31413550890855
"DE_2023","baseline_3pct_gini_ratio",0.643919160264318,0.0683575075076554,0.509938445549313,0.777899874979322
"DE_2023","baseline_3pct_gini_ok",0,0.42166337284616,-0.826460210778474,0.826460210778474
"DE_2023","baseline_3pct_gini_keptmin",1,0,1,1
"DE_2023","baseline_3pct_gini_naltmax",0,0,0,0
"DE_2023","baseline_3pct_gini_rsv_nw",0.712800944546681,0.0168668949949582,0.679741830356563,0.745860058736799
"DE_2023","baseline_3pct_gini_rsv_nwx",0.782460709624539,0.0110653491760546,0.760772625239472,0.804148794009606
"DE_2023","baseline_3pct_gini_rsv_ratio",0.910976329553764,0.014589284162699,0.882381332594874,0.939571326512654
"DE_2023","baseline_3pct_gini_rsv_ok",1,0,1,1
"DE_2023","baseline_3pct_gini_rsv_keptmin",1,0,1,1
"DE_2023","baseline_3pct_gini_rsv_naltmax",0,0,0,0
"DE_2023","baseline_3pct_cv_nw",2.07871528858129,0.142572591460391,1.79927300931893,2.35815756784366
"DE_2023","baseline_3pct_cv_nwx",3.9956876509174,0.565145707935542,2.88800206336374,5.10337323847107
"DE_2023","baseline_3pct_cv_ratio",0.520690463971077,0.110525499920257,0.304060484127373,0.737320443814781
"DE_2023","baseline_3pct_cv_ok",1,0,1,1
"DE_2023","baseline_3pct_cv_keptmin",1,0,1,1
"DE_2023","baseline_3pct_cv_naltmax",0,0,0,0
"DE_2023","baseline_3pct_top10_nw",0.535743094184087,0.027057175503241,0.482711030197734,0.588775158170439
"DE_2023","baseline_3pct_top10_nwx",0.696521615316116,0.0329744853793921,0.631891623972507,0.761151606659724
"DE_2023","baseline_3pct_top10_ratio",0.769272351140614,0.0423717316251131,0.686223757155393,0.852320945125836
"DE_2023","baseline_3pct_top10_ok",1,0,1,1
"DE_2023","baseline_3pct_top10_keptmin",1,0,1,1
"DE_2023","baseline_3pct_top10_naltmax",0,0,0,0
"DE_2023","baseline_3pct_top1_nw",0.157528849130383,0.0146264909414704,0.128860926885101,0.186196771375665
"DE_2023","baseline_3pct_top1_nwx",0.217397181775815,0.0165208374272315,0.185016340418441,0.249778023133189
"DE_2023","baseline_3pct_top1_ratio",0.724628900000315,0.05267109188223,0.621393559911144,0.827864240089485
"DE_2023","baseline_3pct_top1_ok",1,0,1,1
"DE_2023","baseline_3pct_top1_keptmin",1,0,1,1
"DE_2023","baseline_3pct_top1_naltmax",0,0,0,0
"DE_2023","baseline_3pct_sgini4_nw",0.955987467671094,0.0152483574553763,0.926100687058556,0.985874248283631
"DE_2023","baseline_3pct_sgini4_nwx",1.78704646333738,0.229649659901789,1.33693312992988,2.23715979674489
"DE_2023","baseline_3pct_sgini4_ratio",0.5356060500218,0.081230589442109,0.376394094715267,0.694818005328334
"DE_2023","baseline_3pct_sgini4_ok",1,0,1,1
"DE_2023","baseline_3pct_sgini4_keptmin",1,0,1,1
"DE_2023","baseline_3pct_sgini4_naltmax",0,0,0,0
"DE_2023","baseline_3pct_gini_abs_nw",236059.935802202,15865.4397971626,204963.673799764,267156.197804641
"DE_2023","baseline_3pct_gini_abs_nwx",251614.282939673,15648.9004923739,220942.43797462,282286.127904726
"DE_2023","baseline_3pct_gini_abs_ratio",0.93827379107456,0.0360779148810439,0.867561077907714,1.00898650424141
"DE_2023","baseline_3pct_gini_abs_ok",1,0,1,1
"DE_2023","baseline_3pct_gini_abs_keptmin",1,0,1,1
"DE_2023","baseline_3pct_gini_abs_naltmax",0,0,0,0
"DE_2023","baseline_3pct_variance_nw",459866015549.163,105204433193.49,253665326489.924,666066704608.403
"DE_2023","baseline_3pct_variance_nwx",799255126985.569,152171207854.63,500999559590.494,1097510694380.64
"DE_2023","baseline_3pct_variance_ratio",0.57575696107134,0.176700731167651,0.229423527982744,0.922090394159936
"DE_2023","baseline_3pct_variance_ok",1,0,1,1
"DE_2023","baseline_3pct_variance_keptmin",1,0,1,1
"DE_2023","baseline_3pct_variance_naltmax",0,0,0,0
"DE_2023","baseline_3pct_kolm0.5_nw",0.134694249410016,0.0056249292575369,0.123669388065244,0.145719110754789
"DE_2023","baseline_3pct_kolm0.5_nwx",30.7838950659953,11.8818774883453,7.49541518883855,54.0723749431521
"DE_2023","baseline_3pct_kolm0.5_ratio",0.0043792079914233,0.121740266989565,-0.234231715308125,0.242990131290972
"DE_2023","baseline_3pct_kolm0.5_ok",1,0,1,1
"DE_2023","baseline_3pct_kolm0.5_keptmin",1,0,1,1
"DE_2023","baseline_3pct_kolm0.5_naltmax",0,0,0,0
"DE_2023","baseline_3pct_kolm1_nw",0.209239355252247,0.0210006742299217,0.168078033761601,0.250400676742894
"DE_2023","baseline_3pct_kolm1_nwx",39.981150145459,13.5939286041755,13.337050081275,66.625250209643
"DE_2023","baseline_3pct_kolm1_ratio",0.00523504785156134,0.0404497640882266,-0.0740464897613628,0.0845165854644855
"DE_2023","baseline_3pct_kolm1_ok",1,0,1,1
"DE_2023","baseline_3pct_kolm1_keptmin",1,0,1,1
"DE_2023","baseline_3pct_kolm1_naltmax",0,0,0,0
"DE_2023","baseline_3pct_p75_p25_nw",390300,17368.8285183544,356257.096104025,424342.903895975
"DE_2023","baseline_3pct_p75_p25_nwx",313170,17439.9733068392,278987.652318595,347352.347681405
"DE_2023","baseline_3pct_p75_p25_ratio",1.24636935380117,0.0580061466434346,1.13267730638004,1.36006140122231
"DE_2023","baseline_3pct_p75_p25_ok",1,0,1,1
"DE_2023","baseline_3pct_p75_p25_keptmin",1,0,1,1
"DE_2023","baseline_3pct_p75_p25_naltmax",0,0,0,0
"DE_2023","baseline_3pct_p90_p10_nw",782814,42077.2635629766,700342.563416566,865285.436583434
"DE_2023","baseline_3pct_p90_p10_nwx",667234.642458589,31431.4936517088,605628.91490124,728840.370015939
"DE_2023","baseline_3pct_p90_p10_ratio",1.17325354913022,0.0463499629860053,1.08240762167765,1.26409947658279
"DE_2023","baseline_3pct_p90_p10_ok",1,0,1,1
"DE_2023","baseline_3pct_p90_p10_keptmin",1,0,1,1
"DE_2023","baseline_3pct_p90_p10_naltmax",0,0,0,0
"DE_2023","baseline_3pct_inter1_nw",0.0217289365774826,0.175389382759959,-0.322034253632038,0.365492126787003
"DE_2023","baseline_3pct_inter1_nwx",0.000389199015160492,0.00140269428955377,-0.0023600817923649,0.00313847982268588
"DE_2023","baseline_3pct_inter1_ratio",55.9683836681878,447.240212876016,-820.622433568803,932.559200905178
"DE_2023","baseline_3pct_inter1_ok",1,0,1,1
"DE_2023","baseline_3pct_inter1_keptmin",1,0,1,1
"DE_2023","baseline_3pct_inter1_naltmax",0,0,0,0
"DE_2023","baseline_3pct_inter2_nw",0.0288692544129514,0.366022320912505,-0.688534494575558,0.746273003401461
"DE_2023","baseline_3pct_inter2_nwx",0.000325921528048117,0.0015101368827641,-0.00263394676216951,0.00328578981826575
"DE_2023","baseline_3pct_inter2_ratio",88.7950041883083,1047.58459764553,-1964.47080719693,2142.06081557354
"DE_2023","baseline_3pct_inter2_ok",1,0,1,1
"DE_2023","baseline_3pct_inter2_keptmin",1,0,1,1
"DE_2023","baseline_3pct_inter2_naltmax",0,0,0,0
"DE_2023","baseline_3pct_ge2_nw",1.94017080730194,0.270610277450301,1.40977466349935,2.47056695110453
"DE_2023","baseline_3pct_ge2_nwx",2.17796036725427,0.310986233527546,1.56842734954028,2.78749338496826
"DE_2023","baseline_3pct_ge2_ratio",0.891120669919185,0.0356402703332295,0.821265740066055,0.960975599772315
"DE_2023","baseline_3pct_ge2_ok",1,0,1,1
"DE_2023","baseline_3pct_ge2_keptmin",0.866533990379965,0.010989027926449,0.844995495644125,0.888072485115805
"DE_2023","baseline_3pct_ge2_naltmax",0.133466009620035,0.010989027926449,0.111927514884195,0.155004504355875
"DE_2023","baseline_3pct_ge_theil_nw",0.953076451253532,0.06806075783742,0.819677365892189,1.08647553661488
"DE_2023","baseline_3pct_ge_theil_nwx",1.01522166770309,0.0732229050607061,0.871704773784102,1.15873856162207
"DE_2023","baseline_3pct_ge_theil_ratio",0.938841966956189,0.015380162467422,0.908696848520042,0.968987085392336
"DE_2023","baseline_3pct_ge_theil_ok",1,0,1,1
"DE_2023","baseline_3pct_ge_theil_keptmin",0.866533990379965,0.010989027926449,0.844995495644125,0.888072485115805
"DE_2023","baseline_3pct_ge_theil_naltmax",0.133466009620035,0.010989027926449,0.111927514884195,0.155004504355875
"DE_2023","baseline_3pct_ge_mld_nw",1.49047726698876,0.0714072427013594,1.3505190712941,1.63043546268342
"DE_2023","baseline_3pct_ge_mld_nwx",1.53471494830376,0.0735450824620334,1.39056658667817,1.67886330992934
"DE_2023","baseline_3pct_ge_mld_ratio",0.971195624792435,0.0121986079452936,0.947286353219659,0.99510489636521
"DE_2023","baseline_3pct_ge_mld_ok",1,0,1,1
"DE_2023","baseline_3pct_ge_mld_keptmin",0.866533990379965,0.010989027926449,0.844995495644125,0.888072485115805
"DE_2023","baseline_3pct_ge_mld_naltmax",0.133466009620035,0.010989027926449,0.111927514884195,0.155004504355875
"DE_2023","baseline_3pct_atkinson05_nw",0.43198781385549,0.0186638114420694,0.395406743429034,0.468568884281946
"DE_2023","baseline_3pct_atkinson05_nwx",0.449729807127018,0.0195601031586992,0.411392004935968,0.488067609318069
"DE_2023","baseline_3pct_atkinson05_ratio",0.960568910684699,0.0095307049730309,0.941888728937559,0.97924909243184
"DE_2023","baseline_3pct_atkinson05_ok",1,0,1,1
"DE_2023","baseline_3pct_atkinson05_keptmin",0.866533990379965,0.010989027926449,0.844995495644125,0.888072485115805
"DE_2023","baseline_3pct_atkinson05_naltmax",0.133466009620035,0.010989027926449,0.111927514884195,0.155004504355875
"DE_2023","baseline_3pct_atkinson1_nw",0.77472430400646,0.0153366068190601,0.744664554641102,0.804784053371818
"DE_2023","baseline_3pct_atkinson1_nwx",0.784464706690341,0.0151136993185051,0.754841856026071,0.814087557354611
"DE_2023","baseline_3pct_atkinson1_ratio",0.987586761316592,0.00519559259093564,0.977403399838358,0.997770122794826
"DE_2023","baseline_3pct_atkinson1_ok",1,0,1,1
"DE_2023","baseline_3pct_atkinson1_keptmin",0.866533990379965,0.010989027926449,0.844995495644125,0.888072485115805
"DE_2023","baseline_3pct_atkinson1_naltmax",0.133466009620035,0.010989027926449,0.111927514884195,0.155004504355875
"DE_2023","baseline_3pct_atkinson2_nw",0.994411909416684,0.00241128078121235,0.989685799085508,0.999138019747861
"DE_2023","baseline_3pct_atkinson2_nwx",0.99395570369531,0.00275519840794079,0.988555514815746,0.999355892574874
"DE_2023","baseline_3pct_atkinson2_ratio",1.00045921257642,0.000440897013821995,0.999595054429331,1.00132337072351
"DE_2023","baseline_3pct_atkinson2_ok",1,0,1,1
"DE_2023","baseline_3pct_atkinson2_keptmin",0.866533990379965,0.010989027926449,0.844995495644125,0.888072485115805
"DE_2023","baseline_3pct_atkinson2_naltmax",0.133466009620035,0.010989027926449,0.111927514884195,0.155004504355875
"DE_2023","baseline_3pct_ge2_bach1_nw",2.10606323832941,0.30633977073387,1.50563728769103,2.7064891889678
"DE_2023","baseline_3pct_ge2_bach1_nwx",2.59024186020036,0.36755568061267,1.86983272619952,3.31065099420119
"DE_2023","baseline_3pct_ge2_bach1_ratio",0.813266267829446,0.0334619690659279,0.747680808460228,0.878851727198665
"DE_2023","baseline_3pct_ge2_bach1_ok",1,0,1,1
"DE_2023","baseline_3pct_ge2_bach1_keptmin",1,0,1,1
"DE_2023","baseline_3pct_ge2_bach1_naltmax",0.133466009620035,0.010989027926449,0.111927514884195,0.155004504355875
"DE_2023","baseline_3pct_ge_theil_bach1_nw",1.01886595749958,0.0748378454099824,0.872183780496019,1.16554813450315
"DE_2023","baseline_3pct_ge_theil_bach1_nwx",1.15847086865682,0.0767154179167956,1.0081086495399,1.30883308777374
"DE_2023","baseline_3pct_ge_theil_bach1_ratio",0.879509513658876,0.0163625466098222,0.847438922303624,0.911580105014127
"DE_2023","baseline_3pct_ge_theil_bach1_ok",1,0,1,1
"DE_2023","baseline_3pct_ge_theil_bach1_keptmin",1,0,1,1
"DE_2023","baseline_3pct_ge_theil_bach1_naltmax",0.133466009620035,0.010989027926449,0.111927514884195,0.155004504355875
"DE_2023","baseline_3pct_ge_mld_bach1_nw",2.14281212641446,0.157739334524416,1.8336430307466,2.45198122208231
"DE_2023","baseline_3pct_ge_mld_bach1_nwx",2.87622674133187,0.139392880196682,2.60301669614637,3.14943678651736
"DE_2023","baseline_3pct_ge_mld_bach1_ratio",0.745013033264713,0.0297659557539916,0.68667175998689,0.803354306542537
"DE_2023","baseline_3pct_ge_mld_bach1_ok",1,0,1,1
"DE_2023","baseline_3pct_ge_mld_bach1_keptmin",1,0,1,1
"DE_2023","baseline_3pct_ge_mld_bach1_naltmax",0.133466009620035,0.010989027926449,0.111927514884195,0.155004504355875
"DE_2023","baseline_3pct_atkinson05_bach1_nw",0.46799603466567,0.0212199106344699,0.426405009822109,0.509587059509232
"DE_2023","baseline_3pct_atkinson05_bach1_nwx",0.52282650854517,0.0189702465854926,0.485644825237605,0.560008191852736
"DE_2023","baseline_3pct_atkinson05_bach1_ratio",0.895127341929266,0.0133023843209838,0.869054668660138,0.921200015198395
"DE_2023","baseline_3pct_atkinson05_bach1_ok",1,0,1,1
"DE_2023","baseline_3pct_atkinson05_bach1_keptmin",1,0,1,1
"DE_2023","baseline_3pct_atkinson05_bach1_naltmax",0.133466009620035,0.010989027926449,0.111927514884195,0.155004504355875
"DE_2023","baseline_3pct_atkinson1_bach1_nw",0.882674484216354,0.0167517376329944,0.849841078455685,0.915507889977023
"DE_2023","baseline_3pct_atkinson1_bach1_nwx",0.943651224972476,0.00715787164277605,0.929621796552635,0.957680653392317
"DE_2023","baseline_3pct_atkinson1_bach1_ratio",0.935382284901572,0.0122547497936368,0.911362975306044,0.9594015944971
"DE_2023","baseline_3pct_atkinson1_bach1_ok",1,0,1,1
"DE_2023","baseline_3pct_atkinson1_bach1_keptmin",1,0,1,1
"DE_2023","baseline_3pct_atkinson1_bach1_naltmax",0.133466009620035,0.010989027926449,0.111927514884195,0.155004504355875
"DE_2023","baseline_3pct_atkinson2_bach1_nw",0.99995257493313,7.24482480979623e-06,0.999938375076502,0.999966774789757
"DE_2023","baseline_3pct_atkinson2_bach1_nwx",0.999972617106511,2.60891043730383e-06,0.999967503642054,0.999977730570969
"DE_2023","baseline_3pct_atkinson2_bach1_ratio",0.999979957277747,5.23093642453672e-06,0.999969704642354,0.999990209913139
"DE_2023","baseline_3pct_atkinson2_bach1_ok",1,0,1,1
"DE_2023","baseline_3pct_atkinson2_bach1_keptmin",1,0,1,1
"DE_2023","baseline_3pct_atkinson2_bach1_naltmax",0.133466009620035,0.010989027926449,0.111927514884195,0.155004504355875
"DE_2023","baseline_3pct_mu_ratio_nw",0.984818740115831,0.00673294546438337,0.97162216700564,0.998015313226022
"DE_2023","baseline_3pct_mu_ratio_nwx",0.696083198293477,0.063236149543553,0.572140345188113,0.820026051398841
"EE_2023","baseline_3pct_gini_nw",0.654767209834333,0.0182902376093724,0.618918344119963,0.690616075548703
"EE_2023","baseline_3pct_gini_nwx",0.73128281822491,0.0242344866776772,0.683783224336663,0.778782412113157
"EE_2023","baseline_3pct_gini_ratio",0.895367838137175,0.0235400825999358,0.849229276241301,0.94150640003305
"EE_2023","baseline_3pct_gini_ok",1,0,1,1
"EE_2023","baseline_3pct_gini_keptmin",1,0,1,1
"EE_2023","baseline_3pct_gini_naltmax",0,0,0,0
"EE_2023","baseline_3pct_gini_rsv_nw",0.652988937575896,0.0182867499253935,0.617146907722125,0.688830967429667
"EE_2023","baseline_3pct_gini_rsv_nwx",0.685367691924213,0.0173345750027466,0.65139192491883,0.719343458929597
"EE_2023","baseline_3pct_gini_rsv_ratio",0.952756546220461,0.00703956177794209,0.938959005135694,0.966554087305227
"EE_2023","baseline_3pct_gini_rsv_ok",1,0,1,1
"EE_2023","baseline_3pct_gini_rsv_keptmin",1,0,1,1
"EE_2023","baseline_3pct_gini_rsv_naltmax",0,0,0,0
"EE_2023","baseline_3pct_cv_nw",3.12425427703479,0.478203870043371,2.18697469174978,4.06153386231979
"EE_2023","baseline_3pct_cv_nwx",3.44221855736348,0.492097401802088,2.47770764983139,4.40672946489558
"EE_2023","baseline_3pct_cv_ratio",0.907627998935566,0.0266534354856069,0.855387265383776,0.959868732487355
"EE_2023","baseline_3pct_cv_ok",1,0,1,1
"EE_2023","baseline_3pct_cv_keptmin",1,0,1,1
"EE_2023","baseline_3pct_cv_naltmax",0,0,0,0
"EE_2023","baseline_3pct_top10_nw",0.516351013088587,0.0256982591649627,0.46598242512526,0.566719601051913
"EE_2023","baseline_3pct_top10_nwx",0.553860954904939,0.0265996637913263,0.50172561387394,0.605996295935939
"EE_2023","baseline_3pct_top10_ratio",0.932276010123789,0.0122572051352477,0.908251888058703,0.956300132188874
"EE_2023","baseline_3pct_top10_ok",1,0,1,1
"EE_2023","baseline_3pct_top10_keptmin",1,0,1,1
"EE_2023","baseline_3pct_top10_naltmax",0,0,0,0
"EE_2023","baseline_3pct_top1_nw",0.221605439224239,0.0331534313377887,0.156624713802173,0.286586164646305
"EE_2023","baseline_3pct_top1_nwx",0.24284057976466,0.0349879565389716,0.174264184948276,0.311416974581044
"EE_2023","baseline_3pct_top1_ratio",0.912563154142005,0.0147544640796442,0.883644404545902,0.941481903738107
"EE_2023","baseline_3pct_top1_ok",1,0,1,1
"EE_2023","baseline_3pct_top1_keptmin",1,0,1,1
"EE_2023","baseline_3pct_top1_naltmax",0,0,0,0
"EE_2023","baseline_3pct_sgini4_nw",0.859129300512244,0.00950121119466443,0.840506926570701,0.877751674453786
"EE_2023","baseline_3pct_sgini4_nwx",1.00181442860325,0.0420324245378929,0.919430876508975,1.08419798069752
"EE_2023","baseline_3pct_sgini4_ratio",0.857574888384659,0.0355299410205405,0.7879362039844,0.927213572784918
"EE_2023","baseline_3pct_sgini4_ok",1,0,1,1
"EE_2023","baseline_3pct_sgini4_keptmin",1,0,1,1
"EE_2023","baseline_3pct_sgini4_naltmax",0,0,0,0
"EE_2023","baseline_3pct_gini_abs_nw",137707.683833613,11370.5991774679,115421.309445776,159994.05822145
"EE_2023","baseline_3pct_gini_abs_nwx",138735.192488987,11332.3608064015,116523.76530844,160946.619669534
"EE_2023","baseline_3pct_gini_abs_ratio",0.992607847210374,0.0143037247462251,0.964572546707772,1.02064314771297
"EE_2023","baseline_3pct_gini_abs_ok",1,0,1,1
"EE_2023","baseline_3pct_gini_abs_keptmin",1,0,1,1
"EE_2023","baseline_3pct_gini_abs_naltmax",0,0,0,0
"EE_2023","baseline_3pct_variance_nw",431928758234.025,162003025357.503,114402828533.32,749454687934.73
"EE_2023","baseline_3pct_variance_nwx",426641073053.195,152855165194.51,127044949271.954,726237196834.435
"EE_2023","baseline_3pct_variance_ratio",1.01243751946714,0.0399110656381402,0.934211830816386,1.0906632081179
"EE_2023","baseline_3pct_variance_ok",1,0,1,1
"EE_2023","baseline_3pct_variance_keptmin",1,0,1,1
"EE_2023","baseline_3pct_variance_naltmax",0,0,0,0
"EE_2023","baseline_3pct_kolm0.5_nw",0.0729101502113966,0.0130327815519378,0.0473658983695986,0.0984544020531946
"EE_2023","baseline_3pct_kolm0.5_nwx",0.0967202269564428,0.104697955911287,-0.108487766629679,0.301928220542564
"EE_2023","baseline_3pct_kolm0.5_ratio",0.754559685777237,0.234287106921096,0.295356956211888,1.21376241534259
"EE_2023","baseline_3pct_kolm0.5_ok",1,0,1,1
"EE_2023","baseline_3pct_kolm0.5_keptmin",1,0,1,1
"EE_2023","baseline_3pct_kolm0.5_naltmax",0,0,0,0
"EE_2023","baseline_3pct_kolm1_nw",0.0977378432951393,0.0200711570975277,0.058398375383985,0.137077311206294
"EE_2023","baseline_3pct_kolm1_nwx",0.512554539245161,1.05215181912549,-1.5496630262408,2.57477210473112
"EE_2023","baseline_3pct_kolm1_ratio",0.19575069519281,0.492585436716452,-0.769716760771435,1.16121815115706
"EE_2023","baseline_3pct_kolm1_ok",1,0,1,1
"EE_2023","baseline_3pct_kolm1_keptmin",1,0,1,1
"EE_2023","baseline_3pct_kolm1_naltmax",0,0,0,0
"EE_2023","baseline_3pct_p75_p25_nw",185373.35,6914.19991934787,171821.518158078,198925.181841922
"EE_2023","baseline_3pct_p75_p25_nwx",171913.399351564,8626.33138361124,155005.789839686,188821.008863442
"EE_2023","baseline_3pct_p75_p25_ratio",1.07850894702687,0.0346871508648857,1.01052213133169,1.14649576272204
"EE_2023","baseline_3pct_p75_p25_ok",1,0,1,1
"EE_2023","baseline_3pct_p75_p25_keptmin",1,0,1,1
"EE_2023","baseline_3pct_p75_p25_naltmax",0,0,0,0
"EE_2023","baseline_3pct_p90_p10_nw",399352,16335.6760601377,367334.07492213,431369.92507787
"EE_2023","baseline_3pct_p90_p10_nwx",381513.693033471,14133.6810162198,353811.67824168,409215.707825262
"EE_2023","baseline_3pct_p90_p10_ratio",1.04678022500189,0.0208324117455573,1.0059486979806,1.08761175202319
"EE_2023","baseline_3pct_p90_p10_ok",1,0,1,1
"EE_2023","baseline_3pct_p90_p10_keptmin",1,0,1,1
"EE_2023","baseline_3pct_p90_p10_naltmax",0,0,0,0
"EE_2023","baseline_3pct_inter1_nw",0.557803293916687,0.118706444373353,0.325138662944916,0.790467924888458
"EE_2023","baseline_3pct_inter1_nwx",0.00564663708511346,0.0586891814038204,-0.109384158466374,0.120677432636601
"EE_2023","baseline_3pct_inter1_ratio",99.1405910099416,59.9172380817186,-18.2971956302269,216.57837765011
"EE_2023","baseline_3pct_inter1_ok",1,0,1,1
"EE_2023","baseline_3pct_inter1_keptmin",1,0,1,1
"EE_2023","baseline_3pct_inter1_naltmax",0,0,0,0
"EE_2023","baseline_3pct_inter2_nw",2.42980601722095,0.923466894009503,0.619810904962319,4.23980112947957
"EE_2023","baseline_3pct_inter2_nwx",0.00838062558282277,0.172220713078608,-0.329171972051249,0.345933223216895
"EE_2023","baseline_3pct_inter2_ratio",291.353144749367,180.069713488438,-61.583493687972,644.289783186706
"EE_2023","baseline_3pct_inter2_ok",1,0,1,1
"EE_2023","baseline_3pct_inter2_keptmin",1,0,1,1
"EE_2023","baseline_3pct_inter2_naltmax",0,0,0,0
"EE_2023","baseline_3pct_ge2_nw",4.70157265762369,1.37639517850511,2.00383810775368,7.39930720749371
"EE_2023","baseline_3pct_ge2_nwx",5.00767414823735,1.42073373448798,2.22303602864091,7.7923122678338
"EE_2023","baseline_3pct_ge2_ratio",0.938895669598494,0.0238620312356372,0.892126088376646,0.985665250820343
"EE_2023","baseline_3pct_ge2_ok",1,0,1,1
"EE_2023","baseline_3pct_ge2_keptmin",0.934186799003196,0.00610474960584128,0.922221489775747,0.946152108230645
"EE_2023","baseline_3pct_ge2_naltmax",0.065813200996804,0.00610474960584128,0.053847891769355,0.0777785102242529
"EE_2023","baseline_3pct_ge_theil_nw",0.988058638023483,0.111013808685087,0.770471573000713,1.20564570304625
"EE_2023","baseline_3pct_ge_theil_nwx",1.03316985906015,0.114153344989406,0.809429302880918,1.25691041523939
"EE_2023","baseline_3pct_ge_theil_ratio",0.956345265897878,0.00765559012261904,0.941340309257545,0.971350222538211
"EE_2023","baseline_3pct_ge_theil_ok",1,0,1,1
"EE_2023","baseline_3pct_ge_theil_keptmin",0.934186799003196,0.00610474960584128,0.922221489775747,0.946152108230645
"EE_2023","baseline_3pct_ge_theil_naltmax",0.065813200996804,0.00610474960584128,0.053847891769355,0.0777785102242529
"EE_2023","baseline_3pct_ge_mld_nw",1.03279131297506,0.0583469604950116,0.918431270404834,1.14715135554528
"EE_2023","baseline_3pct_ge_mld_nwx",1.06247695591026,0.0608393472028361,0.943231835392698,1.18172207642782
"EE_2023","baseline_3pct_ge_mld_ratio",0.972067074396571,0.00780946548473432,0.956760522046492,0.98737362674665
"EE_2023","baseline_3pct_ge_mld_ok",1,0,1,1
"EE_2023","baseline_3pct_ge_mld_keptmin",0.934186799003196,0.00610474960584128,0.922221489775747,0.946152108230645
"EE_2023","baseline_3pct_ge_mld_naltmax",0.065813200996804,0.00610474960584128,0.053847891769355,0.0777785102242529
"EE_2023","baseline_3pct_atkinson05_nw",0.370933440921204,0.0234843051715777,0.324904202784911,0.416962679057496
"EE_2023","baseline_3pct_atkinson05_nwx",0.383084503230057,0.0241219234971035,0.335805533175734,0.43036347328438
"EE_2023","baseline_3pct_atkinson05_ratio",0.968286387567639,0.00563493303718659,0.957241918814753,0.979330856320525
"EE_2023","baseline_3pct_atkinson05_ok",1,0,1,1
"EE_2023","baseline_3pct_atkinson05_keptmin",0.934186799003196,0.00610474960584128,0.922221489775747,0.946152108230645
"EE_2023","baseline_3pct_atkinson05_naltmax",0.065813200996804,0.00610474960584128,0.053847891769355,0.0777785102242529
"EE_2023","baseline_3pct_atkinson1_nw",0.643975642404763,0.0208756883472213,0.603059293244209,0.684891991565317
"EE_2023","baseline_3pct_atkinson1_nwx",0.654385855283312,0.0211426633122786,0.612946235191246,0.695825475375378
"EE_2023","baseline_3pct_atkinson1_ratio",0.984093516387965,0.00447944819033653,0.975313797934906,0.992873234841025
"EE_2023","baseline_3pct_atkinson1_ok",1,0,1,1
"EE_2023","baseline_3pct_atkinson1_keptmin",0.934186799003196,0.00610474960584128,0.922221489775747,0.946152108230645
"EE_2023","baseline_3pct_atkinson1_naltmax",0.065813200996804,0.00610474960584128,0.053847891769355,0.0777785102242529
"EE_2023","baseline_3pct_atkinson2_nw",0.994899420024385,0.00346138134355406,0.988115112591019,1.00168372745775
"EE_2023","baseline_3pct_atkinson2_nwx",0.994775465916541,0.00378345973139411,0.987359884843009,1.00219104699007
"EE_2023","baseline_3pct_atkinson2_ratio",1.00012460552524,0.000488256509348339,0.999167622766919,1.00108158828356
"EE_2023","baseline_3pct_atkinson2_ok",1,0,1,1
"EE_2023","baseline_3pct_atkinson2_keptmin",0.934186799003196,0.00610474960584128,0.922221489775747,0.946152108230645
"EE_2023","baseline_3pct_atkinson2_naltmax",0.065813200996804,0.00610474960584128,0.053847891769355,0.0777785102242529
"EE_2023","baseline_3pct_ge2_bach1_nw",4.8665609208445,1.42020200567503,2.08296498972144,7.65015685196756
"EE_2023","baseline_3pct_ge2_bach1_nwx",5.39568005776566,1.52024824114015,2.41599350513097,8.37536661040035
"EE_2023","baseline_3pct_ge2_bach1_ratio",0.901958648004218,0.0239649824225318,0.854987282456055,0.94893001355238
"EE_2023","baseline_3pct_ge2_bach1_ok",1,0,1,1
"EE_2023","baseline_3pct_ge2_bach1_keptmin",1,0,1,1
"EE_2023","baseline_3pct_ge2_bach1_naltmax",0.065813200996804,0.00610474960584128,0.053847891769355,0.0777785102242529
"EE_2023","baseline_3pct_ge_theil_bach1_nw",1.01928687629674,0.111123505578046,0.801484805363767,1.23708894722971
"EE_2023","baseline_3pct_ge_theil_bach1_nwx",1.10124400704675,0.114310576777269,0.877195276563298,1.32529273753019
"EE_2023","baseline_3pct_ge_theil_bach1_ratio",0.925579868501188,0.00970008813889292,0.906567695748958,0.944592041253418
"EE_2023","baseline_3pct_ge_theil_bach1_ok",1,0,1,1
"EE_2023","baseline_3pct_ge_theil_bach1_keptmin",1,0,1,1
"EE_2023","baseline_3pct_ge_theil_bach1_naltmax",0.065813200996804,0.00610474960584128,0.053847891769355,0.0777785102242529
"EE_2023","baseline_3pct_ge_mld_bach1_nw",1.34766014643481,0.0733667152499583,1.2038613845449,1.49145890832473
"EE_2023","baseline_3pct_ge_mld_bach1_nwx",1.73096168838369,0.085440994980357,1.56349733822219,1.89842603854519
"EE_2023","baseline_3pct_ge_mld_bach1_ratio",0.778563401142643,0.02235931823726,0.734739137397614,0.822387664887673
"EE_2023","baseline_3pct_ge_mld_bach1_ok",1,0,1,1
"EE_2023","baseline_3pct_ge_mld_bach1_keptmin",1,0,1,1
"EE_2023","baseline_3pct_ge_mld_bach1_naltmax",0.065813200996804,0.00610474960584128,0.053847891769355,0.0777785102242529
"EE_2023","baseline_3pct_atkinson05_bach1_nw",0.39017107639714,0.0229169418358002,0.345253870398972,0.435088282395309
"EE_2023","baseline_3pct_atkinson05_bach1_nwx",0.423459368628325,0.0228150142580126,0.37874194068262,0.46817679657403
"EE_2023","baseline_3pct_atkinson05_bach1_ratio",0.92138882442024,0.00925492208300234,0.903249177137555,0.939528471702925
"EE_2023","baseline_3pct_atkinson05_bach1_ok",1,0,1,1
"EE_2023","baseline_3pct_atkinson05_bach1_keptmin",1,0,1,1
"EE_2023","baseline_3pct_atkinson05_bach1_naltmax",0.065813200996804,0.00610474960584128,0.053847891769355,0.0777785102242529
"EE_2023","baseline_3pct_atkinson1_bach1_nw",0.740140302754299,0.0191609400481808,0.702584860259865,0.777695745248733
"EE_2023","baseline_3pct_atkinson1_bach1_nwx",0.822873149643447,0.015229476168742,0.793023376352713,0.852722922934181
"EE_2023","baseline_3pct_atkinson1_bach1_ratio",0.899457306244665,0.0126891188565162,0.874586633285893,0.924327979203437
"EE_2023","baseline_3pct_atkinson1_bach1_ok",1,0,1,1
"EE_2023","baseline_3pct_atkinson1_bach1_keptmin",1,0,1,1
"EE_2023","baseline_3pct_atkinson1_bach1_naltmax",0.065813200996804,0.00610474960584128,0.053847891769355,0.0777785102242529
"EE_2023","baseline_3pct_atkinson2_bach1_nw",0.999849793448386,2.44991467736195e-05,0.999801775120709,0.999897811776062
"EE_2023","baseline_3pct_atkinson2_bach1_nwx",0.999923477196987,8.39983740276925e-06,0.999907013515678,0.999939940878297
"EE_2023","baseline_3pct_atkinson2_bach1_ratio",0.999926310611364,1.8949602616234e-05,0.999889169390236,0.999963451832492
"EE_2023","baseline_3pct_atkinson2_bach1_ok",1,0,1,1
"EE_2023","baseline_3pct_atkinson2_bach1_keptmin",1,0,1,1
"EE_2023","baseline_3pct_atkinson2_bach1_naltmax",0.065813200996804,0.00610474960584128,0.053847891769355,0.0777785102242529
"EE_2023","baseline_3pct_mu_ratio_nw",0.997283980677722,0.000866434504707208,0.995585769048496,0.998982192306949
"EE_2023","baseline_3pct_mu_ratio_nwx",0.937213023607928,0.0187924841487452,0.900379754676388,0.974046292539469
"ES_2023","baseline_3pct_gini_nw",0.673579341439977,0.0156414103162364,0.642922177220154,0.704236505659801
"ES_2023","baseline_3pct_gini_nwx",1.22294253657568,0.186916668129317,0.856585867042221,1.58929920610914
"ES_2023","baseline_3pct_gini_ratio",0.550905302009318,0.0772872374398926,0.399422316627128,0.702388287391507
"ES_2023","baseline_3pct_gini_ok",0,0.264952825989835,-0.519307538940077,0.519307538940077
"ES_2023","baseline_3pct_gini_keptmin",1,0,1,1
"ES_2023","baseline_3pct_gini_naltmax",0,0,0,0
"ES_2023","baseline_3pct_gini_rsv_nw",0.670622160458325,0.015710031777699,0.639830498174035,0.701413822742615
"ES_2023","baseline_3pct_gini_rsv_nwx",0.756108219677086,0.0167166108832328,0.723343662345949,0.788872777008222
"ES_2023","baseline_3pct_gini_rsv_ratio",0.886941953648909,0.0125720667610199,0.86230070279731,0.911583204500509
"ES_2023","baseline_3pct_gini_rsv_ok",1,0,1,1
"ES_2023","baseline_3pct_gini_rsv_keptmin",1,0,1,1
"ES_2023","baseline_3pct_gini_rsv_naltmax",0,0,0,0
"ES_2023","baseline_3pct_cv_nw",4.92024659712279,0.963689591448787,3.03141499788317,6.80907819636241
"ES_2023","baseline_3pct_cv_nwx",9.78828732378495,1.97731505366467,5.91274981860221,13.6638248289677
"ES_2023","baseline_3pct_cv_ratio",0.502724778422653,0.0860653013868574,0.334036787704412,0.671412769140893
"ES_2023","baseline_3pct_cv_ok",1,0,1,1
"ES_2023","baseline_3pct_cv_keptmin",1,0,1,1
"ES_2023","baseline_3pct_cv_naltmax",0,0,0,0
"ES_2023","baseline_3pct_top10_nw",0.527307572950475,0.0227711920464748,0.482676036539384,0.571939109361566
"ES_2023","baseline_3pct_top10_nwx",0.715243261741304,0.0643660011278314,0.589085899530754,0.841400623951853
"ES_2023","baseline_3pct_top10_ratio",0.737289415068176,0.0524525717868399,0.63448237436597,0.840096455770383
"ES_2023","baseline_3pct_top10_ok",1,0.0282842712474619,0.944562828354975,1.05543717164503
"ES_2023","baseline_3pct_top10_keptmin",1,0,1,1
"ES_2023","baseline_3pct_top10_naltmax",0,0,0,0
"ES_2023","baseline_3pct_top1_nw",0.207084949064217,0.0335426024041835,0.141341448352017,0.272828449776416
"ES_2023","baseline_3pct_top1_nwx",0.290198755500593,0.0546964787127653,0.182993657223573,0.397403853777613
"ES_2023","baseline_3pct_top1_ratio",0.713675549552845,0.0528978688244253,0.609995726656972,0.817355372448719
"ES_2023","baseline_3pct_top1_ok",1,0,1,1
"ES_2023","baseline_3pct_top1_keptmin",1,0,1,1
"ES_2023","baseline_3pct_top1_naltmax",0,0,0,0
"ES_2023","baseline_3pct_sgini4_nw",0.883109401307315,0.00680686229259896,0.869767951213821,0.896450851400809
"ES_2023","baseline_3pct_sgini4_nwx",2.08464671073935,0.430114799012627,1.2416217046746,2.9276717168041
"ES_2023","baseline_3pct_sgini4_ratio",0.423784903426852,0.0825598932809776,0.261967512596136,0.585602294257568
"ES_2023","baseline_3pct_sgini4_ok",1,0,1,1
"ES_2023","baseline_3pct_sgini4_keptmin",1,0,1,1
"ES_2023","baseline_3pct_sgini4_naltmax",0,0,0,0
"ES_2023","baseline_3pct_gini_abs_nw",216792.619174047,16889.1985956749,183689.789926524,249895.44842157
"ES_2023","baseline_3pct_gini_abs_nwx",218639.766292553,20432.4715285405,178592.122096613,258687.410488492
"ES_2023","baseline_3pct_gini_abs_ratio",0.991582276486822,0.0477549838073583,0.8979825082244,1.08518204474924
"ES_2023","baseline_3pct_gini_abs_ok",1,0,1,1
"ES_2023","baseline_3pct_gini_abs_keptmin",1,0,1,1
"ES_2023","baseline_3pct_gini_abs_naltmax",0,0,0,0
"ES_2023","baseline_3pct_variance_nw",2508718495196.81,1277942697218.7,3950808648.15869,5013486181745.45
"ES_2023","baseline_3pct_variance_nwx",3063269522204.68,1329551992113.6,457347617662.017,5669191426747.34
"ES_2023","baseline_3pct_variance_ratio",0.818887130752612,0.137925255861425,0.548553629264219,1.08922063224101
"ES_2023","baseline_3pct_variance_ok",1,0,1,1
"ES_2023","baseline_3pct_variance_keptmin",1,0,1,1
"ES_2023","baseline_3pct_variance_naltmax",0,0,0,0
"ES_2023","baseline_3pct_kolm0.5_nw",0.0372867871456562,0.010843688617455,0.0160331574554444,0.0585404168358681
"ES_2023","baseline_3pct_kolm0.5_nwx",61.6020825008591,72.84386758245,-81.171897960743,204.376062962461
"ES_2023","baseline_3pct_kolm0.5_ratio",0.00143418271575116,0.069185644218125,-0.134169679951774,0.137038045383276
"ES_2023","baseline_3pct_kolm0.5_ok",1,0,1,1
"ES_2023","baseline_3pct_kolm0.5_keptmin",1,0,1,1
"ES_2023","baseline_3pct_kolm0.5_naltmax",0,0,0,0
"ES_2023","baseline_3pct_kolm1_nw",0.051549387616043,0.0164423905104447,0.0193223022155714,0.0837764730165147
"ES_2023","baseline_3pct_kolm1_nwx",72.9363170357879,75.1048586473345,-74.2692059129876,220.141839984563
"ES_2023","baseline_3pct_kolm1_ratio",0.00121945266551173,0.00735992964753236,-0.0132060094436517,0.0156449147746752
"ES_2023","baseline_3pct_kolm1_ok",1,0,1,1
"ES_2023","baseline_3pct_kolm1_keptmin",1,0,1,1
"ES_2023","baseline_3pct_kolm1_naltmax",0,0,0,0
"ES_2023","baseline_3pct_p75_p25_nw",283108.9,8704.47359227253,266048.131759146,300169.668240854
"ES_2023","baseline_3pct_p75_p25_nwx",236384.91243005,6042.97760718706,224540.676319963,248229.148540136
"ES_2023","baseline_3pct_p75_p25_ratio",1.19766982471649,0.0293492699070943,1.14014525569859,1.2551943937344
"ES_2023","baseline_3pct_p75_p25_ok",1,0,1,1
"ES_2023","baseline_3pct_p75_p25_keptmin",1,0,1,1
"ES_2023","baseline_3pct_p75_p25_naltmax",0,0,0,0
"ES_2023","baseline_3pct_p90_p10_nw",677887.6,22703.3181456985,633389.096434431,722386.103565569
"ES_2023","baseline_3pct_p90_p10_nwx",513713.721077775,17766.6620631651,478891.063433971,548536.378721578
"ES_2023","baseline_3pct_p90_p10_ratio",1.31958940990221,0.0378950246218447,1.2453151616434,1.39386365816103
"ES_2023","baseline_3pct_p90_p10_ok",1,0,1,1
"ES_2023","baseline_3pct_p90_p10_keptmin",1,0,1,1
"ES_2023","baseline_3pct_p90_p10_naltmax",0,0,0,0
"ES_2023","baseline_3pct_inter1_nw",0.428719888503693,0.142612962713415,0.149198481585399,0.708241295421987
"ES_2023","baseline_3pct_inter1_nwx",0.000223092901225439,0.000576995069063531,-0.000907817434139082,0.00135400323658996
"ES_2023","baseline_3pct_inter1_ratio",8064.78261059333,12658.6463531596,-16746.1642415995,32875.7294627861
"ES_2023","baseline_3pct_inter1_ok",1,0,1,1
"ES_2023","baseline_3pct_inter1_keptmin",1,0,1,1
"ES_2023","baseline_3pct_inter1_naltmax",0,0,0,0
"ES_2023","baseline_3pct_inter2_nw",3.87993981851167,2.25159851796787,-0.533193276705361,8.29307291372869
"ES_2023","baseline_3pct_inter2_nwx",0.000255786909946396,0.000751884537922047,-0.00121790678438082,0.00172948060427361
"ES_2023","baseline_3pct_inter2_ratio",69109.9977911693,111970.955944906,-150353.075860846,288573.071443185
"ES_2023","baseline_3pct_inter2_ok",1,0,1,1
"ES_2023","baseline_3pct_inter2_keptmin",1,0,1,1
"ES_2023","baseline_3pct_inter2_naltmax",0,0,0,0
"ES_2023","baseline_3pct_ge2_nw",11.3274633661306,4.41953156859751,2.66518149167946,19.9897452405817
"ES_2023","baseline_3pct_ge2_nwx",16.9282710354129,6.94662961256383,3.31287699478782,30.543665076038
"ES_2023","baseline_3pct_ge2_ratio",0.669152218812461,0.0621944981658045,0.547251002407484,0.791053435217438
"ES_2023","baseline_3pct_ge2_ok",1,0,1,1
"ES_2023","baseline_3pct_ge2_keptmin",0.840932617729071,0.00732944833782545,0.826566898986933,0.855298336471209
"ES_2023","baseline_3pct_ge2_naltmax",0.159067382270929,0.00732944833782547,0.144701663528791,0.173433101013067
"ES_2023","baseline_3pct_ge_theil_nw",1.04735657230443,0.14445194385665,0.764230762345399,1.33048238226347
"ES_2023","baseline_3pct_ge_theil_nwx",1.09537067359971,0.194016661237917,0.715098017573389,1.47564332962602
"ES_2023","baseline_3pct_ge_theil_ratio",0.956160607831339,0.0564567773973923,0.84550532413245,1.06681589153023
"ES_2023","baseline_3pct_ge_theil_ok",1,0,1,1
"ES_2023","baseline_3pct_ge_theil_keptmin",0.840932617729071,0.00732944833782545,0.826566898986933,0.855298336471209
"ES_2023","baseline_3pct_ge_theil_naltmax",0.159067382270929,0.00732944833782547,0.144701663528791,0.173433101013067
"ES_2023","baseline_3pct_ge_mld_nw",1.10528095959208,0.0529027425414621,1.00159158421081,1.20897033497335
"ES_2023","baseline_3pct_ge_mld_nwx",1.09387391772584,0.0625182673311465,0.971338113756798,1.21640972169489
"ES_2023","baseline_3pct_ge_mld_ratio",1.01042937958714,0.023581177073535,0.964210272523016,1.05664848665127
"ES_2023","baseline_3pct_ge_mld_ok",1,0,1,1
"ES_2023","baseline_3pct_ge_mld_keptmin",0.840932617729071,0.00732944833782545,0.826566898986933,0.855298336471209
"ES_2023","baseline_3pct_ge_mld_naltmax",0.159067382270929,0.00732944833782547,0.144701663528791,0.173433101013067
"ES_2023","baseline_3pct_atkinson05_nw",0.38273965498881,0.0236023463654269,0.336479056112574,0.429000253865047
"ES_2023","baseline_3pct_atkinson05_nwx",0.383733443575404,0.0295006265733424,0.325912215491653,0.441554671659156
"ES_2023","baseline_3pct_atkinson05_ratio",0.997409046469265,0.029054098067883,0.940463014256214,1.05435507868232
"ES_2023","baseline_3pct_atkinson05_ok",1,0,1,1
"ES_2023","baseline_3pct_atkinson05_keptmin",0.840932617729071,0.00732944833782545,0.826566898986933,0.855298336471209
"ES_2023","baseline_3pct_atkinson05_naltmax",0.159067382270929,0.00732944833782547,0.144701663528791,0.173433101013067
"ES_2023","baseline_3pct_atkinson1_nw",0.668878553337739,0.0170002212490671,0.635558119689567,0.702198986985911
"ES_2023","baseline_3pct_atkinson1_nwx",0.665080131117058,0.0201668261337272,0.625553151894953,0.704607110339163
"ES_2023","baseline_3pct_atkinson1_ratio",1.00571163723926,0.0127985028825813,0.980626571589401,1.03079670288912
"ES_2023","baseline_3pct_atkinson1_ok",1,0,1,1
"ES_2023","baseline_3pct_atkinson1_keptmin",0.840932617729071,0.00732944833782545,0.826566898986933,0.855298336471209
"ES_2023","baseline_3pct_atkinson1_naltmax",0.159067382270929,0.00732944833782547,0.144701663528791,0.173433101013067
"ES_2023","baseline_3pct_atkinson2_nw",0.993737376782946,0.00210100254421851,0.989619411796278,0.997855341769615
"ES_2023","baseline_3pct_atkinson2_nwx",0.991515233933158,0.0025032325820294,0.986608898072381,0.996421569793936
"ES_2023","baseline_3pct_atkinson2_ratio",1.00224117093051,0.0016472405695565,0.999012579414177,1.00546976244684
"ES_2023","baseline_3pct_atkinson2_ok",1,0,1,1
"ES_2023","baseline_3pct_atkinson2_keptmin",0.840932617729071,0.00732944833782545,0.826566898986933,0.855298336471209
"ES_2023","baseline_3pct_atkinson2_naltmax",0.159067382270929,0.00732944833782547,0.144701663528791,0.173433101013067
"ES_2023","baseline_3pct_ge2_bach1_nw",12.0522351324297,4.68696722673487,2.86577936802932,21.23869089683
"ES_2023","baseline_3pct_ge2_bach1_nwx",20.2244593952094,8.25704023075484,4.04066054292989,36.4082582474889
"ES_2023","baseline_3pct_ge2_bach1_ratio",0.595920550503446,0.0543272881778632,0.489439065674834,0.702402035332058
"ES_2023","baseline_3pct_ge2_bach1_ok",1,0,1,1
"ES_2023","baseline_3pct_ge2_bach1_keptmin",1,0,1,1
"ES_2023","baseline_3pct_ge2_bach1_naltmax",0.159067382270929,0.00732944833782547,0.144701663528791,0.173433101013067
"ES_2023","baseline_3pct_ge_theil_bach1_nw",1.10683608514134,0.144349608119764,0.823910853226601,1.38976131705608
"ES_2023","baseline_3pct_ge_theil_bach1_nwx",1.26860505425072,0.194234644173534,0.887905151670597,1.64930495683085
"ES_2023","baseline_3pct_ge_theil_bach1_ratio",0.872477578579846,0.0407386028233478,0.792629917046084,0.952325240113607
"ES_2023","baseline_3pct_ge_theil_bach1_ok",1,0,1,1
"ES_2023","baseline_3pct_ge_theil_bach1_keptmin",1,0,1,1
"ES_2023","baseline_3pct_ge_theil_bach1_naltmax",0.159067382270929,0.00732944833782547,0.144701663528791,0.173433101013067
"ES_2023","baseline_3pct_ge_mld_bach1_nw",1.71788043835038,0.0680577413083053,1.5844872653861,1.85127361131466
"ES_2023","baseline_3pct_ge_mld_bach1_nwx",2.74074286954326,0.0967632458141916,2.55108690774745,2.93039883133908
"ES_2023","baseline_3pct_ge_mld_bach1_ratio",0.626795870130374,0.0189729077309422,0.589608970977727,0.663982769283021
"ES_2023","baseline_3pct_ge_mld_bach1_ok",1,0,1,1
"ES_2023","baseline_3pct_ge_mld_bach1_keptmin",1,0,1,1
"ES_2023","baseline_3pct_ge_mld_bach1_naltmax",0.159067382270929,0.00732944833782547,0.144701663528791,0.173433101013067
"ES_2023","baseline_3pct_atkinson05_bach1_nw",0.418230374381405,0.0223008952379485,0.374520619715025,0.461940129047784
"ES_2023","baseline_3pct_atkinson05_bach1_nwx",0.481288696128747,0.0252555319560648,0.43178785349486,0.530789538762634
"ES_2023","baseline_3pct_atkinson05_bach1_ratio",0.868980522100681,0.0183096210723108,0.833093664798952,0.90486737940241
"ES_2023","baseline_3pct_atkinson05_bach1_ok",1,0,1,1
"ES_2023","baseline_3pct_atkinson05_bach1_keptmin",1,0,1,1
"ES_2023","baseline_3pct_atkinson05_bach1_naltmax",0.159067382270929,0.00732944833782547,0.144701663528791,0.173433101013067
"ES_2023","baseline_3pct_atkinson1_bach1_nw",0.820553472555191,0.0120359970940999,0.796962918250755,0.844144026859627
"ES_2023","baseline_3pct_atkinson1_bach1_nwx",0.935476334553206,0.0062016655606635,0.923321070054306,0.947631599052107
"ES_2023","baseline_3pct_atkinson1_bach1_ratio",0.877150484583017,0.00991626889358717,0.857714597551587,0.896586371614448
"ES_2023","baseline_3pct_atkinson1_bach1_ok",1,0,1,1
"ES_2023","baseline_3pct_atkinson1_bach1_keptmin",1,0,1,1
"ES_2023","baseline_3pct_atkinson1_bach1_naltmax",0.159067382270929,0.00732944833782547,0.144701663528791,0.173433101013067
"ES_2023","baseline_3pct_atkinson2_bach1_nw",0.999946717582322,4.72800333936341e-06,0.999937450695777,0.999955984468867
"ES_2023","baseline_3pct_atkinson2_bach1_nwx",0.999973191630999,1.9526150634226e-06,0.999969364505474,0.999977018756523
"ES_2023","baseline_3pct_atkinson2_bach1_ratio",0.999973525241554,3.72799207273631e-06,0.999966218377092,0.999980832106017
"ES_2023","baseline_3pct_atkinson2_bach1_ok",1,0,1,1
"ES_2023","baseline_3pct_atkinson2_bach1_keptmin",1,0,1,1
"ES_2023","baseline_3pct_atkinson2_bach1_naltmax",0.159067382270929,0.00732944833782547,0.144701663528791,0.173433101013067
"ES_2023","baseline_3pct_mu_ratio_nw",0.995609723864518,0.000645442843253058,0.994344655891742,0.996874791837294
"ES_2023","baseline_3pct_mu_ratio_nwx",0.618385516738488,0.0794804630246123,0.462603809210248,0.774167224266729
"FR_2023","baseline_3pct_gini_nw",0.677710245115626,0.0149974075068772,0.648315326402147,0.707105163829105
"FR_2023","baseline_3pct_gini_nwx",1.39102412070724,0.141334013766984,1.11400945372396,1.66803878769053
"FR_2023","baseline_3pct_gini_ratio",0.48720236768508,0.0495625852380824,0.390059700618438,0.584345034751721
"FR_2023","baseline_3pct_gini_ok",0,0,0,0
"FR_2023","baseline_3pct_gini_keptmin",1,0,1,1
"FR_2023","baseline_3pct_gini_naltmax",0,0,0,0
"FR_2023","baseline_3pct_gini_rsv_nw",0.676101609627431,0.0149005232993829,0.646896583960641,0.705306635294222
"FR_2023","baseline_3pct_gini_rsv_nwx",0.777111535217955,0.0151290751471782,0.747458547929485,0.806764522506424
"FR_2023","baseline_3pct_gini_rsv_ratio",0.870018754049001,0.0096891116012857,0.851028095310481,0.889009412787521
"FR_2023","baseline_3pct_gini_rsv_ok",1,0,1,1
"FR_2023","baseline_3pct_gini_rsv_keptmin",1,0,1,1
"FR_2023","baseline_3pct_gini_rsv_naltmax",0,0,0,0
"FR_2023","baseline_3pct_cv_nw",2.75862526929077,0.425404389365498,1.9248326661344,3.59241787244715
"FR_2023","baseline_3pct_cv_nwx",9.56638582464482,3.27258394309372,3.15212129618112,15.9806503531085
"FR_2023","baseline_3pct_cv_ratio",0.288366507462414,0.125961165985992,0.0414826221298697,0.535250392794958
"FR_2023","baseline_3pct_cv_ok",1,0,1,1
"FR_2023","baseline_3pct_cv_keptmin",1,0,1,1
"FR_2023","baseline_3pct_cv_naltmax",0,0,0,0
"FR_2023","baseline_3pct_top10_nw",0.506182854430138,0.0150448453193589,0.476694957604194,0.535670751256081
"FR_2023","baseline_3pct_top10_nwx",0.761462707101101,0.0522319349287866,0.659088114640679,0.863837299561523
"FR_2023","baseline_3pct_top10_ratio",0.66475068274477,0.0396314368134056,0.587073066590495,0.742428298899045
"FR_2023","baseline_3pct_top10_ok",1,0,1,1
"FR_2023","baseline_3pct_top10_keptmin",1,0,1,1
"FR_2023","baseline_3pct_top10_naltmax",0,0,0,0
"FR_2023","baseline_3pct_top1_nw",0.164699411197244,0.0102022029446697,0.144703093425692,0.184695728968797
"FR_2023","baseline_3pct_top1_nwx",0.264250873820745,0.0245353253155491,0.216161636202269,0.312340111439221
"FR_2023","baseline_3pct_top1_ratio",0.623269126099346,0.0389037237897018,0.54701782747153,0.699520424727161
"FR_2023","baseline_3pct_top1_ok",1,0,1,1
"FR_2023","baseline_3pct_top1_keptmin",1,0,1,1
"FR_2023","baseline_3pct_top1_naltmax",0,0,0,0
"FR_2023","baseline_3pct_sgini4_nw",0.900761936054985,0.0107301480655723,0.879730845846463,0.921793026263507
"FR_2023","baseline_3pct_sgini4_nwx",2.44016906923598,0.311017276894229,1.83057520652329,3.04976293194867
"FR_2023","baseline_3pct_sgini4_ratio",0.369139149992183,0.0498678819198619,0.271398101429254,0.466880198555112
"FR_2023","baseline_3pct_sgini4_ok",1,0,1,1
"FR_2023","baseline_3pct_sgini4_keptmin",1,0,1,1
"FR_2023","baseline_3pct_sgini4_naltmax",0,0,0,0
"FR_2023","baseline_3pct_gini_abs_nw",224931.456401079,5639.73409686699,213877.57757122,235985.335230938
"FR_2023","baseline_3pct_gini_abs_nwx",255580.501491828,11761.2793054592,232528.394053128,278632.608930528
"FR_2023","baseline_3pct_gini_abs_ratio",0.880080659863135,0.0358468359732372,0.809820861355591,0.95034045837068
"FR_2023","baseline_3pct_gini_abs_ok",1,0,1,1
"FR_2023","baseline_3pct_gini_abs_keptmin",1,0,1,1
"FR_2023","baseline_3pct_gini_abs_naltmax",0,0,0,0
"FR_2023","baseline_3pct_variance_nw",838296607476.318,279535647808.365,290406737771.923,1386186477180.71
"FR_2023","baseline_3pct_variance_nwx",3089455181713.58,1988426750919.03,-807861250087.723,6986771613514.89
"FR_2023","baseline_3pct_variance_ratio",0.271341242442414,0.255166134798897,-0.228784381763424,0.771466866648252
"FR_2023","baseline_3pct_variance_ok",1,0,1,1
"FR_2023","baseline_3pct_variance_keptmin",1,0,1,1
"FR_2023","baseline_3pct_variance_naltmax",0,0,0,0
"FR_2023","baseline_3pct_kolm0.5_nw",0.0765903768332084,0.0183352017573021,0.0406533813888963,0.112527372277521
"FR_2023","baseline_3pct_kolm0.5_nwx",355.033102108453,178.605037219189,4.96722915884243,705.098975058064
"FR_2023","baseline_3pct_kolm0.5_ratio",0.000215727424790413,0.00149723374096339,-0.00271885070749783,0.00315030555707866
"FR_2023","baseline_3pct_kolm0.5_ok",1,0,1,1
"FR_2023","baseline_3pct_kolm0.5_keptmin",1,0,1,1
"FR_2023","baseline_3pct_kolm0.5_naltmax",0,0,0,0
"FR_2023","baseline_3pct_kolm1_nw",0.112104630908093,0.026113275752248,0.0609226104336864,0.163286651382499
"FR_2023","baseline_3pct_kolm1_nwx",366.154046079381,177.552768029865,18.1506207408453,714.157471417916
"FR_2023","baseline_3pct_kolm1_ratio",0.000306167942450617,0.000941979523223575,-0.00154011192306759,0.00215244780796882
"FR_2023","baseline_3pct_kolm1_ok",1,0,1,1
"FR_2023","baseline_3pct_kolm1_keptmin",1,0,1,1
"FR_2023","baseline_3pct_kolm1_naltmax",0,0,0,0
"FR_2023","baseline_3pct_p75_p25_nw",367535.56,7972.10035298235,351910.243308155,383160.876691845
"FR_2023","baseline_3pct_p75_p25_nwx",286741.562431082,8306.63802200446,270460.551907953,303022.572954211
"FR_2023","baseline_3pct_p75_p25_ratio",1.28176591103125,0.0221126794199884,1.23842505936807,1.32510676269443
"FR_2023","baseline_3pct_p75_p25_ok",1,0,1,1
"FR_2023","baseline_3pct_p75_p25_keptmin",1,0,1,1
"FR_2023","baseline_3pct_p75_p25_naltmax",0,0,0,0
"FR_2023","baseline_3pct_p90_p10_nw",761474,18665.9036090424,724888.828926277,798059.171073723
"FR_2023","baseline_3pct_p90_p10_nwx",609126.253394775,16045.8777020001,577676.333098855,640576.173690696
"FR_2023","baseline_3pct_p90_p10_ratio",1.25010865277299,0.0245158785396287,1.20205753083532,1.29815977471066
"FR_2023","baseline_3pct_p90_p10_ok",1,0,1,1
"FR_2023","baseline_3pct_p90_p10_keptmin",1,0,1,1
"FR_2023","baseline_3pct_p90_p10_naltmax",0,0,0,0
"FR_2023","baseline_3pct_inter1_nw",0.239343049659744,0.0260810442424989,0.188224202944447,0.290461896375042
"FR_2023","baseline_3pct_inter1_nwx",1.68166489198077e-05,8.27343249043176e-05,-0.000145342627892655,0.00017897592573227
"FR_2023","baseline_3pct_inter1_ratio",14232.5055842624,7843.80339358766,-1141.34906716936,29606.3602356943
"FR_2023","baseline_3pct_inter1_ok",1,0,1,1
"FR_2023","baseline_3pct_inter1_keptmin",1,0,1,1
"FR_2023","baseline_3pct_inter1_naltmax",0,0,0,0
"FR_2023","baseline_3pct_inter2_nw",0.818740107756077,0.301278437338338,0.228234370572933,1.40924584493922
"FR_2023","baseline_3pct_inter2_nwx",1.1743067709673e-05,9.17574494086889e-05,-0.000168101533131357,0.000191587668550703
"FR_2023","baseline_3pct_inter2_ratio",69721.143401197,42180.6519675935,-12952.9344552863,152395.22125768
"FR_2023","baseline_3pct_inter2_ok",1,0,1,1
"FR_2023","baseline_3pct_inter2_keptmin",1,0,1,1
"FR_2023","baseline_3pct_inter2_naltmax",0,0,0,0
"FR_2023","baseline_3pct_ge2_nw",3.71826359689623,1.16230270998748,1.44015028532076,5.9963769084717
"FR_2023","baseline_3pct_ge2_nwx",4.8053400192561,1.7511739458073,1.37303908547379,8.23764095303841
"FR_2023","baseline_3pct_ge2_ratio",0.773777418870734,0.0450568123505062,0.685466066663742,0.862088771077727
"FR_2023","baseline_3pct_ge2_ok",1,0,1,1
"FR_2023","baseline_3pct_ge2_keptmin",0.878781455629698,0.00498766328091343,0.869005635599108,0.888557275660289
"FR_2023","baseline_3pct_ge2_naltmax",0.121218544370302,0.00498766328091344,0.111442724339711,0.130994364400892
"FR_2023","baseline_3pct_ge_theil_nw",0.935294682172396,0.0500216047898362,0.837252336784317,1.03333702756048
"FR_2023","baseline_3pct_ge_theil_nwx",0.991518492616431,0.0572353203863658,0.879337264659154,1.10369972057371
"FR_2023","baseline_3pct_ge_theil_ratio",0.943295247781339,0.0105925452327234,0.922533859125201,0.964056636437477
"FR_2023","baseline_3pct_ge_theil_ok",1,0,1,1
"FR_2023","baseline_3pct_ge_theil_keptmin",0.878781455629698,0.00498766328091343,0.869005635599108,0.888557275660289
"FR_2023","baseline_3pct_ge_theil_naltmax",0.121218544370302,0.00498766328091344,0.111442724339711,0.130994364400892
"FR_2023","baseline_3pct_ge_mld_nw",1.27708802685668,0.068723162657264,1.14239062804845,1.41178542566492
"FR_2023","baseline_3pct_ge_mld_nwx",1.29166026180001,0.0702188580578905,1.15403130000655,1.42928922359348
"FR_2023","baseline_3pct_ge_mld_ratio",0.988718213779357,0.00788085148591879,0.973271744866956,1.00416468269176
"FR_2023","baseline_3pct_ge_mld_ok",1,0,1,1
"FR_2023","baseline_3pct_ge_mld_keptmin",0.878781455629698,0.00498766328091343,0.869005635599108,0.888557275660289
"FR_2023","baseline_3pct_ge_mld_naltmax",0.121218544370302,0.00498766328091344,0.111442724339711,0.130994364400892
"FR_2023","baseline_3pct_atkinson05_nw",0.404220683594294,0.0173096039576567,0.370293859837286,0.438147507351301
"FR_2023","baseline_3pct_atkinson05_nwx",0.415383796228792,0.018104343050196,0.379899283850408,0.450868308607176
"FR_2023","baseline_3pct_atkinson05_ratio",0.973125786956913,0.00657441651474203,0.960239930588019,0.986011643325808
"FR_2023","baseline_3pct_atkinson05_ok",1,0,1,1
"FR_2023","baseline_3pct_atkinson05_keptmin",0.878781455629698,0.00498766328091343,0.869005635599108,0.888557275660289
"FR_2023","baseline_3pct_atkinson05_naltmax",0.121218544370302,0.00498766328091344,0.111442724339711,0.130994364400892
"FR_2023","baseline_3pct_atkinson1_nw",0.721151882429161,0.0199322386304484,0.682084694713482,0.760219070144839
"FR_2023","baseline_3pct_atkinson1_nwx",0.725185859298221,0.0201085509914056,0.685773099355066,0.764598619241376
"FR_2023","baseline_3pct_atkinson1_ratio",0.994437320009295,0.00403449835654467,0.986529703230468,1.00234493678812
"FR_2023","baseline_3pct_atkinson1_ok",1,0,1,1
"FR_2023","baseline_3pct_atkinson1_keptmin",0.878781455629698,0.00498766328091343,0.869005635599108,0.888557275660289
"FR_2023","baseline_3pct_atkinson1_naltmax",0.121218544370302,0.00498766328091344,0.111442724339711,0.130994364400892
"FR_2023","baseline_3pct_atkinson2_nw",0.994341642904182,0.00630945954497198,0.981975102196037,1.00670818361233
"FR_2023","baseline_3pct_atkinson2_nwx",0.994128863879763,0.00658736493028267,0.981217628616408,1.00704009914312
"FR_2023","baseline_3pct_atkinson2_ratio",1.0002140356569,0.000481108037935732,0.999271063902542,1.00115700741125
"FR_2023","baseline_3pct_atkinson2_ok",1,0,1,1
"FR_2023","baseline_3pct_atkinson2_keptmin",0.878781455629698,0.00498766328091343,0.869005635599108,0.888557275660289
"FR_2023","baseline_3pct_atkinson2_naltmax",0.121218544370302,0.00498766328091344,0.111442724339711,0.130994364400892
"FR_2023","baseline_3pct_ge2_bach1_nw",3.79456567236711,1.18291447520346,1.47605330096833,6.11307804376588
"FR_2023","baseline_3pct_ge2_bach1_nwx",5.53714947225435,1.98891974578259,1.63886677052047,9.43543217398822
"FR_2023","baseline_3pct_ge2_bach1_ratio",0.685292259380208,0.0370451543511787,0.612683756851898,0.757900761908519
"FR_2023","baseline_3pct_ge2_bach1_ok",1,0,1,1
"FR_2023","baseline_3pct_ge2_bach1_keptmin",1,0,1,1
"FR_2023","baseline_3pct_ge2_bach1_naltmax",0.121218544370302,0.00498766328091344,0.111442724339711,0.130994364400892
"FR_2023","baseline_3pct_ge_theil_bach1_nw",0.953220857757755,0.0507452781759265,0.853760112532939,1.05268160298257
"FR_2023","baseline_3pct_ge_theil_bach1_nwx",1.12073064024254,0.0590563757987824,1.00498014367693,1.23648113680816
"FR_2023","baseline_3pct_ge_theil_bach1_ratio",0.850535198673131,0.0085478494348222,0.833781413780879,0.867288983565382
"FR_2023","baseline_3pct_ge_theil_bach1_ok",1,0,1,1
"FR_2023","baseline_3pct_ge_theil_bach1_keptmin",1,0,1,1
"FR_2023","baseline_3pct_ge_theil_bach1_naltmax",0.121218544370302,0.00498766328091344,0.111442724339711,0.130994364400892
"FR_2023","baseline_3pct_ge_mld_bach1_nw",1.46267786224679,0.0782814135266194,1.30924629173462,1.61610943275897
"FR_2023","baseline_3pct_ge_mld_bach1_nwx",2.53120550793643,0.0920124194230041,2.35086116586735,2.71154985000552
"FR_2023","baseline_3pct_ge_mld_bach1_ratio",0.577858201422468,0.0161186042286715,0.546265737134272,0.609450665710664
"FR_2023","baseline_3pct_ge_mld_bach1_ok",1,0,1,1
"FR_2023","baseline_3pct_ge_mld_bach1_keptmin",1,0,1,1
"FR_2023","baseline_3pct_ge_mld_bach1_naltmax",0.121218544370302,0.00498766328091344,0.111442724339711,0.130994364400892
"FR_2023","baseline_3pct_atkinson05_bach1_nw",0.414758904613031,0.0175041828279943,0.380450706270162,0.4490671029559
"FR_2023","baseline_3pct_atkinson05_bach1_nwx",0.485907072048063,0.017144404620106,0.452304038992655,0.519510105103471
"FR_2023","baseline_3pct_atkinson05_bach1_ratio",0.853576596168588,0.008922760175308,0.836087986224984,0.871065206112192
"FR_2023","baseline_3pct_atkinson05_bach1_ok",1,0,1,1
"FR_2023","baseline_3pct_atkinson05_bach1_keptmin",1,0,1,1
"FR_2023","baseline_3pct_atkinson05_bach1_naltmax",0.121218544370302,0.00498766328091344,0.111442724339711,0.130994364400892
"FR_2023","baseline_3pct_atkinson1_bach1_nw",0.768384790088526,0.0189986616165549,0.731147413320078,0.805622166856973
"FR_2023","baseline_3pct_atkinson1_bach1_nwx",0.920436951436306,0.00779405628859377,0.905160601110663,0.93571330176195
"FR_2023","baseline_3pct_atkinson1_bach1_ratio",0.834804370782258,0.0149089625474184,0.805582804189318,0.864025937375198
"FR_2023","baseline_3pct_atkinson1_bach1_ok",1,0,1,1
"FR_2023","baseline_3pct_atkinson1_bach1_keptmin",1,0,1,1
"FR_2023","baseline_3pct_atkinson1_bach1_naltmax",0.121218544370302,0.00498766328091344,0.111442724339711,0.130994364400892
"FR_2023","baseline_3pct_atkinson2_bach1_nw",0.999835376013601,2.11219240774025e-05,0.99979397704241,0.999876774984793
"FR_2023","baseline_3pct_atkinson2_bach1_nwx",0.999967949866172,1.28792652467647e-06,0.999965425530184,0.999970474202161
"FR_2023","baseline_3pct_atkinson2_bach1_ratio",0.999867421898283,2.06058786939258e-05,0.999827034376043,0.999907809420523
"FR_2023","baseline_3pct_atkinson2_bach1_ok",1,0,1,1
"FR_2023","baseline_3pct_atkinson2_bach1_keptmin",1,0,1,1
"FR_2023","baseline_3pct_atkinson2_bach1_naltmax",0.121218544370302,0.00498766328091344,0.111442724339711,0.130994364400892
"FR_2023","baseline_3pct_mu_ratio_nw",0.997626366873176,0.000448332946273273,0.99674763429848,0.998505099447871
"FR_2023","baseline_3pct_mu_ratio_nwx",0.558661437749077,0.0523697564847081,0.456016715039049,0.661306160459104
"GR_2023","baseline_3pct_gini_nw",0.584137606119118,0.0124191029887897,0.559796164261091,0.608479047977146
"GR_2023","baseline_3pct_gini_nwx",2.29422253135763,9.69616380249875,-16.7102585215399,21.2987035842552
"GR_2023","baseline_3pct_gini_ratio",0.416595613028924,0.246856064354598,-0.0672422731060883,0.900433499163936
"GR_2023","baseline_3pct_gini_ok",0,0.444297197830461,-0.870822507747704,0.870822507747704
"GR_2023","baseline_3pct_gini_keptmin",1,0,1,1
"GR_2023","baseline_3pct_gini_naltmax",0,0,0,0
"GR_2023","baseline_3pct_gini_rsv_nw",0.583504748047186,0.0123961313689104,0.559208330564122,0.607801165530251
"GR_2023","baseline_3pct_gini_rsv_nwx",0.736313026242906,0.0595399357960794,0.619614752082591,0.853011300403222
"GR_2023","baseline_3pct_gini_rsv_ratio",0.795531248966016,0.0602372149240288,0.67746630771492,0.913596190217113
"GR_2023","baseline_3pct_gini_rsv_ok",1,0,1,1
"GR_2023","baseline_3pct_gini_rsv_keptmin",1,0,1,1
"GR_2023","baseline_3pct_gini_rsv_naltmax",0,0,0,0
"GR_2023","baseline_3pct_cv_nw",1.55922319082321,0.136459012941475,1.29176352545792,1.82668285618851
"GR_2023","baseline_3pct_cv_nwx",9.19070461111313,56.6374713177747,-101.818739171725,120.200148393952
"GR_2023","baseline_3pct_cv_ratio",0.382860548469739,0.249456590636228,-0.106074369177268,0.871795466116746
"GR_2023","baseline_3pct_cv_ok",1,0.0748331477354788,0.853327030438461,1.14667296956154
"GR_2023","baseline_3pct_cv_keptmin",1,0,1,1
"GR_2023","baseline_3pct_cv_naltmax",0,0,0,0
"GR_2023","baseline_3pct_top10_nw",0.422141666191569,0.0163913231365127,0.390014672844004,0.454268659539134
"GR_2023","baseline_3pct_top10_nwx",0.999860064735051,2.54121645565009,-3.98092418833912,5.98064431780923
"GR_2023","baseline_3pct_top10_ratio",0.566856313337559,0.278059495903552,0.0218597013665979,1.11185292530852
"GR_2023","baseline_3pct_top10_ok",0.8,0.563382640840131,-0.304229976046657,1.90422997604666
"GR_2023","baseline_3pct_top10_keptmin",1,0,1,1
"GR_2023","baseline_3pct_top10_naltmax",0,0,0,0
"GR_2023","baseline_3pct_top1_nw",0.106293722507934,0.0102226225391855,0.0862573823311308,0.126330062684738
"GR_2023","baseline_3pct_top1_nwx",0.285246413567424,0.722593465610671,-1.13103677902949,1.70152960616434
"GR_2023","baseline_3pct_top1_ratio",0.51767335058777,0.261917058626468,0.00431591567989142,1.03103078549565
"GR_2023","baseline_3pct_top1_ok",1,0.220454076850486,0.567910009373047,1.43208999062695
"GR_2023","baseline_3pct_top1_keptmin",1,0,1,1
"GR_2023","baseline_3pct_top1_naltmax",0,0,0,0
"GR_2023","baseline_3pct_sgini4_nw",0.826115102074298,0.0085616473307095,0.809334273306108,0.842895930842489
"GR_2023","baseline_3pct_sgini4_nwx",4.40319368883801,20.6832897828278,-36.1360542855046,44.9424416631806
"GR_2023","baseline_3pct_sgini4_ratio",0.339526750173781,0.215497848348917,-0.0828490325900967,0.761902532937658
"GR_2023","baseline_3pct_sgini4_ok",1,0.0748331477354788,0.853327030438461,1.14667296956154
"GR_2023","baseline_3pct_sgini4_keptmin",1,0,1,1
"GR_2023","baseline_3pct_sgini4_naltmax",0,0,0,0
"GR_2023","baseline_3pct_gini_abs_nw",99962.6481451971,6551.71233819045,87121.2919623438,112804.00432805
"GR_2023","baseline_3pct_gini_abs_nwx",127062.682530304,25901.1028357942,76296.5209721471,177828.84408846
"GR_2023","baseline_3pct_gini_abs_ratio",0.803105612780665,0.13437541227375,0.539729804724116,1.06648142083721
"GR_2023","baseline_3pct_gini_abs_ok",1,0,1,1
"GR_2023","baseline_3pct_gini_abs_keptmin",1,0,1,1
"GR_2023","baseline_3pct_gini_abs_naltmax",0,0,0,0
"GR_2023","baseline_3pct_variance_nw",71292222450.758,13459061798.2174,44912461326.2519,97671983575.2641
"GR_2023","baseline_3pct_variance_nwx",221670832631.454,338200589252.143,-441202322302.747,884543987565.654
"GR_2023","baseline_3pct_variance_ratio",0.530854504370249,0.294120173314934,-0.0456210353270206,1.10733004406752
"GR_2023","baseline_3pct_variance_ok",1,0,1,1
"GR_2023","baseline_3pct_variance_keptmin",1,0,1,1
"GR_2023","baseline_3pct_variance_naltmax",0,0,0,0
"GR_2023","baseline_3pct_kolm0.5_nw",0.132680236181874,0.016157690395037,0.101011163007601,0.164349309356147
"GR_2023","baseline_3pct_kolm0.5_nwx",84.9734006860119,186.106248760288,-279.794846884153,449.741648256177
"GR_2023","baseline_3pct_kolm0.5_ratio",0.0119312162953773,0.166789776946189,-0.314976746519154,0.338839179109908
"GR_2023","baseline_3pct_kolm0.5_ok",1,0,1,1
"GR_2023","baseline_3pct_kolm0.5_keptmin",1,0,1,1
"GR_2023","baseline_3pct_kolm0.5_naltmax",0,0,0,0
"GR_2023","baseline_3pct_kolm1_nw",0.200691114261589,0.0252361171167052,0.151228324712847,0.250153903810332
"GR_2023","baseline_3pct_kolm1_nwx",93.5709231090698,187.457229822894,-273.845247343802,460.987093561942
"GR_2023","baseline_3pct_kolm1_ratio",0.00906716183344096,0.0574856343683859,-0.103604681528595,0.121739005195477
"GR_2023","baseline_3pct_kolm1_ok",1,0,1,1
"GR_2023","baseline_3pct_kolm1_keptmin",1,0,1,1
"GR_2023","baseline_3pct_kolm1_naltmax",0,0,0,0
"GR_2023","baseline_3pct_p75_p25_nw",171785.8,12824.2634031894,146650.243729749,196921.356270251
"GR_2023","baseline_3pct_p75_p25_nwx",157134.467675855,14102.2653495425,129494.027590751,184774.907760958
"GR_2023","baseline_3pct_p75_p25_ratio",1.0966163044425,0.101322633837708,0.898023942120589,1.2952086667644
"GR_2023","baseline_3pct_p75_p25_ok",1,0,1,1
"GR_2023","baseline_3pct_p75_p25_keptmin",1,0,1,1
"GR_2023","baseline_3pct_p75_p25_naltmax",0,0,0,0
"GR_2023","baseline_3pct_p90_p10_nw",373208,23789.9004525987,326579.795112906,419836.204887094
"GR_2023","baseline_3pct_p90_p10_nwx",373877.894362705,79376.8334501654,218299.30080038,529456.487925029
"GR_2023","baseline_3pct_p90_p10_ratio",1.02048802441862,0.187422520808691,0.65313988363359,1.38783616520366
"GR_2023","baseline_3pct_p90_p10_ok",1,0,1,1
"GR_2023","baseline_3pct_p90_p10_keptmin",1,0,1,1
"GR_2023","baseline_3pct_p90_p10_naltmax",0,0,0,0
"GR_2023","baseline_3pct_inter1_nw",0.167011339668494,0.115425467226575,-0.0592225760955917,0.39324525543258
"GR_2023","baseline_3pct_inter1_nwx",0.000911355358178688,0.00284320625893287,-0.00466132890932973,0.00648403962568711
"GR_2023","baseline_3pct_inter1_ratio",1101.44021072943,2381.50359503416,-3566.30683553753,5769.18725699639
"GR_2023","baseline_3pct_inter1_ok",1,0,1,1
"GR_2023","baseline_3pct_inter1_keptmin",1,0,1,1
"GR_2023","baseline_3pct_inter1_naltmax",0,0,0,0
"GR_2023","baseline_3pct_inter2_nw",0.289503371272642,0.202405067653524,-0.107210561328264,0.686217303873548
"GR_2023","baseline_3pct_inter2_nwx",0.000832197055836241,0.00294226421136544,-0.00493464079844001,0.00659903491011249
"GR_2023","baseline_3pct_inter2_ratio",2846.02573571818,6741.08043094322,-10366.4919089305,16058.5433803669
"GR_2023","baseline_3pct_inter2_ok",1,0,1,1
"GR_2023","baseline_3pct_inter2_keptmin",1,0,1,1
"GR_2023","baseline_3pct_inter2_naltmax",0,0,0,0
"GR_2023","baseline_3pct_ge2_nw",1.2000447216836,0.203606243981367,0.800976483480126,1.59911295988708
"GR_2023","baseline_3pct_ge2_nwx",1.52991319347806,0.37340614549512,0.798037148307627,2.2617892386485
"GR_2023","baseline_3pct_ge2_ratio",0.791197584537184,0.0779530149906673,0.638409675155476,0.943985493918892
"GR_2023","baseline_3pct_ge2_ok",1,0,1,1
"GR_2023","baseline_3pct_ge2_keptmin",0.833688355500632,0.072542689095739,0.691504684872984,0.975872026128281
"GR_2023","baseline_3pct_ge2_naltmax",0.166311644499368,0.072542689095739,0.0241279738717191,0.308495315127016
"GR_2023","baseline_3pct_ge_theil_nw",0.642206724759889,0.0369497175543843,0.569785278353295,0.714628171166482
"GR_2023","baseline_3pct_ge_theil_nwx",0.73305018457056,0.0700364121360891,0.595778816783825,0.870321552357294
"GR_2023","baseline_3pct_ge_theil_ratio",0.878114638736336,0.0515630181658744,0.777051123131222,0.97917815434145
"GR_2023","baseline_3pct_ge_theil_ok",1,0,1,1
"GR_2023","baseline_3pct_ge_theil_keptmin",0.833688355500632,0.072542689095739,0.691504684872984,0.975872026128281
"GR_2023","baseline_3pct_ge_theil_naltmax",0.166311644499368,0.072542689095739,0.0241279738717191,0.308495315127016
"GR_2023","baseline_3pct_ge_mld_nw",0.957773488015867,0.0418582698867019,0.875731279037931,1.0398156969938
"GR_2023","baseline_3pct_ge_mld_nwx",1.08315836149988,0.0820592764589823,0.922322179640273,1.24399454335948
"GR_2023","baseline_3pct_ge_mld_ratio",0.886110666348741,0.0513552187630726,0.785454437573119,0.986766895124364
"GR_2023","baseline_3pct_ge_mld_ok",1,0,1,1
"GR_2023","baseline_3pct_ge_mld_keptmin",0.833688355500632,0.072542689095739,0.691504684872984,0.975872026128281
"GR_2023","baseline_3pct_ge_mld_naltmax",0.166311644499368,0.072542689095739,0.0241279738717191,0.308495315127016
"GR_2023","baseline_3pct_atkinson05_nw",0.304609693004952,0.0115623254235923,0.281947535174711,0.327271850835193
"GR_2023","baseline_3pct_atkinson05_nwx",0.339741739876649,0.0230341101516442,0.294594883979426,0.384888595773871
"GR_2023","baseline_3pct_atkinson05_ratio",0.897967539012018,0.0440186881117067,0.811690910313073,0.984244167710963
"GR_2023","baseline_3pct_atkinson05_ok",1,0,1,1
"GR_2023","baseline_3pct_atkinson05_keptmin",0.833688355500632,0.072542689095739,0.691504684872984,0.975872026128281
"GR_2023","baseline_3pct_atkinson05_naltmax",0.166311644499368,0.072542689095739,0.0241279738717191,0.308495315127016
"GR_2023","baseline_3pct_atkinson1_nw",0.616252174229776,0.0159946204144882,0.584902718217379,0.647601630242173
"GR_2023","baseline_3pct_atkinson1_nwx",0.66102827552551,0.0276557142259975,0.606823075642555,0.715233475408466
"GR_2023","baseline_3pct_atkinson1_ratio",0.932858193359845,0.0298575802562589,0.874337336057578,0.991379050662113
"GR_2023","baseline_3pct_atkinson1_ok",1,0,1,1
"GR_2023","baseline_3pct_atkinson1_keptmin",0.833688355500632,0.072542689095739,0.691504684872984,0.975872026128281
"GR_2023","baseline_3pct_atkinson1_naltmax",0.166311644499368,0.072542689095739,0.0241279738717191,0.308495315127016
"GR_2023","baseline_3pct_atkinson2_nw",0.99784337827472,0.00283622015512268,0.992284386770679,1.00340236977876
"GR_2023","baseline_3pct_atkinson2_nwx",0.997949405448244,0.00275636537325962,0.992546929316655,1.00335188157983
"GR_2023","baseline_3pct_atkinson2_ratio",0.999893769709009,0.000264480929420615,0.999375387087345,1.00041215233067
"GR_2023","baseline_3pct_atkinson2_ok",1,0,1,1
"GR_2023","baseline_3pct_atkinson2_keptmin",0.833688355500632,0.072542689095739,0.691504684872984,0.975872026128281
"GR_2023","baseline_3pct_atkinson2_naltmax",0.166311644499368,0.072542689095739,0.0241279738717191,0.308495315127016
"GR_2023","baseline_3pct_ge2_bach1_nw",1.21481503403826,0.205569589661579,0.811898638301569,1.61773142977496
"GR_2023","baseline_3pct_ge2_bach1_nwx",1.96415628591009,0.629946612330953,0.729460925741424,3.19885164607876
"GR_2023","baseline_3pct_ge2_bach1_ratio",0.638310446102873,0.118409835632624,0.40622716826293,0.870393723942816
"GR_2023","baseline_3pct_ge2_bach1_ok",1,0,1,1
"GR_2023","baseline_3pct_ge2_bach1_keptmin",1,0,1,1
"GR_2023","baseline_3pct_ge2_bach1_naltmax",0.166311644499368,0.072542689095739,0.0241279738717191,0.308495315127016
"GR_2023","baseline_3pct_ge_theil_bach1_nw",0.650857769744565,0.0370555866634837,0.578228819884137,0.723486719604994
"GR_2023","baseline_3pct_ge_theil_bach1_nwx",0.917437712763657,0.146321660864639,0.630647257468965,1.20422816805835
"GR_2023","baseline_3pct_ge_theil_bach1_ratio",0.718569769207399,0.0946101495671303,0.533133876055823,0.904005662358974
"GR_2023","baseline_3pct_ge_theil_bach1_ok",1,0,1,1
"GR_2023","baseline_3pct_ge_theil_bach1_keptmin",1,0,1,1
"GR_2023","baseline_3pct_ge_theil_bach1_naltmax",0.166311644499368,0.072542689095739,0.0241279738717191,0.308495315127016
"GR_2023","baseline_3pct_ge_mld_bach1_nw",1.04475511538239,0.0470107290095075,0.952614086523754,1.13689614424102
"GR_2023","baseline_3pct_ge_mld_bach1_nwx",2.70087589563156,0.749428920999531,1.23199521047248,4.16975658079064
"GR_2023","baseline_3pct_ge_mld_bach1_ratio",0.40498674899628,0.102853246637652,0.203394385586482,0.606579112406079
"GR_2023","baseline_3pct_ge_mld_bach1_ok",1,0,1,1
"GR_2023","baseline_3pct_ge_mld_bach1_keptmin",1,0,1,1
"GR_2023","baseline_3pct_ge_mld_bach1_naltmax",0.166311644499368,0.072542689095739,0.0241279738717191,0.308495315127016
"GR_2023","baseline_3pct_atkinson05_bach1_nw",0.310565609269345,0.0115900491033345,0.287849113026809,0.333282105511881
"GR_2023","baseline_3pct_atkinson05_bach1_nwx",0.448028161792659,0.0628831693402994,0.324777149885672,0.571279173699646
"GR_2023","baseline_3pct_atkinson05_bach1_ratio",0.701094430989176,0.0894528438219514,0.525766857098151,0.876422004880201
"GR_2023","baseline_3pct_atkinson05_bach1_ok",1,0,1,1
"GR_2023","baseline_3pct_atkinson05_bach1_keptmin",1,0,1,1
"GR_2023","baseline_3pct_atkinson05_bach1_naltmax",0.166311644499368,0.072542689095739,0.0241279738717191,0.308495315127016
"GR_2023","baseline_3pct_atkinson1_bach1_nw",0.648220979730889,0.0165553317690215,0.615772529463607,0.680669429998171
"GR_2023","baseline_3pct_atkinson1_bach1_nwx",0.921389974303689,0.0473209906335326,0.828640832661965,1.01413911594541
"GR_2023","baseline_3pct_atkinson1_bach1_ratio",0.704658473493636,0.0383864556782139,0.629421020364336,0.779895926622935
"GR_2023","baseline_3pct_atkinson1_bach1_ok",1,0,1,1
"GR_2023","baseline_3pct_atkinson1_bach1_keptmin",1,0,1,1
"GR_2023","baseline_3pct_atkinson1_bach1_naltmax",0.166311644499368,0.072542689095739,0.0241279738717191,0.308495315127016
"GR_2023","baseline_3pct_atkinson2_bach1_nw",0.999481841903464,0.000150300628663249,0.999187252671284,0.999776431135644
"GR_2023","baseline_3pct_atkinson2_bach1_nwx",0.999949341785893,1.52753359354849e-05,0.999919402127459,0.999979281444326
"GR_2023","baseline_3pct_atkinson2_bach1_ratio",0.999532476592442,0.000149597454009108,0.999239265582584,0.9998256876023
"GR_2023","baseline_3pct_atkinson2_bach1_ok",1,0,1,1
"GR_2023","baseline_3pct_atkinson2_bach1_keptmin",1,0,1,1
"GR_2023","baseline_3pct_atkinson2_bach1_naltmax",0.166311644499368,0.072542689095739,0.0241279738717191,0.308495315127016
"GR_2023","baseline_3pct_mu_ratio_nw",0.998916542875207,0.000549404264914075,0.997839710515975,0.999993375234438
"GR_2023","baseline_3pct_mu_ratio_nwx",0.509817655492682,0.282340484242939,-0.0435696936234782,1.06320500460884
"HR_2023","baseline_3pct_gini_nw",0.539250849793568,0.0144433698347551,0.510941844917448,0.567559854669688
"HR_2023","baseline_3pct_gini_nwx",0.688506006099934,0.0210441419622139,0.647259487853994,0.729752524345873
"HR_2023","baseline_3pct_gini_ratio",0.783218931576561,0.0212261436598993,0.741615690003158,0.824822173149963
"HR_2023","baseline_3pct_gini_ok",1,0,1,1
"HR_2023","baseline_3pct_gini_keptmin",1,0,1,1
"HR_2023","baseline_3pct_gini_naltmax",0,0,0,0
"HR_2023","baseline_3pct_gini_rsv_nw",0.538740130003183,0.0144163384275705,0.510484106685145,0.566996153321221
"HR_2023","baseline_3pct_gini_rsv_nwx",0.619944634448912,0.0141583395950867,0.592194288842542,0.647694980055282
"HR_2023","baseline_3pct_gini_rsv_ratio",0.869012311091834,0.0118265608275936,0.845832251869751,0.892192370313918
"HR_2023","baseline_3pct_gini_rsv_ok",1,0,1,1
"HR_2023","baseline_3pct_gini_rsv_keptmin",1,0,1,1
"HR_2023","baseline_3pct_gini_rsv_naltmax",0,0,0,0
"HR_2023","baseline_3pct_cv_nw",1.35008219529306,0.107730321866037,1.13893076443563,1.5612336261505
"HR_2023","baseline_3pct_cv_nwx",1.68169471924997,0.134014229070258,1.41902683027227,1.94436260822768
"HR_2023","baseline_3pct_cv_ratio",0.802811525420788,0.021575786667716,0.760522983552065,0.845100067289511
"HR_2023","baseline_3pct_cv_ok",1,0,1,1
"HR_2023","baseline_3pct_cv_keptmin",1,0,1,1
"HR_2023","baseline_3pct_cv_naltmax",0,0,0,0
"HR_2023","baseline_3pct_top10_nw",0.390927296616491,0.0169708636885378,0.357664403786956,0.424190189446025
"HR_2023","baseline_3pct_top10_nwx",0.452599318170665,0.0201018299852228,0.413199731399628,0.491998904941702
"HR_2023","baseline_3pct_top10_ratio",0.863740423201025,0.01558397855981,0.833195825223798,0.894285021178253
"HR_2023","baseline_3pct_top10_ok",1,0,1,1
"HR_2023","baseline_3pct_top10_keptmin",1,0,1,1
"HR_2023","baseline_3pct_top10_naltmax",0,0,0,0
"HR_2023","baseline_3pct_top1_nw",0.0996977170955114,0.0122771505298511,0.0756345020570033,0.12376093213402
"HR_2023","baseline_3pct_top1_nwx",0.117818481629448,0.0153935487453213,0.0876471260886182,0.147989837170278
"HR_2023","baseline_3pct_top1_ratio",0.846204814750758,0.0328333607059992,0.781851427767,0.910558201734517
"HR_2023","baseline_3pct_top1_ok",1,0,1,1
"HR_2023","baseline_3pct_top1_keptmin",1,0,1,1
"HR_2023","baseline_3pct_top1_naltmax",0,0,0,0
"HR_2023","baseline_3pct_sgini4_nw",0.769713515652919,0.0116041057502744,0.746969468382381,0.792457562923457
"HR_2023","baseline_3pct_sgini4_nwx",1.04525669771336,0.034774570258864,0.977098540005983,1.11341485542073
"HR_2023","baseline_3pct_sgini4_ratio",0.736387992007477,0.0256626120705469,0.686089272349204,0.786686711665749
"HR_2023","baseline_3pct_sgini4_ok",1,0,1,1
"HR_2023","baseline_3pct_sgini4_keptmin",1,0,1,1
"HR_2023","baseline_3pct_sgini4_naltmax",0,0,0,0
"HR_2023","baseline_3pct_gini_abs_nw",98878.5480287125,6093.00255071187,86936.2630293172,110820.833028108
"HR_2023","baseline_3pct_gini_abs_nwx",100584.002221909,5894.81060290871,89030.1734402079,112137.83100361
"HR_2023","baseline_3pct_gini_abs_ratio",0.983046923995456,0.0169083673438988,0.949906524001415,1.0161873239895
"HR_2023","baseline_3pct_gini_abs_ok",1,0,1,1
"HR_2023","baseline_3pct_gini_abs_keptmin",1,0,1,1
"HR_2023","baseline_3pct_gini_abs_naltmax",0,0,0,0
"HR_2023","baseline_3pct_variance_nw",61286409919.3963,13332099977.2714,35155493963.9443,87417325874.8482
"HR_2023","baseline_3pct_variance_nwx",60362240721.6611,13277122196.6443,34339081216.2383,86385400227.084
"HR_2023","baseline_3pct_variance_ratio",1.01533723551443,0.0430556067113664,0.930948246360157,1.09972622466871
"HR_2023","baseline_3pct_variance_ok",1,0,1,1
"HR_2023","baseline_3pct_variance_keptmin",1,0,1,1
"HR_2023","baseline_3pct_variance_naltmax",0,0,0,0
"HR_2023","baseline_3pct_kolm0.5_nw",0.145572201299117,0.0106971028894226,0.124605879635849,0.166538522962385
"HR_2023","baseline_3pct_kolm0.5_nwx",0.162097764529161,0.0257149868984963,0.111696390208108,0.212499138850214
"HR_2023","baseline_3pct_kolm0.5_ratio",0.898061637107732,0.0895950887500385,0.722455263157656,1.07366801105781
"HR_2023","baseline_3pct_kolm0.5_ok",1,0,1,1
"HR_2023","baseline_3pct_kolm0.5_keptmin",1,0,1,1
"HR_2023","baseline_3pct_kolm0.5_naltmax",0,0,0,0
"HR_2023","baseline_3pct_kolm1_nw",0.220077804699147,0.0194492089211046,0.181957355213782,0.258198254184512
"HR_2023","baseline_3pct_kolm1_nwx",0.50437532000799,0.371882177681067,-0.224513748246901,1.23326438826288
"HR_2023","baseline_3pct_kolm1_ratio",0.436666354060845,0.332099699370111,-0.214249056704572,1.08758176482626
"HR_2023","baseline_3pct_kolm1_ok",1,0,1,1
"HR_2023","baseline_3pct_kolm1_keptmin",1,0,1,1
"HR_2023","baseline_3pct_kolm1_naltmax",0,0,0,0
"HR_2023","baseline_3pct_p75_p25_nw",171607.4,8405.92446848055,155131.788041778,188083.011958222
"HR_2023","baseline_3pct_p75_p25_nwx",166166.820534629,9136.47095203665,148259.337468638,184074.303600621
"HR_2023","baseline_3pct_p75_p25_ratio",1.03283949269214,0.0407559091963449,0.952957910667309,1.11272107471698
"HR_2023","baseline_3pct_p75_p25_ok",1,0,1,1
"HR_2023","baseline_3pct_p75_p25_keptmin",1,0,1,1
"HR_2023","baseline_3pct_p75_p25_naltmax",0,0,0,0
"HR_2023","baseline_3pct_p90_p10_nw",383257.6,19545.7629016138,344947.904712837,421567.295287163
"HR_2023","baseline_3pct_p90_p10_nwx",351502.20429857,21387.3567359908,309582.985096028,393421.423501112
"HR_2023","baseline_3pct_p90_p10_ratio",1.09076495397811,0.0524047077797846,0.988051726729731,1.19347818122649
"HR_2023","baseline_3pct_p90_p10_ok",1,0,1,1
"HR_2023","baseline_3pct_p90_p10_keptmin",1,0,1,1
"HR_2023","baseline_3pct_p90_p10_naltmax",0,0,0,0
"HR_2023","baseline_3pct_inter1_nw",0.330314554603101,0.0673856311120012,0.198238717623578,0.462390391582623
"HR_2023","baseline_3pct_inter1_nwx",0.0065703411137571,0.0425493308212472,-0.0768263472958874,0.0899670295234016
"HR_2023","baseline_3pct_inter1_ratio",50.2801047370458,29.2337040658871,-7.01795523209291,107.578164706185
"HR_2023","baseline_3pct_inter1_ok",1,0,1,1
"HR_2023","baseline_3pct_inter1_keptmin",1,0,1,1
"HR_2023","baseline_3pct_inter1_naltmax",0,0,0,0
"HR_2023","baseline_3pct_inter2_nw",0.550809879398069,0.143143514225257,0.270248591516564,0.831371167279573
"HR_2023","baseline_3pct_inter2_nwx",0.00751700653206747,0.0611048987126385,-0.112248594944704,0.127282608008839
"HR_2023","baseline_3pct_inter2_ratio",73.2854956056379,43.2064969896732,-11.3992384941216,157.970229705397
"HR_2023","baseline_3pct_inter2_ok",1,0,1,1
"HR_2023","baseline_3pct_inter2_keptmin",1,0,1,1
"HR_2023","baseline_3pct_inter2_naltmax",0,0,0,0
"HR_2023","baseline_3pct_ge2_nw",0.89015324600854,0.143633903799267,0.608630794561978,1.1716756974551
"HR_2023","baseline_3pct_ge2_nwx",0.981837843865292,0.177431686730498,0.634071737873516,1.32960394985707
"HR_2023","baseline_3pct_ge2_ratio",0.906631919544915,0.0395696246439701,0.829075455242734,0.984188383847097
"HR_2023","baseline_3pct_ge2_ok",1,0,1,1
"HR_2023","baseline_3pct_ge2_keptmin",0.880790956074145,0.00946590159881244,0.862237788940473,0.899344123207817
"HR_2023","baseline_3pct_ge2_naltmax",0.119209043925855,0.00946590159881245,0.100655876792183,0.137762211059527
"HR_2023","baseline_3pct_ge_theil_nw",0.529409472284122,0.0391558934267597,0.452663921167673,0.606155023400571
"HR_2023","baseline_3pct_ge_theil_nwx",0.568982250377957,0.0453898975240376,0.480018051230844,0.657946449525071
"HR_2023","baseline_3pct_ge_theil_ratio",0.930454052989843,0.0201296134071341,0.89100001071186,0.969908095267825
"HR_2023","baseline_3pct_ge_theil_ok",1,0,1,1
"HR_2023","baseline_3pct_ge_theil_keptmin",0.880790956074145,0.00946590159881244,0.862237788940473,0.899344123207817
"HR_2023","baseline_3pct_ge_theil_naltmax",0.119209043925855,0.00946590159881245,0.100655876792183,0.137762211059527
"HR_2023","baseline_3pct_ge_mld_nw",0.686429365933838,0.0411438200856487,0.605787478565966,0.767071253301709
"HR_2023","baseline_3pct_ge_mld_nwx",0.762944618602298,0.0469817364354947,0.670860415188729,0.855028822015868
"HR_2023","baseline_3pct_ge_mld_ratio",0.899705718327075,0.0193540258576684,0.861771827646045,0.937639609008105
"HR_2023","baseline_3pct_ge_mld_ok",1,0,1,1
"HR_2023","baseline_3pct_ge_mld_keptmin",0.880790956074145,0.00946590159881244,0.862237788940473,0.899344123207817
"HR_2023","baseline_3pct_ge_mld_naltmax",0.119209043925855,0.00946590159881245,0.100655876792183,0.137762211059527
"HR_2023","baseline_3pct_atkinson05_nw",0.246086567367481,0.0130882290621185,0.220433638405728,0.271739496329233
"HR_2023","baseline_3pct_atkinson05_nwx",0.264555174907097,0.014777773854922,0.23559073815145,0.293519611662744
"HR_2023","baseline_3pct_atkinson05_ratio",0.930191833941869,0.0160832581070692,0.898668648052013,0.961715019831724
"HR_2023","baseline_3pct_atkinson05_ok",1,0,1,1
"HR_2023","baseline_3pct_atkinson05_keptmin",0.880790956074145,0.00946590159881244,0.862237788940473,0.899344123207817
"HR_2023","baseline_3pct_atkinson05_naltmax",0.119209043925855,0.00946590159881245,0.100655876792183,0.137762211059527
"HR_2023","baseline_3pct_atkinson1_nw",0.496619142064167,0.0207141885829297,0.456019332441624,0.537218951686709
"HR_2023","baseline_3pct_atkinson1_nwx",0.533698433900647,0.0219188043229132,0.490737577427737,0.576659290373557
"HR_2023","baseline_3pct_atkinson1_ratio",0.930520206937518,0.013641889673313,0.903782103177825,0.957258310697212
"HR_2023","baseline_3pct_atkinson1_ok",1,0,1,1
"HR_2023","baseline_3pct_atkinson1_keptmin",0.880790956074145,0.00946590159881244,0.862237788940473,0.899344123207817
"HR_2023","baseline_3pct_atkinson1_naltmax",0.119209043925855,0.00946590159881245,0.100655876792183,0.137762211059527
"HR_2023","baseline_3pct_atkinson2_nw",0.997584744595285,0.0129746880930616,0.972154355932884,1.02301513325769
"HR_2023","baseline_3pct_atkinson2_nwx",0.997719652449263,0.0112438977302435,0.975681612897985,1.01975769200054
"HR_2023","baseline_3pct_atkinson2_ratio",0.999864783805741,0.00189083591444177,0.996158745413436,1.00357082219805
"HR_2023","baseline_3pct_atkinson2_ok",1,0,1,1
"HR_2023","baseline_3pct_atkinson2_keptmin",0.880790956074145,0.00946590159881244,0.862237788940473,0.899344123207817
"HR_2023","baseline_3pct_atkinson2_naltmax",0.119209043925855,0.00946590159881245,0.100655876792183,0.137762211059527
"HR_2023","baseline_3pct_ge2_bach1_nw",0.910018687033669,0.146419870044648,0.623035741746158,1.19700163232118
"HR_2023","baseline_3pct_ge2_bach1_nwx",1.18239223758072,0.20328598128974,0.783951714252829,1.58083276090861
"HR_2023","baseline_3pct_ge2_bach1_ratio",0.769647602158209,0.0313584004161729,0.70818513734251,0.831110066973908
"HR_2023","baseline_3pct_ge2_bach1_ok",1,0,1,1
"HR_2023","baseline_3pct_ge2_bach1_keptmin",1,0,1,1
"HR_2023","baseline_3pct_ge2_bach1_naltmax",0.119209043925855,0.00946590159881245,0.100655876792183,0.137762211059527
"HR_2023","baseline_3pct_ge_theil_bach1_nw",0.543597992858318,0.0395995063948904,0.465982960324332,0.621213025392303
"HR_2023","baseline_3pct_ge_theil_bach1_nwx",0.695907204518012,0.046977024254201,0.603832236979778,0.787982172056246
"HR_2023","baseline_3pct_ge_theil_bach1_ratio",0.781133425491245,0.0197619895430017,0.742399925986962,0.819866924995528
"HR_2023","baseline_3pct_ge_theil_bach1_ok",1,0,1,1
"HR_2023","baseline_3pct_ge_theil_bach1_keptmin",1,0,1,1
"HR_2023","baseline_3pct_ge_theil_bach1_naltmax",0.119209043925855,0.00946590159881245,0.100655876792183,0.137762211059527
"HR_2023","baseline_3pct_ge_mld_bach1_nw",0.833522925009235,0.0547697882585584,0.72617414002246,0.940871709996009
"HR_2023","baseline_3pct_ge_mld_bach1_nwx",1.98423589313896,0.104755821551081,1.77891448289884,2.18955730337908
"HR_2023","baseline_3pct_ge_mld_bach1_ratio",0.420062110986906,0.0266370777534641,0.367853438590117,0.472270783383696
"HR_2023","baseline_3pct_ge_mld_bach1_ok",1,0,1,1
"HR_2023","baseline_3pct_ge_mld_bach1_keptmin",1,0,1,1
"HR_2023","baseline_3pct_ge_mld_bach1_naltmax",0.119209043925855,0.00946590159881245,0.100655876792183,0.137762211059527
"HR_2023","baseline_3pct_atkinson05_bach1_nw",0.256652175027739,0.01329660754062,0.230590824248124,0.282713525807354
"HR_2023","baseline_3pct_atkinson05_bach1_nwx",0.351738920548928,0.0148434390398082,0.322645780030904,0.380832061066952
"HR_2023","baseline_3pct_atkinson05_bach1_ratio",0.729661200641793,0.0205627454356502,0.689358219587919,0.769964181695668
"HR_2023","baseline_3pct_atkinson05_bach1_ok",1,0,1,1
"HR_2023","baseline_3pct_atkinson05_bach1_keptmin",1,0,1,1
"HR_2023","baseline_3pct_atkinson05_bach1_naltmax",0.119209043925855,0.00946590159881245,0.100655876792183,0.137762211059527
"HR_2023","baseline_3pct_atkinson1_bach1_nw",0.565468338394851,0.0237861647734662,0.518847455438857,0.612089221350845
"HR_2023","baseline_3pct_atkinson1_bach1_nwx",0.862508707243013,0.0142912990197114,0.834497761164378,0.890519653321647
"HR_2023","baseline_3pct_atkinson1_bach1_ratio",0.655604155904108,0.0248218142698905,0.606953399935122,0.704254911873093
"HR_2023","baseline_3pct_atkinson1_bach1_ok",1,0,1,1
"HR_2023","baseline_3pct_atkinson1_bach1_keptmin",1,0,1,1
"HR_2023","baseline_3pct_atkinson1_bach1_naltmax",0.119209043925855,0.00946590159881245,0.100655876792183,0.137762211059527
"HR_2023","baseline_3pct_atkinson2_bach1_nw",0.999664395953689,8.84470410006932e-05,0.999491039753327,0.99983775215405
"HR_2023","baseline_3pct_atkinson2_bach1_nwx",0.999946574155726,4.19122662718744e-06,0.999938359351537,0.999954788959915
"HR_2023","baseline_3pct_atkinson2_bach1_ratio",0.999717806718976,8.71711767577838e-05,0.999546951212531,0.999888662225421
"HR_2023","baseline_3pct_atkinson2_bach1_ok",1,0,1,1
"HR_2023","baseline_3pct_atkinson2_bach1_keptmin",1,0,1,1
"HR_2023","baseline_3pct_atkinson2_bach1_naltmax",0.119209043925855,0.00946590159881245,0.100655876792183,0.137762211059527
"HR_2023","baseline_3pct_mu_ratio_nw",0.999052989091292,0.000357603774527042,0.998352085693219,0.999753892489365
"HR_2023","baseline_3pct_mu_ratio_nwx",0.900421440327493,0.0144539474558006,0.872091703314124,0.928751177340862
"HU_2023","baseline_3pct_gini_nw",0.595984697017222,0.00712077768531086,0.582027972754013,0.609941421280431
"HU_2023","baseline_3pct_gini_nwx",0.717566573756698,0.0158665797700369,0.686468077407425,0.74866507010597
"HU_2023","baseline_3pct_gini_ratio",0.830563627131053,0.0173283989619963,0.79659996516554,0.864527289096566
"HU_2023","baseline_3pct_gini_ok",1,0,1,1
"HU_2023","baseline_3pct_gini_keptmin",1,0,1,1
"HU_2023","baseline_3pct_gini_naltmax",0,0,0,0
"HU_2023","baseline_3pct_gini_rsv_nw",0.592230378166422,0.00702835161227778,0.578454809006357,0.606005947326486
"HU_2023","baseline_3pct_gini_rsv_nwx",0.644127936173164,0.00729951703276927,0.629820882788936,0.658434989557392
"HU_2023","baseline_3pct_gini_rsv_ratio",0.919429729473449,0.00561370292219211,0.908426871745953,0.930432587200946
"HU_2023","baseline_3pct_gini_rsv_ok",1,0,1,1
"HU_2023","baseline_3pct_gini_rsv_keptmin",1,0,1,1
"HU_2023","baseline_3pct_gini_rsv_naltmax",0,0,0,0
"HU_2023","baseline_3pct_cv_nw",1.77851874731252,0.0910103517364385,1.6001384579091,1.95689903671594
"HU_2023","baseline_3pct_cv_nwx",2.14970498805167,0.119578947410838,1.91533025112643,2.38407972497691
"HU_2023","baseline_3pct_cv_ratio",0.827331547388035,0.0267928950709858,0.774817473048903,0.879845621727167
"HU_2023","baseline_3pct_cv_ok",1,0,1,1
"HU_2023","baseline_3pct_cv_keptmin",1,0,1,1
"HU_2023","baseline_3pct_cv_naltmax",0,0,0,0
"HU_2023","baseline_3pct_top10_nw",0.4476411006004,0.00916105994413375,0.429685423109897,0.465596778090902
"HU_2023","baseline_3pct_top10_nwx",0.497235455271435,0.0109194933795083,0.475833248247599,0.518637662295271
"HU_2023","baseline_3pct_top10_ratio",0.900259818604498,0.00926932153059125,0.88209194840454,0.918427688804457
"HU_2023","baseline_3pct_top10_ok",1,0,1,1
"HU_2023","baseline_3pct_top10_keptmin",1,0,1,1
"HU_2023","baseline_3pct_top10_naltmax",0,0,0,0
"HU_2023","baseline_3pct_top1_nw",0.1321050031955,0.00836318576851139,0.115713159089217,0.148496847301782
"HU_2023","baseline_3pct_top1_nwx",0.152810743418879,0.00964063105243288,0.133915106556111,0.171706380281647
"HU_2023","baseline_3pct_top1_ratio",0.864500772690535,0.0104476903794321,0.844023299546848,0.884978245834222
"HU_2023","baseline_3pct_top1_ok",1,0,1,1
"HU_2023","baseline_3pct_top1_keptmin",1,0,1,1
"HU_2023","baseline_3pct_top1_naltmax",0,0,0,0
"HU_2023","baseline_3pct_sgini4_nw",0.824924020761041,0.00556302332861971,0.814020495036947,0.835827546485136
"HU_2023","baseline_3pct_sgini4_nwx",1.06572599801639,0.0336464910475122,0.999778875563268,1.13167312046952
"HU_2023","baseline_3pct_sgini4_ratio",0.774048883524563,0.0241935374576408,0.726629550107587,0.821468216941539
"HU_2023","baseline_3pct_sgini4_ok",1,0,1,1
"HU_2023","baseline_3pct_sgini4_keptmin",1,0,1,1
"HU_2023","baseline_3pct_sgini4_naltmax",0,0,0,0
"HU_2023","baseline_3pct_gini_abs_nw",79831.8793866563,2239.38434872453,75442.6860631562,84221.0727101564
"HU_2023","baseline_3pct_gini_abs_nwx",81170.2812017806,2312.07055861554,76638.6229068941,85701.939496667
"HU_2023","baseline_3pct_gini_abs_ratio",0.983511204069579,0.0113857585527379,0.961195117306213,1.00582729083295
"HU_2023","baseline_3pct_gini_abs_ok",1,0,1,1
"HU_2023","baseline_3pct_gini_abs_keptmin",1,0,1,1
"HU_2023","baseline_3pct_gini_abs_naltmax",0,0,0,0
"HU_2023","baseline_3pct_variance_nw",56754381059.3634,6904895451.75202,43220785973.9294,70287976144.7973
"HU_2023","baseline_3pct_variance_nwx",59132658625.2629,7244398721.32991,44933637131.4562,73331680119.0695
"HU_2023","baseline_3pct_variance_ratio",0.959780617116877,0.0447582926213979,0.872054363578937,1.04750687065482
"HU_2023","baseline_3pct_variance_ok",1,0,1,1
"HU_2023","baseline_3pct_variance_keptmin",1,0,1,1
"HU_2023","baseline_3pct_variance_naltmax",0,0,0,0
"HU_2023","baseline_3pct_kolm0.5_nw",0.119171812444301,0.00683398470589048,0.105777202420755,0.132566422467846
"HU_2023","baseline_3pct_kolm0.5_nwx",0.622154382454723,0.62235955004087,-0.597670335625383,1.84197910053483
"HU_2023","baseline_3pct_kolm0.5_ratio",0.191547475558616,0.356610713862494,-0.507409523611871,0.890504474729104
"HU_2023","baseline_3pct_kolm0.5_ok",1,0,1,1
"HU_2023","baseline_3pct_kolm0.5_keptmin",1,0,1,1
"HU_2023","baseline_3pct_kolm0.5_naltmax",0,0,0,0
"HU_2023","baseline_3pct_kolm1_nw",0.174410012309882,0.011162764559314,0.152530993773627,0.196289030846137
"HU_2023","baseline_3pct_kolm1_nwx",6.16332732635534,3.21688410898102,-0.141765527247451,12.4684201799581
"HU_2023","baseline_3pct_kolm1_ratio",0.0282980402030299,0.197029098334405,-0.357878992532404,0.414475072938463
"HU_2023","baseline_3pct_kolm1_ok",1,0,1,1
"HU_2023","baseline_3pct_kolm1_keptmin",1,0,1,1
"HU_2023","baseline_3pct_kolm1_naltmax",0,0,0,0
"HU_2023","baseline_3pct_p75_p25_nw",119354.396177547,3039.20942766581,113397.545699322,125311.246655772
"HU_2023","baseline_3pct_p75_p25_nwx",117415.519677582,2200.76543346791,113102.019427985,121729.01992718
"HU_2023","baseline_3pct_p75_p25_ratio",1.01651138589724,0.0170722767886653,0.983049723391453,1.04997304840302
"HU_2023","baseline_3pct_p75_p25_ok",1,0,1,1
"HU_2023","baseline_3pct_p75_p25_keptmin",1,0,1,1
"HU_2023","baseline_3pct_p75_p25_naltmax",0,0,0,0
"HU_2023","baseline_3pct_p90_p10_nw",284564.826809792,7930.29297815305,269021.452572612,300108.201046972
"HU_2023","baseline_3pct_p90_p10_nwx",263247.689555495,7640.73993849497,248271.839276045,278223.539834945
"HU_2023","baseline_3pct_p90_p10_ratio",1.08097950835953,0.0159519633243177,1.04971366024386,1.11224535647519
"HU_2023","baseline_3pct_p90_p10_ok",1,0,1,1
"HU_2023","baseline_3pct_p90_p10_keptmin",1,0,1,1
"HU_2023","baseline_3pct_p90_p10_naltmax",0,0,0,0
"HU_2023","baseline_3pct_inter1_nw",0.097161070013668,0.0527632637638749,-0.00625492696352688,0.200577066990863
"HU_2023","baseline_3pct_inter1_nwx",0.00192626615287112,0.00231043868884404,-0.00260219367726319,0.00645472598300543
"HU_2023","baseline_3pct_inter1_ratio",50.4401070612707,24.7308339274279,1.96767256351205,98.9125415590294
"HU_2023","baseline_3pct_inter1_ok",1,0,1,1
"HU_2023","baseline_3pct_inter1_keptmin",1,0,1,1
"HU_2023","baseline_3pct_inter1_naltmax",0,0,0,0
"HU_2023","baseline_3pct_inter2_nw",0.173117662938839,0.113780310380278,-0.0498917454065063,0.396127071284184
"HU_2023","baseline_3pct_inter2_nwx",0.00213605359801663,0.0031376093792981,-0.00401366078540764,0.0082857679814409
"HU_2023","baseline_3pct_inter2_ratio",81.0455621948488,47.5470164680767,-12.1465900825816,174.237714472279
"HU_2023","baseline_3pct_inter2_ok",1,0,1,1
"HU_2023","baseline_3pct_inter2_keptmin",1,0,1,1
"HU_2023","baseline_3pct_inter2_naltmax",0,0,0,0
"HU_2023","baseline_3pct_ge2_nw",1.47893215367713,0.151507475801786,1.18197750110563,1.77588680624863
"HU_2023","baseline_3pct_ge2_nwx",1.60109659423737,0.173324824641684,1.26137993793967,1.94081325053508
"HU_2023","baseline_3pct_ge2_ratio",0.923700180849686,0.0100747812327565,0.903953609633483,0.943446752065889
"HU_2023","baseline_3pct_ge2_ok",1,0,1,1
"HU_2023","baseline_3pct_ge2_keptmin",0.886760656701398,0.00481096868630629,0.877331158076238,0.896190155326558
"HU_2023","baseline_3pct_ge2_naltmax",0.113239343298602,0.00481096868630629,0.103809844673442,0.122668841923762
"HU_2023","baseline_3pct_ge_theil_nw",0.656567764914938,0.0256696702579278,0.606255211209399,0.706880318620476
"HU_2023","baseline_3pct_ge_theil_nwx",0.680123221360545,0.0286627997492779,0.62394413385196,0.73630230886913
"HU_2023","baseline_3pct_ge_theil_ratio",0.965366551052987,0.00698468838609463,0.951676561816241,0.979056540289732
"HU_2023","baseline_3pct_ge_theil_ok",1,0,1,1
"HU_2023","baseline_3pct_ge_theil_keptmin",0.886760656701398,0.00481096868630629,0.877331158076238,0.896190155326558
"HU_2023","baseline_3pct_ge_theil_naltmax",0.113239343298602,0.00481096868630629,0.103809844673442,0.122668841923762
"HU_2023","baseline_3pct_ge_mld_nw",0.776164477966389,0.0219029086476725,0.733234777016951,0.819094178915827
"HU_2023","baseline_3pct_ge_mld_nwx",0.805396447473127,0.02371655146767,0.758912006596494,0.851880888349761
"HU_2023","baseline_3pct_ge_mld_ratio",0.963708316485201,0.00958433927909823,0.944923011498168,0.982493621472233
"HU_2023","baseline_3pct_ge_mld_ok",1,0,1,1
"HU_2023","baseline_3pct_ge_mld_keptmin",0.886760656701398,0.00481096868630629,0.877331158076238,0.896190155326558
"HU_2023","baseline_3pct_ge_mld_naltmax",0.113239343298602,0.00481096868630629,0.103809844673442,0.122668841923762
"HU_2023","baseline_3pct_atkinson05_nw",0.285713622014749,0.00742246710297098,0.271165586492925,0.300261657536572
"HU_2023","baseline_3pct_atkinson05_nwx",0.293694986896405,0.00817602731389306,0.277669973361174,0.309720000431635
"HU_2023","baseline_3pct_atkinson05_ratio",0.972825261824826,0.0063851036384608,0.960310458693443,0.98534006495621
"HU_2023","baseline_3pct_atkinson05_ok",1,0,1,1
"HU_2023","baseline_3pct_atkinson05_keptmin",0.886760656701398,0.00481096868630629,0.877331158076238,0.896190155326558
"HU_2023","baseline_3pct_atkinson05_naltmax",0.113239343298602,0.00481096868630629,0.103809844673442,0.122668841923762
"HU_2023","baseline_3pct_atkinson1_nw",0.539831870858461,0.0100289116021582,0.520175204118231,0.559488537598691
"HU_2023","baseline_3pct_atkinson1_nwx",0.553088648816421,0.0105525571138681,0.532405636873239,0.573771660759602
"HU_2023","baseline_3pct_atkinson1_ratio",0.976032844394666,0.006330407792261,0.963625245121834,0.988440443667497
"HU_2023","baseline_3pct_atkinson1_ok",1,0,1,1
"HU_2023","baseline_3pct_atkinson1_keptmin",0.886760656701398,0.00481096868630629,0.877331158076238,0.896190155326558
"HU_2023","baseline_3pct_atkinson1_naltmax",0.113239343298602,0.00481096868630629,0.103809844673442,0.122668841923762
"HU_2023","baseline_3pct_atkinson2_nw",0.989451725611648,0.00944180733511616,0.97094578323482,1.00795766798848
"HU_2023","baseline_3pct_atkinson2_nwx",0.989823781755033,0.00889418107308624,0.972391186851784,1.00725637665828
"HU_2023","baseline_3pct_atkinson2_ratio",0.999624124106517,0.00103672836675139,0.997592136507685,1.00165611170535
"HU_2023","baseline_3pct_atkinson2_ok",1,0,1,1
"HU_2023","baseline_3pct_atkinson2_keptmin",0.886760656701398,0.00481096868630629,0.877331158076238,0.896190155326558
"HU_2023","baseline_3pct_atkinson2_naltmax",0.113239343298602,0.00481096868630629,0.103809844673442,0.122668841923762
"HU_2023","baseline_3pct_ge2_bach1_nw",1.56771551136026,0.158191815166872,1.25765955363319,1.87777146908733
"HU_2023","baseline_3pct_ge2_bach1_nwx",1.86940166848818,0.195557182876878,1.48610959004949,2.25269374692686
"HU_2023","baseline_3pct_ge2_bach1_ratio",0.838618885091129,0.00856718162953963,0.821827209097231,0.855410561085026
"HU_2023","baseline_3pct_ge2_bach1_ok",1,0,1,1
"HU_2023","baseline_3pct_ge2_bach1_keptmin",1,0,1,1
"HU_2023","baseline_3pct_ge2_bach1_naltmax",0.113239343298602,0.00481096868630629,0.103809844673442,0.122668841923762
"HU_2023","baseline_3pct_ge_theil_bach1_nw",0.700451230407311,0.0257645262619874,0.649952758933815,0.750949701880806
"HU_2023","baseline_3pct_ge_theil_bach1_nwx",0.800290800143531,0.0291381517617373,0.743180022690526,0.857401577596536
"HU_2023","baseline_3pct_ge_theil_bach1_ratio",0.875245869384128,0.00641631950132153,0.862669883161537,0.887821855606718
"HU_2023","baseline_3pct_ge_theil_bach1_ok",1,0,1,1
"HU_2023","baseline_3pct_ge_theil_bach1_keptmin",1,0,1,1
"HU_2023","baseline_3pct_ge_theil_bach1_naltmax",0.113239343298602,0.00481096868630629,0.103809844673442,0.122668841923762
"HU_2023","baseline_3pct_ge_mld_bach1_nw",1.20786994526806,0.0369830519538126,1.13538316343859,1.28035672709753
"HU_2023","baseline_3pct_ge_mld_bach1_nwx",1.93157794603363,0.0525947357329576,1.82849226399703,2.03466362807022
"HU_2023","baseline_3pct_ge_mld_bach1_ratio",0.625329737097032,0.0144609492571612,0.596986276552996,0.653673197641068
"HU_2023","baseline_3pct_ge_mld_bach1_ok",1,0,1,1
"HU_2023","baseline_3pct_ge_mld_bach1_keptmin",1,0,1,1
"HU_2023","baseline_3pct_ge_mld_bach1_naltmax",0.113239343298602,0.00481096868630629,0.103809844673442,0.122668841923762
"HU_2023","baseline_3pct_atkinson05_bach1_nw",0.316190635058134,0.00734883235948995,0.301786923633534,0.330594346482735
"HU_2023","baseline_3pct_atkinson05_bach1_nwx",0.37315881323531,0.00799096216006039,0.357496527401592,0.388821099069028
"HU_2023","baseline_3pct_atkinson05_bach1_ratio",0.847335313311255,0.0072866679603005,0.833053444109066,0.861617182513444
"HU_2023","baseline_3pct_atkinson05_bach1_ok",1,0,1,1
"HU_2023","baseline_3pct_atkinson05_bach1_keptmin",1,0,1,1
"HU_2023","baseline_3pct_atkinson05_bach1_naltmax",0.113239343298602,0.00481096868630629,0.103809844673442,0.122668841923762
"HU_2023","baseline_3pct_atkinson1_bach1_nw",0.70116575309233,0.0109692811825776,0.679665961974478,0.722665544210182
"HU_2023","baseline_3pct_atkinson1_bach1_nwx",0.855079502910127,0.00753501922473777,0.840310865229641,0.869848140590613
"HU_2023","baseline_3pct_atkinson1_bach1_ratio",0.820000804074937,0.00951498387450712,0.801351435680903,0.838650172468971
"HU_2023","baseline_3pct_atkinson1_bach1_ok",1,0,1,1
"HU_2023","baseline_3pct_atkinson1_bach1_keptmin",1,0,1,1
"HU_2023","baseline_3pct_atkinson1_bach1_naltmax",0.113239343298602,0.00481096868630629,0.103809844673442,0.122668841923762
"HU_2023","baseline_3pct_atkinson2_bach1_nw",0.999829240053314,1.26488215758236e-05,0.999804448363025,0.999854031743602
"HU_2023","baseline_3pct_atkinson2_bach1_nwx",0.999926560730553,3.18383639560785e-06,0.999920320411217,0.999932801049888
"HU_2023","baseline_3pct_atkinson2_bach1_ratio",0.999902672174992,1.10344439878319e-05,0.999881044664776,0.999924299685208
"HU_2023","baseline_3pct_atkinson2_bach1_ok",1,0,1,1
"HU_2023","baseline_3pct_atkinson2_bach1_keptmin",1,0,1,1
"HU_2023","baseline_3pct_atkinson2_bach1_naltmax",0.113239343298602,0.00481096868630629,0.103809844673442,0.122668841923762
"HU_2023","baseline_3pct_mu_ratio_nw",0.993700654841243,0.00105045470145876,0.991641763626384,0.995759546056102
"HU_2023","baseline_3pct_mu_ratio_nwx",0.89765600806857,0.0139295322629244,0.870354124833238,0.924957891303901
"LT_2023","baseline_3pct_gini_nw",0.58164379175969,0.0461830192181396,0.491125074092136,0.672162509427243
"LT_2023","baseline_3pct_gini_nwx",0.797534495463101,0.0396052245821198,0.719908255282146,0.875160735644055
"LT_2023","baseline_3pct_gini_ratio",0.729262576020147,0.047654186983477,0.635860369532532,0.822664782507762
"LT_2023","baseline_3pct_gini_ok",1,0,1,1
"LT_2023","baseline_3pct_gini_keptmin",1,0,1,1
"LT_2023","baseline_3pct_gini_naltmax",0,0,0,0
"LT_2023","baseline_3pct_gini_rsv_nw",0.580762735690019,0.0462947063241115,0.49002511129476,0.671500360085277
"LT_2023","baseline_3pct_gini_rsv_nwx",0.673563258509101,0.0386817167988011,0.59774709358345,0.749379423434751
"LT_2023","baseline_3pct_gini_rsv_ratio",0.862186505187244,0.0240893546565568,0.814971370060393,0.909401640314095
"LT_2023","baseline_3pct_gini_rsv_ok",1,0,1,1
"LT_2023","baseline_3pct_gini_rsv_keptmin",1,0,1,1
"LT_2023","baseline_3pct_gini_rsv_naltmax",0,0,0,0
"LT_2023","baseline_3pct_cv_nw",3.61281867349581,0.832702091956843,1.9807225732604,5.24491477373123
"LT_2023","baseline_3pct_cv_nwx",4.55738818482512,0.992072068953373,2.61292692967651,6.50184943997374
"LT_2023","baseline_3pct_cv_ratio",0.792624024418339,0.028545850499593,0.736674157439137,0.848573891397541
"LT_2023","baseline_3pct_cv_ok",1,0,1,1
"LT_2023","baseline_3pct_cv_keptmin",1,0,1,1
"LT_2023","baseline_3pct_cv_naltmax",0,0,0,0
"LT_2023","baseline_3pct_top10_nw",0.47777110470884,0.0574241957425756,0.365219681053392,0.590322528364288
"LT_2023","baseline_3pct_top10_nwx",0.565475897215381,0.0603036248018238,0.447280792603807,0.683671001826956
"LT_2023","baseline_3pct_top10_ratio",0.844865830302007,0.0247435775255404,0.796368418351948,0.893363242252066
"LT_2023","baseline_3pct_top10_ok",1,0,1,1
"LT_2023","baseline_3pct_top10_keptmin",1,0,1,1
"LT_2023","baseline_3pct_top10_naltmax",0,0,0,0
"LT_2023","baseline_3pct_top1_nw",0.247482339007115,0.0692587063962057,0.111735274470552,0.383229403543678
"LT_2023","baseline_3pct_top1_nwx",0.296206048657654,0.082468474831465,0.134567837987983,0.457844259327326
"LT_2023","baseline_3pct_top1_ratio",0.83556127187381,0.0224059911340268,0.791645529251117,0.879477014496502
"LT_2023","baseline_3pct_top1_ok",1,0,1,1
"LT_2023","baseline_3pct_top1_keptmin",1,0,1,1
"LT_2023","baseline_3pct_top1_naltmax",0,0,0,0
"LT_2023","baseline_3pct_sgini4_nw",0.764594837602607,0.0286407636872911,0.708458940775517,0.820730734429698
"LT_2023","baseline_3pct_sgini4_nwx",1.1803567763676,0.0761257614661042,1.03115028389403,1.32956326884116
"LT_2023","baseline_3pct_sgini4_ratio",0.647787062798904,0.0555976585032244,0.538815652132584,0.756758473465224
"LT_2023","baseline_3pct_sgini4_ok",1,0,1,1
"LT_2023","baseline_3pct_sgini4_keptmin",1,0,1,1
"LT_2023","baseline_3pct_sgini4_naltmax",0,0,0,0
"LT_2023","baseline_3pct_gini_abs_nw",73276.5054816541,15960.9571723863,41993.0294237769,104559.981539531
"LT_2023","baseline_3pct_gini_abs_nwx",78798.6496868185,16139.5346273613,47165.1618171903,110432.137556447
"LT_2023","baseline_3pct_gini_abs_ratio",0.929850623345016,0.0246202767327736,0.88159488094878,0.978106365741252
"LT_2023","baseline_3pct_gini_abs_ok",1,0,1,1
"LT_2023","baseline_3pct_gini_abs_keptmin",1,0,1,1
"LT_2023","baseline_3pct_gini_abs_naltmax",0,0,0,0
"LT_2023","baseline_3pct_variance_nw",208232772069.272,140549591919.348,-67244428092.6513,483709972231.195
"LT_2023","baseline_3pct_variance_nwx",203954748162.72,141603664972.642,-73588435183.659,481497931509.099
"LT_2023","baseline_3pct_variance_ratio",1.02144246262779,0.0414614380822868,0.94017804398651,1.10270688126907
"LT_2023","baseline_3pct_variance_ok",1,0,1,1
"LT_2023","baseline_3pct_variance_keptmin",1,0,1,1
"LT_2023","baseline_3pct_variance_naltmax",0,0,0,0
"LT_2023","baseline_3pct_kolm0.5_nw",0.0596884269244798,0.0146694336337139,0.0309363370024006,0.088440516846559
"LT_2023","baseline_3pct_kolm0.5_nwx",0.0605814008280029,0.0270559086167553,0.00755181993916244,0.113610981716843
"LT_2023","baseline_3pct_kolm0.5_ratio",0.985279825382353,0.0869420602435892,0.814873387304918,1.15568626345979
"LT_2023","baseline_3pct_kolm0.5_ok",1,0,1,1
"LT_2023","baseline_3pct_kolm0.5_keptmin",1,0,1,1
"LT_2023","baseline_3pct_kolm0.5_naltmax",0,0,0,0
"LT_2023","baseline_3pct_kolm1_nw",0.0750081709673227,0.0253112607272594,0.0253980999418943,0.124618241992751
"LT_2023","baseline_3pct_kolm1_nwx",0.0813466857604761,0.0970231008427102,-0.108818591891236,0.271511963412188
"LT_2023","baseline_3pct_kolm1_ratio",0.922463648009424,0.166076904206858,0.596952915763983,1.24797438025487
"LT_2023","baseline_3pct_kolm1_ok",1,0,1,1
"LT_2023","baseline_3pct_kolm1_keptmin",1,0,1,1
"LT_2023","baseline_3pct_kolm1_naltmax",0,0,0,0
"LT_2023","baseline_3pct_p75_p25_nw",84458,4138.23998653936,76347.0496263828,92568.9503736171
"LT_2023","baseline_3pct_p75_p25_nwx",87344.2380470084,4799.64802118628,77936.9279254833,96751.5481685335
"LT_2023","baseline_3pct_p75_p25_ratio",0.966966323756797,0.0379613983673957,0.892561982956702,1.04137066455689
"LT_2023","baseline_3pct_p75_p25_ok",1,0,1,1
"LT_2023","baseline_3pct_p75_p25_keptmin",1,0,1,1
"LT_2023","baseline_3pct_p75_p25_naltmax",0,0,0,0
"LT_2023","baseline_3pct_p90_p10_nw",186540,9882.02878113852,167171.223588969,205908.776411031
"LT_2023","baseline_3pct_p90_p10_nwx",190230.173228958,10686.315799902,169284.99426115,211175.352196765
"LT_2023","baseline_3pct_p90_p10_ratio",0.980609884026268,0.0391083859173916,0.90395744762818,1.05726232042436
"LT_2023","baseline_3pct_p90_p10_ok",1,0,1,1
"LT_2023","baseline_3pct_p90_p10_keptmin",1,0,1,1
"LT_2023","baseline_3pct_p90_p10_naltmax",0,0,0,0
"LT_2023","baseline_3pct_inter1_nw",0.473042238246482,0.169421036346322,0.14097700700769,0.805107469485274
"LT_2023","baseline_3pct_inter1_nwx",0.0394898480164163,0.0217599002964326,-0.00315955656459154,0.0821392525974241
"LT_2023","baseline_3pct_inter1_ratio",12.0472179059117,3.18003150903843,5.81435614819638,18.280079663627
"LT_2023","baseline_3pct_inter1_ok",1,0,1,1
"LT_2023","baseline_3pct_inter1_keptmin",1,0,1,1
"LT_2023","baseline_3pct_inter1_naltmax",0,0,0,0
"LT_2023","baseline_3pct_inter2_nw",2.62698633993568,1.2304600775251,0.215284587986477,5.03868809188488
"LT_2023","baseline_3pct_inter2_nwx",0.0993513936062001,0.0635530015453114,-0.0252124894226102,0.22391527663501
"LT_2023","baseline_3pct_inter2_ratio",26.610335488416,5.25082250371376,16.318723381137,36.901947595695
"LT_2023","baseline_3pct_inter2_ok",1,0,1,1
"LT_2023","baseline_3pct_inter2_keptmin",1,0,1,1
"LT_2023","baseline_3pct_inter2_naltmax",0,0,0,0
"LT_2023","baseline_3pct_ge2_nw",6.47912576006496,2.53163465007447,1.517121845919,11.4411296742109
"LT_2023","baseline_3pct_ge2_nwx",7.52566664398998,2.92278804732159,1.79700207123967,13.2543312167403
"LT_2023","baseline_3pct_ge2_ratio",0.860900703807354,0.0736170596069451,0.716611266977741,1.00519014063697
"LT_2023","baseline_3pct_ge2_ok",1,0,1,1
"LT_2023","baseline_3pct_ge2_keptmin",0.88567196347901,0.0102736187101523,0.865535670807111,0.905808256150908
"LT_2023","baseline_3pct_ge2_naltmax",0.11432803652099,0.0102736187101523,0.0941917438490916,0.134464329192889
"LT_2023","baseline_3pct_ge_theil_nw",0.961020739740486,0.250562759700372,0.469917730727756,1.45212374875322
"LT_2023","baseline_3pct_ge_theil_nwx",1.05732983991183,0.284151365606572,0.500393163322945,1.61426651650071
"LT_2023","baseline_3pct_ge_theil_ratio",0.90902089935063,0.0202903933691847,0.869251728347029,0.948790070354232
"LT_2023","baseline_3pct_ge_theil_ok",1,0,1,1
"LT_2023","baseline_3pct_ge_theil_keptmin",0.88567196347901,0.0102736187101523,0.865535670807111,0.905808256150908
"LT_2023","baseline_3pct_ge_theil_naltmax",0.11432803652099,0.0102736187101523,0.0941917438490916,0.134464329192889
"LT_2023","baseline_3pct_ge_mld_nw",0.715461486681712,0.10958020077659,0.500684293159595,0.930238680203828
"LT_2023","baseline_3pct_ge_mld_nwx",0.80856737898805,0.128856429950322,0.556008776285419,1.06112598169068
"LT_2023","baseline_3pct_ge_mld_ratio",0.884854420069365,0.0161902235951966,0.853121581822779,0.91658725831595
"LT_2023","baseline_3pct_ge_mld_ok",1,0,1,1
"LT_2023","baseline_3pct_ge_mld_keptmin",0.88567196347901,0.0102736187101523,0.865535670807111,0.905808256150908
"LT_2023","baseline_3pct_ge_mld_naltmax",0.11432803652099,0.0102736187101523,0.0941917438490916,0.134464329192889
"LT_2023","baseline_3pct_atkinson05_nw",0.315905983636608,0.0558858361314871,0.206369744818894,0.425442222454323
"LT_2023","baseline_3pct_atkinson05_nwx",0.345069478385767,0.0625052478815574,0.222559192537914,0.467579764233619
"LT_2023","baseline_3pct_atkinson05_ratio",0.915501907710357,0.0125493088639887,0.890905262336939,0.940098553083775
"LT_2023","baseline_3pct_atkinson05_ok",1,0,1,1
"LT_2023","baseline_3pct_atkinson05_keptmin",0.88567196347901,0.0102736187101523,0.865535670807111,0.905808256150908
"LT_2023","baseline_3pct_atkinson05_naltmax",0.11432803652099,0.0102736187101523,0.0941917438490916,0.134464329192889
"LT_2023","baseline_3pct_atkinson1_nw",0.510925996355707,0.0535784237377892,0.40591228582964,0.615939706881773
"LT_2023","baseline_3pct_atkinson1_nwx",0.554377874959481,0.057169128702538,0.442326382702506,0.666429367216455
"LT_2023","baseline_3pct_atkinson1_ratio",0.921603987962965,0.0109824170074094,0.900078450628442,0.943129525297487
"LT_2023","baseline_3pct_atkinson1_ok",1,0,1,1
"LT_2023","baseline_3pct_atkinson1_keptmin",0.88567196347901,0.0102736187101523,0.865535670807111,0.905808256150908
"LT_2023","baseline_3pct_atkinson1_naltmax",0.11432803652099,0.0102736187101523,0.0941917438490916,0.134464329192889
"LT_2023","baseline_3pct_atkinson2_nw",0.989502406505697,0.00213328673535415,0.985321164504403,0.993683648506991
"LT_2023","baseline_3pct_atkinson2_nwx",0.990303898184011,0.00207561520583295,0.986235692380579,0.994372103987444
"LT_2023","baseline_3pct_atkinson2_ratio",0.999190665314296,0.000277125666510228,0.998647499007936,0.999733831620656
"LT_2023","baseline_3pct_atkinson2_ok",1,0,1,1
"LT_2023","baseline_3pct_atkinson2_keptmin",0.88567196347901,0.0102736187101523,0.865535670807111,0.905808256150908
"LT_2023","baseline_3pct_atkinson2_naltmax",0.11432803652099,0.0102736187101523,0.0941917438490916,0.134464329192889
"LT_2023","baseline_3pct_ge2_bach1_nw",6.5284137131389,2.54758679991837,1.53514358529889,11.5216838409789
"LT_2023","baseline_3pct_ge2_bach1_nwx",8.56182634741534,3.30885115142752,2.0764780906174,15.0471746042133
"LT_2023","baseline_3pct_ge2_bach1_ratio",0.762446754575946,0.0515719155113623,0.661365800173676,0.863527708978216
"LT_2023","baseline_3pct_ge2_bach1_ok",1,0,1,1
"LT_2023","baseline_3pct_ge2_bach1_keptmin",1,0,1,1
"LT_2023","baseline_3pct_ge2_bach1_naltmax",0.11432803652099,0.0102736187101523,0.0941917438490916,0.134464329192889
"LT_2023","baseline_3pct_ge_theil_bach1_nw",0.968060454220366,0.250188754332794,0.477690495728089,1.45843041271264
"LT_2023","baseline_3pct_ge_theil_bach1_nwx",1.1787241169026,0.283492817136822,0.623078195314434,1.73437003849077
"LT_2023","baseline_3pct_ge_theil_bach1_ratio",0.821141591334457,0.0236026446626989,0.774880407795567,0.867402774873347
"LT_2023","baseline_3pct_ge_theil_bach1_ok",1,0,1,1
"LT_2023","baseline_3pct_ge_theil_bach1_keptmin",1,0,1,1
"LT_2023","baseline_3pct_ge_theil_bach1_naltmax",0.11432803652099,0.0102736187101523,0.0941917438490916,0.134464329192889
"LT_2023","baseline_3pct_ge_mld_bach1_nw",0.785843924787833,0.107590825144918,0.574965907503794,0.996721942071873
"LT_2023","baseline_3pct_ge_mld_bach1_nwx",1.93348194410174,0.157318100502247,1.62513846711734,2.24182542108615
"LT_2023","baseline_3pct_ge_mld_bach1_ratio",0.406369971238596,0.0379922725910622,0.331905116960114,0.480834825517077
"LT_2023","baseline_3pct_ge_mld_bach1_ok",1,0,1,1
"LT_2023","baseline_3pct_ge_mld_bach1_keptmin",1,0,1,1
"LT_2023","baseline_3pct_ge_mld_bach1_naltmax",0.11432803652099,0.0102736187101523,0.0941917438490916,0.134464329192889
"LT_2023","baseline_3pct_atkinson05_bach1_nw",0.320673666013811,0.0552540747627357,0.212375679478849,0.428971652548773
"LT_2023","baseline_3pct_atkinson05_bach1_nwx",0.419414707977257,0.055077070084335,0.31146365061196,0.527365765342553
"LT_2023","baseline_3pct_atkinson05_bach1_ratio",0.764412753061029,0.0393401250583493,0.687306107946664,0.841519398175394
"LT_2023","baseline_3pct_atkinson05_bach1_ok",1,0,1,1
"LT_2023","baseline_3pct_atkinson05_bach1_keptmin",1,0,1,1
"LT_2023","baseline_3pct_atkinson05_bach1_naltmax",0.11432803652099,0.0102736187101523,0.0941917438490916,0.134464329192889
"LT_2023","baseline_3pct_atkinson1_bach1_nw",0.544168356078559,0.0491163722716497,0.447900266426126,0.640436445730992
"LT_2023","baseline_3pct_atkinson1_bach1_nwx",0.855308561695827,0.0220478037676695,0.812094866311195,0.898522257080459
"LT_2023","baseline_3pct_atkinson1_bach1_ratio",0.636188665349654,0.046890398867888,0.544283483568593,0.728093847130714
"LT_2023","baseline_3pct_atkinson1_bach1_ok",1,0,1,1
"LT_2023","baseline_3pct_atkinson1_bach1_keptmin",1,0,1,1
"LT_2023","baseline_3pct_atkinson1_bach1_naltmax",0.11432803652099,0.0102736187101523,0.0941917438490916,0.134464329192889
"LT_2023","baseline_3pct_atkinson2_bach1_nw",0.998972677167731,0.000313794237295377,0.998357640462632,0.99958771387283
"LT_2023","baseline_3pct_atkinson2_bach1_nwx",0.999919397766949,1.2707746324708e-05,0.999894490584153,0.999944304949746
"LT_2023","baseline_3pct_atkinson2_bach1_ratio",0.999053203049351,0.000310755651302761,0.998444121972797,0.999662284125904
"LT_2023","baseline_3pct_atkinson2_bach1_ok",1,0,1,1
"LT_2023","baseline_3pct_atkinson2_bach1_keptmin",1,0,1,1
"LT_2023","baseline_3pct_atkinson2_bach1_naltmax",0.11432803652099,0.0102736187101523,0.0941917438490916,0.134464329192889
"LT_2023","baseline_3pct_mu_ratio_nw",0.998485674029406,0.000850723834141285,0.996818255314489,1.00015309274432
"LT_2023","baseline_3pct_mu_ratio_nwx",0.844535494984437,0.0340852771129675,0.777728351843021,0.911342638125853
"LU_2023","baseline_3pct_gini_nw",0.630562437872272,0.0186649569178916,0.593979122313204,0.667145753431339
"LU_2023","baseline_3pct_gini_nwx",1.0638820868223,0.195429041304686,0.680841165865117,1.44692300777948
"LU_2023","baseline_3pct_gini_ratio",0.594117854173469,0.0929730206326563,0.411890733733463,0.776344974613475
"LU_2023","baseline_3pct_gini_ok",0.2,0.77987178433381,-1.32854869729427,1.72854869729427
"LU_2023","baseline_3pct_gini_keptmin",1,0,1,1
"LU_2023","baseline_3pct_gini_naltmax",0,0,0,0
"LU_2023","baseline_3pct_gini_rsv_nw",0.626504237873765,0.0185636495964134,0.590119484664794,0.662888991082735
"LU_2023","baseline_3pct_gini_rsv_nwx",0.713922733272538,0.0205280728707026,0.673687710445961,0.754157756099115
"LU_2023","baseline_3pct_gini_rsv_ratio",0.877586889088034,0.0231239196800771,0.832264006515083,0.922909771660985
"LU_2023","baseline_3pct_gini_rsv_ok",1,0,1,1
"LU_2023","baseline_3pct_gini_rsv_keptmin",1,0,1,1
"LU_2023","baseline_3pct_gini_rsv_naltmax",0,0,0,0
"LU_2023","baseline_3pct_cv_nw",2.0274125694751,0.334531578693134,1.37173067523655,2.68309446371364
"LU_2023","baseline_3pct_cv_nwx",3.56537372369503,0.812816866230636,1.97225266588298,5.15849478150708
"LU_2023","baseline_3pct_cv_ratio",0.569756382015981,0.106456386842288,0.361101863805097,0.778410900226865
"LU_2023","baseline_3pct_cv_ok",1,0,1,1
"LU_2023","baseline_3pct_cv_keptmin",1,0,1,1
"LU_2023","baseline_3pct_cv_naltmax",0,0,0,0
"LU_2023","baseline_3pct_top10_nw",0.466462370156213,0.0258126100097179,0.415869654537166,0.51705508577526
"LU_2023","baseline_3pct_top10_nwx",0.613982697259028,0.0641857204844421,0.488178685109521,0.739786709408534
"LU_2023","baseline_3pct_top10_ratio",0.760228490168486,0.0674320954991364,0.628061582990179,0.892395397346794
"LU_2023","baseline_3pct_top10_ok",1,0.0282842712474619,0.944562828354975,1.05543717164503
"LU_2023","baseline_3pct_top10_keptmin",1,0,1,1
"LU_2023","baseline_3pct_top10_naltmax",0,0,0,0
"LU_2023","baseline_3pct_top1_nw",0.132858319170966,0.0274315563067307,0.0790924688097741,0.186624169532159
"LU_2023","baseline_3pct_top1_nwx",0.189308311248663,0.0410420651433807,0.108865863567637,0.269750758929689
"LU_2023","baseline_3pct_top1_ratio",0.702224011089358,0.0682623156023761,0.568429872508701,0.836018149670015
"LU_2023","baseline_3pct_top1_ok",1,0,1,1
"LU_2023","baseline_3pct_top1_keptmin",1,0,1,1
"LU_2023","baseline_3pct_top1_naltmax",0,0,0,0
"LU_2023","baseline_3pct_sgini4_nw",0.871978927956351,0.0117794989171079,0.84889111007882,0.895066745833883
"LU_2023","baseline_3pct_sgini4_nwx",1.81037792747282,0.448097412635023,0.932106998708176,2.68864885623747
"LU_2023","baseline_3pct_sgini4_ratio",0.483783941561249,0.0990133351757594,0.289717804616761,0.677850078505738
"LU_2023","baseline_3pct_sgini4_ok",1,0,1,1
"LU_2023","baseline_3pct_sgini4_keptmin",1,0,1,1
"LU_2023","baseline_3pct_sgini4_naltmax",0,0,0,0
"LU_2023","baseline_3pct_gini_abs_nw",730235.197125758,66473.2698416733,599947.588236078,860522.806015437
"LU_2023","baseline_3pct_gini_abs_nwx",821246.530861793,84610.8229903594,655409.317800689,987083.743922898
"LU_2023","baseline_3pct_gini_abs_ratio",0.88969662475272,0.0625329498474035,0.767132043051809,1.01226120645363
"LU_2023","baseline_3pct_gini_abs_ok",1,0,1,1
"LU_2023","baseline_3pct_gini_abs_keptmin",1,0,1,1
"LU_2023","baseline_3pct_gini_abs_naltmax",0,0,0,0
"LU_2023","baseline_3pct_variance_nw",5512460582324.39,2593801792181.67,428609069648.321,10596312095000.5
"LU_2023","baseline_3pct_variance_nwx",7579651312725.1,2967557357190.42,1763238892631.88,13396063732818.3
"LU_2023","baseline_3pct_variance_ratio",0.728416669605324,0.152194457628287,0.430115532653881,1.02671780655677
"LU_2023","baseline_3pct_variance_ok",1,0,1,1
"LU_2023","baseline_3pct_variance_keptmin",1,0,1,1
"LU_2023","baseline_3pct_variance_naltmax",0,0,0,0
"LU_2023","baseline_3pct_kolm0.5_nw",0.105284271300122,0.0208830880953933,0.0643534186331511,0.146215123967093
"LU_2023","baseline_3pct_kolm0.5_nwx",2.25686043806892,2.28581705923192,-2.22334099802564,6.73706187416349
"LU_2023","baseline_3pct_kolm0.5_ratio",0.0467303356647096,0.143907987692655,-0.235329320212895,0.328789991542314
"LU_2023","baseline_3pct_kolm0.5_ok",1,0,1,1
"LU_2023","baseline_3pct_kolm0.5_keptmin",1,0,1,1
"LU_2023","baseline_3pct_kolm0.5_naltmax",0,0,0,0
"LU_2023","baseline_3pct_kolm1_nw",0.155374562512711,0.0337044206567191,0.0893138980255417,0.22143522699988
"LU_2023","baseline_3pct_kolm1_nwx",8.24071098620649,3.42415696309245,1.52936333854529,14.9520586338677
"LU_2023","baseline_3pct_kolm1_ratio",0.0188605294762237,0.0627002824731695,-0.104032024171189,0.141753083123636
"LU_2023","baseline_3pct_kolm1_ok",1,0,1,1
"LU_2023","baseline_3pct_kolm1_keptmin",1,0,1,1
"LU_2023","baseline_3pct_kolm1_naltmax",0,0,0,0
"LU_2023","baseline_3pct_p75_p25_nw",1221760,58619.5927423707,1106865.59822495,1336654.40177505
"LU_2023","baseline_3pct_p75_p25_nwx",1071691.43287507,49067.6802160909,975518.779651528,1167864.0860986
"LU_2023","baseline_3pct_p75_p25_ratio",1.14001014232428,0.041944867913472,1.05779820121387,1.22222208343468
"LU_2023","baseline_3pct_p75_p25_ok",1,0,1,1
"LU_2023","baseline_3pct_p75_p25_keptmin",1,0,1,1
"LU_2023","baseline_3pct_p75_p25_naltmax",0,0,0,0
"LU_2023","baseline_3pct_p90_p10_nw",2468142,192373.515856254,2091089.90892174,2845194.09107826
"LU_2023","baseline_3pct_p90_p10_nwx",2087959.6,167134.032861949,1760376.89559058,2415542.30440942
"LU_2023","baseline_3pct_p90_p10_ratio",1.18214542918705,0.0565574687116182,1.07129279051228,1.29299806786183
"LU_2023","baseline_3pct_p90_p10_ok",1,0,1,1
"LU_2023","baseline_3pct_p90_p10_keptmin",1,0,1,1
"LU_2023","baseline_3pct_p90_p10_naltmax",0,0,0,0
"LU_2023","baseline_3pct_inter1_nw",0.197603696205233,0.0526909942644591,0.0943293474468932,0.300878044963573
"LU_2023","baseline_3pct_inter1_nwx",0.00259643800649824,0.0020883956617416,-0.00149681749051529,0.00668969350351177
"LU_2023","baseline_3pct_inter1_ratio",76.3544748727516,28.5011580996621,20.4922049974139,132.216744748089
"LU_2023","baseline_3pct_inter1_ok",1,0,1,1
"LU_2023","baseline_3pct_inter1_keptmin",1,0,1,1
"LU_2023","baseline_3pct_inter1_naltmax",0,0,0,0
"LU_2023","baseline_3pct_inter2_nw",0.445638753893213,0.208783238299162,0.0364236068268544,0.854853900959571
"LU_2023","baseline_3pct_inter2_nwx",0.00255884709829293,0.00307501542730611,-0.00346818313922706,0.00858587733581291
"LU_2023","baseline_3pct_inter2_ratio",174.691745597215,56.3930351809071,64.1613966426368,285.222094551793
"LU_2023","baseline_3pct_inter2_ok",1,0,1,1
"LU_2023","baseline_3pct_inter2_keptmin",1,0,1,1
"LU_2023","baseline_3pct_inter2_naltmax",0,0,0,0
"LU_2023","baseline_3pct_ge2_nw",1.94524408005681,0.682910293606892,0.606739904587304,3.28374825552632
"LU_2023","baseline_3pct_ge2_nwx",2.32274804901674,0.895213043202493,0.568130484339852,4.07736561369363
"LU_2023","baseline_3pct_ge2_ratio",0.837485063603056,0.0505399142853355,0.738426831603798,0.936543295602313
"LU_2023","baseline_3pct_ge2_ok",1,0,1,1
"LU_2023","baseline_3pct_ge2_keptmin",0.891586638456071,0.0123607146625304,0.867359637717511,0.91581363919463
"LU_2023","baseline_3pct_ge2_naltmax",0.108413361543929,0.0123607146625304,0.0841863608053698,0.132640362282489
"LU_2023","baseline_3pct_ge_theil_nw",0.757635454903739,0.0823614320876466,0.596207048011952,0.919063861795527
"LU_2023","baseline_3pct_ge_theil_nwx",0.803755359173374,0.098545884538794,0.610605425477338,0.996905292869411
"LU_2023","baseline_3pct_ge_theil_ratio",0.942634499618529,0.0234954244458992,0.896583467704566,0.988685531532491
"LU_2023","baseline_3pct_ge_theil_ok",1,0,1,1
"LU_2023","baseline_3pct_ge_theil_keptmin",0.891586638456071,0.0123607146625304,0.867359637717511,0.91581363919463
"LU_2023","baseline_3pct_ge_theil_naltmax",0.108413361543929,0.0123607146625304,0.0841863608053698,0.132640362282489
"LU_2023","baseline_3pct_ge_mld_nw",1.05252215581962,0.0718360752219733,0.911723448384553,1.19332086325469
"LU_2023","baseline_3pct_ge_mld_nwx",1.07757684573437,0.0788374378253088,0.923055467596764,1.23209822387197
"LU_2023","baseline_3pct_ge_mld_ratio",0.976801979802414,0.017352453027226,0.942791171869051,1.01081278773578
"LU_2023","baseline_3pct_ge_mld_ok",1,0,1,1
"LU_2023","baseline_3pct_ge_mld_keptmin",0.891586638456071,0.0123607146625304,0.867359637717511,0.91581363919463
"LU_2023","baseline_3pct_ge_mld_naltmax",0.108413361543929,0.0123607146625304,0.0841863608053698,0.132640362282489
"LU_2023","baseline_3pct_atkinson05_nw",0.339082482637648,0.0208335109407183,0.29824880119384,0.379916164081456
"LU_2023","baseline_3pct_atkinson05_nwx",0.350512011971144,0.0237885513471632,0.303886451330704,0.397137572611584
"LU_2023","baseline_3pct_atkinson05_ratio",0.967411507227418,0.0163043096830734,0.935455060248594,0.999367954206242
"LU_2023","baseline_3pct_atkinson05_ok",1,0,1,1
"LU_2023","baseline_3pct_atkinson05_keptmin",0.891586638456071,0.0123607146625304,0.867359637717511,0.91581363919463
"LU_2023","baseline_3pct_atkinson05_naltmax",0.108413361543929,0.0123607146625304,0.0841863608053698,0.132640362282489
"LU_2023","baseline_3pct_atkinson1_nw",0.650904090738167,0.0248476666415447,0.602202664120739,0.699605517355594
"LU_2023","baseline_3pct_atkinson1_nwx",0.659524561335882,0.0265040226253835,0.60757667699013,0.711472445681633
"LU_2023","baseline_3pct_atkinson1_ratio",0.986944829350313,0.00971249057811781,0.967908347817202,1.00598131088342
"LU_2023","baseline_3pct_atkinson1_ok",1,0,1,1
"LU_2023","baseline_3pct_atkinson1_keptmin",0.891586638456071,0.0123607146625304,0.867359637717511,0.91581363919463
"LU_2023","baseline_3pct_atkinson1_naltmax",0.108413361543929,0.0123607146625304,0.0841863608053698,0.132640362282489
"LU_2023","baseline_3pct_atkinson2_nw",0.999714300403361,0.00552424943995605,0.988886771501047,1.01054182930567
"LU_2023","baseline_3pct_atkinson2_nwx",0.999704373895327,0.00572420651472598,0.988484929126464,1.01092381866419
"LU_2023","baseline_3pct_atkinson2_ratio",1.00000992955824,0.000320457692639513,0.999381832480671,1.00063802663582
"LU_2023","baseline_3pct_atkinson2_ok",1,0,1,1
"LU_2023","baseline_3pct_atkinson2_keptmin",0.891586638456071,0.0123607146625304,0.867359637717511,0.91581363919463
"LU_2023","baseline_3pct_atkinson2_naltmax",0.108413361543929,0.0123607146625304,0.0841863608053698,0.132640362282489
"LU_2023","baseline_3pct_ge2_bach1_nw",2.03804377994669,0.709290553812013,0.64783429447514,3.42825326541823
"LU_2023","baseline_3pct_ge2_bach1_nwx",2.66597651957729,1.00611739420319,0.69398642693905,4.63796661221554
"LU_2023","baseline_3pct_ge2_bach1_ratio",0.764470621456012,0.045509022196076,0.675272937951703,0.853668304960321
"LU_2023","baseline_3pct_ge2_bach1_ok",1,0,1,1
"LU_2023","baseline_3pct_ge2_bach1_keptmin",1,0,1,1
"LU_2023","baseline_3pct_ge2_bach1_naltmax",0.108413361543929,0.0123607146625304,0.0841863608053698,0.132640362282489
"LU_2023","baseline_3pct_ge_theil_bach1_nw",0.794887319028186,0.0827041209941999,0.632787241879554,0.956987396176818
"LU_2023","baseline_3pct_ge_theil_bach1_nwx",0.918507751761332,0.0992450453463224,0.72398746288254,1.11302804064012
"LU_2023","baseline_3pct_ge_theil_bach1_ratio",0.865418706871043,0.022599179027013,0.821124315978098,0.909713097763989
"LU_2023","baseline_3pct_ge_theil_bach1_ok",1,0,1,1
"LU_2023","baseline_3pct_ge_theil_bach1_keptmin",1,0,1,1
"LU_2023","baseline_3pct_ge_theil_bach1_naltmax",0.108413361543929,0.0123607146625304,0.0841863608053698,0.132640362282489
"LU_2023","baseline_3pct_ge_mld_bach1_nw",1.4887807974923,0.118338798651274,1.2568367521358,1.7207248428488
"LU_2023","baseline_3pct_ge_mld_bach1_nwx",2.35199653997911,0.157503486197196,2.0432897070326,2.66070337292561
"LU_2023","baseline_3pct_ge_mld_bach1_ratio",0.632934714998602,0.0408420421086713,0.552884312465606,0.712985117531597
"LU_2023","baseline_3pct_ge_mld_bach1_ok",1,0,1,1
"LU_2023","baseline_3pct_ge_mld_bach1_keptmin",1,0,1,1
"LU_2023","baseline_3pct_ge_mld_bach1_naltmax",0.108413361543929,0.0123607146625304,0.0841863608053698,0.132640362282489
"LU_2023","baseline_3pct_atkinson05_bach1_nw",0.363194324930465,0.0206815313003269,0.322658523581824,0.403730126279106
"LU_2023","baseline_3pct_atkinson05_bach1_nwx",0.42075967833917,0.022340847391103,0.376971617452608,0.464547739225732
"LU_2023","baseline_3pct_atkinson05_bach1_ratio",0.863187864509911,0.0207773183507788,0.822464320542384,0.903911408477437
"LU_2023","baseline_3pct_atkinson05_bach1_ok",1,0,1,1
"LU_2023","baseline_3pct_atkinson05_bach1_keptmin",1,0,1,1
"LU_2023","baseline_3pct_atkinson05_bach1_naltmax",0.108413361543929,0.0123607146625304,0.0841863608053698,0.132640362282489
"LU_2023","baseline_3pct_atkinson1_bach1_nw",0.774211580240367,0.0266626315186336,0.721952822463845,0.826470338016888
"LU_2023","baseline_3pct_atkinson1_bach1_nwx",0.904814679569272,0.0151172487296776,0.875184872059104,0.93444448707944
"LU_2023","baseline_3pct_atkinson1_bach1_ratio",0.855649027020216,0.0235358082394206,0.809518842870952,0.90177921116948
"LU_2023","baseline_3pct_atkinson1_bach1_ok",1,0,1,1
"LU_2023","baseline_3pct_atkinson1_bach1_keptmin",1,0,1,1
"LU_2023","baseline_3pct_atkinson1_bach1_naltmax",0.108413361543929,0.0123607146625304,0.0841863608053698,0.132640362282489
"LU_2023","baseline_3pct_atkinson2_bach1_nw",0.999978076651847,5.34931260488727e-06,0.999967591999141,0.999988561304552
"LU_2023","baseline_3pct_atkinson2_bach1_nwx",0.99999065463775,1.16192906571016e-06,0.999988377256781,0.999992932018719
"LU_2023","baseline_3pct_atkinson2_bach1_ratio",0.999987421896409,4.7019428246477e-06,0.999978206088472,0.999996637704345
"LU_2023","baseline_3pct_atkinson2_bach1_ok",1,0,1,1
"LU_2023","baseline_3pct_atkinson2_bach1_keptmin",1,0,1,1
"LU_2023","baseline_3pct_atkinson2_bach1_naltmax",0.108413361543929,0.0123607146625304,0.0841863608053698,0.132640362282489
"LU_2023","baseline_3pct_mu_ratio_nw",0.993564415103566,0.00206210732011395,0.989522684756143,0.997606145450989
"LU_2023","baseline_3pct_mu_ratio_nwx",0.672436570214742,0.0897525694295073,0.496521534132908,0.848351606296576
"LV_2023","baseline_3pct_gini_nw",0.689475911192955,0.0437484076984383,0.603729032104016,0.775222790281894
"LV_2023","baseline_3pct_gini_nwx",0.74958234595485,0.0421366500543648,0.666994511848295,0.832170180061405
"LV_2023","baseline_3pct_gini_ratio",0.91981147968798,0.0245735366510158,0.871647347851989,0.967975611523971
"LV_2023","baseline_3pct_gini_ok",1,0,1,1
"LV_2023","baseline_3pct_gini_keptmin",1,0,1,1
"LV_2023","baseline_3pct_gini_naltmax",0,0,0,0
"LV_2023","baseline_3pct_gini_rsv_nw",0.6865041333136,0.0439909785066123,0.60028181544064,0.77272645118656
"LV_2023","baseline_3pct_gini_rsv_nwx",0.709262859856111,0.0430594490270555,0.624866339763082,0.79365937994914
"LV_2023","baseline_3pct_gini_rsv_ratio",0.96790988052508,0.0080489813351262,0.952133877108232,0.983685883941927
"LV_2023","baseline_3pct_gini_rsv_ok",1,0,1,1
"LV_2023","baseline_3pct_gini_rsv_keptmin",1,0,1,1
"LV_2023","baseline_3pct_gini_rsv_naltmax",0,0,0,0
"LV_2023","baseline_3pct_cv_nw",2.76062731826376,0.330606364691243,2.11263884346892,3.40861579305859
"LV_2023","baseline_3pct_cv_nwx",2.99120013440908,0.344900430212989,2.31519529119162,3.66720497762653
"LV_2023","baseline_3pct_cv_ratio",0.922939730441301,0.0213155057364866,0.881161339197787,0.964718121684814
"LV_2023","baseline_3pct_cv_ok",1,0,1,1
"LV_2023","baseline_3pct_cv_keptmin",1,0,1,1
"LV_2023","baseline_3pct_cv_naltmax",0,0,0,0
"LV_2023","baseline_3pct_top10_nw",0.574182856105121,0.0642478659000607,0.448257038941003,0.70010867326924
"LV_2023","baseline_3pct_top10_nwx",0.602784675168263,0.0664095158982988,0.472622024007597,0.732947326328929
"LV_2023","baseline_3pct_top10_ratio",0.952547877181674,0.0134855943750678,0.926116112206541,0.978979642156807
"LV_2023","baseline_3pct_top10_ok",1,0,1,1
"LV_2023","baseline_3pct_top10_keptmin",1,0,1,1
"LV_2023","baseline_3pct_top10_naltmax",0,0,0,0
"LV_2023","baseline_3pct_top1_nw",0.232937628419028,0.0451081464888635,0.144525661300855,0.3213495955372
"LV_2023","baseline_3pct_top1_nwx",0.251586585840935,0.0491361635294634,0.155279705323187,0.347893466358683
"LV_2023","baseline_3pct_top1_ratio",0.925953485386889,0.0206501276860013,0.885479235122327,0.966427735651452
"LV_2023","baseline_3pct_top1_ok",1,0,1,1
"LV_2023","baseline_3pct_top1_keptmin",1,0,1,1
"LV_2023","baseline_3pct_top1_naltmax",0,0,0,0
"LV_2023","baseline_3pct_sgini4_nw",0.878437540564144,0.0229265424041871,0.833501517451937,0.923373563676351
"LV_2023","baseline_3pct_sgini4_nwx",0.992538524466823,0.0387996611782915,0.916491188557372,1.06858586037627
"LV_2023","baseline_3pct_sgini4_ratio",0.88505713695525,0.0374835700919613,0.811589339575005,0.958524934335494
"LV_2023","baseline_3pct_sgini4_ok",1,0,1,1
"LV_2023","baseline_3pct_sgini4_keptmin",1,0,1,1
"LV_2023","baseline_3pct_sgini4_naltmax",0,0,0,0
"LV_2023","baseline_3pct_gini_abs_nw",68199.8268867355,16431.1202071383,35994.8312807443,100404.822492727
"LV_2023","baseline_3pct_gini_abs_nwx",68297.1290295081,16601.7986059981,35757.6037617517,100836.654297264
"LV_2023","baseline_3pct_gini_abs_ratio",0.998585843832949,0.0193294946730257,0.960700034273818,1.03647165339208
"LV_2023","baseline_3pct_gini_abs_ok",1,0,1,1
"LV_2023","baseline_3pct_gini_abs_keptmin",1,0,1,1
"LV_2023","baseline_3pct_gini_abs_naltmax",0,0,0,0
"LV_2023","baseline_3pct_variance_nw",74607912459.7845,35156735514.6152,5700710851.13876,143515114068.43
"LV_2023","baseline_3pct_variance_nwx",74311869394.3887,35136350806.5782,5444621813.4955,143179116975.282
"LV_2023","baseline_3pct_variance_ratio",1.0039657683737,0.0274708243083863,0.950122952729265,1.05780858401814
"LV_2023","baseline_3pct_variance_ok",1,0,1,1
"LV_2023","baseline_3pct_variance_keptmin",1,0,1,1
"LV_2023","baseline_3pct_variance_naltmax",0,0,0,0
"LV_2023","baseline_3pct_kolm0.5_nw",0.10291316674861,0.0145829598920729,0.0743305653601474,0.131495768137073
"LV_2023","baseline_3pct_kolm0.5_nwx",0.105798038377845,0.0195659250225737,0.0674488253336004,0.144147251422089
"LV_2023","baseline_3pct_kolm0.5_ratio",0.972685066298707,0.0676737126628188,0.840044589479582,1.10532554311783
"LV_2023","baseline_3pct_kolm0.5_ok",1,0,1,1
"LV_2023","baseline_3pct_kolm0.5_keptmin",1,0,1,1
"LV_2023","baseline_3pct_kolm0.5_naltmax",0,0,0,0
"LV_2023","baseline_3pct_kolm1_nw",0.135070764101177,0.0205599249042982,0.0947733112887525,0.175368216913602
"LV_2023","baseline_3pct_kolm1_nwx",0.152839027021565,0.203142361575142,-0.245320001665715,0.550998055708844
"LV_2023","baseline_3pct_kolm1_ratio",0.883697063033384,0.202941176008302,0.485932358057113,1.28146176800966
"LV_2023","baseline_3pct_kolm1_ok",1,0,1,1
"LV_2023","baseline_3pct_kolm1_keptmin",1,0,1,1
"LV_2023","baseline_3pct_kolm1_naltmax",0,0,0,0
"LV_2023","baseline_3pct_p75_p25_nw",73064.2014,4457.08087609346,64328.3228828568,81800.0799171432
"LV_2023","baseline_3pct_p75_p25_nwx",71792.3556278997,4830.17234554412,62325.2178306332,81259.4934251661
"LV_2023","baseline_3pct_p75_p25_ratio",1.01811319500832,0.0499458780795594,0.92021927397238,1.11600711604425
"LV_2023","baseline_3pct_p75_p25_ok",1,0,1,1
"LV_2023","baseline_3pct_p75_p25_keptmin",1,0,1,1
"LV_2023","baseline_3pct_p75_p25_naltmax",0,0,0,0
"LV_2023","baseline_3pct_p90_p10_nw",167251.618918,20520.0275241714,127032.364970624,207470.872865376
"LV_2023","baseline_3pct_p90_p10_nwx",158026.153391763,18987.5946678184,120810.467842839,195241.838940687
"LV_2023","baseline_3pct_p90_p10_ratio",1.05882636216161,0.0565141932126777,0.948058543464758,1.16959418085845
"LV_2023","baseline_3pct_p90_p10_ok",1,0,1,1
"LV_2023","baseline_3pct_p90_p10_keptmin",1,0,1,1
"LV_2023","baseline_3pct_p90_p10_naltmax",0,0,0,0
"LV_2023","baseline_3pct_inter1_nw",0.395902796691328,0.114129057917236,0.172209843173546,0.619595750209111
"LV_2023","baseline_3pct_inter1_nwx",0.0157121968633326,0.00690172632299883,0.00218481327025484,0.0292395804564103
"LV_2023","baseline_3pct_inter1_ratio",25.3239804278253,5.46100906833836,14.6204026538821,36.0275582017685
"LV_2023","baseline_3pct_inter1_ok",1,0,1,1
"LV_2023","baseline_3pct_inter1_keptmin",1,0,1,1
"LV_2023","baseline_3pct_inter1_naltmax",0,0,0,0
"LV_2023","baseline_3pct_inter2_nw",1.10572487631325,0.336096585801905,0.446975568141513,1.76447418448498
"LV_2023","baseline_3pct_inter2_nwx",0.0225589846337816,0.00995717171021293,0.00304292808176427,0.0420750411857989
"LV_2023","baseline_3pct_inter2_ratio",49.3148941767607,10.5338351691788,28.6685772451702,69.9612111083512
"LV_2023","baseline_3pct_inter2_ok",1,0,1,1
"LV_2023","baseline_3pct_inter2_keptmin",1,0,1,1
"LV_2023","baseline_3pct_inter2_naltmax",0,0,0,0
"LV_2023","baseline_3pct_ge2_nw",3.6137114226925,0.808037715216582,2.029957500868,5.197465344517
"LV_2023","baseline_3pct_ge2_nwx",3.81469867348621,0.849315292800485,2.15004069959725,5.47935664737516
"LV_2023","baseline_3pct_ge2_ratio",0.947335644069649,0.0270556462651373,0.89430657738998,1.00036471074932
"LV_2023","baseline_3pct_ge2_ok",1,0,1,1
"LV_2023","baseline_3pct_ge2_keptmin",0.925758567755369,0.0121064193519523,0.902029985825542,0.949487149685195
"LV_2023","baseline_3pct_ge2_naltmax",0.0742414322446311,0.0121064193519522,0.0505128503148048,0.0979700141744575
"LV_2023","baseline_3pct_ge_theil_nw",1.08153277671035,0.178515877592507,0.731641656629036,1.43142389679166
"LV_2023","baseline_3pct_ge_theil_nwx",1.11374684516269,0.187618405223851,0.746014770923938,1.48147891940144
"LV_2023","baseline_3pct_ge_theil_ratio",0.971144009726254,0.0135547152146501,0.94457676790554,0.997711251546968
"LV_2023","baseline_3pct_ge_theil_ok",1,0,1,1
"LV_2023","baseline_3pct_ge_theil_keptmin",0.925758567755369,0.0121064193519523,0.902029985825542,0.949487149685195
"LV_2023","baseline_3pct_ge_theil_naltmax",0.0742414322446311,0.0121064193519522,0.0505128503148048,0.0979700141744575
"LV_2023","baseline_3pct_ge_mld_nw",1.17579716820702,0.165455167719576,0.851505039476653,1.50008929693739
"LV_2023","baseline_3pct_ge_mld_nwx",1.17877967073541,0.174113089087635,0.837518016123645,1.52004132534717
"LV_2023","baseline_3pct_ge_mld_ratio",0.997525581747129,0.0212161289992861,0.955941968908528,1.03910919458573
"LV_2023","baseline_3pct_ge_mld_ok",1,0,1,1
"LV_2023","baseline_3pct_ge_mld_keptmin",0.925758567755369,0.0121064193519523,0.902029985825542,0.949487149685195
"LV_2023","baseline_3pct_ge_mld_naltmax",0.0742414322446311,0.0121064193519522,0.0505128503148048,0.0979700141744575
"LV_2023","baseline_3pct_atkinson05_nw",0.406331121490444,0.0516847107671192,0.30502908838689,0.507633154593997
"LV_2023","baseline_3pct_atkinson05_nwx",0.412782615603426,0.0545818289739972,0.305802230814391,0.51976300039246
"LV_2023","baseline_3pct_atkinson05_ratio",0.984428415474425,0.0124970593137077,0.959934179219558,1.00892265172929
"LV_2023","baseline_3pct_atkinson05_ok",1,0,1,1
"LV_2023","baseline_3pct_atkinson05_keptmin",0.925758567755369,0.0121064193519523,0.902029985825542,0.949487149685195
"LV_2023","baseline_3pct_atkinson05_naltmax",0.0742414322446311,0.0121064193519522,0.0505128503148048,0.0979700141744575
"LV_2023","baseline_3pct_atkinson1_nw",0.691353967666902,0.0506629003933029,0.592054682896028,0.790653252437775
"LV_2023","baseline_3pct_atkinson1_nwx",0.692250641867968,0.053541586278678,0.587309132761759,0.797192150974177
"LV_2023","baseline_3pct_atkinson1_ratio",0.998719715410945,0.0116061066997539,0.975971746279427,1.02146768454246
"LV_2023","baseline_3pct_atkinson1_ok",1,0,1,1
"LV_2023","baseline_3pct_atkinson1_keptmin",0.925758567755369,0.0121064193519523,0.902029985825542,0.949487149685195
"LV_2023","baseline_3pct_atkinson1_naltmax",0.0742414322446311,0.0121064193519522,0.0505128503148048,0.0979700141744575
"LV_2023","baseline_3pct_atkinson2_nw",0.997689901351381,0.00536067228113219,0.987182983680362,1.0081968190224
"LV_2023","baseline_3pct_atkinson2_nwx",0.997688354505669,0.00569135499155194,0.986533298722227,1.00884341028911
"LV_2023","baseline_3pct_atkinson2_ratio",1.00000155015191,0.000639164013167777,0.998748788686106,1.00125431161772
"LV_2023","baseline_3pct_atkinson2_ok",1,0,1,1
"LV_2023","baseline_3pct_atkinson2_keptmin",0.925758567755369,0.0121064193519523,0.902029985825542,0.949487149685195
"LV_2023","baseline_3pct_atkinson2_naltmax",0.0742414322446311,0.0121064193519522,0.0505128503148048,0.0979700141744575
"LV_2023","baseline_3pct_ge2_bach1_nw",3.79253069205052,0.844547962391169,2.13721668576383,5.44784469833721
"LV_2023","baseline_3pct_ge2_bach1_nwx",4.16083036239225,0.920746622110036,2.35616698305658,5.96549374172792
"LV_2023","baseline_3pct_ge2_bach1_ratio",0.91152892983491,0.026004562419271,0.860559987493139,0.962497872176681
"LV_2023","baseline_3pct_ge2_bach1_ok",1,0,1,1
"LV_2023","baseline_3pct_ge2_bach1_keptmin",1,0,1,1
"LV_2023","baseline_3pct_ge2_bach1_naltmax",0.0742414322446311,0.0121064193519522,0.0505128503148048,0.0979700141744575
"LV_2023","baseline_3pct_ge_theil_bach1_nw",1.12407616009319,0.179521137630936,0.772214730336553,1.47593758984982
"LV_2023","baseline_3pct_ge_theil_bach1_nwx",1.19088187423319,0.190786065020167,0.816941186793663,1.56482256167272
"LV_2023","baseline_3pct_ge_theil_bach1_ratio",0.943921936357119,0.012520992726973,0.919380790612252,0.968463082101986
"LV_2023","baseline_3pct_ge_theil_bach1_ok",1,0,1,1
"LV_2023","baseline_3pct_ge_theil_bach1_keptmin",1,0,1,1
"LV_2023","baseline_3pct_ge_theil_bach1_naltmax",0.0742414322446311,0.0121064193519522,0.0505128503148048,0.0979700141744575
"LV_2023","baseline_3pct_ge_mld_bach1_nw",1.56520355921786,0.188314350051742,1.19610743311645,1.93429968531928
"LV_2023","baseline_3pct_ge_mld_bach1_nwx",1.86965193809313,0.218598618553263,1.44119864572873,2.29810523045752
"LV_2023","baseline_3pct_ge_mld_bach1_ratio",0.837151348530875,0.0348415991447681,0.76886181420713,0.905440882854621
"LV_2023","baseline_3pct_ge_mld_bach1_ok",1,0,1,1
"LV_2023","baseline_3pct_ge_mld_bach1_keptmin",1,0,1,1
"LV_2023","baseline_3pct_ge_mld_bach1_naltmax",0.0742414322446311,0.0121064193519522,0.0505128503148048,0.0979700141744575
"LV_2023","baseline_3pct_atkinson05_bach1_nw",0.430861149564793,0.0503826860915178,0.332111084825418,0.529611214304168
"LV_2023","baseline_3pct_atkinson05_bach1_nwx",0.456032905425015,0.0526745954922935,0.35279069826012,0.55927511258991
"LV_2023","baseline_3pct_atkinson05_bach1_ratio",0.944795528821044,0.0119498335633143,0.921373855036948,0.968217202605141
"LV_2023","baseline_3pct_atkinson05_bach1_ok",1,0,1,1
"LV_2023","baseline_3pct_atkinson05_bach1_keptmin",1,0,1,1
"LV_2023","baseline_3pct_atkinson05_bach1_naltmax",0.0742414322446311,0.0121064193519522,0.0505128503148048,0.0979700141744575
"LV_2023","baseline_3pct_atkinson1_bach1_nw",0.790887104066613,0.0418972824116165,0.708768430539845,0.873005777593382
"LV_2023","baseline_3pct_atkinson1_bach1_nwx",0.845784477556563,0.0366363089879774,0.773977311940127,0.917591643172999
"LV_2023","baseline_3pct_atkinson1_bach1_ratio",0.935087610328664,0.0179457350973262,0.899913969537905,0.970261251119423
"LV_2023","baseline_3pct_atkinson1_bach1_ok",1,0,1,1
"LV_2023","baseline_3pct_atkinson1_bach1_keptmin",1,0,1,1
"LV_2023","baseline_3pct_atkinson1_bach1_naltmax",0.0742414322446311,0.0121064193519522,0.0505128503148048,0.0979700141744575
"LV_2023","baseline_3pct_atkinson2_bach1_nw",0.999778777677928,9.00815760319688e-05,0.999602217788905,0.999955337566951
"LV_2023","baseline_3pct_atkinson2_bach1_nwx",0.999863350949732,4.4239810786332e-05,0.99977664092059,0.999950060978873
"LV_2023","baseline_3pct_atkinson2_bach1_ratio",0.999915415164792,5.79907853276242e-05,0.99980175322555,1.00002907710403
"LV_2023","baseline_3pct_atkinson2_bach1_ok",1,0,1,1
"LV_2023","baseline_3pct_atkinson2_bach1_keptmin",1,0,1,1
"LV_2023","baseline_3pct_atkinson2_bach1_naltmax",0.0742414322446311,0.0121064193519522,0.0505128503148048,0.0979700141744575
"LV_2023","baseline_3pct_mu_ratio_nw",0.99568939313107,0.00179712839843875,0.99216702147013,0.99921176479201
"LV_2023","baseline_3pct_mu_ratio_nwx",0.94620896256765,0.0193792726454887,0.908225588182492,0.984192336952807
"MT_2023","baseline_3pct_gini_nw",0.516881964185969,0.0446726743307427,0.429323522497713,0.604440405874224
"MT_2023","baseline_3pct_gini_nwx",0.707547867522556,0.0793258298218006,0.552069241071827,0.863026493973285
"MT_2023","baseline_3pct_gini_ratio",0.730525789012418,0.0211381661931327,0.689094983273878,0.771956594750958
"MT_2023","baseline_3pct_gini_ok",1,0,1,1
"MT_2023","baseline_3pct_gini_keptmin",1,0,1,1
"MT_2023","baseline_3pct_gini_naltmax",0,0,0,0
"MT_2023","baseline_3pct_gini_rsv_nw",0.516876101906809,0.0446839037539923,0.429295650548984,0.604456553264634
"MT_2023","baseline_3pct_gini_rsv_nwx",0.600212793120718,0.0430873266791106,0.515761632829661,0.684663953411774
"MT_2023","baseline_3pct_gini_rsv_ratio",0.861154756831137,0.0136058292597332,0.83448733148206,0.887822182180214
"MT_2023","baseline_3pct_gini_rsv_ok",1,0,1,1
"MT_2023","baseline_3pct_gini_rsv_keptmin",1,0,1,1
"MT_2023","baseline_3pct_gini_rsv_naltmax",0,0,0,0
"MT_2023","baseline_3pct_cv_nw",1.10086925305979,0.0753044183084152,0.953272593175296,1.24846591294428
"MT_2023","baseline_3pct_cv_nwx",1.51848762792332,0.144468571638268,1.23532922751232,1.80164602833433
"MT_2023","baseline_3pct_cv_ratio",0.724977426760687,0.0214264775868523,0.682981530690457,0.766973322830918
"MT_2023","baseline_3pct_cv_ok",1,0,1,1
"MT_2023","baseline_3pct_cv_keptmin",1,0,1,1
"MT_2023","baseline_3pct_cv_naltmax",0,0,0,0
"MT_2023","baseline_3pct_top10_nw",0.345136377662249,0.0250834033077616,0.295972907179036,0.394299848145461
"MT_2023","baseline_3pct_top10_nwx",0.414564277268342,0.0384087463800482,0.339283134363448,0.489845420173237
"MT_2023","baseline_3pct_top10_ratio",0.832528021797803,0.018327063435142,0.796606977464924,0.868449066130681
"MT_2023","baseline_3pct_top10_ok",1,0,1,1
"MT_2023","baseline_3pct_top10_keptmin",1,0,1,1
"MT_2023","baseline_3pct_top10_naltmax",0,0,0,0
"MT_2023","baseline_3pct_top1_nw",0.0704535508558342,0.00141506813930383,0.0676800173027987,0.0732270844088697
"MT_2023","baseline_3pct_top1_nwx",0.0851034995408523,0.00458036907062299,0.0761259761624313,0.0940810229192734
"MT_2023","baseline_3pct_top1_ratio",0.827857270687374,0.0295751077381891,0.769890059520523,0.885824481854224
"MT_2023","baseline_3pct_top1_ok",1,0,1,1
"MT_2023","baseline_3pct_top1_keptmin",1,0,1,1
"MT_2023","baseline_3pct_top1_naltmax",0,0,0,0
"MT_2023","baseline_3pct_sgini4_nw",0.778888760409312,0.0527770969646565,0.675445650358585,0.882331870460039
"MT_2023","baseline_3pct_sgini4_nwx",1.16401418183043,0.132162849975403,0.904974995878644,1.42305336778222
"MT_2023","baseline_3pct_sgini4_ratio",0.669140266989269,0.0345609220375385,0.601400859795694,0.736879674182845
"MT_2023","baseline_3pct_sgini4_ok",1,0,1,1
"MT_2023","baseline_3pct_sgini4_keptmin",1,0,1,1
"MT_2023","baseline_3pct_sgini4_naltmax",0,0,0,0
"MT_2023","baseline_3pct_gini_abs_nw",263780.967328302,3496.12315467393,256928.565945141,270633.368711463
"MT_2023","baseline_3pct_gini_abs_nwx",275848.042929698,3146.76901463581,269680.375661012,282015.710198384
"MT_2023","baseline_3pct_gini_abs_ratio",0.956254626738565,0.00181737197935772,0.952692577659024,0.959816675818106
"MT_2023","baseline_3pct_gini_abs_ok",1,0,1,1
"MT_2023","baseline_3pct_gini_abs_keptmin",1,0,1,1
"MT_2023","baseline_3pct_gini_abs_naltmax",0,0,0,0
"MT_2023","baseline_3pct_variance_nw",315628085257.676,4022994177.56531,307743016669.648,323513153845.704
"MT_2023","baseline_3pct_variance_nwx",350469861561.318,5352308715.79001,339979336478.369,360960386644.266
"MT_2023","baseline_3pct_variance_ratio",0.900585527815648,0.00238160543158503,0.895917581169742,0.905253474461555
"MT_2023","baseline_3pct_variance_ok",1,0,1,1
"MT_2023","baseline_3pct_variance_keptmin",1,0,1,1
"MT_2023","baseline_3pct_variance_naltmax",0,0,0,0
"MT_2023","baseline_3pct_kolm0.5_nw",0.173056764460646,0.00566408485156464,0.16195515815158,0.184158370769713
"MT_2023","baseline_3pct_kolm0.5_nwx",0.275661242944617,0.00586636456817227,0.264163168390999,0.287159317498234
"MT_2023","baseline_3pct_kolm0.5_ratio",0.627787797123934,0.00767662083241569,0.612741620292399,0.642833973955468
"MT_2023","baseline_3pct_kolm0.5_ok",1,0,1,1
"MT_2023","baseline_3pct_kolm0.5_keptmin",1,0,1,1
"MT_2023","baseline_3pct_kolm0.5_naltmax",0,0,0,0
"MT_2023","baseline_3pct_kolm1_nw",0.278142896452546,0.00725886927159521,0.26391551268022,0.292370280224873
"MT_2023","baseline_3pct_kolm1_nwx",1.26144339486497,0.0693496686263624,1.1255180443573,1.39736874537264
"MT_2023","baseline_3pct_kolm1_ratio",0.220495741295089,0.016882971643083,0.187405116874647,0.253586365715532
"MT_2023","baseline_3pct_kolm1_ok",1,0,1,1
"MT_2023","baseline_3pct_kolm1_keptmin",1,0,1,1
"MT_2023","baseline_3pct_kolm1_naltmax",0,0,0,0
"MT_2023","baseline_3pct_p75_p25_nw",544768.38,19068.8342888456,507393.464793863,582143.295206137
"MT_2023","baseline_3pct_p75_p25_nwx",541963.377932569,39466.490148709,464609.057241099,619317.698624039
"MT_2023","baseline_3pct_p75_p25_ratio",1.00517563027622,0.0414108820688945,0.924010301421188,1.08634095913125
"MT_2023","baseline_3pct_p75_p25_ok",1,0,1,1
"MT_2023","baseline_3pct_p75_p25_keptmin",1,0,1,1
"MT_2023","baseline_3pct_p75_p25_naltmax",0,0,0,0
"MT_2023","baseline_3pct_p90_p10_nw",1121395.88,389.295301725447,1120632.86120862,1122158.89879138
"MT_2023","baseline_3pct_p90_p10_nwx",964250,64087.8262011874,838637.860645673,1089862.13935433
"MT_2023","baseline_3pct_p90_p10_ratio",1.16297213378273,0.0728329195038442,1.0202196115552,1.30572465601027
"MT_2023","baseline_3pct_p90_p10_ok",1,0,1,1
"MT_2023","baseline_3pct_p90_p10_keptmin",1,0,1,1
"MT_2023","baseline_3pct_p90_p10_naltmax",0,0,0,0
"MT_2023","baseline_3pct_inter1_nw",0.461930048421979,0.0699459207343222,0.324836043782707,0.599024053061251
"MT_2023","baseline_3pct_inter1_nwx",0.00660626764309545,0.000117814626230656,0.00637535097568336,0.00683718431050753
"MT_2023","baseline_3pct_inter1_ratio",69.9229993966058,9.51694144996378,51.2697941546767,88.5762046385348
"MT_2023","baseline_3pct_inter1_ok",1,0,1,1
"MT_2023","baseline_3pct_inter1_keptmin",1,0,1,1
"MT_2023","baseline_3pct_inter1_naltmax",0,0,0,0
"MT_2023","baseline_3pct_inter2_nw",0.591268126689614,0.0771939982510763,0.439967890117505,0.742568363261724
"MT_2023","baseline_3pct_inter2_nwx",0.00683246361359664,2.249970772625e-05,0.00678836418645319,0.00687656304074009
"MT_2023","baseline_3pct_inter2_ratio",86.5380571530579,11.115694448111,64.7512960347604,108.324818271355
"MT_2023","baseline_3pct_inter2_ok",1,0,1,1
"MT_2023","baseline_3pct_inter2_keptmin",1,0,1,1
"MT_2023","baseline_3pct_inter2_naltmax",0,0,0,0
"MT_2023","baseline_3pct_ge2_nw",0.605410541388804,0.0812609597499335,0.446139060278935,0.764682022498674
"MT_2023","baseline_3pct_ge2_nwx",0.658041773909675,0.0588245315056974,0.542745692158508,0.773337855660842
"MT_2023","baseline_3pct_ge2_ratio",0.920018402162877,0.045308220481924,0.831214290018306,1.00882251430745
"MT_2023","baseline_3pct_ge2_ok",1,0,1,1
"MT_2023","baseline_3pct_ge2_keptmin",0.90867164534568,0.014058741190377,0.881116512612541,0.936226778078819
"MT_2023","baseline_3pct_ge2_naltmax",0.09132835465432,0.0140587411903771,0.063773221921181,0.118883487387459
"MT_2023","baseline_3pct_ge_theil_nw",0.476170190870514,0.074595182621195,0.329963632932972,0.622376748808056
"MT_2023","baseline_3pct_ge_theil_nwx",0.496573855882498,0.0591116872672525,0.380714948838683,0.612432762926313
"MT_2023","baseline_3pct_ge_theil_ratio",0.958911117107197,0.0409483365052486,0.878652377556909,1.03916985665748
"MT_2023","baseline_3pct_ge_theil_ok",1,0,1,1
"MT_2023","baseline_3pct_ge_theil_keptmin",0.90867164534568,0.014058741190377,0.881116512612541,0.936226778078819
"MT_2023","baseline_3pct_ge_theil_naltmax",0.09132835465432,0.0140587411903771,0.063773221921181,0.118883487387459
"MT_2023","baseline_3pct_ge_mld_nw",0.807803060394238,0.161001679070815,0.492239769415441,1.12336635137303
"MT_2023","baseline_3pct_ge_mld_nwx",0.813103064553711,0.132433677194913,0.553533057251682,1.07267307185574
"MT_2023","baseline_3pct_ge_mld_ratio",0.993481756015294,0.0432405233248994,0.908730330298491,1.0782331817321
"MT_2023","baseline_3pct_ge_mld_ok",1,0,1,1
"MT_2023","baseline_3pct_ge_mld_keptmin",0.90867164534568,0.014058741190377,0.881116512612541,0.936226778078819
"MT_2023","baseline_3pct_ge_mld_naltmax",0.09132835465432,0.0140587411903771,0.063773221921181,0.118883487387459
"MT_2023","baseline_3pct_atkinson05_nw",0.250925456060367,0.0402272024402342,0.172080139277508,0.329770772843226
"MT_2023","baseline_3pct_atkinson05_nwx",0.256724125545946,0.032111250146463,0.193786075258878,0.319662175833013
"MT_2023","baseline_3pct_atkinson05_ratio",0.977412837717346,0.0393635974782805,0.900260186659917,1.05456548877478
"MT_2023","baseline_3pct_atkinson05_ok",1,0,1,1
"MT_2023","baseline_3pct_atkinson05_keptmin",0.90867164534568,0.014058741190377,0.881116512612541,0.936226778078819
"MT_2023","baseline_3pct_atkinson05_naltmax",0.09132835465432,0.0140587411903771,0.063773221921181,0.118883487387459
"MT_2023","baseline_3pct_atkinson1_nw",0.554163533122381,0.0778819546556181,0.40151490199737,0.706812164247392
"MT_2023","baseline_3pct_atkinson1_nwx",0.556520217516121,0.0627983669332952,0.433435418326862,0.679605016705379
"MT_2023","baseline_3pct_atkinson1_ratio",0.995765321151749,0.031090732326089,0.934827485792614,1.05670315651088
"MT_2023","baseline_3pct_atkinson1_ok",1,0,1,1
"MT_2023","baseline_3pct_atkinson1_keptmin",0.90867164534568,0.014058741190377,0.881116512612541,0.936226778078819
"MT_2023","baseline_3pct_atkinson1_naltmax",0.09132835465432,0.0140587411903771,0.063773221921181,0.118883487387459
"MT_2023","baseline_3pct_atkinson2_nw",0.982441018295137,0.0158244089699697,0.951425176713996,1.01345685987628
"MT_2023","baseline_3pct_atkinson2_nwx",0.982306614210866,0.0156915117803764,0.951551251121328,1.0130619773004
"MT_2023","baseline_3pct_atkinson2_ratio",1.00013682498145,0.000138126297377001,0.999866097438595,1.00040755252431
"MT_2023","baseline_3pct_atkinson2_ok",1,0,1,1
"MT_2023","baseline_3pct_atkinson2_keptmin",0.90867164534568,0.014058741190377,0.881116512612541,0.936226778078819
"MT_2023","baseline_3pct_atkinson2_naltmax",0.09132835465432,0.0140587411903771,0.063773221921181,0.118883487387459
"MT_2023","baseline_3pct_ge2_bach1_nw",0.605943977364321,0.0800888293470244,0.448969871844153,0.762918082884489
"MT_2023","baseline_3pct_ge2_bach1_nwx",0.774433159452972,0.0831631358539759,0.611433413179179,0.937432905726765
"MT_2023","baseline_3pct_ge2_bach1_ratio",0.782435475506156,0.0217351585626858,0.739834564723292,0.82503638628902
"MT_2023","baseline_3pct_ge2_bach1_ok",1,0,1,1
"MT_2023","baseline_3pct_ge2_bach1_keptmin",1,0,1,1
"MT_2023","baseline_3pct_ge2_bach1_naltmax",0.09132835465432,0.0140587411903771,0.063773221921181,0.118883487387459
"MT_2023","baseline_3pct_ge_theil_bach1_nw",0.47665263074502,0.07341361183444,0.332761951549517,0.620543309940522
"MT_2023","baseline_3pct_ge_theil_bach1_nwx",0.592342203174067,0.0744633849762957,0.446393968620527,0.738290437727607
"MT_2023","baseline_3pct_ge_theil_bach1_ratio",0.804691322331712,0.0260578042414918,0.753618026018388,0.855764618645036
"MT_2023","baseline_3pct_ge_theil_bach1_ok",1,0,1,1
"MT_2023","baseline_3pct_ge_theil_bach1_keptmin",1,0,1,1
"MT_2023","baseline_3pct_ge_theil_bach1_naltmax",0.09132835465432,0.0140587411903771,0.063773221921181,0.118883487387459
"MT_2023","baseline_3pct_ge_mld_bach1_nw",0.813270479863441,0.147225626068062,0.52470825277004,1.10183270695684
"MT_2023","baseline_3pct_ge_mld_bach1_nwx",1.83536109447611,0.273669659844681,1.29896856118053,2.37175362777168
"MT_2023","baseline_3pct_ge_mld_bach1_ratio",0.443111975246257,0.0166298198422028,0.41051752835554,0.475706422136975
"MT_2023","baseline_3pct_ge_mld_bach1_ok",1,0,1,1
"MT_2023","baseline_3pct_ge_mld_bach1_keptmin",1,0,1,1
"MT_2023","baseline_3pct_ge_mld_bach1_naltmax",0.09132835465432,0.0140587411903771,0.063773221921181,0.118883487387459
"MT_2023","baseline_3pct_atkinson05_bach1_nw",0.251285594929675,0.0392789635244591,0.174298826421735,0.328272363437615
"MT_2023","baseline_3pct_atkinson05_bach1_nwx",0.32437607851163,0.0400411154286594,0.245895492271458,0.402856664751803
"MT_2023","baseline_3pct_atkinson05_bach1_ratio",0.77467363217003,0.029052954959387,0.717729840449631,0.831617423890429
"MT_2023","baseline_3pct_atkinson05_bach1_ok",1,0,1,1
"MT_2023","baseline_3pct_atkinson05_bach1_keptmin",1,0,1,1
"MT_2023","baseline_3pct_atkinson05_bach1_naltmax",0.09132835465432,0.0140587411903771,0.063773221921181,0.118883487387459
"MT_2023","baseline_3pct_atkinson1_bach1_nw",0.556594456606711,0.0703310960429013,0.418745508362624,0.694443404850798
"MT_2023","baseline_3pct_atkinson1_bach1_nwx",0.840444123380995,0.0502254960951639,0.742002151034474,0.938886095727516
"MT_2023","baseline_3pct_atkinson1_bach1_ratio",0.662262298137805,0.0469110035542144,0.570316731171545,0.754207865104065
"MT_2023","baseline_3pct_atkinson1_bach1_ok",1,0,1,1
"MT_2023","baseline_3pct_atkinson1_bach1_keptmin",1,0,1,1
"MT_2023","baseline_3pct_atkinson1_bach1_naltmax",0.09132835465432,0.0140587411903771,0.063773221921181,0.118883487387459
"MT_2023","baseline_3pct_atkinson2_bach1_nw",0.996700205181292,0.00224298245382323,0.992303959571798,1.00109645079079
"MT_2023","baseline_3pct_atkinson2_bach1_nwx",0.999974250725624,2.25606041621591e-06,0.999969828847208,0.99997867260404
"MT_2023","baseline_3pct_atkinson2_bach1_ratio",0.9967258701492,0.00224529342375826,0.992325095038634,1.00112664525977
"MT_2023","baseline_3pct_atkinson2_bach1_ok",1,0,1,1
"MT_2023","baseline_3pct_atkinson2_bach1_keptmin",1,0,1,1
"MT_2023","baseline_3pct_atkinson2_bach1_naltmax",0.09132835465432,0.0140587411903771,0.063773221921181,0.118883487387459
"MT_2023","baseline_3pct_mu_ratio_nw",0.999988658379348,2.48590349169101e-05,0.999939934670911,1.00003738208779
"MT_2023","baseline_3pct_mu_ratio_nwx",0.848299911103306,0.0385298274105648,0.772781449378599,0.923818372828013
"NL_2023","baseline_3pct_gini_nw",0.650168469176985,0.00938738708540641,0.631769190489588,0.668567747864381
"NL_2023","baseline_3pct_gini_nwx",0.710721503223685,0.0489608878840787,0.61475816297089,0.806684843476479
"NL_2023","baseline_3pct_gini_ratio",0.916991213385748,0.0591655554473759,0.801026724708892,1.03295570206261
"NL_2023","baseline_3pct_gini_ok",1,0,1,1
"NL_2023","baseline_3pct_gini_keptmin",1,0,1,1
"NL_2023","baseline_3pct_gini_naltmax",0,0,0,0
"NL_2023","baseline_3pct_gini_rsv_nw",0.640753362429716,0.00886872112496355,0.623370669024787,0.658136055834645
"NL_2023","baseline_3pct_gini_rsv_nwx",0.65875647409252,0.0131136013787155,0.633053815390238,0.684459132794803
"NL_2023","baseline_3pct_gini_rsv_ratio",0.97279695866985,0.014855026117255,0.94368110748003,1.00191280985967
"NL_2023","baseline_3pct_gini_rsv_ok",1,0,1,1
"NL_2023","baseline_3pct_gini_rsv_keptmin",1,0,1,1
"NL_2023","baseline_3pct_gini_rsv_naltmax",0,0,0,0
"NL_2023","baseline_3pct_cv_nw",1.728902222473,0.104096808089936,1.52487247861672,1.93293196632927
"NL_2023","baseline_3pct_cv_nwx",1.95113446286278,0.320782970339963,1.32239984099645,2.57986908472911
"NL_2023","baseline_3pct_cv_ratio",0.895469435382727,0.11537588722502,0.669332696421688,1.12160617434377
"NL_2023","baseline_3pct_cv_ok",1,0,1,1
"NL_2023","baseline_3pct_cv_keptmin",1,0,1,1
"NL_2023","baseline_3pct_cv_naltmax",0,0,0,0
"NL_2023","baseline_3pct_top10_nw",0.447042017536303,0.0134121715183247,0.420754161360386,0.473329873712219
"NL_2023","baseline_3pct_top10_nwx",0.467128758955833,0.0210792278846339,0.42581347230195,0.508444045609715
"NL_2023","baseline_3pct_top10_ratio",0.957565444376476,0.0298140816192515,0.899129844402743,1.01600104435021
"NL_2023","baseline_3pct_top10_ok",1,0,1,1
"NL_2023","baseline_3pct_top10_keptmin",1,0,1,1
"NL_2023","baseline_3pct_top10_naltmax",0,0,0,0
"NL_2023","baseline_3pct_top1_nw",0.127149503987757,0.0123743226022392,0.102895831687368,0.151403176288146
"NL_2023","baseline_3pct_top1_nwx",0.130619784798599,0.01400696242335,0.103166138448833,0.158073431148365
"NL_2023","baseline_3pct_top1_ratio",0.974256919351171,0.0413660106685732,0.893179538440767,1.05533430026157
"NL_2023","baseline_3pct_top1_ok",1,0,1,1
"NL_2023","baseline_3pct_top1_keptmin",1,0,1,1
"NL_2023","baseline_3pct_top1_naltmax",0,0,0,0
"NL_2023","baseline_3pct_sgini4_nw",0.914889392059491,0.00913934521844041,0.896976275431348,0.932802508687634
"NL_2023","baseline_3pct_sgini4_nwx",1.04454335632874,0.109144863598901,0.830619423674893,1.25846728898259
"NL_2023","baseline_3pct_sgini4_ratio",0.8807065342051,0.0852771364779942,0.713563346708232,1.04784972170197
"NL_2023","baseline_3pct_sgini4_ok",1,0,1,1
"NL_2023","baseline_3pct_sgini4_keptmin",1,0,1,1
"NL_2023","baseline_3pct_sgini4_naltmax",0,0,0,0
"NL_2023","baseline_3pct_gini_abs_nw",168392.959644216,6614.57170363983,155428.399105082,181357.52018335
"NL_2023","baseline_3pct_gini_abs_nwx",167762.006573715,9199.95074374607,149730.103115973,185793.910031457
"NL_2023","baseline_3pct_gini_abs_ratio",1.00450143366341,0.0334858470549494,0.938869173435707,1.07013369389111
"NL_2023","baseline_3pct_gini_abs_ok",1,0,1,1
"NL_2023","baseline_3pct_gini_abs_keptmin",1,0,1,1
"NL_2023","baseline_3pct_gini_abs_naltmax",0,0,0,0
"NL_2023","baseline_3pct_variance_nw",200584016981.752,32638618766.5917,136612324199.232,264555709764.272
"NL_2023","baseline_3pct_variance_nwx",213408074410.057,65322592713.7174,85375792691.1711,341440356128.943
"NL_2023","baseline_3pct_variance_ratio",0.964813412441027,0.185369493520287,0.601489205141265,1.32813761974079
"NL_2023","baseline_3pct_variance_ok",1,0,1,1
"NL_2023","baseline_3pct_variance_keptmin",1,0,1,1
"NL_2023","baseline_3pct_variance_naltmax",0,0,0,0
"NL_2023","baseline_3pct_kolm0.5_nw",0.133661021906249,0.00837734710662452,0.117241421577265,0.150080622235233
"NL_2023","baseline_3pct_kolm0.5_nwx",5.33910138341303,9.35309651360177,-12.9929677832464,23.6711705500725
"NL_2023","baseline_3pct_kolm0.5_ratio",0.519626394861185,0.562414726531015,-0.582706469139604,1.62195925886197
"NL_2023","baseline_3pct_kolm0.5_ok",1,0,1,1
"NL_2023","baseline_3pct_kolm0.5_keptmin",1,0,1,1
"NL_2023","baseline_3pct_kolm0.5_naltmax",0,0,0,0
"NL_2023","baseline_3pct_kolm1_nw",0.202320983165182,0.0153911807216106,0.172154268950826,0.232487697379539
"NL_2023","baseline_3pct_kolm1_nwx",8.9039005560675,13.508990365415,-17.5737205601458,35.3815216722808
"NL_2023","baseline_3pct_kolm1_ratio",0.238976320669832,0.282278633085687,-0.314289800178114,0.792242441517778
"NL_2023","baseline_3pct_kolm1_ok",1,0,1,1
"NL_2023","baseline_3pct_kolm1_keptmin",1,0,1,1
"NL_2023","baseline_3pct_kolm1_naltmax",0,0,0,0
"NL_2023","baseline_3pct_p75_p25_nw",330647.3569688,8227.1457315405,314522.151334981,346772.562602619
"NL_2023","baseline_3pct_p75_p25_nwx",317498.317413913,8680.71047771838,300484.124877585,334512.509950241
"NL_2023","baseline_3pct_p75_p25_ratio",1.04145234583919,0.0162109709817488,1.00967884271496,1.07322584896342
"NL_2023","baseline_3pct_p75_p25_ok",1,0,1,1
"NL_2023","baseline_3pct_p75_p25_keptmin",1,0,1,1
"NL_2023","baseline_3pct_p75_p25_naltmax",0,0,0,0
"NL_2023","baseline_3pct_p90_p10_nw",615457.625566,20436.2290818581,575402.616565558,655512.634566442
"NL_2023","baseline_3pct_p90_p10_nwx",590436.764898376,20666.4074307507,549930.606334104,630942.923462647
"NL_2023","baseline_3pct_p90_p10_ratio",1.04239798117721,0.0194406494324665,1.00429430828958,1.08050165406485
"NL_2023","baseline_3pct_p90_p10_ok",1,0,1,1
"NL_2023","baseline_3pct_p90_p10_keptmin",1,0,1,1
"NL_2023","baseline_3pct_p90_p10_naltmax",0,0,0,0
"NL_2023","baseline_3pct_inter1_nw",0.140127518238534,0.0792840369131611,-0.0152691941112615,0.29552423058833
"NL_2023","baseline_3pct_inter1_nwx",0.0049908968203991,0.00435977618917058,-0.00355426451037524,0.0135360581511734
"NL_2023","baseline_3pct_inter1_ratio",110.354532751236,168.950473508118,-220.788395324675,441.497460827147
"NL_2023","baseline_3pct_inter1_ok",1,0,1,1
"NL_2023","baseline_3pct_inter1_keptmin",1,0,1,1
"NL_2023","baseline_3pct_inter1_naltmax",0,0,0,0
"NL_2023","baseline_3pct_inter2_nw",0.237912397710516,0.153123888660303,-0.0622104240636778,0.53803521948471
"NL_2023","baseline_3pct_inter2_nwx",0.00578950629600426,0.00525987343187556,-0.00451984563047183,0.0160988582224803
"NL_2023","baseline_3pct_inter2_ratio",210.288184068946,336.593982052905,-449.436020754747,870.012388892639
"NL_2023","baseline_3pct_inter2_ok",1,0,1,1
"NL_2023","baseline_3pct_inter2_keptmin",1,0,1,1
"NL_2023","baseline_3pct_inter2_naltmax",0,0,0,0
"NL_2023","baseline_3pct_ge2_nw",1.36023661117607,0.168585118444775,1.02980977902431,1.69066344332783
"NL_2023","baseline_3pct_ge2_nwx",1.33650546531665,0.177673519960386,0.988265366194291,1.684745564439
"NL_2023","baseline_3pct_ge2_ratio",1.01799536765534,0.0337174443918343,0.951909176647345,1.08408155866334
"NL_2023","baseline_3pct_ge2_ok",1,0,1,1
"NL_2023","baseline_3pct_ge2_keptmin",0.922378098671955,0.00759489776819466,0.907492099046294,0.937264098297617
"NL_2023","baseline_3pct_ge2_naltmax",0.0776219013280447,0.00759489776819468,0.0627359017023832,0.0925079009537063
"NL_2023","baseline_3pct_ge_theil_nw",0.737696006020623,0.0342558273747152,0.670554584366181,0.804837427675065
"NL_2023","baseline_3pct_ge_theil_nwx",0.732731178863883,0.0357755120923383,0.6626111751629,0.802851182564866
"NL_2023","baseline_3pct_ge_theil_ratio",1.00681572070551,0.0116069760608608,0.984066047626223,1.0295653937848
"NL_2023","baseline_3pct_ge_theil_ok",1,0,1,1
"NL_2023","baseline_3pct_ge_theil_keptmin",0.922378098671955,0.00759489776819466,0.907492099046294,0.937264098297617
"NL_2023","baseline_3pct_ge_theil_naltmax",0.0776219013280447,0.00759489776819468,0.0627359017023832,0.0925079009537063
"NL_2023","baseline_3pct_ge_mld_nw",1.18654418023248,0.0385333057351951,1.1110189009915,1.26206945947346
"NL_2023","baseline_3pct_ge_mld_nwx",1.18103865423998,0.0394632442853176,1.10369069544075,1.2583866130392
"NL_2023","baseline_3pct_ge_mld_ratio",1.0046742624293,0.00602489972442413,0.992865458969431,1.01648306588917
"NL_2023","baseline_3pct_ge_mld_ok",1,0,1,1
"NL_2023","baseline_3pct_ge_mld_keptmin",0.922378098671955,0.00759489776819466,0.907492099046294,0.937264098297617
"NL_2023","baseline_3pct_ge_mld_naltmax",0.0776219013280447,0.00759489776819468,0.0627359017023832,0.0925079009537063
"NL_2023","baseline_3pct_atkinson05_nw",0.354767672398782,0.00985491661514092,0.335452035833106,0.374083308964458
"NL_2023","baseline_3pct_atkinson05_nwx",0.353080545158887,0.0102349787179974,0.333019986871612,0.373141103446161
"NL_2023","baseline_3pct_atkinson05_ratio",1.00479333090388,0.00681069699978494,0.991444364784306,1.01814229702346
"NL_2023","baseline_3pct_atkinson05_ok",1,0,1,1
"NL_2023","baseline_3pct_atkinson05_keptmin",0.922378098671955,0.00759489776819466,0.907492099046294,0.937264098297617
"NL_2023","baseline_3pct_atkinson05_naltmax",0.0776219013280447,0.00759489776819468,0.0627359017023832,0.0925079009537063
"NL_2023","baseline_3pct_atkinson1_nw",0.694692686397486,0.0117467416587145,0.671669072746406,0.717716300048566
"NL_2023","baseline_3pct_atkinson1_nwx",0.693002728099161,0.0120903530050426,0.669305636209277,0.716699819989044
"NL_2023","baseline_3pct_atkinson1_ratio",1.00244223984524,0.00315026465350967,0.996267721124365,1.00861675856612
"NL_2023","baseline_3pct_atkinson1_ok",1,0,1,1
"NL_2023","baseline_3pct_atkinson1_keptmin",0.922378098671955,0.00759489776819466,0.907492099046294,0.937264098297617
"NL_2023","baseline_3pct_atkinson1_naltmax",0.0776219013280447,0.00759489776819468,0.0627359017023832,0.0925079009537063
"NL_2023","baseline_3pct_atkinson2_nw",0.995042138647129,0.00421949711684753,0.986771924298108,1.00331235299615
"NL_2023","baseline_3pct_atkinson2_nwx",0.994998300125483,0.00427074196968839,0.986627645864894,1.00336895438607
"NL_2023","baseline_3pct_atkinson2_ratio",1.00004406379263,8.05223961125647e-05,0.999886239896252,1.00020188768901
"NL_2023","baseline_3pct_atkinson2_ok",1,0,1,1
"NL_2023","baseline_3pct_atkinson2_keptmin",0.922378098671955,0.00759489776819466,0.907492099046294,0.937264098297617
"NL_2023","baseline_3pct_atkinson2_naltmax",0.0776219013280447,0.00759489776819468,0.0627359017023832,0.0925079009537063
"NL_2023","baseline_3pct_ge2_bach1_nw",1.46352695608666,0.177548296511937,1.11553229492326,1.81152161725005
"NL_2023","baseline_3pct_ge2_bach1_nwx",1.49115050842552,0.194100653041209,1.11071322846475,1.87158778838629
"NL_2023","baseline_3pct_ge2_bach1_ratio",0.981810913551928,0.033094299279824,0.916946086963473,1.04667574014038
"NL_2023","baseline_3pct_ge2_bach1_ok",1,0,1,1
"NL_2023","baseline_3pct_ge2_bach1_keptmin",1,0,1,1
"NL_2023","baseline_3pct_ge2_bach1_naltmax",0.0776219013280447,0.00759489776819468,0.0627359017023832,0.0925079009537063
"NL_2023","baseline_3pct_ge_theil_bach1_nw",0.791743172171843,0.0338930291189688,0.725312835098664,0.858173509245022
"NL_2023","baseline_3pct_ge_theil_bach1_nwx",0.81353364154082,0.0361921578998176,0.742597012057177,0.884470271024463
"NL_2023","baseline_3pct_ge_theil_bach1_ratio",0.973278228176455,0.0122325149407095,0.949302498892664,0.997253957460246
"NL_2023","baseline_3pct_ge_theil_bach1_ok",1,0,1,1
"NL_2023","baseline_3pct_ge_theil_bach1_keptmin",1,0,1,1
"NL_2023","baseline_3pct_ge_theil_bach1_naltmax",0.0776219013280447,0.00759489776819468,0.0627359017023832,0.0925079009537063
"NL_2023","baseline_3pct_ge_mld_bach1_nw",1.72911626749849,0.0653506313749479,1.60102903000359,1.85720350499339
"NL_2023","baseline_3pct_ge_mld_bach1_nwx",1.97820561644114,0.0806695422778569,1.82009331357654,2.13631791930574
"NL_2023","baseline_3pct_ge_mld_bach1_ratio",0.874256654121657,0.0220569470116235,0.831025037978875,0.917488270264439
"NL_2023","baseline_3pct_ge_mld_bach1_ok",1,0,1,1
"NL_2023","baseline_3pct_ge_mld_bach1_keptmin",1,0,1,1
"NL_2023","baseline_3pct_ge_mld_bach1_naltmax",0.0776219013280447,0.00759489776819468,0.0627359017023832,0.0925079009537063
"NL_2023","baseline_3pct_atkinson05_bach1_nw",0.388559166247691,0.00935112583505112,0.370230959610991,0.406887372884391
"NL_2023","baseline_3pct_atkinson05_bach1_nwx",0.403057115957442,0.0100155305844939,0.383426676011834,0.42268755590305
"NL_2023","baseline_3pct_atkinson05_bach1_ratio",0.964064482520918,0.00917731776982444,0.946076939692062,0.982052025349774
"NL_2023","baseline_3pct_atkinson05_bach1_ok",1,0,1,1
"NL_2023","baseline_3pct_atkinson05_bach1_keptmin",1,0,1,1
"NL_2023","baseline_3pct_atkinson05_bach1_naltmax",0.0776219013280447,0.00759489776819468,0.0627359017023832,0.0925079009537063
"NL_2023","baseline_3pct_atkinson1_bach1_nw",0.822538656602294,0.0115822154505929,0.799837514319132,0.845239798885456
"NL_2023","baseline_3pct_atkinson1_bach1_nwx",0.861607666548853,0.0111357065944817,0.839781681623669,0.883433651474037
"NL_2023","baseline_3pct_atkinson1_bach1_ratio",0.954673229841533,0.00829816227993383,0.938408831772863,0.970937627910203
"NL_2023","baseline_3pct_atkinson1_bach1_ok",1,0,1,1
"NL_2023","baseline_3pct_atkinson1_bach1_keptmin",1,0,1,1
"NL_2023","baseline_3pct_atkinson1_bach1_naltmax",0.0776219013280447,0.00759489776819468,0.0627359017023832,0.0925079009537063
"NL_2023","baseline_3pct_atkinson2_bach1_nw",0.99992802907539,8.34306539900485e-06,0.999911676667207,0.999944381483572
"NL_2023","baseline_3pct_atkinson2_bach1_nwx",0.999947879083687,5.20270955997626e-06,0.999937681772949,0.999958076394424
"NL_2023","baseline_3pct_atkinson2_bach1_ratio",0.999980148957905,5.04855219240448e-06,0.999970253795608,0.999990044120202
"NL_2023","baseline_3pct_atkinson2_bach1_ok",1,0,1,1
"NL_2023","baseline_3pct_atkinson2_bach1_keptmin",1,0,1,1
"NL_2023","baseline_3pct_atkinson2_bach1_naltmax",0.0776219013280447,0.00759489776819468,0.0627359017023832,0.0925079009537063
"NL_2023","baseline_3pct_mu_ratio_nw",0.985520939867341,0.00398393398969029,0.977712429247548,0.993329450487134
"NL_2023","baseline_3pct_mu_ratio_nwx",0.928541775606213,0.0453853355750777,0.839586517879061,1.01749703333337
"PT_2023","baseline_3pct_gini_nw",0.648040190893565,0.00904381812237571,0.630314307373708,0.665766074413421
"PT_2023","baseline_3pct_gini_nwx",0.868646935576971,0.0388305700781581,0.792539018223781,0.944754852930161
"PT_2023","baseline_3pct_gini_ratio",0.746425903415308,0.0335453400790168,0.680677036860435,0.812174769970181
"PT_2023","baseline_3pct_gini_ok",1,0.04,0.9216,1.0784
"PT_2023","baseline_3pct_gini_keptmin",1,0,1,1
"PT_2023","baseline_3pct_gini_naltmax",0,0,0,0
"PT_2023","baseline_3pct_gini_rsv_nw",0.646872382791025,0.00901627595164653,0.629200481925798,0.664544283656252
"PT_2023","baseline_3pct_gini_rsv_nwx",0.706931498317702,0.00917807744321015,0.68894246652901,0.724920530106394
"PT_2023","baseline_3pct_gini_rsv_ratio",0.91505395877703,0.00785033739902492,0.899667297474941,0.930440620079119
"PT_2023","baseline_3pct_gini_rsv_ok",1,0,1,1
"PT_2023","baseline_3pct_gini_rsv_keptmin",1,0,1,1
"PT_2023","baseline_3pct_gini_rsv_naltmax",0,0,0,0
"PT_2023","baseline_3pct_cv_nw",2.26894258151917,0.199638218517652,1.87765167322457,2.66023348981376
"PT_2023","baseline_3pct_cv_nwx",3.05256311731477,0.326519929374516,2.41258405574072,3.69254217888882
"PT_2023","baseline_3pct_cv_ratio",0.744530752378067,0.0692769171120469,0.608747994838455,0.880313509917679
"PT_2023","baseline_3pct_cv_ok",1,0,1,1
"PT_2023","baseline_3pct_cv_keptmin",1,0,1,1
"PT_2023","baseline_3pct_cv_naltmax",0,0,0,0
"PT_2023","baseline_3pct_top10_nw",0.495918618316762,0.0125897711742517,0.471242666815228,0.520594569818295
"PT_2023","baseline_3pct_top10_nwx",0.575909093952227,0.0181892134872662,0.540258235517185,0.611559952387268
"PT_2023","baseline_3pct_top10_ratio",0.861211745939933,0.0194662617903896,0.82305787283077,0.899365619049097
"PT_2023","baseline_3pct_top10_ok",1,0,1,1
"PT_2023","baseline_3pct_top10_keptmin",1,0,1,1
"PT_2023","baseline_3pct_top10_naltmax",0,0,0,0
"PT_2023","baseline_3pct_top1_nw",0.164465755485292,0.0152718269611228,0.134532974641491,0.194398536329093
"PT_2023","baseline_3pct_top1_nwx",0.19644340231056,0.0188849676732083,0.159428865671071,0.233457938950048
"PT_2023","baseline_3pct_top1_ratio",0.837254696683885,0.0256940008699515,0.78689445497878,0.88761493838899
"PT_2023","baseline_3pct_top1_ok",1,0,1,1
"PT_2023","baseline_3pct_top1_keptmin",1,0,1,1
"PT_2023","baseline_3pct_top1_naltmax",0,0,0,0
"PT_2023","baseline_3pct_sgini4_nw",0.868752889273986,0.00497952902006687,0.858993012394655,0.878512766153317
"PT_2023","baseline_3pct_sgini4_nwx",1.33029537947294,0.0889947739695207,1.15586562249268,1.5047251364532
"PT_2023","baseline_3pct_sgini4_ratio",0.653856327788621,0.0433158757134564,0.568957211390247,0.738755444186996
"PT_2023","baseline_3pct_sgini4_ok",1,0,1,1
"PT_2023","baseline_3pct_sgini4_keptmin",1,0,1,1
"PT_2023","baseline_3pct_sgini4_naltmax",0,0,0,0
"PT_2023","baseline_3pct_gini_abs_nw",193613.491186527,14494.5237397121,165204.224656691,222022.757716362
"PT_2023","baseline_3pct_gini_abs_nwx",199614.848457877,15228.683300044,169766.629189791,229463.067725964
"PT_2023","baseline_3pct_gini_abs_ratio",0.970151633418364,0.0242886341570669,0.922545910470513,1.01775735636622
"PT_2023","baseline_3pct_gini_abs_ok",1,0,1,1
"PT_2023","baseline_3pct_gini_abs_keptmin",1,0,1,1
"PT_2023","baseline_3pct_gini_abs_naltmax",0,0,0,0
"PT_2023","baseline_3pct_variance_nw",459699058725.212,134927320501.856,195241510541.575,724156606908.85
"PT_2023","baseline_3pct_variance_nwx",492604480949.485,148475151521.847,201593183966.665,783615777932.304
"PT_2023","baseline_3pct_variance_ratio",0.937898110412767,0.142480761442299,0.658635817985861,1.21716040283967
"PT_2023","baseline_3pct_variance_ok",1,0,1,1
"PT_2023","baseline_3pct_variance_keptmin",1,0,1,1
"PT_2023","baseline_3pct_variance_naltmax",0,0,0,0
"PT_2023","baseline_3pct_kolm0.5_nw",0.0993217302806644,0.00924613836567596,0.0811992990839395,0.117444161477389
"PT_2023","baseline_3pct_kolm0.5_nwx",8.13784085804468,12.314152436688,-15.9978979178638,32.2735796339532
"PT_2023","baseline_3pct_kolm0.5_ratio",0.156511951652241,0.401855359986837,-0.631124553921959,0.944148457226441
"PT_2023","baseline_3pct_kolm0.5_ok",1,0,1,1
"PT_2023","baseline_3pct_kolm0.5_keptmin",1,0,1,1
"PT_2023","baseline_3pct_kolm0.5_naltmax",0,0,0,0
"PT_2023","baseline_3pct_kolm1_nw",0.141926387821885,0.014711991599584,0.1130908842867,0.170761891357069
"PT_2023","baseline_3pct_kolm1_nwx",14.6225741652265,16.1233045085499,-16.9791026715312,46.2242510019843
"PT_2023","baseline_3pct_kolm1_ratio",0.0231875198298427,0.17156093773687,-0.313071918134423,0.359446957794108
"PT_2023","baseline_3pct_kolm1_ok",1,0,1,1
"PT_2023","baseline_3pct_kolm1_keptmin",1,0,1,1
"PT_2023","baseline_3pct_kolm1_naltmax",0,0,0,0
"PT_2023","baseline_3pct_p75_p25_nw",280767.8,15499.8872733511,250388.020944232,311147.579055768
"PT_2023","baseline_3pct_p75_p25_nwx",267390.803838743,13395.3445678283,241135.9284858,293645.679191687
"PT_2023","baseline_3pct_p75_p25_ratio",1.05013323730904,0.0233163254854427,1.00443323935758,1.09583323526051
"PT_2023","baseline_3pct_p75_p25_ok",1,0,1,1
"PT_2023","baseline_3pct_p75_p25_keptmin",1,0,1,1
"PT_2023","baseline_3pct_p75_p25_naltmax",0,0,0,0
"PT_2023","baseline_3pct_p90_p10_nw",650960.6399994,43879.5850750181,564956.653252365,736964.626746435
"PT_2023","baseline_3pct_p90_p10_nwx",578743.537569738,34304.3008311653,511507.107940654,645979.967198822
"PT_2023","baseline_3pct_p90_p10_ratio",1.12500415230788,0.031938249037626,1.06240518419413,1.18760312042163
"PT_2023","baseline_3pct_p90_p10_ok",1,0,1,1
"PT_2023","baseline_3pct_p90_p10_keptmin",1,0,1,1
"PT_2023","baseline_3pct_p90_p10_naltmax",0,0,0,0
"PT_2023","baseline_3pct_inter1_nw",0.411037864360273,0.098777551079024,0.217433864245386,0.60464186447516
"PT_2023","baseline_3pct_inter1_nwx",0.00141650655213104,0.00344631898815389,-0.00533827866465058,0.00817129176891267
"PT_2023","baseline_3pct_inter1_ratio",466.980581183073,428.99025230024,-373.840313325398,1307.80147569154
"PT_2023","baseline_3pct_inter1_ok",1,0,1,1
"PT_2023","baseline_3pct_inter1_keptmin",1,0,1,1
"PT_2023","baseline_3pct_inter1_naltmax",0,0,0,0
"PT_2023","baseline_3pct_inter2_nw",1.13021729713245,0.407884064911763,0.330764529905395,1.9296700643595
"PT_2023","baseline_3pct_inter2_nwx",0.00163322397474445,0.00484989568404718,-0.00787257156598802,0.0111390195154769
"PT_2023","baseline_3pct_inter2_ratio",1258.34630368329,1246.19232355384,-1184.19065048224,3700.88325784883
"PT_2023","baseline_3pct_inter2_ok",1,0,1,1
"PT_2023","baseline_3pct_inter2_keptmin",1,0,1,1
"PT_2023","baseline_3pct_inter2_naltmax",0,0,0,0
"PT_2023","baseline_3pct_ge2_nw",2.44862204762639,0.44435763480026,1.57768108341788,3.3195630118349
"PT_2023","baseline_3pct_ge2_nwx",2.60187976686511,0.535861896454982,1.55159044981334,3.65216908391687
"PT_2023","baseline_3pct_ge2_ratio",0.942431034813421,0.052307721587014,0.839907900502874,1.04495416912397
"PT_2023","baseline_3pct_ge2_ok",1,0,1,1
"PT_2023","baseline_3pct_ge2_keptmin",0.881788266419433,0.00433184487576717,0.873297850462929,0.890278682375937
"PT_2023","baseline_3pct_ge2_naltmax",0.118211733580567,0.00433184487576716,0.109721317624063,0.12670214953707
"PT_2023","baseline_3pct_ge_theil_nw",0.843966938236894,0.0470115688604777,0.751824263270358,0.93610961320343
"PT_2023","baseline_3pct_ge_theil_nwx",0.861955664525187,0.0540496153756241,0.756018418388964,0.96789291066141
"PT_2023","baseline_3pct_ge_theil_ratio",0.979230403736171,0.0155384006941515,0.948775138375634,1.00968566909671
"PT_2023","baseline_3pct_ge_theil_ok",1,0,1,1
"PT_2023","baseline_3pct_ge_theil_keptmin",0.881788266419433,0.00433184487576717,0.873297850462929,0.890278682375937
"PT_2023","baseline_3pct_ge_theil_naltmax",0.118211733580567,0.00433184487576716,0.109721317624063,0.12670214953707
"PT_2023","baseline_3pct_ge_mld_nw",1.16248816995563,0.0307687938630377,1.10218133398408,1.22279500592718
"PT_2023","baseline_3pct_ge_mld_nwx",1.18658546945797,0.0339140720706455,1.12011388819951,1.25305705071644
"PT_2023","baseline_3pct_ge_mld_ratio",0.97971362152169,0.00835897657949168,0.963330027425887,0.996097215617494
"PT_2023","baseline_3pct_ge_mld_ok",1,0,1,1
"PT_2023","baseline_3pct_ge_mld_keptmin",0.881788266419433,0.00433184487576717,0.873297850462929,0.890278682375937
"PT_2023","baseline_3pct_ge_mld_naltmax",0.118211733580567,0.00433184487576716,0.109721317624063,0.12670214953707
"PT_2023","baseline_3pct_atkinson05_nw",0.36164570318288,0.0107289831468639,0.340616896215027,0.382674510150733
"PT_2023","baseline_3pct_atkinson05_nwx",0.367669949034385,0.012102304843101,0.343949431541907,0.391390466526863
"PT_2023","baseline_3pct_atkinson05_ratio",0.983645174709459,0.00856664498513094,0.966854550538602,1.00043579888032
"PT_2023","baseline_3pct_atkinson05_ok",1,0,1,1
"PT_2023","baseline_3pct_atkinson05_keptmin",0.881788266419433,0.00433184487576717,0.873297850462929,0.890278682375937
"PT_2023","baseline_3pct_atkinson05_naltmax",0.118211733580567,0.00433184487576716,0.109721317624063,0.12670214953707
"PT_2023","baseline_3pct_atkinson1_nw",0.687285172822164,0.00960433178053915,0.668460682532307,0.706109663112021
"PT_2023","baseline_3pct_atkinson1_nwx",0.694723730870667,0.0103196795645287,0.674497158924191,0.714950302817143
"PT_2023","baseline_3pct_atkinson1_ratio",0.989298612939143,0.00438825639455796,0.980697630405809,0.997899595472477
"PT_2023","baseline_3pct_atkinson1_ok",1,0,1,1
"PT_2023","baseline_3pct_atkinson1_keptmin",0.881788266419433,0.00433184487576717,0.873297850462929,0.890278682375937
"PT_2023","baseline_3pct_atkinson1_naltmax",0.118211733580567,0.00433184487576716,0.109721317624063,0.12670214953707
"PT_2023","baseline_3pct_atkinson2_nw",0.996449258016445,0.000884221795510168,0.994716183297246,0.998182332735645
"PT_2023","baseline_3pct_atkinson2_nwx",0.996245740428944,0.00101183461731935,0.994262544578998,0.99822893627889
"PT_2023","baseline_3pct_atkinson2_ratio",1.00020429201255,0.000360448722912479,0.999497812515637,1.00091077150945
"PT_2023","baseline_3pct_atkinson2_ok",1,0,1,1
"PT_2023","baseline_3pct_atkinson2_keptmin",0.881788266419433,0.00433184487576717,0.873297850462929,0.890278682375937
"PT_2023","baseline_3pct_atkinson2_naltmax",0.118211733580567,0.00433184487576716,0.109721317624063,0.12670214953707
"PT_2023","baseline_3pct_ge2_bach1_nw",2.56965902094326,0.461345091745059,1.66542264112295,3.47389540076358
"PT_2023","baseline_3pct_ge2_bach1_nwx",3.01767963985604,0.606527086241939,1.82888655082184,4.20647272889024
"PT_2023","baseline_3pct_ge2_bach1_ratio",0.85265258102186,0.0460616327770396,0.762371780778862,0.942933381264857
"PT_2023","baseline_3pct_ge2_bach1_ok",1,0,1,1
"PT_2023","baseline_3pct_ge2_bach1_keptmin",1,0,1,1
"PT_2023","baseline_3pct_ge2_bach1_naltmax",0.118211733580567,0.00433184487576716,0.109721317624063,0.12670214953707
"PT_2023","baseline_3pct_ge_theil_bach1_nw",0.88419562326299,0.0469417078987807,0.79218987578138,0.9762013707446
"PT_2023","baseline_3pct_ge_theil_bach1_nwx",0.987753055185343,0.0543391126229253,0.88124839444441,1.09425771592628
"PT_2023","baseline_3pct_ge_theil_bach1_ratio",0.895224189390447,0.012673527901319,0.870384074703862,0.920064304077032
"PT_2023","baseline_3pct_ge_theil_bach1_ok",1,0,1,1
"PT_2023","baseline_3pct_ge_theil_bach1_keptmin",1,0,1,1
"PT_2023","baseline_3pct_ge_theil_bach1_naltmax",0.118211733580567,0.00433184487576716,0.109721317624063,0.12670214953707
"PT_2023","baseline_3pct_ge_mld_bach1_nw",1.5751758974385,0.0425434333219916,1.49179076812739,1.6585610267496
"PT_2023","baseline_3pct_ge_mld_bach1_nwx",2.40750754495206,0.0571635570846032,2.29546697306624,2.51954811683788
"PT_2023","baseline_3pct_ge_mld_bach1_ratio",0.654286958764453,0.013025312779817,0.628757345716011,0.679816571812894
"PT_2023","baseline_3pct_ge_mld_bach1_ok",1,0,1,1
"PT_2023","baseline_3pct_ge_mld_bach1_keptmin",1,0,1,1
"PT_2023","baseline_3pct_ge_mld_bach1_naltmax",0.118211733580567,0.00433184487576716,0.109721317624063,0.12670214953707
"PT_2023","baseline_3pct_atkinson05_bach1_nw",0.386703893165358,0.010432523818329,0.366256146481433,0.407151639849283
"PT_2023","baseline_3pct_atkinson05_bach1_nwx",0.44206850938711,0.011181935505761,0.420151915795818,0.463985102978402
"PT_2023","baseline_3pct_atkinson05_bach1_ratio",0.874774174158264,0.0079441073961965,0.859203723661719,0.890344624654809
"PT_2023","baseline_3pct_atkinson05_bach1_ok",1,0,1,1
"PT_2023","baseline_3pct_atkinson05_bach1_keptmin",1,0,1,1
"PT_2023","baseline_3pct_atkinson05_bach1_naltmax",0.118211733580567,0.00433184487576716,0.109721317624063,0.12670214953707
"PT_2023","baseline_3pct_atkinson1_bach1_nw",0.793014773019894,0.00887540445814336,0.775618980281933,0.810410565757855
"PT_2023","baseline_3pct_atkinson1_bach1_nwx",0.909948027637239,0.00516511954081885,0.899824393337235,0.920071661937244
"PT_2023","baseline_3pct_atkinson1_bach1_ratio",0.871494189987872,0.0072163564620519,0.85735013132225,0.885638248653494
"PT_2023","baseline_3pct_atkinson1_bach1_ok",1,0,1,1
"PT_2023","baseline_3pct_atkinson1_bach1_keptmin",1,0,1,1
"PT_2023","baseline_3pct_atkinson1_bach1_naltmax",0.118211733580567,0.00433184487576716,0.109721317624063,0.12670214953707
"PT_2023","baseline_3pct_atkinson2_bach1_nw",0.99991696628981,6.60163369909131e-06,0.99990402708776,0.999929905491861
"PT_2023","baseline_3pct_atkinson2_bach1_nwx",0.999967189281273,2.03800048212152e-06,0.999963194800328,0.999971183762218
"PT_2023","baseline_3pct_atkinson2_bach1_ratio",0.99994977536017,5.42087627783467e-06,0.999939150442666,0.999960400277675
"PT_2023","baseline_3pct_atkinson2_bach1_ok",1,0,1,1
"PT_2023","baseline_3pct_atkinson2_bach1_keptmin",1,0,1,1
"PT_2023","baseline_3pct_atkinson2_bach1_naltmax",0.118211733580567,0.00433184487576716,0.109721317624063,0.12670214953707
"PT_2023","baseline_3pct_mu_ratio_nw",0.998198525320075,0.000437822832959505,0.997340392567475,0.999056658072676
"PT_2023","baseline_3pct_mu_ratio_nwx",0.814185168999362,0.0304109587185052,0.754579689911092,0.873790648087633
"SI_2023","baseline_3pct_gini_nw",0.565665431867465,0.0238408641841213,0.518937338066587,0.612393525668343
"SI_2023","baseline_3pct_gini_nwx",3.27649878862502,1.5120107933076,0.312957633742132,6.24003994350791
"SI_2023","baseline_3pct_gini_ratio",0.179355441780571,0.0564708692393575,0.0686725380714299,0.290038345489711
"SI_2023","baseline_3pct_gini_ok",0,0,0,0
"SI_2023","baseline_3pct_gini_keptmin",1,0,1,1
"SI_2023","baseline_3pct_gini_naltmax",0,0,0,0
"SI_2023","baseline_3pct_gini_rsv_nw",0.564837253432078,0.0238622710453301,0.518067202183231,0.611607304680925
"SI_2023","baseline_3pct_gini_rsv_nwx",0.771169640748663,0.015143596056149,0.741488192478611,0.800851089018715
"SI_2023","baseline_3pct_gini_rsv_ratio",0.732378139153673,0.0223352670417579,0.688601015751827,0.776155262555518
"SI_2023","baseline_3pct_gini_rsv_ok",1,0,1,1
"SI_2023","baseline_3pct_gini_rsv_keptmin",1,0,1,1
"SI_2023","baseline_3pct_gini_rsv_naltmax",0,0,0,0
"SI_2023","baseline_3pct_cv_nw",1.94670192408606,0.30174182666044,1.35528794383159,2.53811590434052
"SI_2023","baseline_3pct_cv_nwx",9.16751008530113,3.95948669594514,1.40691616124865,16.9281040093536
"SI_2023","baseline_3pct_cv_ratio",0.219298332881422,0.0736127926820376,0.075017259224628,0.363579406538216
"SI_2023","baseline_3pct_cv_ok",1,0,1,1
"SI_2023","baseline_3pct_cv_keptmin",1,0,1,1
"SI_2023","baseline_3pct_cv_naltmax",0,0,0,0
"SI_2023","baseline_3pct_top10_nw",0.415232677098733,0.0317896303423837,0.352925001627661,0.477540352569805
"SI_2023","baseline_3pct_top10_nwx",1.31759515760319,0.477092649868513,0.382493563860901,2.25269675134547
"SI_2023","baseline_3pct_top10_ratio",0.322491306346679,0.0802041179584504,0.165291235148116,0.479691377545242
"SI_2023","baseline_3pct_top10_ok",0,0.232379000772445,-0.455462841513992,0.455462841513992
"SI_2023","baseline_3pct_top10_keptmin",1,0,1,1
"SI_2023","baseline_3pct_top10_naltmax",0,0,0,0
"SI_2023","baseline_3pct_top1_nw",0.143364469250465,0.0350235086971998,0.0747183922039537,0.212010546296977
"SI_2023","baseline_3pct_top1_nwx",0.483488877196199,0.188619672107706,0.113794319865096,0.853183434527302
"SI_2023","baseline_3pct_top1_ratio",0.302134331839328,0.0779177360125557,0.149415569254719,0.454853094423937
"SI_2023","baseline_3pct_top1_ok",1,0.110453610171873,0.78351092406313,1.21648907593687
"SI_2023","baseline_3pct_top1_keptmin",1,0,1,1
"SI_2023","baseline_3pct_top1_naltmax",0,0,0,0
"SI_2023","baseline_3pct_sgini4_nw",0.803752954357205,0.013041856463705,0.778190915688343,0.829314993026066
"SI_2023","baseline_3pct_sgini4_nwx",6.4261441614029,3.18717899394199,0.179273333276596,12.6730149895292
"SI_2023","baseline_3pct_sgini4_ratio",0.130621152212009,0.0430909432501747,0.0461629034416663,0.215079400982351
"SI_2023","baseline_3pct_sgini4_ok",1,0,1,1
"SI_2023","baseline_3pct_sgini4_keptmin",1,0,1,1
"SI_2023","baseline_3pct_sgini4_naltmax",0,0,0,0
"SI_2023","baseline_3pct_gini_abs_nw",133679.39429212,14235.6080332141,105777.60254702,161581.18603722
"SI_2023","baseline_3pct_gini_abs_nwx",209469.195032165,18130.4964205292,173933.422047928,245004.968016402
"SI_2023","baseline_3pct_gini_abs_ratio",0.638003494505984,0.0329627522447301,0.573396500106313,0.702610488905655
"SI_2023","baseline_3pct_gini_abs_ok",1,0,1,1
"SI_2023","baseline_3pct_gini_abs_keptmin",1,0,1,1
"SI_2023","baseline_3pct_gini_abs_naltmax",0,0,0,0
"SI_2023","baseline_3pct_variance_nw",216530912887.509,107915159978.635,5017199329.38507,428044626445.634
"SI_2023","baseline_3pct_variance_nwx",351709112119.409,112765803458.094,130688137341.545,572730086897.272
"SI_2023","baseline_3pct_variance_ratio",0.606775214892499,0.100189917160444,0.410402977258029,0.803147452526969
"SI_2023","baseline_3pct_variance_ok",1,0,1,1
"SI_2023","baseline_3pct_variance_keptmin",1,0,1,1
"SI_2023","baseline_3pct_variance_naltmax",0,0,0,0
"SI_2023","baseline_3pct_kolm0.5_nw",0.0971528371871273,0.00868310171545327,0.0801339578248389,0.114171716549416
"SI_2023","baseline_3pct_kolm0.5_nwx",1.1516840516864,0.706841432052338,-0.233725155136184,2.53709325850898
"SI_2023","baseline_3pct_kolm0.5_ratio",0.103777447929986,0.0935286615703281,-0.0795387287478566,0.28709362460783
"SI_2023","baseline_3pct_kolm0.5_ok",1,0,1,1
"SI_2023","baseline_3pct_kolm0.5_keptmin",1,0,1,1
"SI_2023","baseline_3pct_kolm0.5_naltmax",0,0,0,0
"SI_2023","baseline_3pct_kolm1_nw",0.140525364621755,0.0167210293016401,0.10775214719054,0.173298582052969
"SI_2023","baseline_3pct_kolm1_nwx",5.66426749484287,2.22688150018039,1.2995797544893,10.0289552351964
"SI_2023","baseline_3pct_kolm1_ratio",0.0267526619599644,0.0196254125509212,-0.0117131466398411,0.06521847055977
"SI_2023","baseline_3pct_kolm1_ok",1,0,1,1
"SI_2023","baseline_3pct_kolm1_keptmin",1,0,1,1
"SI_2023","baseline_3pct_kolm1_naltmax",0,0,0,0
"SI_2023","baseline_3pct_p75_p25_nw",222665.4,9460.00003206142,204123.79993716,241207.00006284
"SI_2023","baseline_3pct_p75_p25_nwx",204400.790485206,6257.73220647822,192135.635360509,216665.945609904
"SI_2023","baseline_3pct_p75_p25_ratio",1.08958752087398,0.0481863111062635,0.995142351105705,1.18403269064226
"SI_2023","baseline_3pct_p75_p25_ok",1,0,1,1
"SI_2023","baseline_3pct_p75_p25_keptmin",1,0,1,1
"SI_2023","baseline_3pct_p75_p25_naltmax",0,0,0,0
"SI_2023","baseline_3pct_p90_p10_nw",474150,19648.6115626067,435638.721337291,512661.278662709
"SI_2023","baseline_3pct_p90_p10_nwx",679791.440588883,36270.1881748303,608701.871766216,750881.009411551
"SI_2023","baseline_3pct_p90_p10_ratio",0.697758946552956,0.0340039282818037,0.631111247120621,0.764406645985292
"SI_2023","baseline_3pct_p90_p10_ok",1,0,1,1
"SI_2023","baseline_3pct_p90_p10_keptmin",1,0,1,1
"SI_2023","baseline_3pct_p90_p10_naltmax",0,0,0,0
"SI_2023","baseline_3pct_inter1_nw",0.453361892962589,0.092878011057666,0.271320991289564,0.635402794635614
"SI_2023","baseline_3pct_inter1_nwx",0.00449618486040841,0.0011745110349318,0.00219414323194208,0.00679822648887473
"SI_2023","baseline_3pct_inter1_ratio",101.118479665865,11.4647254858824,78.6476177135352,123.589341618194
"SI_2023","baseline_3pct_inter1_ok",1,0,1,1
"SI_2023","baseline_3pct_inter1_keptmin",1,0,1,1
"SI_2023","baseline_3pct_inter1_naltmax",0,0,0,0
"SI_2023","baseline_3pct_inter2_nw",1.25673250957162,0.477726934440564,0.320387718068115,2.19307730107513
"SI_2023","baseline_3pct_inter2_nwx",0.00459378536214649,0.00145020953572502,0.00175137467212545,0.00743619605216753
"SI_2023","baseline_3pct_inter2_ratio",271.751987259672,34.3660221328145,204.394583879356,339.109390639989
"SI_2023","baseline_3pct_inter2_ok",1,0,1,1
"SI_2023","baseline_3pct_inter2_keptmin",1,0,1,1
"SI_2023","baseline_3pct_inter2_naltmax",0,0,0,0
"SI_2023","baseline_3pct_ge2_nw",1.85256854001587,0.625818010576201,0.625965239286516,3.07917184074523
"SI_2023","baseline_3pct_ge2_nwx",2.39592983516999,0.813443099418248,0.801581360310223,3.99027831002976
"SI_2023","baseline_3pct_ge2_ratio",0.774000795944615,0.0293438989646461,0.716486753973908,0.831514837915321
"SI_2023","baseline_3pct_ge2_ok",1,0,1,1
"SI_2023","baseline_3pct_ge2_keptmin",0.756341581599567,0.014927681796261,0.727083325278896,0.785599837920238
"SI_2023","baseline_3pct_ge2_naltmax",0.243658418400433,0.014927681796261,0.214400162079762,0.272916674721105
"SI_2023","baseline_3pct_ge_theil_nw",0.658017186333082,0.0995662742284859,0.46286728884525,0.853167083820914
"SI_2023","baseline_3pct_ge_theil_nwx",0.773001665627426,0.128252208727686,0.521627336521161,1.02437599473369
"SI_2023","baseline_3pct_ge_theil_ratio",0.852227856264796,0.0230246632295238,0.807099516334929,0.897356196194662
"SI_2023","baseline_3pct_ge_theil_ok",1,0,1,1
"SI_2023","baseline_3pct_ge_theil_keptmin",0.756341581599567,0.014927681796261,0.727083325278896,0.785599837920238
"SI_2023","baseline_3pct_ge_theil_naltmax",0.243658418400433,0.014927681796261,0.214400162079762,0.272916674721105
"SI_2023","baseline_3pct_ge_mld_nw",0.860344626817878,0.0562039312098905,0.750184921646492,0.970504331989263
"SI_2023","baseline_3pct_ge_mld_nwx",1.00830675934942,0.0759027194566612,0.859537429214366,1.15707608948448
"SI_2023","baseline_3pct_ge_mld_ratio",0.853564771208552,0.0179517083413332,0.818379422859539,0.888750119557565
"SI_2023","baseline_3pct_ge_mld_ok",1,0,1,1
"SI_2023","baseline_3pct_ge_mld_keptmin",0.756341581599567,0.014927681796261,0.727083325278896,0.785599837920238
"SI_2023","baseline_3pct_ge_mld_naltmax",0.243658418400433,0.014927681796261,0.214400162079762,0.272916674721105
"SI_2023","baseline_3pct_atkinson05_nw",0.28811021967359,0.0249098732166864,0.239286868168885,0.336933571178296
"SI_2023","baseline_3pct_atkinson05_nwx",0.329110546886907,0.0314068264683182,0.267553167009003,0.39066792676481
"SI_2023","baseline_3pct_atkinson05_ratio",0.875792976624357,0.0173188225491153,0.841848084428091,0.909737868820623
"SI_2023","baseline_3pct_atkinson05_ok",1,0,1,1
"SI_2023","baseline_3pct_atkinson05_keptmin",0.756341581599567,0.014927681796261,0.727083325278896,0.785599837920238
"SI_2023","baseline_3pct_atkinson05_naltmax",0.243658418400433,0.014927681796261,0.214400162079762,0.272916674721105
"SI_2023","baseline_3pct_atkinson1_nw",0.576799850128372,0.0234167021901067,0.530903113835763,0.622696586420981
"SI_2023","baseline_3pct_atkinson1_nwx",0.634844244909343,0.0272241073884352,0.58148499442801,0.688203495390676
"SI_2023","baseline_3pct_atkinson1_ratio",0.908642825296098,0.0104322813805466,0.888195553790227,0.92909009680197
"SI_2023","baseline_3pct_atkinson1_ok",1,0,1,1
"SI_2023","baseline_3pct_atkinson1_keptmin",0.756341581599567,0.014927681796261,0.727083325278896,0.785599837920238
"SI_2023","baseline_3pct_atkinson1_naltmax",0.243658418400433,0.014927681796261,0.214400162079762,0.272916674721105
"SI_2023","baseline_3pct_atkinson2_nw",0.990749412254717,0.0033598586428491,0.984164089314733,0.997334735194702
"SI_2023","baseline_3pct_atkinson2_nwx",0.99221076686055,0.0028178771427749,0.986687727660712,0.997733806060389
"SI_2023","baseline_3pct_atkinson2_ratio",0.998526631282541,0.00062548895218818,0.997300672936252,0.99975258962883
"SI_2023","baseline_3pct_atkinson2_ok",1,0,1,1
"SI_2023","baseline_3pct_atkinson2_keptmin",0.756341581599567,0.014927681796261,0.727083325278896,0.785599837920238
"SI_2023","baseline_3pct_atkinson2_naltmax",0.243658418400433,0.014927681796261,0.214400162079762,0.272916674721105
"SI_2023","baseline_3pct_ge2_bach1_nw",1.90957720664048,0.641803618578878,0.65164211422588,3.16751229905508
"SI_2023","baseline_3pct_ge2_bach1_nwx",3.32882388888187,1.07842819965968,1.21510461754889,5.44254316021485
"SI_2023","baseline_3pct_ge2_bach1_ratio",0.573450553531551,0.0298517552362824,0.514941113268437,0.631959993794664
"SI_2023","baseline_3pct_ge2_bach1_ok",1,0,1,1
"SI_2023","baseline_3pct_ge2_bach1_keptmin",1,0,1,1
"SI_2023","baseline_3pct_ge2_bach1_naltmax",0.243658418400433,0.014927681796261,0.214400162079762,0.272916674721105
"SI_2023","baseline_3pct_ge_theil_bach1_nw",0.681929506127591,0.100137420882172,0.485660161198534,0.878198851056648
"SI_2023","baseline_3pct_ge_theil_bach1_nwx",1.0523094931989,0.133499171204416,0.790651117638246,1.31396786875956
"SI_2023","baseline_3pct_ge_theil_bach1_ratio",0.647652312289188,0.0250257946702552,0.598601754735488,0.696702869842889
"SI_2023","baseline_3pct_ge_theil_bach1_ok",1,0,1,1
"SI_2023","baseline_3pct_ge_theil_bach1_keptmin",1,0,1,1
"SI_2023","baseline_3pct_ge_theil_bach1_naltmax",0.243658418400433,0.014927681796261,0.214400162079762,0.272916674721105
"SI_2023","baseline_3pct_ge_mld_bach1_nw",1.10901926910992,0.0734749352081844,0.965008396101881,1.25303014211796
"SI_2023","baseline_3pct_ge_mld_bach1_nwx",3.48374788660459,0.183647229097107,3.12379931757426,3.84369645563492
"SI_2023","baseline_3pct_ge_mld_bach1_ratio",0.318455409557868,0.0190000311034067,0.281215348595191,0.355695470520545
"SI_2023","baseline_3pct_ge_mld_bach1_ok",1,0,1,1
"SI_2023","baseline_3pct_ge_mld_bach1_keptmin",1,0,1,1
"SI_2023","baseline_3pct_ge_mld_bach1_naltmax",0.243658418400433,0.014927681796261,0.214400162079762,0.272916674721105
"SI_2023","baseline_3pct_atkinson05_bach1_nw",0.304844360652653,0.0248421645014193,0.256153718229871,0.353535003075435
"SI_2023","baseline_3pct_atkinson05_bach1_nwx",0.491670309786579,0.0280777724256331,0.436637875832338,0.54670274374082
"SI_2023","baseline_3pct_atkinson05_bach1_ratio",0.619833343856241,0.024975770682883,0.57088083331779,0.668785854394692
"SI_2023","baseline_3pct_atkinson05_bach1_ok",1,0,1,1
"SI_2023","baseline_3pct_atkinson05_bach1_keptmin",1,0,1,1
"SI_2023","baseline_3pct_atkinson05_bach1_naltmax",0.243658418400433,0.014927681796261,0.214400162079762,0.272916674721105
"SI_2023","baseline_3pct_atkinson1_bach1_nw",0.669916866796343,0.0238527397366343,0.62316549691254,0.716668236680146
"SI_2023","baseline_3pct_atkinson1_bach1_nwx",0.969114877163852,0.00558007817163973,0.958177923947438,0.980051830380266
"SI_2023","baseline_3pct_atkinson1_bach1_ratio",0.691247185651932,0.0228397425177262,0.646481290317189,0.736013080986676
"SI_2023","baseline_3pct_atkinson1_bach1_ok",1,0,1,1
"SI_2023","baseline_3pct_atkinson1_bach1_keptmin",1,0,1,1
"SI_2023","baseline_3pct_atkinson1_bach1_naltmax",0.243658418400433,0.014927681796261,0.214400162079762,0.272916674721105
"SI_2023","baseline_3pct_atkinson2_bach1_nw",0.999823838656185,2.95256734538636e-05,0.999765968336216,0.999881708976155
"SI_2023","baseline_3pct_atkinson2_bach1_nwx",0.999975640577454,2.39611046319981e-06,0.999970944200946,0.999980336953962
"SI_2023","baseline_3pct_atkinson2_bach1_ratio",0.999848194367723,2.83208955689386e-05,0.999792685412408,0.999903703323038
"SI_2023","baseline_3pct_atkinson2_bach1_ok",1,0,1,1
"SI_2023","baseline_3pct_atkinson2_bach1_keptmin",1,0,1,1
"SI_2023","baseline_3pct_atkinson2_bach1_naltmax",0.243658418400433,0.014927681796261,0.214400162079762,0.272916674721105
"SI_2023","baseline_3pct_mu_ratio_nw",0.998533638310695,0.000452210071169155,0.997647306571204,0.999419970050187
"SI_2023","baseline_3pct_mu_ratio_nwx",0.243843823993019,0.0707918572625761,0.10509178375837,0.382595864227668
"SK_2023","baseline_3pct_gini_nw",0.473291183150073,0.0135176771212421,0.446796535992439,0.499785830307708
"SK_2023","baseline_3pct_gini_nwx",0.767495368068856,0.0366552183447108,0.695651140113223,0.839339596024489
"SK_2023","baseline_3pct_gini_ratio",0.61669568304975,0.0293433397782558,0.559182737084368,0.674208629015131
"SK_2023","baseline_3pct_gini_ok",1,0,1,1
"SK_2023","baseline_3pct_gini_keptmin",1,0,1,1
"SK_2023","baseline_3pct_gini_naltmax",0,0,0,0
"SK_2023","baseline_3pct_gini_rsv_nw",0.472843145607857,0.0135121335736218,0.446359363803558,0.499326927412156
"SK_2023","baseline_3pct_gini_rsv_nwx",0.61333122513351,0.014346621099796,0.58521184777791,0.641450602489111
"SK_2023","baseline_3pct_gini_rsv_ratio",0.770939637052741,0.0142323348338559,0.743044260778384,0.798835013327099
"SK_2023","baseline_3pct_gini_rsv_ok",1,0,1,1
"SK_2023","baseline_3pct_gini_rsv_keptmin",1,0,1,1
"SK_2023","baseline_3pct_gini_rsv_naltmax",0,0,0,0
"SK_2023","baseline_3pct_cv_nw",1.36463578165224,0.145642892757035,1.07917571184846,1.65009585145603
"SK_2023","baseline_3pct_cv_nwx",2.08328716267684,0.204190875091157,1.68307304749817,2.48350127785551
"SK_2023","baseline_3pct_cv_ratio",0.65504454027606,0.0345104814165899,0.587403996699544,0.722685083852577
"SK_2023","baseline_3pct_cv_ok",1,0,1,1
"SK_2023","baseline_3pct_cv_keptmin",1,0,1,1
"SK_2023","baseline_3pct_cv_naltmax",0,0,0,0
"SK_2023","baseline_3pct_top10_nw",0.35798652306499,0.0154747697599651,0.327655974335458,0.388317071794521
"SK_2023","baseline_3pct_top10_nwx",0.458640383583912,0.0216094471938696,0.416285867083927,0.500994900083896
"SK_2023","baseline_3pct_top10_ratio",0.780581056735946,0.0204687354145624,0.740462335323404,0.820699778148488
"SK_2023","baseline_3pct_top10_ok",1,0,1,1
"SK_2023","baseline_3pct_top10_keptmin",1,0,1,1
"SK_2023","baseline_3pct_top10_naltmax",0,0,0,0
"SK_2023","baseline_3pct_top1_nw",0.0962666188386334,0.0118191209212038,0.073101141833074,0.119432095844193
"SK_2023","baseline_3pct_top1_nwx",0.131268481116395,0.0168862158283896,0.0981714980927511,0.164365464140038
"SK_2023","baseline_3pct_top1_ratio",0.733654708673408,0.0216598272369738,0.69120144728894,0.776107970057877
"SK_2023","baseline_3pct_top1_ok",1,0,1,1
"SK_2023","baseline_3pct_top1_keptmin",1,0,1,1
"SK_2023","baseline_3pct_top1_naltmax",0,0,0,0
"SK_2023","baseline_3pct_sgini4_nw",0.696208725716467,0.0121636091492753,0.672368051783887,0.720049399649046
"SK_2023","baseline_3pct_sgini4_nwx",1.27447343074042,0.0755221601614458,1.12644999682399,1.42249686465685
"SK_2023","baseline_3pct_sgini4_ratio",0.546304344459737,0.0329350279566182,0.481751689664766,0.610856999254709
"SK_2023","baseline_3pct_sgini4_ok",1,0,1,1
"SK_2023","baseline_3pct_sgini4_keptmin",1,0,1,1
"SK_2023","baseline_3pct_sgini4_naltmax",0,0,0,0
"SK_2023","baseline_3pct_gini_abs_nw",79658.7218905662,4423.95891622134,70987.7624147724,88329.68136636
"SK_2023","baseline_3pct_gini_abs_nwx",91480.3191288067,4747.15428289867,82175.8967343254,100784.741523288
"SK_2023","baseline_3pct_gini_abs_ratio",0.870811452614083,0.0220646553171803,0.827564728192409,0.914058177035756
"SK_2023","baseline_3pct_gini_abs_ok",1,0,1,1
"SK_2023","baseline_3pct_gini_abs_keptmin",1,0,1,1
"SK_2023","baseline_3pct_gini_abs_naltmax",0,0,0,0
"SK_2023","baseline_3pct_variance_nw",52819879918.2894,13097263027.7969,27149244383.8074,78490515452.7714
"SK_2023","baseline_3pct_variance_nwx",61732730648.3659,13676484350.8716,34926821320.6575,88538639976.0742
"SK_2023","baseline_3pct_variance_ratio",0.855563153244487,0.0572107347785966,0.743430113078438,0.967696193410536
"SK_2023","baseline_3pct_variance_ok",1,0,1,1
"SK_2023","baseline_3pct_variance_keptmin",1,0,1,1
"SK_2023","baseline_3pct_variance_naltmax",0,0,0,0
"SK_2023","baseline_3pct_kolm0.5_nw",0.119719370628319,0.0165445456736727,0.0872920611079208,0.152146680148718
"SK_2023","baseline_3pct_kolm0.5_nwx",11.3532423665782,7.95132453075308,-4.23135371369788,26.9378384468542
"SK_2023","baseline_3pct_kolm0.5_ratio",0.010623881610822,0.383281030542811,-0.740606938253088,0.761854701474732
"SK_2023","baseline_3pct_kolm0.5_ok",1,0,1,1
"SK_2023","baseline_3pct_kolm0.5_keptmin",1,0,1,1
"SK_2023","baseline_3pct_kolm0.5_naltmax",0,0,0,0
"SK_2023","baseline_3pct_kolm1_nw",0.179645816770221,0.0260365901288469,0.128614100117681,0.230677533422761
"SK_2023","baseline_3pct_kolm1_nwx",21.3474225052166,13.3978159856835,-4.91229682672301,47.6071418371562
"SK_2023","baseline_3pct_kolm1_ratio",0.00842702974522867,0.206493488211176,-0.396300207148677,0.413154266639134
"SK_2023","baseline_3pct_kolm1_ok",1,0,1,1
"SK_2023","baseline_3pct_kolm1_keptmin",1,0,1,1
"SK_2023","baseline_3pct_kolm1_naltmax",0,0,0,0
"SK_2023","baseline_3pct_p75_p25_nw",127600,5755.33391976035,116319.54551727,138880.45448273
"SK_2023","baseline_3pct_p75_p25_nwx",149448.245361633,5669.87890716499,138335.28270359,160561.208019677
"SK_2023","baseline_3pct_p75_p25_ratio",0.853867899629363,0.0337140241334009,0.787788412327897,0.919947386930829
"SK_2023","baseline_3pct_p75_p25_ok",1,0,1,1
"SK_2023","baseline_3pct_p75_p25_keptmin",1,0,1,1
"SK_2023","baseline_3pct_p75_p25_naltmax",0,0,0,0
"SK_2023","baseline_3pct_p90_p10_nw",280436.1,11984.1796619105,256947.107862655,303925.092137345
"SK_2023","baseline_3pct_p90_p10_nwx",292938.51662527,11681.7011188803,270042.382432264,315834.650818275
"SK_2023","baseline_3pct_p90_p10_ratio",0.957356197808833,0.0382608459437722,0.882364939759039,1.03234745585863
"SK_2023","baseline_3pct_p90_p10_ok",1,0,1,1
"SK_2023","baseline_3pct_p90_p10_keptmin",1,0,1,1
"SK_2023","baseline_3pct_p90_p10_naltmax",0,0,0,0
"SK_2023","baseline_3pct_inter1_nw",0.241691730918182,0.049491363356024,0.144688658740375,0.338694803095989
"SK_2023","baseline_3pct_inter1_nwx",0.000515739665548564,0.0052529632231332,-0.00978006825179251,0.0108115475828896
"SK_2023","baseline_3pct_inter1_ratio",469.305491052167,287.911808650894,-95.0016539035853,1033.61263600792
"SK_2023","baseline_3pct_inter1_ok",1,0,1,1
"SK_2023","baseline_3pct_inter1_keptmin",1,0,1,1
"SK_2023","baseline_3pct_inter1_naltmax",0,0,0,0
"SK_2023","baseline_3pct_inter2_nw",0.483209683820319,0.150130559442483,0.188953787313052,0.777465580327587
"SK_2023","baseline_3pct_inter2_nwx",0.000541780352985278,0.00682860195083892,-0.012842279470659,0.0139258401766296
"SK_2023","baseline_3pct_inter2_ratio",892.431869783886,550.890303181089,-187.313124451048,1972.17686401882
"SK_2023","baseline_3pct_inter2_ok",1,0,1,1
"SK_2023","baseline_3pct_inter2_keptmin",1,0,1,1
"SK_2023","baseline_3pct_inter2_naltmax",0,0,0,0
"SK_2023","baseline_3pct_ge2_nw",0.908192812652296,0.19668999719739,0.522680418145411,1.29370520715918
"SK_2023","baseline_3pct_ge2_nwx",1.11362009872023,0.263160800762455,0.597824929225816,1.62941526821464
"SK_2023","baseline_3pct_ge2_ratio",0.815758539621214,0.0275357224760535,0.761788523568149,0.869728555674279
"SK_2023","baseline_3pct_ge2_ok",1,0,1,1
"SK_2023","baseline_3pct_ge2_keptmin",0.850314910135067,0.0108173836297607,0.829112838220736,0.871516982049398
"SK_2023","baseline_3pct_ge2_naltmax",0.149685089864933,0.0108173836297607,0.128483017950602,0.170887161779264
"SK_2023","baseline_3pct_ge_theil_nw",0.436169648423807,0.034841805741392,0.367879709170679,0.504459587676935
"SK_2023","baseline_3pct_ge_theil_nwx",0.508530910633073,0.0434395343599881,0.423389423287497,0.59367239797865
"SK_2023","baseline_3pct_ge_theil_ratio",0.857855998174139,0.0195587827248639,0.819520784033406,0.896191212314872
"SK_2023","baseline_3pct_ge_theil_ok",1,0,1,1
"SK_2023","baseline_3pct_ge_theil_keptmin",0.850314910135067,0.0108173836297607,0.829112838220736,0.871516982049398
"SK_2023","baseline_3pct_ge_theil_naltmax",0.149685089864933,0.0108173836297607,0.128483017950602,0.170887161779264
"SK_2023","baseline_3pct_ge_mld_nw",0.515030815946586,0.0307902842456631,0.454681858825087,0.575379773068086
"SK_2023","baseline_3pct_ge_mld_nwx",0.629036213935157,0.03925171410594,0.552102854287514,0.705969573582799
"SK_2023","baseline_3pct_ge_mld_ratio",0.818864026536816,0.023824863121237,0.772167294819191,0.86556075825444
"SK_2023","baseline_3pct_ge_mld_ok",1,0,1,1
"SK_2023","baseline_3pct_ge_mld_keptmin",0.850314910135067,0.0108173836297607,0.829112838220736,0.871516982049398
"SK_2023","baseline_3pct_ge_mld_naltmax",0.149685089864933,0.0108173836297607,0.128483017950602,0.170887161779264
"SK_2023","baseline_3pct_atkinson05_nw",0.19730827558033,0.011239570480954,0.17527871743766,0.219337833723
"SK_2023","baseline_3pct_atkinson05_nwx",0.230525958035157,0.0136789059738518,0.203715302326407,0.257336613743906
"SK_2023","baseline_3pct_atkinson05_ratio",0.85597087608829,0.0185390507069905,0.819634336702588,0.892307415473991
"SK_2023","baseline_3pct_atkinson05_ok",1,0,1,1
"SK_2023","baseline_3pct_atkinson05_keptmin",0.850314910135067,0.0108173836297607,0.829112838220736,0.871516982049398
"SK_2023","baseline_3pct_atkinson05_naltmax",0.149685089864933,0.0108173836297607,0.128483017950602,0.170887161779264
"SK_2023","baseline_3pct_atkinson1_nw",0.402501032312691,0.0184410316500263,0.366356610278639,0.438645454346742
"SK_2023","baseline_3pct_atkinson1_nwx",0.466853535796128,0.0210192590871612,0.425655787985292,0.508051283606964
"SK_2023","baseline_3pct_atkinson1_ratio",0.862205719327223,0.018561218657134,0.825825730759241,0.898585707895206
"SK_2023","baseline_3pct_atkinson1_ok",1,0,1,1
"SK_2023","baseline_3pct_atkinson1_keptmin",0.850314910135067,0.0108173836297607,0.829112838220736,0.871516982049398
"SK_2023","baseline_3pct_atkinson1_naltmax",0.149685089864933,0.0108173836297607,0.128483017950602,0.170887161779264
"SK_2023","baseline_3pct_atkinson2_nw",0.977538514678641,0.0282305582707324,0.922206620468006,1.03287040888928
"SK_2023","baseline_3pct_atkinson2_nwx",0.979236828130436,0.0242365340836939,0.931733221326396,1.02674043493448
"SK_2023","baseline_3pct_atkinson2_ratio",0.998265710687583,0.00733613510637234,0.983886885879093,1.01264453549607
"SK_2023","baseline_3pct_atkinson2_ok",1,0,1,1
"SK_2023","baseline_3pct_atkinson2_keptmin",0.850314910135067,0.0108173836297607,0.829112838220736,0.871516982049398
"SK_2023","baseline_3pct_atkinson2_naltmax",0.149685089864933,0.0108173836297607,0.128483017950602,0.170887161779264
"SK_2023","baseline_3pct_ge2_bach1_nw",0.930279670574819,0.20000892546051,0.53826217667222,1.32229716447742
"SK_2023","baseline_3pct_ge2_bach1_nwx",1.39766842936322,0.310823879218937,0.788453626094101,2.00688323263233
"SK_2023","baseline_3pct_ge2_bach1_ratio",0.665661669907613,0.0196773638614155,0.627094036739238,0.704229303075987
"SK_2023","baseline_3pct_ge2_bach1_ok",1,0,1,1
"SK_2023","baseline_3pct_ge2_bach1_keptmin",1,0,1,1
"SK_2023","baseline_3pct_ge2_bach1_naltmax",0.149685089864933,0.0108173836297607,0.128483017950602,0.170887161779264
"SK_2023","baseline_3pct_ge_theil_bach1_nw",0.451730087058073,0.035106284343695,0.382921769744431,0.520538404371715
"SK_2023","baseline_3pct_ge_theil_bach1_nwx",0.670665971809182,0.0456345345742794,0.581222284043594,0.76010965957477
"SK_2023","baseline_3pct_ge_theil_bach1_ratio",0.673499634514648,0.0183231071494873,0.637586344501653,0.709412924527643
"SK_2023","baseline_3pct_ge_theil_bach1_ok",1,0,1,1
"SK_2023","baseline_3pct_ge_theil_bach1_keptmin",1,0,1,1
"SK_2023","baseline_3pct_ge_theil_bach1_naltmax",0.149685089864933,0.0108173836297607,0.128483017950602,0.170887161779264
"SK_2023","baseline_3pct_ge_mld_bach1_nw",0.677575597458596,0.0480502170058452,0.583397172127139,0.771754022790053
"SK_2023","baseline_3pct_ge_mld_bach1_nwx",2.16431117578742,0.117114261275546,1.93476722368735,2.39385512788749
"SK_2023","baseline_3pct_ge_mld_bach1_ratio",0.313061753563084,0.0207008429504216,0.272488101380257,0.35363540574591
"SK_2023","baseline_3pct_ge_mld_bach1_ok",1,0,1,1
"SK_2023","baseline_3pct_ge_mld_bach1_keptmin",1,0,1,1
"SK_2023","baseline_3pct_ge_mld_bach1_naltmax",0.149685089864933,0.0108173836297607,0.128483017950602,0.170887161779264
"SK_2023","baseline_3pct_atkinson05_bach1_nw",0.209636156543488,0.0114639413635065,0.187166831471015,0.232105481615961
"SK_2023","baseline_3pct_atkinson05_bach1_nwx",0.345046538862962,0.0144876504042447,0.316650744070642,0.373442333655282
"SK_2023","baseline_3pct_atkinson05_bach1_ratio",0.607514199605412,0.0193011449999344,0.569683955405541,0.645344443805284
"SK_2023","baseline_3pct_atkinson05_bach1_ok",1,0,1,1
"SK_2023","baseline_3pct_atkinson05_bach1_keptmin",1,0,1,1
"SK_2023","baseline_3pct_atkinson05_bach1_naltmax",0.149685089864933,0.0108173836297607,0.128483017950602,0.170887161779264
"SK_2023","baseline_3pct_atkinson1_bach1_nw",0.492137097013317,0.0245366967853164,0.444045171314097,0.540229022712538
"SK_2023","baseline_3pct_atkinson1_bach1_nwx",0.885159266898237,0.0138372363540029,0.858038283644391,0.912280250152083
"SK_2023","baseline_3pct_atkinson1_bach1_ratio",0.555982199977381,0.0248510822710242,0.507274078726174,0.604690321228589
"SK_2023","baseline_3pct_atkinson1_bach1_ok",1,0,1,1
"SK_2023","baseline_3pct_atkinson1_bach1_keptmin",1,0,1,1
"SK_2023","baseline_3pct_atkinson1_bach1_naltmax",0.149685089864933,0.0108173836297607,0.128483017950602,0.170887161779264
"SK_2023","baseline_3pct_atkinson2_bach1_nw",0.999621216584938,0.00010634122415841,0.999412787785588,0.999829645384289
"SK_2023","baseline_3pct_atkinson2_bach1_nwx",0.999950281745439,3.83478502372148e-06,0.999942765566793,0.999957797924085
"SK_2023","baseline_3pct_atkinson2_bach1_ratio",0.999670918472302,0.000104946699504737,0.999465222941273,0.999876614003332
"SK_2023","baseline_3pct_atkinson2_bach1_ok",1,0,1,1
"SK_2023","baseline_3pct_atkinson2_bach1_keptmin",1,0,1,1
"SK_2023","baseline_3pct_atkinson2_bach1_naltmax",0.149685089864933,0.0108173836297607,0.128483017950602,0.170887161779264
"SK_2023","baseline_3pct_mu_ratio_nw",0.999053055978855,0.000302547284006588,0.998460063302202,0.999646048655508
"SK_2023","baseline_3pct_mu_ratio_nwx",0.799168540740813,0.0257436622940788,0.748710962644418,0.849626118837207
"AT_2023","capped_3pct_gini_nw",0.699731497952375,0.0137564015535763,0.672768950907366,0.726694044997385
"AT_2023","capped_3pct_gini_nwx",0.762817145798538,0.0146340255013184,0.734134455815954,0.791499835781122
"AT_2023","capped_3pct_gini_ratio",0.917318938980472,0.0116734417791105,0.894438993093415,0.940198884867528
"AT_2023","capped_3pct_gini_ok",1,0,1,1
"AT_2023","capped_3pct_gini_keptmin",1,0,1,1
"AT_2023","capped_3pct_gini_naltmax",0,0,0,0
"AT_2023","capped_3pct_gini_rsv_nw",0.697077626160137,0.0139699879526983,0.669696449772849,0.724458802547426
"AT_2023","capped_3pct_gini_rsv_nwx",0.758180039033532,0.0151250007774496,0.728535037509731,0.787825040557333
"AT_2023","capped_3pct_gini_rsv_ratio",0.919435074999017,0.0118798372114052,0.896150594064663,0.942719555933371
"AT_2023","capped_3pct_gini_rsv_ok",1,0,1,1
"AT_2023","capped_3pct_gini_rsv_keptmin",1,0,1,1
"AT_2023","capped_3pct_gini_rsv_naltmax",0,0,0,0
"AT_2023","capped_3pct_cv_nw",2.37374299017505,0.615480709490144,1.16740079957437,3.58008518077573
"AT_2023","capped_3pct_cv_nwx",2.8460165569794,1.17323932048491,0.546467488828973,5.14556562512983
"AT_2023","capped_3pct_cv_ratio",0.856150903417699,0.123546743820539,0.613999285529442,1.09830252130596
"AT_2023","capped_3pct_cv_ok",1,0,1,1
"AT_2023","capped_3pct_cv_keptmin",1,0,1,1
"AT_2023","capped_3pct_cv_naltmax",0,0,0,0
"AT_2023","capped_3pct_top10_nw",0.514033503837544,0.0237055915709811,0.467570544358421,0.560496463316667
"AT_2023","capped_3pct_top10_nwx",0.57249454405654,0.0265812920586926,0.520395211621502,0.624593876491577
"AT_2023","capped_3pct_top10_ratio",0.898004273387758,0.0274124982427803,0.844275776831909,0.951732769943608
"AT_2023","capped_3pct_top10_ok",1,0,1,1
"AT_2023","capped_3pct_top10_keptmin",1,0,1,1
"AT_2023","capped_3pct_top10_naltmax",0,0,0,0
"AT_2023","capped_3pct_top1_nw",0.169728318286225,0.033660309269293,0.103754112118411,0.23570252445404
"AT_2023","capped_3pct_top1_nwx",0.187370441417522,0.0435870241226923,0.101939874137045,0.272801008697999
"AT_2023","capped_3pct_top1_ratio",0.909873027759976,0.107873624012023,0.69844072469641,1.12130533082354
"AT_2023","capped_3pct_top1_ok",1,0,1,1
"AT_2023","capped_3pct_top1_keptmin",1,0,1,1
"AT_2023","capped_3pct_top1_naltmax",0,0,0,0
"AT_2023","capped_3pct_sgini4_nw",0.923859137640505,0.00480054302956398,0.91445007330256,0.933268201978451
"AT_2023","capped_3pct_sgini4_nwx",0.96839432057252,0.00511456017208956,0.958369782635225,0.978418858509816
"AT_2023","capped_3pct_sgini4_ratio",0.954011946401317,0.00348607114667705,0.94717924695383,0.960844645848804
"AT_2023","capped_3pct_sgini4_ok",1,0,1,1
"AT_2023","capped_3pct_sgini4_keptmin",1,0,1,1
"AT_2023","capped_3pct_sgini4_naltmax",0,0,0,0
"AT_2023","capped_3pct_gini_abs_nw",236632.649562427,17172.4176239439,202974.711019497,270290.588105357
"AT_2023","capped_3pct_gini_abs_nwx",160729.438469523,13542.4783226854,134186.18095706,187272.695981987
"AT_2023","capped_3pct_gini_abs_ratio",1.47324970691505,0.0818004131400078,1.31292089716063,1.63357851666946
"AT_2023","capped_3pct_gini_abs_ok",1,0,1,1
"AT_2023","capped_3pct_gini_abs_keptmin",1,0,1,1
"AT_2023","capped_3pct_gini_abs_naltmax",0,0,0,0
"AT_2023","capped_3pct_variance_nw",673462635895.535,456282406201.595,-220850880259.591,1567776152050.66
"AT_2023","capped_3pct_variance_nwx",405742493220.737,447437017986.403,-471234062032.613,1282719048474.09
"AT_2023","capped_3pct_variance_ratio",1.91497000492145,0.686782478826034,0.568876346422419,3.26106366342047
"AT_2023","capped_3pct_variance_ok",1,0,1,1
"AT_2023","capped_3pct_variance_keptmin",1,0,1,1
"AT_2023","capped_3pct_variance_naltmax",0,0,0,0
"AT_2023","capped_3pct_kolm0.5_nw",0.106575364936793,0.0268026169596723,0.0540422356958353,0.159108494177751
"AT_2023","capped_3pct_kolm0.5_nwx",0.0601043703002759,0.0143690742817274,0.0319409847080903,0.0882677558924616
"AT_2023","capped_3pct_kolm0.5_ratio",1.76220028060294,0.269454853015268,1.23406876869301,2.29033179251286
"AT_2023","capped_3pct_kolm0.5_ok",1,0,1,1
"AT_2023","capped_3pct_kolm0.5_keptmin",1,0,1,1
"AT_2023","capped_3pct_kolm0.5_naltmax",0,0,0,0
"AT_2023","capped_3pct_kolm1_nw",0.154009590652294,0.0421007292128108,0.0714921613951848,0.236527019909403
"AT_2023","capped_3pct_kolm1_nwx",0.0889689903075421,0.0238353694530103,0.0422516661796419,0.135686314435442
"AT_2023","capped_3pct_kolm1_ratio",1.72207346918407,0.198024714325961,1.33394502910518,2.11020190926295
"AT_2023","capped_3pct_kolm1_ok",1,0,1,1
"AT_2023","capped_3pct_kolm1_keptmin",1,0,1,1
"AT_2023","capped_3pct_kolm1_naltmax",0,0,0,0
"AT_2023","capped_3pct_p75_p25_nw",391651.4,14684.765869445,362869.258895888,420433.541104112
"AT_2023","capped_3pct_p75_p25_nwx",270983.8,10649.9881559878,250109.823214264,291857.776785736
"AT_2023","capped_3pct_p75_p25_ratio",1.44540689551902,0.0653143796590235,1.31739071138733,1.5734230796507
"AT_2023","capped_3pct_p75_p25_ok",1,0,1,1
"AT_2023","capped_3pct_p75_p25_keptmin",1,0,1,1
"AT_2023","capped_3pct_p75_p25_naltmax",0,0,0,0
"AT_2023","capped_3pct_p90_p10_nw",793568,27467.0597696171,739732.562851551,847403.437148449
"AT_2023","capped_3pct_p90_p10_nwx",543420.474220795,34899.1512791021,475018.137713755,611822.810727835
"AT_2023","capped_3pct_p90_p10_ratio",1.46070590104642,0.0892741430749443,1.28572858061952,1.63568322147331
"AT_2023","capped_3pct_p90_p10_ok",1,0,1,1
"AT_2023","capped_3pct_p90_p10_keptmin",1,0,1,1
"AT_2023","capped_3pct_p90_p10_naltmax",0,0,0,0
"AT_2023","capped_3pct_inter1_nw",0.368023548183521,0.226823002985342,-0.0765495376677488,0.812596634034791
"AT_2023","capped_3pct_inter1_nwx",0.325458953327189,0.249462311234601,-0.16348717669263,0.814405083347007
"AT_2023","capped_3pct_inter1_ratio",1.24773769938609,0.28159639556905,0.695808764070747,1.79966663470142
"AT_2023","capped_3pct_inter1_ok",1,0,1,1
"AT_2023","capped_3pct_inter1_keptmin",1,0,1,1
"AT_2023","capped_3pct_inter1_naltmax",0,0,0,0
"AT_2023","capped_3pct_inter2_nw",1.07793876246594,1.15644029449296,-1.18868421474025,3.34456173967214
"AT_2023","capped_3pct_inter2_nwx",1.22926485489154,1.88844807480214,-2.47209337172065,4.93062308150373
"AT_2023","capped_3pct_inter2_ratio",1.21746699402303,0.507968575076178,0.221848586873721,2.21308540117234
"AT_2023","capped_3pct_inter2_ok",1,0,1,1
"AT_2023","capped_3pct_inter2_keptmin",1,0,1,1
"AT_2023","capped_3pct_inter2_naltmax",0,0,0,0
"AT_2023","capped_3pct_ge2_nw",2.73822366556424,1.57582012773809,-0.350383784802407,5.82683111593089
"AT_2023","capped_3pct_ge2_nwx",3.25698155067791,3.11934054334982,-2.85692591428773,9.37088901564355
"AT_2023","capped_3pct_ge2_ratio",0.950202980248027,0.287422525188536,0.386854830878496,1.51355112961756
"AT_2023","capped_3pct_ge2_ok",1,0,1,1
"AT_2023","capped_3pct_ge2_keptmin",0.773408570733856,0.00925997653075395,0.755259016733578,0.791558124734133
"AT_2023","capped_3pct_ge2_naltmax",0.226591429266144,0.00925997653075396,0.208441875265866,0.244740983266422
"AT_2023","capped_3pct_ge_theil_nw",0.966720525401035,0.105165076058831,0.760596976325726,1.17284407447635
"AT_2023","capped_3pct_ge_theil_nwx",0.986431707958184,0.160014145236931,0.6728039832938,1.30005943262257
"AT_2023","capped_3pct_ge_theil_ratio",0.983936373587696,0.0728236176361958,0.841202083020752,1.12667066415464
"AT_2023","capped_3pct_ge_theil_ok",1,0,1,1
"AT_2023","capped_3pct_ge_theil_keptmin",0.773408570733856,0.00925997653075395,0.755259016733578,0.791558124734133
"AT_2023","capped_3pct_ge_theil_naltmax",0.226591429266144,0.00925997653075396,0.208441875265866,0.244740983266422
"AT_2023","capped_3pct_ge_mld_nw",1.37638701019973,0.0478466768367593,1.28260752359968,1.47016649679978
"AT_2023","capped_3pct_ge_mld_nwx",1.35828568915189,0.0629258896765613,1.23495094538583,1.48162043291795
"AT_2023","capped_3pct_ge_mld_ratio",1.01357271258934,0.0277255960402181,0.959230544350511,1.06791488082817
"AT_2023","capped_3pct_ge_mld_ok",1,0,1,1
"AT_2023","capped_3pct_ge_mld_keptmin",0.773408570733856,0.00925997653075395,0.755259016733578,0.791558124734133
"AT_2023","capped_3pct_ge_mld_naltmax",0.226591429266144,0.00925997653075396,0.208441875265866,0.244740983266422
"AT_2023","capped_3pct_atkinson05_nw",0.423186049278165,0.0191034335149213,0.385743319588919,0.46062877896741
"AT_2023","capped_3pct_atkinson05_nwx",0.425872796060527,0.0262709732478361,0.374381688494768,0.477363903626286
"AT_2023","capped_3pct_atkinson05_ratio",0.994207930524653,0.0326376488846859,0.930238138710669,1.05817772233864
"AT_2023","capped_3pct_atkinson05_ok",1,0,1,1
"AT_2023","capped_3pct_atkinson05_keptmin",0.773408570733856,0.00925997653075395,0.755259016733578,0.791558124734133
"AT_2023","capped_3pct_atkinson05_naltmax",0.226591429266144,0.00925997653075396,0.208441875265866,0.244740983266422
"AT_2023","capped_3pct_atkinson1_nw",0.747471688509954,0.011968192590726,0.724014031032132,0.770929345987777
"AT_2023","capped_3pct_atkinson1_nwx",0.74277115681332,0.0159202935900365,0.711567381376849,0.773974932249792
"AT_2023","capped_3pct_atkinson1_ratio",1.00638130051084,0.0128617079080616,0.98117235301104,1.03159024801064
"AT_2023","capped_3pct_atkinson1_ok",1,0,1,1
"AT_2023","capped_3pct_atkinson1_keptmin",0.773408570733856,0.00925997653075395,0.755259016733578,0.791558124734133
"AT_2023","capped_3pct_atkinson1_naltmax",0.226591429266144,0.00925997653075396,0.208441875265866,0.244740983266422
"AT_2023","capped_3pct_atkinson2_nw",0.990627978916075,0.00392418386302026,0.982936578544556,0.998319379287595
"AT_2023","capped_3pct_atkinson2_nwx",0.984398817473478,0.00386480113551291,0.976823807247873,0.991973827699084
"AT_2023","capped_3pct_atkinson2_ratio",1.00632836703399,0.00416679816307425,0.998161442634368,1.01449529143362
"AT_2023","capped_3pct_atkinson2_ok",1,0,1,1
"AT_2023","capped_3pct_atkinson2_keptmin",0.773408570733856,0.00925997653075395,0.755259016733578,0.791558124734133
"AT_2023","capped_3pct_atkinson2_naltmax",0.226591429266144,0.00925997653075396,0.208441875265866,0.244740983266422
"AT_2023","capped_3pct_ge2_bach1_nw",2.88992882427611,1.64754344842178,-0.339256334630573,6.11911398318279
"AT_2023","capped_3pct_ge2_bach1_nwx",4.36265268665861,4.05217790339648,-3.57961600399849,12.3049213773157
"AT_2023","capped_3pct_ge2_bach1_ratio",0.741122965852376,0.211752414125424,0.326088234166546,1.15615769753821
"AT_2023","capped_3pct_ge2_bach1_ok",1,0,1,1
"AT_2023","capped_3pct_ge2_bach1_keptmin",1,0,1,1
"AT_2023","capped_3pct_ge2_bach1_naltmax",0.226591429266144,0.00925997653075396,0.208441875265866,0.244740983266422
"AT_2023","capped_3pct_ge_theil_bach1_nw",1.01257944744946,0.104844919910498,0.807083404424882,1.21807549047404
"AT_2023","capped_3pct_ge_theil_bach1_nwx",1.24336712523099,0.162048993192054,0.925751098574564,1.56098315188742
"AT_2023","capped_3pct_ge_theil_bach1_ratio",0.815998634759914,0.0458803024139589,0.726073242028555,0.905924027491274
"AT_2023","capped_3pct_ge_theil_bach1_ok",1,0,1,1
"AT_2023","capped_3pct_ge_theil_bach1_keptmin",1,0,1,1
"AT_2023","capped_3pct_ge_theil_bach1_naltmax",0.226591429266144,0.00925997653075396,0.208441875265866,0.244740983266422
"AT_2023","capped_3pct_ge_mld_bach1_nw",1.84163927066664,0.0596177687215019,1.72478844397249,1.95849009736078
"AT_2023","capped_3pct_ge_mld_bach1_nwx",3.62988783481113,0.117003599690494,3.40056077941777,3.8592148902045
"AT_2023","capped_3pct_ge_mld_bach1_ratio",0.507387076534684,0.0161939735471842,0.475646888382202,0.539127264687165
"AT_2023","capped_3pct_ge_mld_bach1_ok",1,0,1,1
"AT_2023","capped_3pct_ge_mld_bach1_keptmin",1,0,1,1
"AT_2023","capped_3pct_ge_mld_bach1_naltmax",0.226591429266144,0.00925997653075396,0.208441875265866,0.244740983266422
"AT_2023","capped_3pct_atkinson05_bach1_nw",0.448929658009535,0.0181620445794033,0.413332050633904,0.484527265385165
"AT_2023","capped_3pct_atkinson05_bach1_nwx",0.555287410540334,0.0217369618142343,0.512682965384435,0.597891855696234
"AT_2023","capped_3pct_atkinson05_bach1_ratio",0.808535804818374,0.0192021404663614,0.770899609504306,0.846172000132443
"AT_2023","capped_3pct_atkinson05_bach1_ok",1,0,1,1
"AT_2023","capped_3pct_atkinson05_bach1_keptmin",1,0,1,1
"AT_2023","capped_3pct_atkinson05_bach1_naltmax",0.226591429266144,0.00925997653075396,0.208441875265866,0.244740983266422
"AT_2023","capped_3pct_atkinson1_bach1_nw",0.841423543861242,0.00942032237745533,0.82295971200143,0.859887375721055
"AT_2023","capped_3pct_atkinson1_bach1_nwx",0.973452401534271,0.00307676800187414,0.967421936250598,0.979482866817944
"AT_2023","capped_3pct_atkinson1_bach1_ratio",0.864368981145431,0.0086310946455879,0.847452035640078,0.881285926650783
"AT_2023","capped_3pct_atkinson1_bach1_ok",1,0,1,1
"AT_2023","capped_3pct_atkinson1_bach1_keptmin",1,0,1,1
"AT_2023","capped_3pct_atkinson1_bach1_naltmax",0.226591429266144,0.00925997653075396,0.208441875265866,0.244740983266422
"AT_2023","capped_3pct_atkinson2_bach1_nw",0.999934541923262,6.66337088438846e-06,0.999921481716329,0.999947602130196
"AT_2023","capped_3pct_atkinson2_bach1_nwx",0.999979103923287,1.53483259510707e-06,0.999976095651401,0.999982112195173
"AT_2023","capped_3pct_atkinson2_bach1_ratio",0.999955437068605,6.0441539496363e-06,0.999943590526864,0.999967283610347
"AT_2023","capped_3pct_atkinson2_bach1_ok",1,0,1,1
"AT_2023","capped_3pct_atkinson2_bach1_keptmin",1,0,1,1
"AT_2023","capped_3pct_atkinson2_bach1_naltmax",0.226591429266144,0.00925997653075396,0.208441875265866,0.244740983266422
"AT_2023","capped_3pct_mu_ratio_nw",0.996203615948475,0.00152574320565641,0.993213159265388,0.999194072631562
"AT_2023","capped_3pct_mu_ratio_nwx",0.993912485856803,0.00245833131317412,0.989094156482982,0.998730815230625
"BE_2023","capped_3pct_gini_nw",0.603788573368038,0.0208249203354601,0.562971729510537,0.64460541722554
"BE_2023","capped_3pct_gini_nwx",0.644117395311363,0.0216274829595404,0.601727528710664,0.686507261912063
"BE_2023","capped_3pct_gini_ratio",0.937388683189599,0.00794246065924453,0.92182146029748,0.952955906081718
"BE_2023","capped_3pct_gini_ok",1,0,1,1
"BE_2023","capped_3pct_gini_keptmin",1,0,1,1
"BE_2023","capped_3pct_gini_naltmax",0,0,0,0
"BE_2023","capped_3pct_gini_rsv_nw",0.602592073450142,0.0208001905225191,0.561823700026005,0.64336044687428
"BE_2023","capped_3pct_gini_rsv_nwx",0.642570271676136,0.0216089817363423,0.600216667472905,0.684923875879367
"BE_2023","capped_3pct_gini_rsv_ratio",0.937783633453087,0.00796611114312219,0.922170055612568,0.953397211293607
"BE_2023","capped_3pct_gini_rsv_ok",1,0,1,1
"BE_2023","capped_3pct_gini_rsv_keptmin",1,0,1,1
"BE_2023","capped_3pct_gini_rsv_naltmax",0,0,0,0
"BE_2023","capped_3pct_cv_nw",1.79371225497678,0.319307269990174,1.16787000579604,2.41955450415752
"BE_2023","capped_3pct_cv_nwx",2.08279089529684,0.396935491004908,1.30479733292722,2.86078445766646
"BE_2023","capped_3pct_cv_ratio",0.861206844362235,0.0176448592607212,0.826622920211221,0.895790768513248
"BE_2023","capped_3pct_cv_ok",1,0,1,1
"BE_2023","capped_3pct_cv_keptmin",1,0,1,1
"BE_2023","capped_3pct_cv_naltmax",0,0,0,0
"BE_2023","capped_3pct_top10_nw",0.426573201237233,0.0294594841445328,0.368832612313949,0.484313790160518
"BE_2023","capped_3pct_top10_nwx",0.462132463871897,0.032025836831484,0.399361823682189,0.524903104061606
"BE_2023","capped_3pct_top10_ratio",0.923054022183951,0.013964933821581,0.895682751893652,0.95042529247425
"BE_2023","capped_3pct_top10_ok",1,0,1,1
"BE_2023","capped_3pct_top10_keptmin",1,0,1,1
"BE_2023","capped_3pct_top10_naltmax",0,0,0,0
"BE_2023","capped_3pct_top1_nw",0.127402300978549,0.0259641084405051,0.0765126484351593,0.178291953521939
"BE_2023","capped_3pct_top1_nwx",0.149754343369199,0.0310649808731946,0.0888669808577377,0.210641705880661
"BE_2023","capped_3pct_top1_ratio",0.850749102279305,0.0185105476822267,0.814468428822141,0.88702977573647
"BE_2023","capped_3pct_top1_ok",1,0,1,1
"BE_2023","capped_3pct_top1_keptmin",1,0,1,1
"BE_2023","capped_3pct_top1_naltmax",0,0,0,0
"BE_2023","capped_3pct_sgini4_nw",0.851593762007457,0.0111233100990312,0.829792074213356,0.873395449801558
"BE_2023","capped_3pct_sgini4_nwx",0.887790892090573,0.0100056730697461,0.868179772873871,0.907402011307276
"BE_2023","capped_3pct_sgini4_ratio",0.959227683368606,0.00471697849729679,0.949982405513905,0.968472961223308
"BE_2023","capped_3pct_sgini4_ok",1,0,1,1
"BE_2023","capped_3pct_sgini4_keptmin",1,0,1,1
"BE_2023","capped_3pct_sgini4_naltmax",0,0,0,0
"BE_2023","capped_3pct_gini_abs_nw",248619.210847716,24869.4637324925,199875.061932031,297363.359763402
"BE_2023","capped_3pct_gini_abs_nwx",218722.432099184,22873.8437760029,173889.698298219,263555.16590015
"BE_2023","capped_3pct_gini_abs_ratio",1.13668973449307,0.0293188543215718,1.07922478002279,1.19415468896335
"BE_2023","capped_3pct_gini_abs_ok",1,0,1,1
"BE_2023","capped_3pct_gini_abs_keptmin",1,0,1,1
"BE_2023","capped_3pct_gini_abs_naltmax",0,0,0,0
"BE_2023","capped_3pct_variance_nw",545515271171.561,313501350779.107,-68947376355.4895,1159977918698.61
"BE_2023","capped_3pct_variance_nwx",500205236648.024,311910541762.453,-111139425206.384,1111549898502.43
"BE_2023","capped_3pct_variance_ratio",1.09058513267228,0.0696057165942774,0.954157928147501,1.22701233719707
"BE_2023","capped_3pct_variance_ok",1,0,1,1
"BE_2023","capped_3pct_variance_keptmin",1,0,1,1
"BE_2023","capped_3pct_variance_naltmax",0,0,0,0
"BE_2023","capped_3pct_kolm0.5_nw",0.113588623541222,0.0211416006188045,0.0721510863283654,0.155026160754079
"BE_2023","capped_3pct_kolm0.5_nwx",0.0973251687430576,0.0151532574540537,0.0676247841331123,0.127025553353003
"BE_2023","capped_3pct_kolm0.5_ratio",1.16710901210867,0.0631341162328907,1.04336614429221,1.29085187992514
"BE_2023","capped_3pct_kolm0.5_ok",1,0,1,1
"BE_2023","capped_3pct_kolm0.5_keptmin",1,0,1,1
"BE_2023","capped_3pct_kolm0.5_naltmax",0,0,0,0
"BE_2023","capped_3pct_kolm1_nw",0.170138142958318,0.0348388427664927,0.101854011135992,0.238422274780644
"BE_2023","capped_3pct_kolm1_nwx",0.143186936836598,0.0257235707864451,0.0927687380951659,0.193605135578031
"BE_2023","capped_3pct_kolm1_ratio",1.18822729155135,0.0567980894837633,1.07690303616317,1.29955154693952
"BE_2023","capped_3pct_kolm1_ok",1,0,1,1
"BE_2023","capped_3pct_kolm1_keptmin",1,0,1,1
"BE_2023","capped_3pct_kolm1_naltmax",0,0,0,0
"BE_2023","capped_3pct_p75_p25_nw",464958.8,21373.3580425606,423067.018236581,506850.581763419
"BE_2023","capped_3pct_p75_p25_nwx",399017.362384875,18008.8708158573,363719.975585795,434314.749183956
"BE_2023","capped_3pct_p75_p25_ratio",1.16532558414782,0.0438827986574281,1.07931529877926,1.25133586951638
"BE_2023","capped_3pct_p75_p25_ok",1,0,1,1
"BE_2023","capped_3pct_p75_p25_keptmin",1,0,1,1
"BE_2023","capped_3pct_p75_p25_naltmax",0,0,0,0
"BE_2023","capped_3pct_p90_p10_nw",923233.114,50926.0032637556,823418.147603039,1023048.08039696
"BE_2023","capped_3pct_p90_p10_nwx",769695.462227453,45672.6540115768,680177.060364762,859213.864090144
"BE_2023","capped_3pct_p90_p10_ratio",1.19959066796957,0.0538275753976584,1.09408862019016,1.30509271574898
"BE_2023","capped_3pct_p90_p10_ok",1,0,1,1
"BE_2023","capped_3pct_p90_p10_keptmin",1,0,1,1
"BE_2023","capped_3pct_p90_p10_naltmax",0,0,0,0
"BE_2023","capped_3pct_inter1_nw",0.388558708834694,0.100767797076856,0.191053826564056,0.586063591105332
"BE_2023","capped_3pct_inter1_nwx",0.415233434151995,0.120247573469831,0.179548190151125,0.650918678152864
"BE_2023","capped_3pct_inter1_ratio",0.935906358701921,0.0294006212723341,0.878281141008146,0.993531576395695
"BE_2023","capped_3pct_inter1_ok",1,0,1,1
"BE_2023","capped_3pct_inter1_keptmin",1,0,1,1
"BE_2023","capped_3pct_inter1_naltmax",0,0,0,0
"BE_2023","capped_3pct_inter2_nw",0.862090248453995,0.442107050487623,-0.0044395705017457,1.72862006740974
"BE_2023","capped_3pct_inter2_nwx",1.04058506801796,0.591745636763878,-0.119236380039238,2.20040651607516
"BE_2023","capped_3pct_inter2_ratio",0.828631539503929,0.0397846368875483,0.750653651204334,0.906609427803523
"BE_2023","capped_3pct_inter2_ok",1,0,1,1
"BE_2023","capped_3pct_inter2_keptmin",1,0,1,1
"BE_2023","capped_3pct_inter2_naltmax",0,0,0,0
"BE_2023","capped_3pct_ge2_nw",1.56368718379424,0.620338972148151,0.34782279838386,2.77955156920461
"BE_2023","capped_3pct_ge2_nwx",1.90918978966735,0.819155085434932,0.303645822214886,3.51473375711982
"BE_2023","capped_3pct_ge2_ratio",0.819031410557091,0.0386441854777359,0.743288807020728,0.894774014093453
"BE_2023","capped_3pct_ge2_ok",1,0,1,1
"BE_2023","capped_3pct_ge2_keptmin",0.904891235987047,0.00910499921396469,0.887045437527676,0.922737034446418
"BE_2023","capped_3pct_ge2_naltmax",0.0951087640129528,0.00910499921396469,0.077262965553582,0.112954562472324
"BE_2023","capped_3pct_ge_theil_nw",0.700773885124947,0.0889621591982786,0.526408053096321,0.875139717153573
"BE_2023","capped_3pct_ge_theil_nwx",0.749163035870611,0.107097814335147,0.539251319773723,0.9590747519675
"BE_2023","capped_3pct_ge_theil_ratio",0.935410241308621,0.0220143682612873,0.892262079516498,0.978558403100744
"BE_2023","capped_3pct_ge_theil_ok",1,0,1,1
"BE_2023","capped_3pct_ge_theil_keptmin",0.904891235987047,0.00910499921396469,0.887045437527676,0.922737034446418
"BE_2023","capped_3pct_ge_theil_naltmax",0.0951087640129528,0.00910499921396469,0.077262965553582,0.112954562472324
"BE_2023","capped_3pct_ge_mld_nw",1.07328593653289,0.0670030884923124,0.941959883087958,1.20461198997782
"BE_2023","capped_3pct_ge_mld_nwx",1.08143550864229,0.071155634879175,0.941970464279108,1.22090055300547
"BE_2023","capped_3pct_ge_mld_ratio",0.992460721858902,0.0188536734634186,0.955507521870602,1.0294139218472
"BE_2023","capped_3pct_ge_mld_ok",1,0,1,1
"BE_2023","capped_3pct_ge_mld_keptmin",0.904891235987047,0.00910499921396469,0.887045437527676,0.922737034446418
"BE_2023","capped_3pct_ge_mld_naltmax",0.0951087640129528,0.00910499921396469,0.077262965553582,0.112954562472324
"BE_2023","capped_3pct_atkinson05_nw",0.328994389898795,0.0225298748989584,0.284835835096836,0.373152944700753
"BE_2023","capped_3pct_atkinson05_nwx",0.339428487690364,0.0257350382782007,0.28898781266509,0.389869162715637
"BE_2023","capped_3pct_atkinson05_ratio",0.969259438066149,0.0160073655964064,0.937885001497192,1.00063387463511
"BE_2023","capped_3pct_atkinson05_ok",1,0,1,1
"BE_2023","capped_3pct_atkinson05_keptmin",0.904891235987047,0.00910499921396469,0.887045437527676,0.922737034446418
"BE_2023","capped_3pct_atkinson05_naltmax",0.0951087640129528,0.00910499921396469,0.077262965553582,0.112954562472324
"BE_2023","capped_3pct_atkinson1_nw",0.658107120270895,0.0219248783516105,0.615134358701739,0.701079881840052
"BE_2023","capped_3pct_atkinson1_nwx",0.660884749102399,0.0229953047652475,0.615813951762514,0.705955546442284
"BE_2023","capped_3pct_atkinson1_ratio",0.995795986911685,0.0102906243368932,0.975626363211375,1.015965610612
"BE_2023","capped_3pct_atkinson1_ok",1,0,1,1
"BE_2023","capped_3pct_atkinson1_keptmin",0.904891235987047,0.00910499921396469,0.887045437527676,0.922737034446418
"BE_2023","capped_3pct_atkinson1_naltmax",0.0951087640129528,0.00910499921396469,0.077262965553582,0.112954562472324
"BE_2023","capped_3pct_atkinson2_nw",0.994678908435481,0.00568698956652427,0.983532408885093,1.00582540798587
"BE_2023","capped_3pct_atkinson2_nwx",0.990710825747459,0.00810187975811964,0.974831141421545,1.00659051007337
"BE_2023","capped_3pct_atkinson2_ratio",1.00400533734429,0.00734035923736358,0.989618233239058,1.01839244144952
"BE_2023","capped_3pct_atkinson2_ok",1,0,1,1
"BE_2023","capped_3pct_atkinson2_keptmin",0.904891235987047,0.00910499921396469,0.887045437527676,0.922737034446418
"BE_2023","capped_3pct_atkinson2_naltmax",0.0951087640129528,0.00910499921396469,0.077262965553582,0.112954562472324
"BE_2023","capped_3pct_ge2_bach1_nw",1.60440372690154,0.632802564263406,0.364110700945268,2.84469675285782
"BE_2023","capped_3pct_ge2_bach1_nwx",2.16242206623223,0.907769099649318,0.383194630919569,3.9416495015449
"BE_2023","capped_3pct_ge2_bach1_ratio",0.741950056844389,0.0308328419911379,0.681517686541758,0.802382427147019
"BE_2023","capped_3pct_ge2_bach1_ok",1,0,1,1
"BE_2023","capped_3pct_ge2_bach1_keptmin",1,0,1,1
"BE_2023","capped_3pct_ge2_bach1_naltmax",0.0951087640129528,0.00910499921396469,0.077262965553582,0.112954562472324
"BE_2023","capped_3pct_ge_theil_bach1_nw",0.720310328353979,0.0889883772426034,0.545893108958477,0.894727547749482
"BE_2023","capped_3pct_ge_theil_bach1_nwx",0.849100647471512,0.1080925445336,0.637239260185655,1.06096203475737
"BE_2023","capped_3pct_ge_theil_bach1_ratio",0.848321851142764,0.0153722779513464,0.818192186358126,0.878451515927403
"BE_2023","capped_3pct_ge_theil_bach1_ok",1,0,1,1
"BE_2023","capped_3pct_ge_theil_bach1_keptmin",1,0,1,1
"BE_2023","capped_3pct_ge_theil_bach1_naltmax",0.0951087640129528,0.00910499921396469,0.077262965553582,0.112954562472324
"BE_2023","capped_3pct_ge_mld_bach1_nw",1.2835110117367,0.0775777175609595,1.13145868531722,1.43556333815618
"BE_2023","capped_3pct_ge_mld_bach1_nwx",2.0995104273928,0.120594657896449,1.86314489791576,2.33587595686984
"BE_2023","capped_3pct_ge_mld_bach1_ratio",0.611355223387261,0.027744789122543,0.556975436707077,0.665735010067445
"BE_2023","capped_3pct_ge_mld_bach1_ok",1,0,1,1
"BE_2023","capped_3pct_ge_mld_bach1_keptmin",1,0,1,1
"BE_2023","capped_3pct_ge_mld_bach1_naltmax",0.0951087640129528,0.00910499921396469,0.077262965553582,0.112954562472324
"BE_2023","capped_3pct_atkinson05_bach1_nw",0.341928051917594,0.0221483974869942,0.298517192843086,0.385338910992103
"BE_2023","capped_3pct_atkinson05_bach1_nwx",0.402002593393737,0.0242309206526495,0.354509988914544,0.44949519787293
"BE_2023","capped_3pct_atkinson05_bach1_ratio",0.850562220566313,0.0140044124030273,0.82311357225638,0.878010868876247
"BE_2023","capped_3pct_atkinson05_bach1_ok",1,0,1,1
"BE_2023","capped_3pct_atkinson05_bach1_keptmin",1,0,1,1
"BE_2023","capped_3pct_atkinson05_bach1_naltmax",0.0951087640129528,0.00910499921396469,0.077262965553582,0.112954562472324
"BE_2023","capped_3pct_atkinson1_bach1_nw",0.722933844075885,0.0205267495547794,0.682701414948518,0.763166273203253
"BE_2023","capped_3pct_atkinson1_bach1_nwx",0.87746873224824,0.0139188559287784,0.850187774627834,0.904749689868646
"BE_2023","capped_3pct_atkinson1_bach1_ratio",0.823886247121322,0.017191342953807,0.790191214931861,0.857581279310784
"BE_2023","capped_3pct_atkinson1_bach1_ok",1,0,1,1
"BE_2023","capped_3pct_atkinson1_bach1_keptmin",1,0,1,1
"BE_2023","capped_3pct_atkinson1_bach1_naltmax",0.0951087640129528,0.00910499921396469,0.077262965553582,0.112954562472324
"BE_2023","capped_3pct_atkinson2_bach1_nw",0.999877273941269,2.80716095868166e-05,0.999822253586479,0.99993229429606
"BE_2023","capped_3pct_atkinson2_bach1_nwx",0.999969152021559,3.40448926539494e-06,0.999962479222599,0.999975824820519
"BE_2023","capped_3pct_atkinson2_bach1_ratio",0.999908119084722,2.66927912034615e-05,0.999855801213963,0.99996043695548
"BE_2023","capped_3pct_atkinson2_bach1_ok",1,0,1,1
"BE_2023","capped_3pct_atkinson2_bach1_keptmin",1,0,1,1
"BE_2023","capped_3pct_atkinson2_bach1_naltmax",0.0951087640129528,0.00910499921396469,0.077262965553582,0.112954562472324
"BE_2023","capped_3pct_mu_ratio_nw",0.998018426065674,0.00122342166517551,0.99562051960193,1.00041633252942
"BE_2023","capped_3pct_mu_ratio_nwx",0.997598118943119,0.00149132055874279,0.994675130647984,1.00052110723826
"CY_2023","capped_3pct_gini_nw",0.610119338682465,0.0168253045804038,0.577141741704874,0.643096935660056
"CY_2023","capped_3pct_gini_nwx",0.676152575484942,0.0183146920094,0.640255779146518,0.712049371823366
"CY_2023","capped_3pct_gini_ratio",0.902341539370395,0.012160341765864,0.878507269509301,0.926175809231488
"CY_2023","capped_3pct_gini_ok",1,0,1,1
"CY_2023","capped_3pct_gini_keptmin",1,0,1,1
"CY_2023","capped_3pct_gini_naltmax",0,0,0,0
"CY_2023","capped_3pct_gini_rsv_nw",0.599086681852702,0.0149254420514024,0.569832815431953,0.628340548273451
"CY_2023","capped_3pct_gini_rsv_nwx",0.66076585536993,0.0151910126194813,0.630991470635746,0.690540240104113
"CY_2023","capped_3pct_gini_rsv_ratio",0.906650916634097,0.0118186689381694,0.883486325515285,0.929815507752909
"CY_2023","capped_3pct_gini_rsv_ok",1,0,1,1
"CY_2023","capped_3pct_gini_rsv_keptmin",1,0,1,1
"CY_2023","capped_3pct_gini_rsv_naltmax",0,0,0,0
"CY_2023","capped_3pct_cv_nw",1.51200702222615,0.120100877213985,1.27660930288674,1.74740474156556
"CY_2023","capped_3pct_cv_nwx",1.73789178267671,0.154181604090415,1.4356958386595,2.04008772669392
"CY_2023","capped_3pct_cv_ratio",0.870332746586336,0.0203854333161426,0.830377297286696,0.910288195885975
"CY_2023","capped_3pct_cv_ok",1,0,1,1
"CY_2023","capped_3pct_cv_keptmin",1,0,1,1
"CY_2023","capped_3pct_cv_naltmax",0,0,0,0
"CY_2023","capped_3pct_top10_nw",0.427257137411708,0.020983055910274,0.386130347827571,0.468383926995845
"CY_2023","capped_3pct_top10_nwx",0.473645328384497,0.0231536240525295,0.428264225241539,0.519026431527454
"CY_2023","capped_3pct_top10_ratio",0.902040724412668,0.016921502501236,0.868874579510245,0.93520686931509
"CY_2023","capped_3pct_top10_ok",1,0,1,1
"CY_2023","capped_3pct_top10_keptmin",1,0,1,1
"CY_2023","capped_3pct_top10_naltmax",0,0,0,0
"CY_2023","capped_3pct_top1_nw",0.107481902738078,0.0143980598516899,0.0792617054287653,0.13570210004739
"CY_2023","capped_3pct_top1_nwx",0.126002204311352,0.0186750722348187,0.0893990627311072,0.162605345891596
"CY_2023","capped_3pct_top1_ratio",0.853685425275088,0.0297219707479239,0.795430362609157,0.911940487941019
"CY_2023","capped_3pct_top1_ok",1,0,1,1
"CY_2023","capped_3pct_top1_keptmin",1,0,1,1
"CY_2023","capped_3pct_top1_naltmax",0,0,0,0
"CY_2023","capped_3pct_sgini4_nw",0.876036079862086,0.0203497724584696,0.836150525843486,0.915921633880687
"CY_2023","capped_3pct_sgini4_nwx",0.945673698046482,0.0231239020262297,0.900350850075072,0.990996546017892
"CY_2023","capped_3pct_sgini4_ratio",0.926372829912495,0.00903127981715643,0.908671521470868,0.944074138354121
"CY_2023","capped_3pct_sgini4_ok",1,0,1,1
"CY_2023","capped_3pct_sgini4_keptmin",1,0,1,1
"CY_2023","capped_3pct_sgini4_naltmax",0,0,0,0
"CY_2023","capped_3pct_gini_abs_nw",238261.413057391,15281.3333021561,208309.999785165,268212.826329617
"CY_2023","capped_3pct_gini_abs_nwx",208844.048399256,14541.9413445069,180341.843364022,237346.253434489
"CY_2023","capped_3pct_gini_abs_ratio",1.14095744235421,0.0214110687783167,1.09899174754871,1.18292313715971
"CY_2023","capped_3pct_gini_abs_ok",1,0,1,1
"CY_2023","capped_3pct_gini_abs_keptmin",1,0,1,1
"CY_2023","capped_3pct_gini_abs_naltmax",0,0,0,0
"CY_2023","capped_3pct_variance_nw",350208446830.641,78916625035.98,195531861760.12,504885031901.161
"CY_2023","capped_3pct_variance_nwx",290097567687.749,75857255516.806,141417346874.81,438777788500.689
"CY_2023","capped_3pct_variance_ratio",1.21136763070676,0.0646607938376964,1.08463247478488,1.33810278662865
"CY_2023","capped_3pct_variance_ok",1,0,1,1
"CY_2023","capped_3pct_variance_keptmin",1,0,1,1
"CY_2023","capped_3pct_variance_naltmax",0,0,0,0
"CY_2023","capped_3pct_kolm0.5_nw",0.148822678779903,0.0107492641452797,0.127754121055155,0.169891236504652
"CY_2023","capped_3pct_kolm0.5_nwx",0.123357687997175,0.00819887844517925,0.107287886244623,0.139427489749726
"CY_2023","capped_3pct_kolm0.5_ratio",1.20620527844958,0.0432000523258558,1.12153317589091,1.29087738100826
"CY_2023","capped_3pct_kolm0.5_ok",1,0,1,1
"CY_2023","capped_3pct_kolm0.5_keptmin",1,0,1,1
"CY_2023","capped_3pct_kolm0.5_naltmax",0,0,0,0
"CY_2023","capped_3pct_kolm1_nw",0.229662895661777,0.0216364002333614,0.187255551204389,0.272070240119165
"CY_2023","capped_3pct_kolm1_nwx",0.190051965993047,0.0168020765222825,0.157119896009373,0.222984035976721
"CY_2023","capped_3pct_kolm1_ratio",1.20815946550615,0.0376139434922908,1.13443613626126,1.28188279475104
"CY_2023","capped_3pct_kolm1_ok",1,0,1,1
"CY_2023","capped_3pct_kolm1_keptmin",1,0,1,1
"CY_2023","capped_3pct_kolm1_naltmax",0,0,0,0
"CY_2023","capped_3pct_p75_p25_nw",425389.4,32047.3919190275,362576.511838706,488202.288161294
"CY_2023","capped_3pct_p75_p25_nwx",380781.942573503,22284.8636263323,337103.609865891,424460.275281114
"CY_2023","capped_3pct_p75_p25_ratio",1.11733919678145,0.0688746701535029,0.982344843280588,1.25233355028232
"CY_2023","capped_3pct_p75_p25_ok",1,0,1,1
"CY_2023","capped_3pct_p75_p25_keptmin",1,0,1,1
"CY_2023","capped_3pct_p75_p25_naltmax",0,0,0,0
"CY_2023","capped_3pct_p90_p10_nw",898099.2,62994.5391693581,774629.903228058,1021568.49677194
"CY_2023","capped_3pct_p90_p10_nwx",741649.070960076,53395.794250534,636993.314229029,846304.827691122
"CY_2023","capped_3pct_p90_p10_ratio",1.21097028850594,0.0659491466392789,1.08170996109295,1.34023061591893
"CY_2023","capped_3pct_p90_p10_ok",1,0,1,1
"CY_2023","capped_3pct_p90_p10_keptmin",1,0,1,1
"CY_2023","capped_3pct_p90_p10_naltmax",0,0,0,0
"CY_2023","capped_3pct_inter1_nw",0.0501014329264858,0.0578835221341496,-0.0633502704564474,0.163553136309419
"CY_2023","capped_3pct_inter1_nwx",0.0455520172292143,0.0609073086524097,-0.0738263077295087,0.164930342187937
"CY_2023","capped_3pct_inter1_ratio",1.10127908996494,0.0558491307852241,0.991814793625896,1.21074338630397
"CY_2023","capped_3pct_inter1_ok",1,0,1,1
"CY_2023","capped_3pct_inter1_keptmin",1,0,1,1
"CY_2023","capped_3pct_inter1_naltmax",0,0,0,0
"CY_2023","capped_3pct_inter2_nw",0.0684274379908051,0.0969223857851406,-0.121540438148071,0.258395314129681
"CY_2023","capped_3pct_inter2_nwx",0.0629233356501103,0.106628307945783,-0.146068147923625,0.271914819223846
"CY_2023","capped_3pct_inter2_ratio",1.09078835874797,0.0720210894282533,0.949627023468593,1.23194969402735
"CY_2023","capped_3pct_inter2_ok",1,0,1,1
"CY_2023","capped_3pct_inter2_keptmin",1,0,1,1
"CY_2023","capped_3pct_inter2_naltmax",0,0,0,0
"CY_2023","capped_3pct_ge2_nw",1.04231228379803,0.168581481677499,0.711892579710132,1.37273198788593
"CY_2023","capped_3pct_ge2_nwx",1.15346480953389,0.223461432757643,0.715480401328913,1.59144921773887
"CY_2023","capped_3pct_ge2_ratio",0.906187666034799,0.0474652870712709,0.813155703375108,0.99921962869449
"CY_2023","capped_3pct_ge2_ok",1,0,1,1
"CY_2023","capped_3pct_ge2_keptmin",0.844002258424334,0.0151261602324336,0.814354984368764,0.873649532479904
"CY_2023","capped_3pct_ge2_naltmax",0.155997741575666,0.0151261602324336,0.126350467520096,0.185645015631236
"CY_2023","capped_3pct_ge_theil_nw",0.630215585277387,0.0435772840714457,0.544804108497354,0.71562706205742
"CY_2023","capped_3pct_ge_theil_nwx",0.672578491285177,0.054304686623306,0.566141305503498,0.779015677066857
"CY_2023","capped_3pct_ge_theil_ratio",0.937317619886287,0.0234338750878804,0.891387224714042,0.983248015058533
"CY_2023","capped_3pct_ge_theil_ok",1,0,1,1
"CY_2023","capped_3pct_ge_theil_keptmin",0.844002258424334,0.0151261602324336,0.814354984368764,0.873649532479904
"CY_2023","capped_3pct_ge_theil_naltmax",0.155997741575666,0.0151261602324336,0.126350467520096,0.185645015631236
"CY_2023","capped_3pct_ge_mld_nw",1.01636160586677,0.0626470814487807,0.893573326227158,1.13914988550638
"CY_2023","capped_3pct_ge_mld_nwx",1.08722179040018,0.069005831593061,0.951970360477785,1.22247322032258
"CY_2023","capped_3pct_ge_mld_ratio",0.93482196877846,0.018768629532703,0.898035454894362,0.971608482662558
"CY_2023","capped_3pct_ge_mld_ok",1,0,1,1
"CY_2023","capped_3pct_ge_mld_keptmin",0.844002258424334,0.0151261602324336,0.814354984368764,0.873649532479904
"CY_2023","capped_3pct_ge_mld_naltmax",0.155997741575666,0.0151261602324336,0.126350467520096,0.185645015631236
"CY_2023","capped_3pct_atkinson05_nw",0.30726717291181,0.0145829505587518,0.278684589816657,0.335849756006964
"CY_2023","capped_3pct_atkinson05_nwx",0.325237444004957,0.0170258791114989,0.291866720946419,0.358608167063495
"CY_2023","capped_3pct_atkinson05_ratio",0.944811228729587,0.0175988548552488,0.910317473213299,0.979304984245874
"CY_2023","capped_3pct_atkinson05_ok",1,0,1,1
"CY_2023","capped_3pct_atkinson05_keptmin",0.844002258424334,0.0151261602324336,0.814354984368764,0.873649532479904
"CY_2023","capped_3pct_atkinson05_naltmax",0.155997741575666,0.0151261602324336,0.126350467520096,0.185645015631236
"CY_2023","capped_3pct_atkinson1_nw",0.638041658642446,0.022792285182038,0.593368779685651,0.682714537599241
"CY_2023","capped_3pct_atkinson1_nwx",0.662802547034717,0.0233761349823408,0.616985322469329,0.708619771600105
"CY_2023","capped_3pct_atkinson1_ratio",0.962638283909396,0.0109275649197871,0.941220256666613,0.984056311152179
"CY_2023","capped_3pct_atkinson1_ok",1,0,1,1
"CY_2023","capped_3pct_atkinson1_keptmin",0.844002258424334,0.0151261602324336,0.814354984368764,0.873649532479904
"CY_2023","capped_3pct_atkinson1_naltmax",0.155997741575666,0.0151261602324336,0.126350467520096,0.185645015631236
"CY_2023","capped_3pct_atkinson2_nw",0.991211220080988,0.0116846444454818,0.968309316967843,1.01411312319413
"CY_2023","capped_3pct_atkinson2_nwx",0.991413947265258,0.0114303540095597,0.969010453406521,1.013817441124
"CY_2023","capped_3pct_atkinson2_ratio",0.99979405477979,0.000479304692751268,0.998854617581997,1.00073349197758
"CY_2023","capped_3pct_atkinson2_ok",1,0,1,1
"CY_2023","capped_3pct_atkinson2_keptmin",0.844002258424334,0.0151261602324336,0.814354984368764,0.873649532479904
"CY_2023","capped_3pct_atkinson2_naltmax",0.155997741575666,0.0151261602324336,0.126350467520096,0.185645015631236
"CY_2023","capped_3pct_ge2_bach1_nw",1.1095964550322,0.179576094892264,0.75762730904336,1.46156560102103
"CY_2023","capped_3pct_ge2_bach1_nwx",1.45881041498012,0.264537393064953,0.940317124572814,1.97730370538743
"CY_2023","capped_3pct_ge2_bach1_ratio",0.76175220774606,0.0360235633794978,0.691146023522244,0.832358391969875
"CY_2023","capped_3pct_ge2_bach1_ok",1,0,1,1
"CY_2023","capped_3pct_ge2_bach1_keptmin",1,0,1,1
"CY_2023","capped_3pct_ge2_bach1_naltmax",0.155997741575666,0.0151261602324336,0.126350467520096,0.185645015631236
"CY_2023","capped_3pct_ge_theil_bach1_nw",0.672791943696609,0.0456568898655827,0.583304439560067,0.762279447833151
"CY_2023","capped_3pct_ge_theil_bach1_nwx",0.842181052905043,0.0555614168096535,0.733280675958122,0.951081429851964
"CY_2023","capped_3pct_ge_theil_bach1_ratio",0.798826887048387,0.0222871683200918,0.755144037141007,0.842509736955767
"CY_2023","capped_3pct_ge_theil_bach1_ok",1,0,1,1
"CY_2023","capped_3pct_ge_theil_bach1_keptmin",1,0,1,1
"CY_2023","capped_3pct_ge_theil_bach1_naltmax",0.155997741575666,0.0151261602324336,0.126350467520096,0.185645015631236
"CY_2023","capped_3pct_ge_mld_bach1_nw",1.47027995656488,0.11007351774362,1.25453586178738,1.68602405134237
"CY_2023","capped_3pct_ge_mld_bach1_nwx",2.74814107709001,0.164702034797902,2.42532508888612,3.0709570652939
"CY_2023","capped_3pct_ge_mld_bach1_ratio",0.535083865162532,0.0373738273001121,0.461831163654312,0.608336566670751
"CY_2023","capped_3pct_ge_mld_bach1_ok",1,0,1,1
"CY_2023","capped_3pct_ge_mld_bach1_keptmin",1,0,1,1
"CY_2023","capped_3pct_ge_mld_bach1_naltmax",0.155997741575666,0.0151261602324336,0.126350467520096,0.185645015631236
"CY_2023","capped_3pct_atkinson05_bach1_nw",0.336028659676996,0.0154587371343128,0.305729534893743,0.366327784460249
"CY_2023","capped_3pct_atkinson05_bach1_nwx",0.430088822742969,0.0167668837995818,0.397225730495789,0.462951914990149
"CY_2023","capped_3pct_atkinson05_bach1_ratio",0.781282302884717,0.0229050486054202,0.736388407618093,0.826176198151341
"CY_2023","capped_3pct_atkinson05_bach1_ok",1,0,1,1
"CY_2023","capped_3pct_atkinson05_bach1_keptmin",1,0,1,1
"CY_2023","capped_3pct_atkinson05_bach1_naltmax",0.155997741575666,0.0151261602324336,0.126350467520096,0.185645015631236
"CY_2023","capped_3pct_atkinson1_bach1_nw",0.770073614261869,0.0256389475327117,0.719821277097754,0.820325951425984
"CY_2023","capped_3pct_atkinson1_bach1_nwx",0.935919764705839,0.0107148433490352,0.91491867174173,0.956920857669948
"CY_2023","capped_3pct_atkinson1_bach1_ratio",0.822802891112385,0.0243152854173379,0.775144931694402,0.870460850530367
"CY_2023","capped_3pct_atkinson1_bach1_ok",1,0,1,1
"CY_2023","capped_3pct_atkinson1_bach1_keptmin",1,0,1,1
"CY_2023","capped_3pct_atkinson1_bach1_naltmax",0.155997741575666,0.0151261602324336,0.126350467520096,0.185645015631236
"CY_2023","capped_3pct_atkinson2_bach1_nw",0.999939529337401,1.54934222639754e-05,0.999909162229764,0.999969896445039
"CY_2023","capped_3pct_atkinson2_bach1_nwx",0.999979534310307,2.07249215491185e-06,0.999975472225684,0.999983596394931
"CY_2023","capped_3pct_atkinson2_bach1_ratio",0.999959994206732,1.45175295750288e-05,0.999931539848765,0.999988448564699
"CY_2023","capped_3pct_atkinson2_bach1_ok",1,0,1,1
"CY_2023","capped_3pct_atkinson2_bach1_keptmin",1,0,1,1
"CY_2023","capped_3pct_atkinson2_bach1_naltmax",0.155997741575666,0.0151261602324336,0.126350467520096,0.185645015631236
"CY_2023","capped_3pct_mu_ratio_nw",0.981924576459519,0.00779775693097848,0.966640972874801,0.997208180044237
"CY_2023","capped_3pct_mu_ratio_nwx",0.977257543895793,0.00982172758461714,0.958006957829944,0.996508129961643
"DE_2023","capped_3pct_gini_nw",0.723788804903286,0.0179961628152808,0.688516325785335,0.759061284021236
"DE_2023","capped_3pct_gini_nwx",0.762775597517975,0.01656859051946,0.730301160099833,0.795250034936116
"DE_2023","capped_3pct_gini_ratio",0.948888946253093,0.00687096743271253,0.935421850084977,0.96235604242121
"DE_2023","capped_3pct_gini_ok",1,0,1,1
"DE_2023","capped_3pct_gini_keptmin",1,0,1,1
"DE_2023","capped_3pct_gini_naltmax",0,0,0,0
"DE_2023","capped_3pct_gini_rsv_nw",0.712800944546681,0.0168668949949582,0.679741830356563,0.745860058736799
"DE_2023","capped_3pct_gini_rsv_nwx",0.74884072242686,0.0149226871747497,0.719592255564351,0.77808918928937
"DE_2023","capped_3pct_gini_rsv_ratio",0.951873472077601,0.00654478562221513,0.93904569225806,0.964701251897143
"DE_2023","capped_3pct_gini_rsv_ok",1,0,1,1
"DE_2023","capped_3pct_gini_rsv_keptmin",1,0,1,1
"DE_2023","capped_3pct_gini_rsv_naltmax",0,0,0,0
"DE_2023","capped_3pct_cv_nw",2.07871528858129,0.142572591460391,1.79927300931893,2.35815756784366
"DE_2023","capped_3pct_cv_nwx",2.31016988389455,0.154198622842736,2.00794058312279,2.61239918466632
"DE_2023","capped_3pct_cv_ratio",0.899860249712222,0.0182331777508518,0.864123221320552,0.935597278103891
"DE_2023","capped_3pct_cv_ok",1,0,1,1
"DE_2023","capped_3pct_cv_keptmin",1,0,1,1
"DE_2023","capped_3pct_cv_naltmax",0,0,0,0
"DE_2023","capped_3pct_top10_nw",0.535743094184087,0.027057175503241,0.482711030197734,0.588775158170439
"DE_2023","capped_3pct_top10_nwx",0.576882854428754,0.0273263448721149,0.523323218479409,0.630442490378099
"DE_2023","capped_3pct_top10_ratio",0.928695289848915,0.0110151199025756,0.907105654839867,0.950284924857963
"DE_2023","capped_3pct_top10_ok",1,0,1,1
"DE_2023","capped_3pct_top10_keptmin",1,0,1,1
"DE_2023","capped_3pct_top10_naltmax",0,0,0,0
"DE_2023","capped_3pct_top1_nw",0.157528849130383,0.0146264909414704,0.128860926885101,0.186196771375665
"DE_2023","capped_3pct_top1_nwx",0.180076710961297,0.0147355024240798,0.151195126210101,0.208958295712493
"DE_2023","capped_3pct_top1_ratio",0.874815825027551,0.0324880517914417,0.811139243516325,0.938492406538776
"DE_2023","capped_3pct_top1_ok",1,0,1,1
"DE_2023","capped_3pct_top1_keptmin",1,0,1,1
"DE_2023","capped_3pct_top1_naltmax",0,0,0,0
"DE_2023","capped_3pct_sgini4_nw",0.955987467671094,0.0152483574553763,0.926100687058556,0.985874248283631
"DE_2023","capped_3pct_sgini4_nwx",0.982553884121874,0.0170889683679026,0.949059506120785,1.01604826212296
"DE_2023","capped_3pct_sgini4_ratio",0.972961936806903,0.00431653354550228,0.964501531057719,0.981422342556088
"DE_2023","capped_3pct_sgini4_ok",1,0,1,1
"DE_2023","capped_3pct_sgini4_keptmin",1,0,1,1
"DE_2023","capped_3pct_sgini4_naltmax",0,0,0,0
"DE_2023","capped_3pct_gini_abs_nw",236059.935802202,15865.4397971626,204963.673799764,267156.197804641
"DE_2023","capped_3pct_gini_abs_nwx",206081.372871388,16108.7588023001,174508.20561888,237654.540123896
"DE_2023","capped_3pct_gini_abs_ratio",1.14548634390931,0.0213017261521601,1.10373496065108,1.18723772716755
"DE_2023","capped_3pct_gini_abs_ok",1,0,1,1
"DE_2023","capped_3pct_gini_abs_keptmin",1,0,1,1
"DE_2023","capped_3pct_gini_abs_naltmax",0,0,0,0
"DE_2023","capped_3pct_variance_nw",459866015549.163,105204433193.49,253665326489.924,666066704608.403
"DE_2023","capped_3pct_variance_nwx",389854543688.771,101281317766.055,191343160867.303,588365926510.24
"DE_2023","capped_3pct_variance_ratio",1.18007345781732,0.0641519284691144,1.05433567801786,1.30581123761679
"DE_2023","capped_3pct_variance_ok",1,0,1,1
"DE_2023","capped_3pct_variance_keptmin",1,0,1,1
"DE_2023","capped_3pct_variance_naltmax",0,0,0,0
"DE_2023","capped_3pct_kolm0.5_nw",0.134694249410016,0.0056249292575369,0.123669388065244,0.145719110754789
"DE_2023","capped_3pct_kolm0.5_nwx",0.114637310759373,0.00588866516832433,0.103095527029457,0.126179094489289
"DE_2023","capped_3pct_kolm0.5_ratio",1.17492830724777,0.0408908123409703,1.09478231505947,1.25507429943608
"DE_2023","capped_3pct_kolm0.5_ok",1,0,1,1
"DE_2023","capped_3pct_kolm0.5_keptmin",1,0,1,1
"DE_2023","capped_3pct_kolm0.5_naltmax",0,0,0,0
"DE_2023","capped_3pct_kolm1_nw",0.209239355252247,0.0210006742299217,0.168078033761601,0.250400676742894
"DE_2023","capped_3pct_kolm1_nwx",0.178410532311362,0.0183422186373027,0.142459783782248,0.214361280840475
"DE_2023","capped_3pct_kolm1_ratio",1.17274275535622,0.033530637483636,1.10702270588829,1.23846280482415
"DE_2023","capped_3pct_kolm1_ok",1,0,1,1
"DE_2023","capped_3pct_kolm1_keptmin",1,0,1,1
"DE_2023","capped_3pct_kolm1_naltmax",0,0,0,0
"DE_2023","capped_3pct_p75_p25_nw",390300,17368.8285183544,356257.096104025,424342.903895975
"DE_2023","capped_3pct_p75_p25_nwx",313170,17439.9733068392,278987.652318595,347352.347681405
"DE_2023","capped_3pct_p75_p25_ratio",1.24636935380117,0.0580061466434346,1.13267730638004,1.36006140122231
"DE_2023","capped_3pct_p75_p25_ok",1,0,1,1
"DE_2023","capped_3pct_p75_p25_keptmin",1,0,1,1
"DE_2023","capped_3pct_p75_p25_naltmax",0,0,0,0
"DE_2023","capped_3pct_p90_p10_nw",782814,42077.2635629766,700342.563416566,865285.436583434
"DE_2023","capped_3pct_p90_p10_nwx",662500.211949397,31457.1392857311,600844.218949364,724156.20494943
"DE_2023","capped_3pct_p90_p10_ratio",1.18163445694843,0.0479815981507842,1.08759052457289,1.27567838932397
"DE_2023","capped_3pct_p90_p10_ok",1,0,1,1
"DE_2023","capped_3pct_p90_p10_keptmin",1,0,1,1
"DE_2023","capped_3pct_p90_p10_naltmax",0,0,0,0
"DE_2023","capped_3pct_inter1_nw",0.0217289365774826,0.175389382759959,-0.322034253632038,0.365492126787003
"DE_2023","capped_3pct_inter1_nwx",0.0191525342016077,0.176969126905222,-0.327706954532627,0.366012022935843
"DE_2023","capped_3pct_inter1_ratio",1.13478768956644,0.0758652393529296,0.986091820434697,1.28348355869818
"DE_2023","capped_3pct_inter1_ok",1,0,1,1
"DE_2023","capped_3pct_inter1_keptmin",1,0,1,1
"DE_2023","capped_3pct_inter1_naltmax",0,0,0,0
"DE_2023","capped_3pct_inter2_nw",0.0288692544129514,0.366022320912505,-0.688534494575558,0.746273003401461
"DE_2023","capped_3pct_inter2_nwx",0.0254742755896833,0.389068152062159,-0.737099302452149,0.788047853631516
"DE_2023","capped_3pct_inter2_ratio",1.13372745872498,0.100407601224968,0.936928560324048,1.33052635712592
"DE_2023","capped_3pct_inter2_ok",1,0,1,1
"DE_2023","capped_3pct_inter2_keptmin",1,0,1,1
"DE_2023","capped_3pct_inter2_naltmax",0,0,0,0
"DE_2023","capped_3pct_ge2_nw",1.94017080730194,0.270610277450301,1.40977466349935,2.47056695110453
"DE_2023","capped_3pct_ge2_nwx",2.17796036725427,0.310986233527546,1.56842734954028,2.78749338496826
"DE_2023","capped_3pct_ge2_ratio",0.891120669919185,0.0356402703332295,0.821265740066055,0.960975599772315
"DE_2023","capped_3pct_ge2_ok",1,0,1,1
"DE_2023","capped_3pct_ge2_keptmin",0.866533990379965,0.010989027926449,0.844995495644125,0.888072485115805
"DE_2023","capped_3pct_ge2_naltmax",0.133466009620035,0.010989027926449,0.111927514884195,0.155004504355875
"DE_2023","capped_3pct_ge_theil_nw",0.953076451253532,0.06806075783742,0.819677365892189,1.08647553661488
"DE_2023","capped_3pct_ge_theil_nwx",1.01522166770309,0.0732229050607061,0.871704773784102,1.15873856162207
"DE_2023","capped_3pct_ge_theil_ratio",0.938841966956189,0.015380162467422,0.908696848520042,0.968987085392336
"DE_2023","capped_3pct_ge_theil_ok",1,0,1,1
"DE_2023","capped_3pct_ge_theil_keptmin",0.866533990379965,0.010989027926449,0.844995495644125,0.888072485115805
"DE_2023","capped_3pct_ge_theil_naltmax",0.133466009620035,0.010989027926449,0.111927514884195,0.155004504355875
"DE_2023","capped_3pct_ge_mld_nw",1.49047726698876,0.0714072427013594,1.3505190712941,1.63043546268342
"DE_2023","capped_3pct_ge_mld_nwx",1.53471494830376,0.0735450824620334,1.39056658667817,1.67886330992934
"DE_2023","capped_3pct_ge_mld_ratio",0.971195624792435,0.0121986079452936,0.947286353219659,0.99510489636521
"DE_2023","capped_3pct_ge_mld_ok",1,0,1,1
"DE_2023","capped_3pct_ge_mld_keptmin",0.866533990379965,0.010989027926449,0.844995495644125,0.888072485115805
"DE_2023","capped_3pct_ge_mld_naltmax",0.133466009620035,0.010989027926449,0.111927514884195,0.155004504355875
"DE_2023","capped_3pct_atkinson05_nw",0.43198781385549,0.0186638114420694,0.395406743429034,0.468568884281946
"DE_2023","capped_3pct_atkinson05_nwx",0.449729807127018,0.0195601031586992,0.411392004935968,0.488067609318069
"DE_2023","capped_3pct_atkinson05_ratio",0.960568910684699,0.0095307049730309,0.941888728937559,0.97924909243184
"DE_2023","capped_3pct_atkinson05_ok",1,0,1,1
"DE_2023","capped_3pct_atkinson05_keptmin",0.866533990379965,0.010989027926449,0.844995495644125,0.888072485115805
"DE_2023","capped_3pct_atkinson05_naltmax",0.133466009620035,0.010989027926449,0.111927514884195,0.155004504355875
"DE_2023","capped_3pct_atkinson1_nw",0.77472430400646,0.0153366068190601,0.744664554641102,0.804784053371818
"DE_2023","capped_3pct_atkinson1_nwx",0.784464706690341,0.0151136993185051,0.754841856026071,0.814087557354611
"DE_2023","capped_3pct_atkinson1_ratio",0.987586761316592,0.00519559259093564,0.977403399838358,0.997770122794826
"DE_2023","capped_3pct_atkinson1_ok",1,0,1,1
"DE_2023","capped_3pct_atkinson1_keptmin",0.866533990379965,0.010989027926449,0.844995495644125,0.888072485115805
"DE_2023","capped_3pct_atkinson1_naltmax",0.133466009620035,0.010989027926449,0.111927514884195,0.155004504355875
"DE_2023","capped_3pct_atkinson2_nw",0.994411909416684,0.00241128078121235,0.989685799085508,0.999138019747861
"DE_2023","capped_3pct_atkinson2_nwx",0.99395570369531,0.00275519840794079,0.988555514815746,0.999355892574874
"DE_2023","capped_3pct_atkinson2_ratio",1.00045921257642,0.000440897013821995,0.999595054429331,1.00132337072351
"DE_2023","capped_3pct_atkinson2_ok",1,0,1,1
"DE_2023","capped_3pct_atkinson2_keptmin",0.866533990379965,0.010989027926449,0.844995495644125,0.888072485115805
"DE_2023","capped_3pct_atkinson2_naltmax",0.133466009620035,0.010989027926449,0.111927514884195,0.155004504355875
"DE_2023","capped_3pct_ge2_bach1_nw",2.10606323832941,0.30633977073387,1.50563728769103,2.7064891889678
"DE_2023","capped_3pct_ge2_bach1_nwx",2.59024186020036,0.36755568061267,1.86983272619952,3.31065099420119
"DE_2023","capped_3pct_ge2_bach1_ratio",0.813266267829446,0.0334619690659279,0.747680808460228,0.878851727198665
"DE_2023","capped_3pct_ge2_bach1_ok",1,0,1,1
"DE_2023","capped_3pct_ge2_bach1_keptmin",1,0,1,1
"DE_2023","capped_3pct_ge2_bach1_naltmax",0.133466009620035,0.010989027926449,0.111927514884195,0.155004504355875
"DE_2023","capped_3pct_ge_theil_bach1_nw",1.01886595749958,0.0748378454099824,0.872183780496019,1.16554813450315
"DE_2023","capped_3pct_ge_theil_bach1_nwx",1.15847086865682,0.0767154179167956,1.0081086495399,1.30883308777374
"DE_2023","capped_3pct_ge_theil_bach1_ratio",0.879509513658876,0.0163625466098222,0.847438922303624,0.911580105014127
"DE_2023","capped_3pct_ge_theil_bach1_ok",1,0,1,1
"DE_2023","capped_3pct_ge_theil_bach1_keptmin",1,0,1,1
"DE_2023","capped_3pct_ge_theil_bach1_naltmax",0.133466009620035,0.010989027926449,0.111927514884195,0.155004504355875
"DE_2023","capped_3pct_ge_mld_bach1_nw",2.14281212641446,0.157739334524416,1.8336430307466,2.45198122208231
"DE_2023","capped_3pct_ge_mld_bach1_nwx",2.87622674133187,0.139392880196682,2.60301669614637,3.14943678651736
"DE_2023","capped_3pct_ge_mld_bach1_ratio",0.745013033264713,0.0297659557539916,0.68667175998689,0.803354306542537
"DE_2023","capped_3pct_ge_mld_bach1_ok",1,0,1,1
"DE_2023","capped_3pct_ge_mld_bach1_keptmin",1,0,1,1
"DE_2023","capped_3pct_ge_mld_bach1_naltmax",0.133466009620035,0.010989027926449,0.111927514884195,0.155004504355875
"DE_2023","capped_3pct_atkinson05_bach1_nw",0.46799603466567,0.0212199106344699,0.426405009822109,0.509587059509232
"DE_2023","capped_3pct_atkinson05_bach1_nwx",0.52282650854517,0.0189702465854926,0.485644825237605,0.560008191852736
"DE_2023","capped_3pct_atkinson05_bach1_ratio",0.895127341929266,0.0133023843209838,0.869054668660138,0.921200015198395
"DE_2023","capped_3pct_atkinson05_bach1_ok",1,0,1,1
"DE_2023","capped_3pct_atkinson05_bach1_keptmin",1,0,1,1
"DE_2023","capped_3pct_atkinson05_bach1_naltmax",0.133466009620035,0.010989027926449,0.111927514884195,0.155004504355875
"DE_2023","capped_3pct_atkinson1_bach1_nw",0.882674484216354,0.0167517376329944,0.849841078455685,0.915507889977023
"DE_2023","capped_3pct_atkinson1_bach1_nwx",0.943651224972476,0.00715787164277605,0.929621796552635,0.957680653392317
"DE_2023","capped_3pct_atkinson1_bach1_ratio",0.935382284901572,0.0122547497936368,0.911362975306044,0.9594015944971
"DE_2023","capped_3pct_atkinson1_bach1_ok",1,0,1,1
"DE_2023","capped_3pct_atkinson1_bach1_keptmin",1,0,1,1
"DE_2023","capped_3pct_atkinson1_bach1_naltmax",0.133466009620035,0.010989027926449,0.111927514884195,0.155004504355875
"DE_2023","capped_3pct_atkinson2_bach1_nw",0.99995257493313,7.24482480979623e-06,0.999938375076502,0.999966774789757
"DE_2023","capped_3pct_atkinson2_bach1_nwx",0.999972617106511,2.60891043730383e-06,0.999967503642054,0.999977730570969
"DE_2023","capped_3pct_atkinson2_bach1_ratio",0.999979957277747,5.23093642453672e-06,0.999969704642354,0.999990209913139
"DE_2023","capped_3pct_atkinson2_bach1_ok",1,0,1,1
"DE_2023","capped_3pct_atkinson2_bach1_keptmin",1,0,1,1
"DE_2023","capped_3pct_atkinson2_bach1_naltmax",0.133466009620035,0.010989027926449,0.111927514884195,0.155004504355875
"DE_2023","capped_3pct_mu_ratio_nw",0.984818740115831,0.00673294546438337,0.97162216700564,0.998015313226022
"DE_2023","capped_3pct_mu_ratio_nwx",0.981730961325219,0.00802049894634034,0.966010783390392,0.997451139260046
"EE_2023","capped_3pct_gini_nw",0.654767209834333,0.0182902376093724,0.618918344119963,0.690616075548703
"EE_2023","capped_3pct_gini_nwx",0.678064931285904,0.0179607000222634,0.642861959242268,0.71326790332954
"EE_2023","capped_3pct_gini_ratio",0.965641158790961,0.00402526290047344,0.957751643506033,0.973530674075889
"EE_2023","capped_3pct_gini_ok",1,0,1,1
"EE_2023","capped_3pct_gini_keptmin",1,0,1,1
"EE_2023","capped_3pct_gini_naltmax",0,0,0,0
"EE_2023","capped_3pct_gini_rsv_nw",0.652988937575896,0.0182867499253935,0.617146907722125,0.688830967429667
"EE_2023","capped_3pct_gini_rsv_nwx",0.67608703139669,0.0179694127881991,0.64086698233182,0.71130708046156
"EE_2023","capped_3pct_gini_rsv_ratio",0.965835928249545,0.00401623935700464,0.957964099109816,0.973707757389274
"EE_2023","capped_3pct_gini_rsv_ok",1,0,1,1
"EE_2023","capped_3pct_gini_rsv_keptmin",1,0,1,1
"EE_2023","capped_3pct_gini_rsv_naltmax",0,0,0,0
"EE_2023","capped_3pct_cv_nw",3.12425427703479,0.478203870043371,2.18697469174978,4.06153386231979
"EE_2023","capped_3pct_cv_nwx",3.29001655144767,0.485438413613585,2.33855726076504,4.24147584213029
"EE_2023","capped_3pct_cv_ratio",0.949622387587411,0.0126433356868523,0.92484144964118,0.974403325533641
"EE_2023","capped_3pct_cv_ok",1,0,1,1
"EE_2023","capped_3pct_cv_keptmin",1,0,1,1
"EE_2023","capped_3pct_cv_naltmax",0,0,0,0
"EE_2023","capped_3pct_top10_nw",0.516351013088587,0.0256982591649627,0.46598242512526,0.566719601051913
"EE_2023","capped_3pct_top10_nwx",0.536693940796965,0.0259813693997964,0.485770456773364,0.587617424820566
"EE_2023","capped_3pct_top10_ratio",0.96209673076641,0.00524961373102129,0.951807487853608,0.972385973679212
"EE_2023","capped_3pct_top10_ok",1,0,1,1
"EE_2023","capped_3pct_top10_keptmin",1,0,1,1
"EE_2023","capped_3pct_top10_naltmax",0,0,0,0
"EE_2023","capped_3pct_top1_nw",0.221605439224239,0.0331534313377887,0.156624713802173,0.286586164646305
"EE_2023","capped_3pct_top1_nwx",0.235313776243556,0.0341467871362737,0.16838607345646,0.302241479030653
"EE_2023","capped_3pct_top1_ratio",0.941753053229979,0.00912028704483289,0.923877290622107,0.959628815837852
"EE_2023","capped_3pct_top1_ok",1,0,1,1
"EE_2023","capped_3pct_top1_keptmin",1,0,1,1
"EE_2023","capped_3pct_top1_naltmax",0,0,0,0
"EE_2023","capped_3pct_sgini4_nw",0.859129300512244,0.00950121119466443,0.840506926570701,0.877751674453786
"EE_2023","capped_3pct_sgini4_nwx",0.880389280367616,0.00868323090324545,0.863370147797255,0.897408412937977
"EE_2023","capped_3pct_sgini4_ratio",0.975851623571522,0.00293354176268776,0.970101881716654,0.98160136542639
"EE_2023","capped_3pct_sgini4_ok",1,0,1,1
"EE_2023","capped_3pct_sgini4_keptmin",1,0,1,1
"EE_2023","capped_3pct_sgini4_naltmax",0,0,0,0
"EE_2023","capped_3pct_gini_abs_nw",137707.683833613,11370.5991774679,115421.309445776,159994.05822145
"EE_2023","capped_3pct_gini_abs_nwx",132754.08710281,11189.0023170897,110823.642561314,154684.531644306
"EE_2023","capped_3pct_gini_abs_ratio",1.03733209094575,0.00607231629807157,1.02543035100153,1.04923383088997
"EE_2023","capped_3pct_gini_abs_ok",1,0,1,1
"EE_2023","capped_3pct_gini_abs_keptmin",1,0,1,1
"EE_2023","capped_3pct_gini_abs_naltmax",0,0,0,0
"EE_2023","capped_3pct_variance_nw",431928758234.025,162003025357.503,114402828533.32,749454687934.73
"EE_2023","capped_3pct_variance_nwx",415090886443.092,152410678345.684,116365956885.552,713815816000.633
"EE_2023","capped_3pct_variance_ratio",1.04065373474804,0.0251519903542956,0.991355833653618,1.08995163584246
"EE_2023","capped_3pct_variance_ok",1,0,1,1
"EE_2023","capped_3pct_variance_keptmin",1,0,1,1
"EE_2023","capped_3pct_variance_naltmax",0,0,0,0
"EE_2023","capped_3pct_kolm0.5_nw",0.0729101502113966,0.0130327815519378,0.0473658983695986,0.0984544020531946
"EE_2023","capped_3pct_kolm0.5_nwx",0.0707309985343095,0.0125899079068506,0.0460547790368823,0.0954072180317367
"EE_2023","capped_3pct_kolm0.5_ratio",1.03081927124654,0.00914704613334061,1.0128910608252,1.04874748166789
"EE_2023","capped_3pct_kolm0.5_ok",1,0,1,1
"EE_2023","capped_3pct_kolm0.5_keptmin",1,0,1,1
"EE_2023","capped_3pct_kolm0.5_naltmax",0,0,0,0
"EE_2023","capped_3pct_kolm1_nw",0.0977378432951393,0.0200711570975277,0.058398375383985,0.137077311206294
"EE_2023","capped_3pct_kolm1_nwx",0.0943286832585681,0.0191133062244816,0.0568666030585842,0.131790763458552
"EE_2023","capped_3pct_kolm1_ratio",1.03614371693883,0.00920454873869106,1.01810280141099,1.05418463246666
"EE_2023","capped_3pct_kolm1_ok",1,0,1,1
"EE_2023","capped_3pct_kolm1_keptmin",1,0,1,1
"EE_2023","capped_3pct_kolm1_naltmax",0,0,0,0
"EE_2023","capped_3pct_p75_p25_nw",185373.35,6914.19991934787,171821.518158078,198925.181841922
"EE_2023","capped_3pct_p75_p25_nwx",171913.399351564,8626.33138361124,155005.789839686,188821.008863442
"EE_2023","capped_3pct_p75_p25_ratio",1.07850894702687,0.0346871508648857,1.01052213133169,1.14649576272204
"EE_2023","capped_3pct_p75_p25_ok",1,0,1,1
"EE_2023","capped_3pct_p75_p25_keptmin",1,0,1,1
"EE_2023","capped_3pct_p75_p25_naltmax",0,0,0,0
"EE_2023","capped_3pct_p90_p10_nw",399352,16335.6760601377,367334.07492213,431369.92507787
"EE_2023","capped_3pct_p90_p10_nwx",381513.693033471,14133.6810162198,353811.67824168,409215.707825262
"EE_2023","capped_3pct_p90_p10_ratio",1.04678022500189,0.0208324117455573,1.0059486979806,1.08761175202319
"EE_2023","capped_3pct_p90_p10_ok",1,0,1,1
"EE_2023","capped_3pct_p90_p10_keptmin",1,0,1,1
"EE_2023","capped_3pct_p90_p10_naltmax",0,0,0,0
"EE_2023","capped_3pct_inter1_nw",0.557803293916687,0.118706444373353,0.325138662944916,0.790467924888458
"EE_2023","capped_3pct_inter1_nwx",0.580564493997121,0.125965170695644,0.333672759433659,0.827456228560582
"EE_2023","capped_3pct_inter1_ratio",0.961078785774544,0.0108768462407103,0.939760167142752,0.982397404406336
"EE_2023","capped_3pct_inter1_ok",1,0,1,1
"EE_2023","capped_3pct_inter1_keptmin",1,0,1,1
"EE_2023","capped_3pct_inter1_naltmax",0,0,0,0
"EE_2023","capped_3pct_inter2_nw",2.42980601722095,0.923466894009503,0.619810904962319,4.23980112947957
"EE_2023","capped_3pct_inter2_nwx",2.58118598198007,0.978002788293166,0.664300516925468,4.49807144703468
"EE_2023","capped_3pct_inter2_ratio",0.941805982749081,0.0252553048762924,0.892305585191548,0.991306380306614
"EE_2023","capped_3pct_inter2_ok",1,0,1,1
"EE_2023","capped_3pct_inter2_keptmin",1,0,1,1
"EE_2023","capped_3pct_inter2_naltmax",0,0,0,0
"EE_2023","capped_3pct_ge2_nw",4.70157265762369,1.37639517850511,2.00383810775368,7.39930720749371
"EE_2023","capped_3pct_ge2_nwx",5.00767414823735,1.42073373448798,2.22303602864091,7.7923122678338
"EE_2023","capped_3pct_ge2_ratio",0.938895669598494,0.0238620312356372,0.892126088376646,0.985665250820343
"EE_2023","capped_3pct_ge2_ok",1,0,1,1
"EE_2023","capped_3pct_ge2_keptmin",0.934186799003196,0.00610474960584128,0.922221489775747,0.946152108230645
"EE_2023","capped_3pct_ge2_naltmax",0.065813200996804,0.00610474960584128,0.053847891769355,0.0777785102242529
"EE_2023","capped_3pct_ge_theil_nw",0.988058638023483,0.111013808685087,0.770471573000713,1.20564570304625
"EE_2023","capped_3pct_ge_theil_nwx",1.03316985906015,0.114153344989406,0.809429302880918,1.25691041523939
"EE_2023","capped_3pct_ge_theil_ratio",0.956345265897878,0.00765559012261904,0.941340309257545,0.971350222538211
"EE_2023","capped_3pct_ge_theil_ok",1,0,1,1
"EE_2023","capped_3pct_ge_theil_keptmin",0.934186799003196,0.00610474960584128,0.922221489775747,0.946152108230645
"EE_2023","capped_3pct_ge_theil_naltmax",0.065813200996804,0.00610474960584128,0.053847891769355,0.0777785102242529
"EE_2023","capped_3pct_ge_mld_nw",1.03279131297506,0.0583469604950116,0.918431270404834,1.14715135554528
"EE_2023","capped_3pct_ge_mld_nwx",1.06247695591026,0.0608393472028361,0.943231835392698,1.18172207642782
"EE_2023","capped_3pct_ge_mld_ratio",0.972067074396571,0.00780946548473432,0.956760522046492,0.98737362674665
"EE_2023","capped_3pct_ge_mld_ok",1,0,1,1
"EE_2023","capped_3pct_ge_mld_keptmin",0.934186799003196,0.00610474960584128,0.922221489775747,0.946152108230645
"EE_2023","capped_3pct_ge_mld_naltmax",0.065813200996804,0.00610474960584128,0.053847891769355,0.0777785102242529
"EE_2023","capped_3pct_atkinson05_nw",0.370933440921204,0.0234843051715777,0.324904202784911,0.416962679057496
"EE_2023","capped_3pct_atkinson05_nwx",0.383084503230057,0.0241219234971035,0.335805533175734,0.43036347328438
"EE_2023","capped_3pct_atkinson05_ratio",0.968286387567639,0.00563493303718659,0.957241918814753,0.979330856320525
"EE_2023","capped_3pct_atkinson05_ok",1,0,1,1
"EE_2023","capped_3pct_atkinson05_keptmin",0.934186799003196,0.00610474960584128,0.922221489775747,0.946152108230645
"EE_2023","capped_3pct_atkinson05_naltmax",0.065813200996804,0.00610474960584128,0.053847891769355,0.0777785102242529
"EE_2023","capped_3pct_atkinson1_nw",0.643975642404763,0.0208756883472213,0.603059293244209,0.684891991565317
"EE_2023","capped_3pct_atkinson1_nwx",0.654385855283312,0.0211426633122786,0.612946235191246,0.695825475375378
"EE_2023","capped_3pct_atkinson1_ratio",0.984093516387965,0.00447944819033653,0.975313797934906,0.992873234841025
"EE_2023","capped_3pct_atkinson1_ok",1,0,1,1
"EE_2023","capped_3pct_atkinson1_keptmin",0.934186799003196,0.00610474960584128,0.922221489775747,0.946152108230645
"EE_2023","capped_3pct_atkinson1_naltmax",0.065813200996804,0.00610474960584128,0.053847891769355,0.0777785102242529
"EE_2023","capped_3pct_atkinson2_nw",0.994899420024385,0.00346138134355406,0.988115112591019,1.00168372745775
"EE_2023","capped_3pct_atkinson2_nwx",0.994775465916541,0.00378345973139411,0.987359884843009,1.00219104699007
"EE_2023","capped_3pct_atkinson2_ratio",1.00012460552524,0.000488256509348339,0.999167622766919,1.00108158828356
"EE_2023","capped_3pct_atkinson2_ok",1,0,1,1
"EE_2023","capped_3pct_atkinson2_keptmin",0.934186799003196,0.00610474960584128,0.922221489775747,0.946152108230645
"EE_2023","capped_3pct_atkinson2_naltmax",0.065813200996804,0.00610474960584128,0.053847891769355,0.0777785102242529
"EE_2023","capped_3pct_ge2_bach1_nw",4.8665609208445,1.42020200567503,2.08296498972144,7.65015685196756
"EE_2023","capped_3pct_ge2_bach1_nwx",5.39568005776566,1.52024824114015,2.41599350513097,8.37536661040035
"EE_2023","capped_3pct_ge2_bach1_ratio",0.901958648004218,0.0239649824225318,0.854987282456055,0.94893001355238
"EE_2023","capped_3pct_ge2_bach1_ok",1,0,1,1
"EE_2023","capped_3pct_ge2_bach1_keptmin",1,0,1,1
"EE_2023","capped_3pct_ge2_bach1_naltmax",0.065813200996804,0.00610474960584128,0.053847891769355,0.0777785102242529
"EE_2023","capped_3pct_ge_theil_bach1_nw",1.01928687629674,0.111123505578046,0.801484805363767,1.23708894722971
"EE_2023","capped_3pct_ge_theil_bach1_nwx",1.10124400704675,0.114310576777269,0.877195276563298,1.32529273753019
"EE_2023","capped_3pct_ge_theil_bach1_ratio",0.925579868501188,0.00970008813889292,0.906567695748958,0.944592041253418
"EE_2023","capped_3pct_ge_theil_bach1_ok",1,0,1,1
"EE_2023","capped_3pct_ge_theil_bach1_keptmin",1,0,1,1
"EE_2023","capped_3pct_ge_theil_bach1_naltmax",0.065813200996804,0.00610474960584128,0.053847891769355,0.0777785102242529
"EE_2023","capped_3pct_ge_mld_bach1_nw",1.34766014643481,0.0733667152499583,1.2038613845449,1.49145890832473
"EE_2023","capped_3pct_ge_mld_bach1_nwx",1.73096168838369,0.085440994980357,1.56349733822219,1.89842603854519
"EE_2023","capped_3pct_ge_mld_bach1_ratio",0.778563401142643,0.02235931823726,0.734739137397614,0.822387664887673
"EE_2023","capped_3pct_ge_mld_bach1_ok",1,0,1,1
"EE_2023","capped_3pct_ge_mld_bach1_keptmin",1,0,1,1
"EE_2023","capped_3pct_ge_mld_bach1_naltmax",0.065813200996804,0.00610474960584128,0.053847891769355,0.0777785102242529
"EE_2023","capped_3pct_atkinson05_bach1_nw",0.39017107639714,0.0229169418358002,0.345253870398972,0.435088282395309
"EE_2023","capped_3pct_atkinson05_bach1_nwx",0.423459368628325,0.0228150142580126,0.37874194068262,0.46817679657403
"EE_2023","capped_3pct_atkinson05_bach1_ratio",0.92138882442024,0.00925492208300234,0.903249177137555,0.939528471702925
"EE_2023","capped_3pct_atkinson05_bach1_ok",1,0,1,1
"EE_2023","capped_3pct_atkinson05_bach1_keptmin",1,0,1,1
"EE_2023","capped_3pct_atkinson05_bach1_naltmax",0.065813200996804,0.00610474960584128,0.053847891769355,0.0777785102242529
"EE_2023","capped_3pct_atkinson1_bach1_nw",0.740140302754299,0.0191609400481808,0.702584860259865,0.777695745248733
"EE_2023","capped_3pct_atkinson1_bach1_nwx",0.822873149643447,0.015229476168742,0.793023376352713,0.852722922934181
"EE_2023","capped_3pct_atkinson1_bach1_ratio",0.899457306244665,0.0126891188565162,0.874586633285893,0.924327979203437
"EE_2023","capped_3pct_atkinson1_bach1_ok",1,0,1,1
"EE_2023","capped_3pct_atkinson1_bach1_keptmin",1,0,1,1
"EE_2023","capped_3pct_atkinson1_bach1_naltmax",0.065813200996804,0.00610474960584128,0.053847891769355,0.0777785102242529
"EE_2023","capped_3pct_atkinson2_bach1_nw",0.999849793448386,2.44991467736195e-05,0.999801775120709,0.999897811776062
"EE_2023","capped_3pct_atkinson2_bach1_nwx",0.999923477196987,8.39983740276925e-06,0.999907013515678,0.999939940878297
"EE_2023","capped_3pct_atkinson2_bach1_ratio",0.999926310611364,1.8949602616234e-05,0.999889169390236,0.999963451832492
"EE_2023","capped_3pct_atkinson2_bach1_ok",1,0,1,1
"EE_2023","capped_3pct_atkinson2_bach1_keptmin",1,0,1,1
"EE_2023","capped_3pct_atkinson2_bach1_naltmax",0.065813200996804,0.00610474960584128,0.053847891769355,0.0777785102242529
"EE_2023","capped_3pct_mu_ratio_nw",0.997283980677722,0.000866434504707208,0.995585769048496,0.998982192306949
"EE_2023","capped_3pct_mu_ratio_nwx",0.997082870106615,0.00093252136215222,0.995255128236797,0.998910611976433
"ES_2023","capped_3pct_gini_nw",0.673579341439977,0.0156414103162364,0.642922177220154,0.704236505659801
"ES_2023","capped_3pct_gini_nwx",0.708098910115335,0.0169975357030671,0.674783740137324,0.741414080093347
"ES_2023","capped_3pct_gini_ratio",0.9512504759413,0.00978161575297966,0.93207850906546,0.97042244281714
"ES_2023","capped_3pct_gini_ok",1,0,1,1
"ES_2023","capped_3pct_gini_keptmin",1,0,1,1
"ES_2023","capped_3pct_gini_naltmax",0,0,0,0
"ES_2023","capped_3pct_gini_rsv_nw",0.670622160458325,0.015710031777699,0.639830498174035,0.701413822742615
"ES_2023","capped_3pct_gini_rsv_nwx",0.703816872898689,0.0171213021592837,0.670259120666493,0.737374625130886
"ES_2023","capped_3pct_gini_rsv_ratio",0.952836232423208,0.00988199286887166,0.933467526400219,0.972204938446196
"ES_2023","capped_3pct_gini_rsv_ok",1,0,1,1
"ES_2023","capped_3pct_gini_rsv_keptmin",1,0,1,1
"ES_2023","capped_3pct_gini_rsv_naltmax",0,0,0,0
"ES_2023","capped_3pct_cv_nw",4.92024659712279,0.963689591448787,3.03141499788317,6.80907819636241
"ES_2023","capped_3pct_cv_nwx",6.37894998065275,1.35309473449025,3.72688430105187,9.03101566025363
"ES_2023","capped_3pct_cv_ratio",0.771324371834371,0.0327089865583463,0.707214758180012,0.83543398548873
"ES_2023","capped_3pct_cv_ok",1,0,1,1
"ES_2023","capped_3pct_cv_keptmin",1,0,1,1
"ES_2023","capped_3pct_cv_naltmax",0,0,0,0
"ES_2023","capped_3pct_top10_nw",0.527307572950475,0.0227711920464748,0.482676036539384,0.571939109361566
"ES_2023","capped_3pct_top10_nwx",0.548197597021845,0.0261677366239483,0.496908833238906,0.599486360804783
"ES_2023","capped_3pct_top10_ratio",0.961893678297474,0.0190881443018933,0.924480915465763,0.999306441129185
"ES_2023","capped_3pct_top10_ok",1,0,1,1
"ES_2023","capped_3pct_top10_keptmin",1,0,1,1
"ES_2023","capped_3pct_top10_naltmax",0,0,0,0
"ES_2023","capped_3pct_top1_nw",0.207084949064217,0.0335426024041835,0.141341448352017,0.272828449776416
"ES_2023","capped_3pct_top1_nwx",0.222420658734058,0.0414734847989806,0.141132628528056,0.30370868894006
"ES_2023","capped_3pct_top1_ratio",0.931057938124113,0.0691105311926392,0.79560129698654,1.06651457926169
"ES_2023","capped_3pct_top1_ok",1,0,1,1
"ES_2023","capped_3pct_top1_keptmin",1,0,1,1
"ES_2023","capped_3pct_top1_naltmax",0,0,0,0
"ES_2023","capped_3pct_sgini4_nw",0.883109401307315,0.00680686229259896,0.869767951213821,0.896450851400809
"ES_2023","capped_3pct_sgini4_nwx",0.922084984915209,0.00598365759544876,0.910357016028129,0.933812953802289
"ES_2023","capped_3pct_sgini4_ratio",0.957731078684667,0.00388398305825948,0.950118471890478,0.965343685478856
"ES_2023","capped_3pct_sgini4_ok",1,0,1,1
"ES_2023","capped_3pct_sgini4_keptmin",1,0,1,1
"ES_2023","capped_3pct_sgini4_naltmax",0,0,0,0
"ES_2023","capped_3pct_gini_abs_nw",216792.619174047,16889.1985956749,183689.789926524,249895.44842157
"ES_2023","capped_3pct_gini_abs_nwx",165182.47980078,14919.5687886636,135940.124975,194424.834626561
"ES_2023","capped_3pct_gini_abs_ratio",1.31244266279717,0.0456642128296503,1.22294080565106,1.40194451994329
"ES_2023","capped_3pct_gini_abs_ok",1,0,1,1
"ES_2023","capped_3pct_gini_abs_keptmin",1,0,1,1
"ES_2023","capped_3pct_gini_abs_naltmax",0,0,0,0
"ES_2023","capped_3pct_variance_nw",2508718495196.81,1277942697218.7,3950808648.15869,5013486181745.45
"ES_2023","capped_3pct_variance_nwx",2215214487530.54,1252607380880.84,-239895978995.9,4670324954056.97
"ES_2023","capped_3pct_variance_ratio",1.13252440834702,0.139592498558862,0.858923111171647,1.40612570552239
"ES_2023","capped_3pct_variance_ok",1,0,1,1
"ES_2023","capped_3pct_variance_keptmin",1,0,1,1
"ES_2023","capped_3pct_variance_naltmax",0,0,0,0
"ES_2023","capped_3pct_kolm0.5_nw",0.0372867871456562,0.010843688617455,0.0160331574554444,0.0585404168358681
"ES_2023","capped_3pct_kolm0.5_nwx",0.0257465025926927,0.00601417861394806,0.0139587125093545,0.0375342926760309
"ES_2023","capped_3pct_kolm0.5_ratio",1.44827608360016,0.178470702533652,1.0984735066342,1.79807866056612
"ES_2023","capped_3pct_kolm0.5_ok",1,0,1,1
"ES_2023","capped_3pct_kolm0.5_keptmin",1,0,1,1
"ES_2023","capped_3pct_kolm0.5_naltmax",0,0,0,0
"ES_2023","capped_3pct_kolm1_nw",0.051549387616043,0.0164423905104447,0.0193223022155714,0.0837764730165147
"ES_2023","capped_3pct_kolm1_nwx",0.0351172536147324,0.00965181565976161,0.0161996949215997,0.0540348123078652
"ES_2023","capped_3pct_kolm1_ratio",1.46796495239133,0.13817771175025,1.19713663736084,1.73879326742182
"ES_2023","capped_3pct_kolm1_ok",1,0,1,1
"ES_2023","capped_3pct_kolm1_keptmin",1,0,1,1
"ES_2023","capped_3pct_kolm1_naltmax",0,0,0,0
"ES_2023","capped_3pct_p75_p25_nw",283108.9,8704.47359227253,266048.131759146,300169.668240854
"ES_2023","capped_3pct_p75_p25_nwx",236384.91243005,6042.97760718706,224540.676319963,248229.148540136
"ES_2023","capped_3pct_p75_p25_ratio",1.19766982471649,0.0293492699070943,1.14014525569859,1.2551943937344
"ES_2023","capped_3pct_p75_p25_ok",1,0,1,1
"ES_2023","capped_3pct_p75_p25_keptmin",1,0,1,1
"ES_2023","capped_3pct_p75_p25_naltmax",0,0,0,0
"ES_2023","capped_3pct_p90_p10_nw",677887.6,22703.3181456985,633389.096434431,722386.103565569
"ES_2023","capped_3pct_p90_p10_nwx",499930.825666054,17606.3979586168,465422.285667165,534439.365664943
"ES_2023","capped_3pct_p90_p10_ratio",1.35597036133094,0.0399093770379315,1.2777479823366,1.43419274032529
"ES_2023","capped_3pct_p90_p10_ok",1,0,1,1
"ES_2023","capped_3pct_p90_p10_keptmin",1,0,1,1
"ES_2023","capped_3pct_p90_p10_naltmax",0,0,0,0
"ES_2023","capped_3pct_inter1_nw",0.428719888503693,0.142612962713415,0.149198481585399,0.708241295421987
"ES_2023","capped_3pct_inter1_nwx",0.391265842598093,0.161046758990302,0.0756141949771005,0.706917490219086
"ES_2023","capped_3pct_inter1_ratio",1.09904844682748,0.0995213742548369,0.903986553287995,1.29411034036696
"ES_2023","capped_3pct_inter1_ok",1,0,1,1
"ES_2023","capped_3pct_inter1_keptmin",1,0,1,1
"ES_2023","capped_3pct_inter1_naltmax",0,0,0,0
"ES_2023","capped_3pct_inter2_nw",3.87993981851167,2.25159851796787,-0.533193276705361,8.29307291372869
"ES_2023","capped_3pct_inter2_nwx",4.82996697809516,3.23949603442915,-1.51944524938598,11.1793792055763
"ES_2023","capped_3pct_inter2_ratio",0.807924278957698,0.0904974989715003,0.630549180973557,0.985299376941838
"ES_2023","capped_3pct_inter2_ok",1,0,1,1
"ES_2023","capped_3pct_inter2_keptmin",1,0,1,1
"ES_2023","capped_3pct_inter2_naltmax",0,0,0,0
"ES_2023","capped_3pct_ge2_nw",11.3274633661306,4.41953156859751,2.66518149167946,19.9897452405817
"ES_2023","capped_3pct_ge2_nwx",16.9282710354129,6.94662961256383,3.31287699478782,30.543665076038
"ES_2023","capped_3pct_ge2_ratio",0.669152218812461,0.0621944981658045,0.547251002407484,0.791053435217438
"ES_2023","capped_3pct_ge2_ok",1,0,1,1
"ES_2023","capped_3pct_ge2_keptmin",0.840932617729071,0.00732944833782545,0.826566898986933,0.855298336471209
"ES_2023","capped_3pct_ge2_naltmax",0.159067382270929,0.00732944833782547,0.144701663528791,0.173433101013067
"ES_2023","capped_3pct_ge_theil_nw",1.04735657230443,0.14445194385665,0.764230762345399,1.33048238226347
"ES_2023","capped_3pct_ge_theil_nwx",1.09537067359971,0.194016661237917,0.715098017573389,1.47564332962602
"ES_2023","capped_3pct_ge_theil_ratio",0.956160607831339,0.0564567773973923,0.84550532413245,1.06681589153023
"ES_2023","capped_3pct_ge_theil_ok",1,0,1,1
"ES_2023","capped_3pct_ge_theil_keptmin",0.840932617729071,0.00732944833782545,0.826566898986933,0.855298336471209
"ES_2023","capped_3pct_ge_theil_naltmax",0.159067382270929,0.00732944833782547,0.144701663528791,0.173433101013067
"ES_2023","capped_3pct_ge_mld_nw",1.10528095959208,0.0529027425414621,1.00159158421081,1.20897033497335
"ES_2023","capped_3pct_ge_mld_nwx",1.09387391772584,0.0625182673311465,0.971338113756798,1.21640972169489
"ES_2023","capped_3pct_ge_mld_ratio",1.01042937958714,0.023581177073535,0.964210272523016,1.05664848665127
"ES_2023","capped_3pct_ge_mld_ok",1,0,1,1
"ES_2023","capped_3pct_ge_mld_keptmin",0.840932617729071,0.00732944833782545,0.826566898986933,0.855298336471209
"ES_2023","capped_3pct_ge_mld_naltmax",0.159067382270929,0.00732944833782547,0.144701663528791,0.173433101013067
"ES_2023","capped_3pct_atkinson05_nw",0.38273965498881,0.0236023463654269,0.336479056112574,0.429000253865047
"ES_2023","capped_3pct_atkinson05_nwx",0.383733443575404,0.0295006265733424,0.325912215491653,0.441554671659156
"ES_2023","capped_3pct_atkinson05_ratio",0.997409046469265,0.029054098067883,0.940463014256214,1.05435507868232
"ES_2023","capped_3pct_atkinson05_ok",1,0,1,1
"ES_2023","capped_3pct_atkinson05_keptmin",0.840932617729071,0.00732944833782545,0.826566898986933,0.855298336471209
"ES_2023","capped_3pct_atkinson05_naltmax",0.159067382270929,0.00732944833782547,0.144701663528791,0.173433101013067
"ES_2023","capped_3pct_atkinson1_nw",0.668878553337739,0.0170002212490671,0.635558119689567,0.702198986985911
"ES_2023","capped_3pct_atkinson1_nwx",0.665080131117058,0.0201668261337272,0.625553151894953,0.704607110339163
"ES_2023","capped_3pct_atkinson1_ratio",1.00571163723926,0.0127985028825813,0.980626571589401,1.03079670288912
"ES_2023","capped_3pct_atkinson1_ok",1,0,1,1
"ES_2023","capped_3pct_atkinson1_keptmin",0.840932617729071,0.00732944833782545,0.826566898986933,0.855298336471209
"ES_2023","capped_3pct_atkinson1_naltmax",0.159067382270929,0.00732944833782547,0.144701663528791,0.173433101013067
"ES_2023","capped_3pct_atkinson2_nw",0.993737376782946,0.00210100254421851,0.989619411796278,0.997855341769615
"ES_2023","capped_3pct_atkinson2_nwx",0.991515233933158,0.0025032325820294,0.986608898072381,0.996421569793936
"ES_2023","capped_3pct_atkinson2_ratio",1.00224117093051,0.0016472405695565,0.999012579414177,1.00546976244684
"ES_2023","capped_3pct_atkinson2_ok",1,0,1,1
"ES_2023","capped_3pct_atkinson2_keptmin",0.840932617729071,0.00732944833782545,0.826566898986933,0.855298336471209
"ES_2023","capped_3pct_atkinson2_naltmax",0.159067382270929,0.00732944833782547,0.144701663528791,0.173433101013067
"ES_2023","capped_3pct_ge2_bach1_nw",12.0522351324297,4.68696722673487,2.86577936802932,21.23869089683
"ES_2023","capped_3pct_ge2_bach1_nwx",20.2244593952094,8.25704023075484,4.04066054292989,36.4082582474889
"ES_2023","capped_3pct_ge2_bach1_ratio",0.595920550503446,0.0543272881778632,0.489439065674834,0.702402035332058
"ES_2023","capped_3pct_ge2_bach1_ok",1,0,1,1
"ES_2023","capped_3pct_ge2_bach1_keptmin",1,0,1,1
"ES_2023","capped_3pct_ge2_bach1_naltmax",0.159067382270929,0.00732944833782547,0.144701663528791,0.173433101013067
"ES_2023","capped_3pct_ge_theil_bach1_nw",1.10683608514134,0.144349608119764,0.823910853226601,1.38976131705608
"ES_2023","capped_3pct_ge_theil_bach1_nwx",1.26860505425072,0.194234644173534,0.887905151670597,1.64930495683085
"ES_2023","capped_3pct_ge_theil_bach1_ratio",0.872477578579846,0.0407386028233478,0.792629917046084,0.952325240113607
"ES_2023","capped_3pct_ge_theil_bach1_ok",1,0,1,1
"ES_2023","capped_3pct_ge_theil_bach1_keptmin",1,0,1,1
"ES_2023","capped_3pct_ge_theil_bach1_naltmax",0.159067382270929,0.00732944833782547,0.144701663528791,0.173433101013067
"ES_2023","capped_3pct_ge_mld_bach1_nw",1.71788043835038,0.0680577413083053,1.5844872653861,1.85127361131466
"ES_2023","capped_3pct_ge_mld_bach1_nwx",2.74074286954326,0.0967632458141916,2.55108690774745,2.93039883133908
"ES_2023","capped_3pct_ge_mld_bach1_ratio",0.626795870130374,0.0189729077309422,0.589608970977727,0.663982769283021
"ES_2023","capped_3pct_ge_mld_bach1_ok",1,0,1,1
"ES_2023","capped_3pct_ge_mld_bach1_keptmin",1,0,1,1
"ES_2023","capped_3pct_ge_mld_bach1_naltmax",0.159067382270929,0.00732944833782547,0.144701663528791,0.173433101013067
"ES_2023","capped_3pct_atkinson05_bach1_nw",0.418230374381405,0.0223008952379485,0.374520619715025,0.461940129047784
"ES_2023","capped_3pct_atkinson05_bach1_nwx",0.481288696128747,0.0252555319560648,0.43178785349486,0.530789538762634
"ES_2023","capped_3pct_atkinson05_bach1_ratio",0.868980522100681,0.0183096210723108,0.833093664798952,0.90486737940241
"ES_2023","capped_3pct_atkinson05_bach1_ok",1,0,1,1
"ES_2023","capped_3pct_atkinson05_bach1_keptmin",1,0,1,1
"ES_2023","capped_3pct_atkinson05_bach1_naltmax",0.159067382270929,0.00732944833782547,0.144701663528791,0.173433101013067
"ES_2023","capped_3pct_atkinson1_bach1_nw",0.820553472555191,0.0120359970940999,0.796962918250755,0.844144026859627
"ES_2023","capped_3pct_atkinson1_bach1_nwx",0.935476334553206,0.0062016655606635,0.923321070054306,0.947631599052107
"ES_2023","capped_3pct_atkinson1_bach1_ratio",0.877150484583017,0.00991626889358717,0.857714597551587,0.896586371614448
"ES_2023","capped_3pct_atkinson1_bach1_ok",1,0,1,1
"ES_2023","capped_3pct_atkinson1_bach1_keptmin",1,0,1,1
"ES_2023","capped_3pct_atkinson1_bach1_naltmax",0.159067382270929,0.00732944833782547,0.144701663528791,0.173433101013067
"ES_2023","capped_3pct_atkinson2_bach1_nw",0.999946717582322,4.72800333936341e-06,0.999937450695777,0.999955984468867
"ES_2023","capped_3pct_atkinson2_bach1_nwx",0.999973191630999,1.9526150634226e-06,0.999969364505474,0.999977018756523
"ES_2023","capped_3pct_atkinson2_bach1_ratio",0.999973525241554,3.72799207273631e-06,0.999966218377092,0.999980832106017
"ES_2023","capped_3pct_atkinson2_bach1_ok",1,0,1,1
"ES_2023","capped_3pct_atkinson2_bach1_keptmin",1,0,1,1
"ES_2023","capped_3pct_atkinson2_bach1_naltmax",0.159067382270929,0.00732944833782547,0.144701663528791,0.173433101013067
"ES_2023","capped_3pct_mu_ratio_nw",0.995609723864518,0.000645442843253058,0.994344655891742,0.996874791837294
"ES_2023","capped_3pct_mu_ratio_nwx",0.993952775020517,0.000911067116758244,0.992167083471671,0.995738466569363
"FR_2023","capped_3pct_gini_nw",0.677710245115626,0.0149974075068772,0.648315326402147,0.707105163829105
"FR_2023","capped_3pct_gini_nwx",0.721559040955343,0.0141947623988257,0.693737306653645,0.749380775257042
"FR_2023","capped_3pct_gini_ratio",0.939230481012806,0.0041747394671548,0.931047991657182,0.947412970368429
"FR_2023","capped_3pct_gini_ok",1,0,1,1
"FR_2023","capped_3pct_gini_keptmin",1,0,1,1
"FR_2023","capped_3pct_gini_naltmax",0,0,0,0
"FR_2023","capped_3pct_gini_rsv_nw",0.676101609627431,0.0149005232993829,0.646896583960641,0.705306635294222
"FR_2023","capped_3pct_gini_rsv_nwx",0.719339367807163,0.0140710320500178,0.691760144989129,0.746918590625198
"FR_2023","capped_3pct_gini_rsv_ratio",0.939892406679287,0.00418467291289921,0.931690447770004,0.948094365588569
"FR_2023","capped_3pct_gini_rsv_ok",1,0,1,1
"FR_2023","capped_3pct_gini_rsv_keptmin",1,0,1,1
"FR_2023","capped_3pct_gini_rsv_naltmax",0,0,0,0
"FR_2023","capped_3pct_cv_nw",2.75862526929077,0.425404389365498,1.9248326661344,3.59241787244715
"FR_2023","capped_3pct_cv_nwx",3.33351544638027,0.590452592397032,2.17622836528209,4.49080252747845
"FR_2023","capped_3pct_cv_ratio",0.82754236890855,0.0220892633931445,0.784247412657987,0.870837325159113
"FR_2023","capped_3pct_cv_ok",1,0,1,1
"FR_2023","capped_3pct_cv_keptmin",1,0,1,1
"FR_2023","capped_3pct_cv_naltmax",0,0,0,0
"FR_2023","capped_3pct_top10_nw",0.506182854430138,0.0150448453193589,0.476694957604194,0.535670751256081
"FR_2023","capped_3pct_top10_nwx",0.546694966395848,0.0167829104100187,0.513800461992211,0.579589470799485
"FR_2023","capped_3pct_top10_ratio",0.925896314296085,0.00605529161937234,0.914027942722116,0.937764685870055
"FR_2023","capped_3pct_top10_ok",1,0,1,1
"FR_2023","capped_3pct_top10_keptmin",1,0,1,1
"FR_2023","capped_3pct_top10_naltmax",0,0,0,0
"FR_2023","capped_3pct_top1_nw",0.164699411197244,0.0102022029446697,0.144703093425692,0.184695728968797
"FR_2023","capped_3pct_top1_nwx",0.189719892039736,0.0135313103955812,0.163198523664397,0.216241260415075
"FR_2023","capped_3pct_top1_ratio",0.868118832593206,0.0155844195100613,0.837573370353486,0.898664294832926
"FR_2023","capped_3pct_top1_ok",1,0,1,1
"FR_2023","capped_3pct_top1_keptmin",1,0,1,1
"FR_2023","capped_3pct_top1_naltmax",0,0,0,0
"FR_2023","capped_3pct_sgini4_nw",0.900761936054985,0.0107301480655723,0.879730845846463,0.921793026263507
"FR_2023","capped_3pct_sgini4_nwx",0.934302946200382,0.00797159738913634,0.918678615317675,0.949927277083089
"FR_2023","capped_3pct_sgini4_ratio",0.96410049836426,0.00376520089013193,0.956720704619602,0.971480292108919
"FR_2023","capped_3pct_sgini4_ok",1,0,1,1
"FR_2023","capped_3pct_sgini4_keptmin",1,0,1,1
"FR_2023","capped_3pct_sgini4_naltmax",0,0,0,0
"FR_2023","capped_3pct_gini_abs_nw",224931.456401079,5639.73409686699,213877.57757122,235985.335230938
"FR_2023","capped_3pct_gini_abs_nwx",184658.155435824,5380.8246118423,174111.739196613,195204.571675035
"FR_2023","capped_3pct_gini_abs_ratio",1.21809651932352,0.0113690962364436,1.19581309070009,1.24037994794695
"FR_2023","capped_3pct_gini_abs_ok",1,0,1,1
"FR_2023","capped_3pct_gini_abs_keptmin",1,0,1,1
"FR_2023","capped_3pct_gini_abs_naltmax",0,0,0,0
"FR_2023","capped_3pct_variance_nw",838296607476.318,279535647808.365,290406737771.923,1386186477180.71
"FR_2023","capped_3pct_variance_nwx",727776762091.202,279328337412.937,180293220761.845,1275260303420.56
"FR_2023","capped_3pct_variance_ratio",1.15185954147196,0.0658480482371121,1.02279736692722,1.2809217160167
"FR_2023","capped_3pct_variance_ok",1,0,1,1
"FR_2023","capped_3pct_variance_keptmin",1,0,1,1
"FR_2023","capped_3pct_variance_naltmax",0,0,0,0
"FR_2023","capped_3pct_kolm0.5_nw",0.0765903768332084,0.0183352017573021,0.0406533813888963,0.112527372277521
"FR_2023","capped_3pct_kolm0.5_nwx",0.0596087945510213,0.0139231534207507,0.03231941384635,0.0868981752556926
"FR_2023","capped_3pct_kolm0.5_ratio",1.28488383987789,0.0296540834988637,1.22676183622012,1.34300584353566
"FR_2023","capped_3pct_kolm0.5_ok",1,0,1,1
"FR_2023","capped_3pct_kolm0.5_keptmin",1,0,1,1
"FR_2023","capped_3pct_kolm0.5_naltmax",0,0,0,0
"FR_2023","capped_3pct_kolm1_nw",0.112104630908093,0.026113275752248,0.0609226104336864,0.163286651382499
"FR_2023","capped_3pct_kolm1_nwx",0.0865431242817136,0.0197825202771998,0.0477693845384019,0.125316864025025
"FR_2023","capped_3pct_kolm1_ratio",1.29536149565356,0.0246900612304224,1.24696897564193,1.34375401566519
"FR_2023","capped_3pct_kolm1_ok",1,0,1,1
"FR_2023","capped_3pct_kolm1_keptmin",1,0,1,1
"FR_2023","capped_3pct_kolm1_naltmax",0,0,0,0
"FR_2023","capped_3pct_p75_p25_nw",367535.56,7972.10035298235,351910.243308155,383160.876691845
"FR_2023","capped_3pct_p75_p25_nwx",286741.562431082,8306.63802200446,270460.551907953,303022.572954211
"FR_2023","capped_3pct_p75_p25_ratio",1.28176591103125,0.0221126794199884,1.23842505936807,1.32510676269443
"FR_2023","capped_3pct_p75_p25_ok",1,0,1,1
"FR_2023","capped_3pct_p75_p25_keptmin",1,0,1,1
"FR_2023","capped_3pct_p75_p25_naltmax",0,0,0,0
"FR_2023","capped_3pct_p90_p10_nw",761474,18665.9036090424,724888.828926277,798059.171073723
"FR_2023","capped_3pct_p90_p10_nwx",599743.065943386,16288.9082087331,567816.805854269,631669.326032503
"FR_2023","capped_3pct_p90_p10_ratio",1.26966703450287,0.0251003476938194,1.22047035302299,1.31886371598276
"FR_2023","capped_3pct_p90_p10_ok",1,0,1,1
"FR_2023","capped_3pct_p90_p10_keptmin",1,0,1,1
"FR_2023","capped_3pct_p90_p10_naltmax",0,0,0,0
"FR_2023","capped_3pct_inter1_nw",0.239343049659744,0.0260810442424989,0.188224202944447,0.290461896375042
"FR_2023","capped_3pct_inter1_nwx",0.222683830985383,0.028353787404134,0.167110407673281,0.278257254297486
"FR_2023","capped_3pct_inter1_ratio",1.07481108350186,0.0219469698721455,1.03179502255245,1.11782714445126
"FR_2023","capped_3pct_inter1_ok",1,0,1,1
"FR_2023","capped_3pct_inter1_keptmin",1,0,1,1
"FR_2023","capped_3pct_inter1_naltmax",0,0,0,0
"FR_2023","capped_3pct_inter2_nw",0.818740107756077,0.301278437338338,0.228234370572933,1.40924584493922
"FR_2023","capped_3pct_inter2_nwx",0.889738148852011,0.38386447260623,0.137363782543801,1.64211251516022
"FR_2023","capped_3pct_inter2_ratio",0.920203442790961,0.0512828417886863,0.819689072885135,1.02071781269679
"FR_2023","capped_3pct_inter2_ok",1,0,1,1
"FR_2023","capped_3pct_inter2_keptmin",1,0,1,1
"FR_2023","capped_3pct_inter2_naltmax",0,0,0,0
"FR_2023","capped_3pct_ge2_nw",3.71826359689623,1.16230270998748,1.44015028532076,5.9963769084717
"FR_2023","capped_3pct_ge2_nwx",4.8053400192561,1.7511739458073,1.37303908547379,8.23764095303841
"FR_2023","capped_3pct_ge2_ratio",0.773777418870734,0.0450568123505062,0.685466066663742,0.862088771077727
"FR_2023","capped_3pct_ge2_ok",1,0,1,1
"FR_2023","capped_3pct_ge2_keptmin",0.878781455629698,0.00498766328091343,0.869005635599108,0.888557275660289
"FR_2023","capped_3pct_ge2_naltmax",0.121218544370302,0.00498766328091344,0.111442724339711,0.130994364400892
"FR_2023","capped_3pct_ge_theil_nw",0.935294682172396,0.0500216047898362,0.837252336784317,1.03333702756048
"FR_2023","capped_3pct_ge_theil_nwx",0.991518492616431,0.0572353203863658,0.879337264659154,1.10369972057371
"FR_2023","capped_3pct_ge_theil_ratio",0.943295247781339,0.0105925452327234,0.922533859125201,0.964056636437477
"FR_2023","capped_3pct_ge_theil_ok",1,0,1,1
"FR_2023","capped_3pct_ge_theil_keptmin",0.878781455629698,0.00498766328091343,0.869005635599108,0.888557275660289
"FR_2023","capped_3pct_ge_theil_naltmax",0.121218544370302,0.00498766328091344,0.111442724339711,0.130994364400892
"FR_2023","capped_3pct_ge_mld_nw",1.27708802685668,0.068723162657264,1.14239062804845,1.41178542566492
"FR_2023","capped_3pct_ge_mld_nwx",1.29166026180001,0.0702188580578905,1.15403130000655,1.42928922359348
"FR_2023","capped_3pct_ge_mld_ratio",0.988718213779357,0.00788085148591879,0.973271744866956,1.00416468269176
"FR_2023","capped_3pct_ge_mld_ok",1,0,1,1
"FR_2023","capped_3pct_ge_mld_keptmin",0.878781455629698,0.00498766328091343,0.869005635599108,0.888557275660289
"FR_2023","capped_3pct_ge_mld_naltmax",0.121218544370302,0.00498766328091344,0.111442724339711,0.130994364400892
"FR_2023","capped_3pct_atkinson05_nw",0.404220683594294,0.0173096039576567,0.370293859837286,0.438147507351301
"FR_2023","capped_3pct_atkinson05_nwx",0.415383796228792,0.018104343050196,0.379899283850408,0.450868308607176
"FR_2023","capped_3pct_atkinson05_ratio",0.973125786956913,0.00657441651474203,0.960239930588019,0.986011643325808
"FR_2023","capped_3pct_atkinson05_ok",1,0,1,1
"FR_2023","capped_3pct_atkinson05_keptmin",0.878781455629698,0.00498766328091343,0.869005635599108,0.888557275660289
"FR_2023","capped_3pct_atkinson05_naltmax",0.121218544370302,0.00498766328091344,0.111442724339711,0.130994364400892
"FR_2023","capped_3pct_atkinson1_nw",0.721151882429161,0.0199322386304484,0.682084694713482,0.760219070144839
"FR_2023","capped_3pct_atkinson1_nwx",0.725185859298221,0.0201085509914056,0.685773099355066,0.764598619241376
"FR_2023","capped_3pct_atkinson1_ratio",0.994437320009295,0.00403449835654467,0.986529703230468,1.00234493678812
"FR_2023","capped_3pct_atkinson1_ok",1,0,1,1
"FR_2023","capped_3pct_atkinson1_keptmin",0.878781455629698,0.00498766328091343,0.869005635599108,0.888557275660289
"FR_2023","capped_3pct_atkinson1_naltmax",0.121218544370302,0.00498766328091344,0.111442724339711,0.130994364400892
"FR_2023","capped_3pct_atkinson2_nw",0.994341642904182,0.00630945954497198,0.981975102196037,1.00670818361233
"FR_2023","capped_3pct_atkinson2_nwx",0.994128863879763,0.00658736493028267,0.981217628616408,1.00704009914312
"FR_2023","capped_3pct_atkinson2_ratio",1.0002140356569,0.000481108037935732,0.999271063902542,1.00115700741125
"FR_2023","capped_3pct_atkinson2_ok",1,0,1,1
"FR_2023","capped_3pct_atkinson2_keptmin",0.878781455629698,0.00498766328091343,0.869005635599108,0.888557275660289
"FR_2023","capped_3pct_atkinson2_naltmax",0.121218544370302,0.00498766328091344,0.111442724339711,0.130994364400892
"FR_2023","capped_3pct_ge2_bach1_nw",3.79456567236711,1.18291447520346,1.47605330096833,6.11307804376588
"FR_2023","capped_3pct_ge2_bach1_nwx",5.53714947225435,1.98891974578259,1.63886677052047,9.43543217398822
"FR_2023","capped_3pct_ge2_bach1_ratio",0.685292259380208,0.0370451543511787,0.612683756851898,0.757900761908519
"FR_2023","capped_3pct_ge2_bach1_ok",1,0,1,1
"FR_2023","capped_3pct_ge2_bach1_keptmin",1,0,1,1
"FR_2023","capped_3pct_ge2_bach1_naltmax",0.121218544370302,0.00498766328091344,0.111442724339711,0.130994364400892
"FR_2023","capped_3pct_ge_theil_bach1_nw",0.953220857757755,0.0507452781759265,0.853760112532939,1.05268160298257
"FR_2023","capped_3pct_ge_theil_bach1_nwx",1.12073064024254,0.0590563757987824,1.00498014367693,1.23648113680816
"FR_2023","capped_3pct_ge_theil_bach1_ratio",0.850535198673131,0.0085478494348222,0.833781413780879,0.867288983565382
"FR_2023","capped_3pct_ge_theil_bach1_ok",1,0,1,1
"FR_2023","capped_3pct_ge_theil_bach1_keptmin",1,0,1,1
"FR_2023","capped_3pct_ge_theil_bach1_naltmax",0.121218544370302,0.00498766328091344,0.111442724339711,0.130994364400892
"FR_2023","capped_3pct_ge_mld_bach1_nw",1.46267786224679,0.0782814135266194,1.30924629173462,1.61610943275897
"FR_2023","capped_3pct_ge_mld_bach1_nwx",2.53120550793643,0.0920124194230041,2.35086116586735,2.71154985000552
"FR_2023","capped_3pct_ge_mld_bach1_ratio",0.577858201422468,0.0161186042286715,0.546265737134272,0.609450665710664
"FR_2023","capped_3pct_ge_mld_bach1_ok",1,0,1,1
"FR_2023","capped_3pct_ge_mld_bach1_keptmin",1,0,1,1
"FR_2023","capped_3pct_ge_mld_bach1_naltmax",0.121218544370302,0.00498766328091344,0.111442724339711,0.130994364400892
"FR_2023","capped_3pct_atkinson05_bach1_nw",0.414758904613031,0.0175041828279943,0.380450706270162,0.4490671029559
"FR_2023","capped_3pct_atkinson05_bach1_nwx",0.485907072048063,0.017144404620106,0.452304038992655,0.519510105103471
"FR_2023","capped_3pct_atkinson05_bach1_ratio",0.853576596168588,0.008922760175308,0.836087986224984,0.871065206112192
"FR_2023","capped_3pct_atkinson05_bach1_ok",1,0,1,1
"FR_2023","capped_3pct_atkinson05_bach1_keptmin",1,0,1,1
"FR_2023","capped_3pct_atkinson05_bach1_naltmax",0.121218544370302,0.00498766328091344,0.111442724339711,0.130994364400892
"FR_2023","capped_3pct_atkinson1_bach1_nw",0.768384790088526,0.0189986616165549,0.731147413320078,0.805622166856973
"FR_2023","capped_3pct_atkinson1_bach1_nwx",0.920436951436306,0.00779405628859377,0.905160601110663,0.93571330176195
"FR_2023","capped_3pct_atkinson1_bach1_ratio",0.834804370782258,0.0149089625474184,0.805582804189318,0.864025937375198
"FR_2023","capped_3pct_atkinson1_bach1_ok",1,0,1,1
"FR_2023","capped_3pct_atkinson1_bach1_keptmin",1,0,1,1
"FR_2023","capped_3pct_atkinson1_bach1_naltmax",0.121218544370302,0.00498766328091344,0.111442724339711,0.130994364400892
"FR_2023","capped_3pct_atkinson2_bach1_nw",0.999835376013601,2.11219240774025e-05,0.99979397704241,0.999876774984793
"FR_2023","capped_3pct_atkinson2_bach1_nwx",0.999967949866172,1.28792652467647e-06,0.999965425530184,0.999970474202161
"FR_2023","capped_3pct_atkinson2_bach1_ratio",0.999867421898283,2.06058786939258e-05,0.999827034376043,0.999907809420523
"FR_2023","capped_3pct_atkinson2_bach1_ok",1,0,1,1
"FR_2023","capped_3pct_atkinson2_bach1_keptmin",1,0,1,1
"FR_2023","capped_3pct_atkinson2_bach1_naltmax",0.121218544370302,0.00498766328091344,0.111442724339711,0.130994364400892
"FR_2023","capped_3pct_mu_ratio_nw",0.997626366873176,0.000448332946273273,0.99674763429848,0.998505099447871
"FR_2023","capped_3pct_mu_ratio_nwx",0.996923781669701,0.000582035868786338,0.99578299136688,0.998064571972522
"GR_2023","capped_3pct_gini_nw",0.584137606119118,0.0124191029887897,0.559796164261091,0.608479047977146
"GR_2023","capped_3pct_gini_nwx",0.67718931769316,0.0431591791447232,0.592597326569502,0.761781308816817
"GR_2023","capped_3pct_gini_ratio",0.864543448949025,0.049898012809107,0.766743343843175,0.962343554054875
"GR_2023","capped_3pct_gini_ok",1,0,1,1
"GR_2023","capped_3pct_gini_keptmin",1,0,1,1
"GR_2023","capped_3pct_gini_naltmax",0,0,0,0
"GR_2023","capped_3pct_gini_rsv_nw",0.583504748047186,0.0123961313689104,0.559208330564122,0.607801165530251
"GR_2023","capped_3pct_gini_rsv_nwx",0.676200582915628,0.0430176329323785,0.591886022368166,0.76051514346309
"GR_2023","capped_3pct_gini_rsv_ratio",0.864861698121314,0.0498003042068051,0.767253101875976,0.962470294366652
"GR_2023","capped_3pct_gini_rsv_ok",1,0,1,1
"GR_2023","capped_3pct_gini_rsv_keptmin",1,0,1,1
"GR_2023","capped_3pct_gini_rsv_naltmax",0,0,0,0
"GR_2023","capped_3pct_cv_nw",1.55922319082321,0.136459012941475,1.29176352545792,1.82668285618851
"GR_2023","capped_3pct_cv_nwx",1.9728530206318,0.313741571898432,1.35791953971087,2.58778650155272
"GR_2023","capped_3pct_cv_ratio",0.796566020667442,0.0754973945008558,0.648591127445765,0.944540913889119
"GR_2023","capped_3pct_cv_ok",1,0,1,1
"GR_2023","capped_3pct_cv_keptmin",1,0,1,1
"GR_2023","capped_3pct_cv_naltmax",0,0,0,0
"GR_2023","capped_3pct_top10_nw",0.422141666191569,0.0163913231365127,0.390014672844004,0.454268659539134
"GR_2023","capped_3pct_top10_nwx",0.487771784715598,0.0415800602720897,0.406274866582302,0.569268702848894
"GR_2023","capped_3pct_top10_ratio",0.868261665888273,0.0602394764642942,0.750192292018257,0.98633103975829
"GR_2023","capped_3pct_top10_ok",1,0,1,1
"GR_2023","capped_3pct_top10_keptmin",1,0,1,1
"GR_2023","capped_3pct_top10_naltmax",0,0,0,0
"GR_2023","capped_3pct_top1_nw",0.106293722507934,0.0102226225391855,0.0862573823311308,0.126330062684738
"GR_2023","capped_3pct_top1_nwx",0.135965424219829,0.0210091249649129,0.0947875392886,0.177143309151059
"GR_2023","capped_3pct_top1_ratio",0.787282654302571,0.0765387968853824,0.637266612407221,0.93729869619792
"GR_2023","capped_3pct_top1_ok",1,0,1,1
"GR_2023","capped_3pct_top1_keptmin",1,0,1,1
"GR_2023","capped_3pct_top1_naltmax",0,0,0,0
"GR_2023","capped_3pct_sgini4_nw",0.826115102074298,0.0085616473307095,0.809334273306108,0.842895930842489
"GR_2023","capped_3pct_sgini4_nwx",0.912977328554767,0.0298605403709462,0.854450669427713,0.971503987681822
"GR_2023","capped_3pct_sgini4_ratio",0.90544576762358,0.028853964540549,0.848891997124104,0.961999538123056
"GR_2023","capped_3pct_sgini4_ok",1,0,1,1
"GR_2023","capped_3pct_sgini4_keptmin",1,0,1,1
"GR_2023","capped_3pct_sgini4_naltmax",0,0,0,0
"GR_2023","capped_3pct_gini_abs_nw",99962.6481451971,6551.71233819045,87121.2919623438,112804.00432805
"GR_2023","capped_3pct_gini_abs_nwx",86222.1268062509,6556.82073443211,73370.7581667639,99073.4954457378
"GR_2023","capped_3pct_gini_abs_ratio",1.16073716405192,0.0646312372867126,1.03405993896997,1.28741438913388
"GR_2023","capped_3pct_gini_abs_ok",1,0,1,1
"GR_2023","capped_3pct_gini_abs_keptmin",1,0,1,1
"GR_2023","capped_3pct_gini_abs_naltmax",0,0,0,0
"GR_2023","capped_3pct_variance_nw",71292222450.758,13459061798.2174,44912461326.2519,97671983575.2641
"GR_2023","capped_3pct_variance_nwx",62608361503.1918,13184385458.0605,36766966005.3933,88449757000.9904
"GR_2023","capped_3pct_variance_ratio",1.13809701401374,0.0800213896661637,0.981255090268062,1.29493893775942
"GR_2023","capped_3pct_variance_ok",1,0,1,1
"GR_2023","capped_3pct_variance_keptmin",1,0,1,1
"GR_2023","capped_3pct_variance_naltmax",0,0,0,0
"GR_2023","capped_3pct_kolm0.5_nw",0.132680236181874,0.016157690395037,0.101011163007601,0.164349309356147
"GR_2023","capped_3pct_kolm0.5_nwx",0.110441232432431,0.013611704480476,0.0837622916506977,0.137120173214164
"GR_2023","capped_3pct_kolm0.5_ratio",1.20387969105259,0.0869614803122332,1.03343518964062,1.37432419246457
"GR_2023","capped_3pct_kolm0.5_ok",1,0,1,1
"GR_2023","capped_3pct_kolm0.5_keptmin",1,0,1,1
"GR_2023","capped_3pct_kolm0.5_naltmax",0,0,0,0
"GR_2023","capped_3pct_kolm1_nw",0.200691114261589,0.0252361171167052,0.151228324712847,0.250153903810332
"GR_2023","capped_3pct_kolm1_nwx",0.165173017629184,0.0216436190059794,0.122751524377464,0.207594510880903
"GR_2023","capped_3pct_kolm1_ratio",1.21831520406307,0.0876852289225038,1.04645215537496,1.39017825275118
"GR_2023","capped_3pct_kolm1_ok",1,0,1,1
"GR_2023","capped_3pct_kolm1_keptmin",1,0,1,1
"GR_2023","capped_3pct_kolm1_naltmax",0,0,0,0
"GR_2023","capped_3pct_p75_p25_nw",171785.8,12824.2634031894,146650.243729749,196921.356270251
"GR_2023","capped_3pct_p75_p25_nwx",157134.467675855,13840.0822972725,130007.906373201,184261.028978509
"GR_2023","capped_3pct_p75_p25_ratio",1.0966163044425,0.100719056021993,0.89920695463939,1.2940256542456
"GR_2023","capped_3pct_p75_p25_ok",1,0,1,1
"GR_2023","capped_3pct_p75_p25_keptmin",1,0,1,1
"GR_2023","capped_3pct_p75_p25_naltmax",0,0,0,0
"GR_2023","capped_3pct_p90_p10_nw",373208,23789.9004525987,326579.795112906,419836.204887094
"GR_2023","capped_3pct_p90_p10_nwx",304254.8,25177.5911305605,254906.721384101,353602.878615899
"GR_2023","capped_3pct_p90_p10_ratio",1.2299500685504,0.110261306737556,1.01383790734479,1.44606222975601
"GR_2023","capped_3pct_p90_p10_ok",1,0,1,1
"GR_2023","capped_3pct_p90_p10_keptmin",1,0,1,1
"GR_2023","capped_3pct_p90_p10_naltmax",0,0,0,0
"GR_2023","capped_3pct_inter1_nw",0.167011339668494,0.115425467226575,-0.0592225760955917,0.39324525543258
"GR_2023","capped_3pct_inter1_nwx",0.175475615278891,0.150544006684412,-0.119590637822557,0.470541868380339
"GR_2023","capped_3pct_inter1_ratio",0.95606646361344,0.078519300338015,0.802168634950931,1.10996429227595
"GR_2023","capped_3pct_inter1_ok",1,0,1,1
"GR_2023","capped_3pct_inter1_keptmin",1,0,1,1
"GR_2023","capped_3pct_inter1_naltmax",0,0,0,0
"GR_2023","capped_3pct_inter2_nw",0.289503371272642,0.202405067653524,-0.107210561328264,0.686217303873548
"GR_2023","capped_3pct_inter2_nwx",0.335664817161842,0.311660639249013,-0.275190035766223,0.946519670089907
"GR_2023","capped_3pct_inter2_ratio",0.873513238283434,0.101683582688799,0.674213416213387,1.07281306035348
"GR_2023","capped_3pct_inter2_ok",1,0,1,1
"GR_2023","capped_3pct_inter2_keptmin",1,0,1,1
"GR_2023","capped_3pct_inter2_naltmax",0,0,0,0
"GR_2023","capped_3pct_ge2_nw",1.2000447216836,0.203606243981367,0.800976483480126,1.59911295988708
"GR_2023","capped_3pct_ge2_nwx",1.52991319347806,0.37340614549512,0.798037148307627,2.2617892386485
"GR_2023","capped_3pct_ge2_ratio",0.791197584537184,0.0779530149906673,0.638409675155476,0.943985493918892
"GR_2023","capped_3pct_ge2_ok",1,0,1,1
"GR_2023","capped_3pct_ge2_keptmin",0.833688355500632,0.072542689095739,0.691504684872984,0.975872026128281
"GR_2023","capped_3pct_ge2_naltmax",0.166311644499368,0.072542689095739,0.0241279738717191,0.308495315127016
"GR_2023","capped_3pct_ge_theil_nw",0.642206724759889,0.0369497175543843,0.569785278353295,0.714628171166482
"GR_2023","capped_3pct_ge_theil_nwx",0.73305018457056,0.0700364121360891,0.595778816783825,0.870321552357294
"GR_2023","capped_3pct_ge_theil_ratio",0.878114638736336,0.0515630181658744,0.777051123131222,0.97917815434145
"GR_2023","capped_3pct_ge_theil_ok",1,0,1,1
"GR_2023","capped_3pct_ge_theil_keptmin",0.833688355500632,0.072542689095739,0.691504684872984,0.975872026128281
"GR_2023","capped_3pct_ge_theil_naltmax",0.166311644499368,0.072542689095739,0.0241279738717191,0.308495315127016
"GR_2023","capped_3pct_ge_mld_nw",0.957773488015867,0.0418582698867019,0.875731279037931,1.0398156969938
"GR_2023","capped_3pct_ge_mld_nwx",1.08315836149988,0.0820592764589823,0.922322179640273,1.24399454335948
"GR_2023","capped_3pct_ge_mld_ratio",0.886110666348741,0.0513552187630726,0.785454437573119,0.986766895124364
"GR_2023","capped_3pct_ge_mld_ok",1,0,1,1
"GR_2023","capped_3pct_ge_mld_keptmin",0.833688355500632,0.072542689095739,0.691504684872984,0.975872026128281
"GR_2023","capped_3pct_ge_mld_naltmax",0.166311644499368,0.072542689095739,0.0241279738717191,0.308495315127016
"GR_2023","capped_3pct_atkinson05_nw",0.304609693004952,0.0115623254235923,0.281947535174711,0.327271850835193
"GR_2023","capped_3pct_atkinson05_nwx",0.339741739876649,0.0230341101516442,0.294594883979426,0.384888595773871
"GR_2023","capped_3pct_atkinson05_ratio",0.897967539012018,0.0440186881117067,0.811690910313073,0.984244167710963
"GR_2023","capped_3pct_atkinson05_ok",1,0,1,1
"GR_2023","capped_3pct_atkinson05_keptmin",0.833688355500632,0.072542689095739,0.691504684872984,0.975872026128281
"GR_2023","capped_3pct_atkinson05_naltmax",0.166311644499368,0.072542689095739,0.0241279738717191,0.308495315127016
"GR_2023","capped_3pct_atkinson1_nw",0.616252174229776,0.0159946204144882,0.584902718217379,0.647601630242173
"GR_2023","capped_3pct_atkinson1_nwx",0.66102827552551,0.0276557142259975,0.606823075642555,0.715233475408466
"GR_2023","capped_3pct_atkinson1_ratio",0.932858193359845,0.0298575802562589,0.874337336057578,0.991379050662113
"GR_2023","capped_3pct_atkinson1_ok",1,0,1,1
"GR_2023","capped_3pct_atkinson1_keptmin",0.833688355500632,0.072542689095739,0.691504684872984,0.975872026128281
"GR_2023","capped_3pct_atkinson1_naltmax",0.166311644499368,0.072542689095739,0.0241279738717191,0.308495315127016
"GR_2023","capped_3pct_atkinson2_nw",0.99784337827472,0.00283622015512268,0.992284386770679,1.00340236977876
"GR_2023","capped_3pct_atkinson2_nwx",0.997949405448244,0.00275636537325962,0.992546929316655,1.00335188157983
"GR_2023","capped_3pct_atkinson2_ratio",0.999893769709009,0.000264480929420615,0.999375387087345,1.00041215233067
"GR_2023","capped_3pct_atkinson2_ok",1,0,1,1
"GR_2023","capped_3pct_atkinson2_keptmin",0.833688355500632,0.072542689095739,0.691504684872984,0.975872026128281
"GR_2023","capped_3pct_atkinson2_naltmax",0.166311644499368,0.072542689095739,0.0241279738717191,0.308495315127016
"GR_2023","capped_3pct_ge2_bach1_nw",1.21481503403826,0.205569589661579,0.811898638301569,1.61773142977496
"GR_2023","capped_3pct_ge2_bach1_nwx",1.96415628591009,0.629946612330953,0.729460925741424,3.19885164607876
"GR_2023","capped_3pct_ge2_bach1_ratio",0.638310446102873,0.118409835632624,0.40622716826293,0.870393723942816
"GR_2023","capped_3pct_ge2_bach1_ok",1,0,1,1
"GR_2023","capped_3pct_ge2_bach1_keptmin",1,0,1,1
"GR_2023","capped_3pct_ge2_bach1_naltmax",0.166311644499368,0.072542689095739,0.0241279738717191,0.308495315127016
"GR_2023","capped_3pct_ge_theil_bach1_nw",0.650857769744565,0.0370555866634837,0.578228819884137,0.723486719604994
"GR_2023","capped_3pct_ge_theil_bach1_nwx",0.917437712763657,0.146321660864639,0.630647257468965,1.20422816805835
"GR_2023","capped_3pct_ge_theil_bach1_ratio",0.718569769207399,0.0946101495671303,0.533133876055823,0.904005662358974
"GR_2023","capped_3pct_ge_theil_bach1_ok",1,0,1,1
"GR_2023","capped_3pct_ge_theil_bach1_keptmin",1,0,1,1
"GR_2023","capped_3pct_ge_theil_bach1_naltmax",0.166311644499368,0.072542689095739,0.0241279738717191,0.308495315127016
"GR_2023","capped_3pct_ge_mld_bach1_nw",1.04475511538239,0.0470107290095075,0.952614086523754,1.13689614424102
"GR_2023","capped_3pct_ge_mld_bach1_nwx",2.70087589563156,0.749428920999531,1.23199521047248,4.16975658079064
"GR_2023","capped_3pct_ge_mld_bach1_ratio",0.40498674899628,0.102853246637652,0.203394385586482,0.606579112406079
"GR_2023","capped_3pct_ge_mld_bach1_ok",1,0,1,1
"GR_2023","capped_3pct_ge_mld_bach1_keptmin",1,0,1,1
"GR_2023","capped_3pct_ge_mld_bach1_naltmax",0.166311644499368,0.072542689095739,0.0241279738717191,0.308495315127016
"GR_2023","capped_3pct_atkinson05_bach1_nw",0.310565609269345,0.0115900491033345,0.287849113026809,0.333282105511881
"GR_2023","capped_3pct_atkinson05_bach1_nwx",0.448028161792659,0.0628831693402994,0.324777149885672,0.571279173699646
"GR_2023","capped_3pct_atkinson05_bach1_ratio",0.701094430989176,0.0894528438219514,0.525766857098151,0.876422004880201
"GR_2023","capped_3pct_atkinson05_bach1_ok",1,0,1,1
"GR_2023","capped_3pct_atkinson05_bach1_keptmin",1,0,1,1
"GR_2023","capped_3pct_atkinson05_bach1_naltmax",0.166311644499368,0.072542689095739,0.0241279738717191,0.308495315127016
"GR_2023","capped_3pct_atkinson1_bach1_nw",0.648220979730889,0.0165553317690215,0.615772529463607,0.680669429998171
"GR_2023","capped_3pct_atkinson1_bach1_nwx",0.921389974303689,0.0473209906335326,0.828640832661965,1.01413911594541
"GR_2023","capped_3pct_atkinson1_bach1_ratio",0.704658473493636,0.0383864556782139,0.629421020364336,0.779895926622935
"GR_2023","capped_3pct_atkinson1_bach1_ok",1,0,1,1
"GR_2023","capped_3pct_atkinson1_bach1_keptmin",1,0,1,1
"GR_2023","capped_3pct_atkinson1_bach1_naltmax",0.166311644499368,0.072542689095739,0.0241279738717191,0.308495315127016
"GR_2023","capped_3pct_atkinson2_bach1_nw",0.999481841903464,0.000150300628663249,0.999187252671284,0.999776431135644
"GR_2023","capped_3pct_atkinson2_bach1_nwx",0.999949341785893,1.52753359354849e-05,0.999919402127459,0.999979281444326
"GR_2023","capped_3pct_atkinson2_bach1_ratio",0.999532476592442,0.000149597454009108,0.999239265582584,0.9998256876023
"GR_2023","capped_3pct_atkinson2_bach1_ok",1,0,1,1
"GR_2023","capped_3pct_atkinson2_bach1_keptmin",1,0,1,1
"GR_2023","capped_3pct_atkinson2_bach1_naltmax",0.166311644499368,0.072542689095739,0.0241279738717191,0.308495315127016
"GR_2023","capped_3pct_mu_ratio_nw",0.998916542875207,0.000549404264914075,0.997839710515975,0.999993375234438
"GR_2023","capped_3pct_mu_ratio_nwx",0.998543885508872,0.000742573531603578,0.997088441386929,0.999999329630815
"HR_2023","capped_3pct_gini_nw",0.539250849793568,0.0144433698347551,0.510941844917448,0.567559854669688
"HR_2023","capped_3pct_gini_nwx",0.603547444629485,0.014698076733574,0.57473921423168,0.63235567502729
"HR_2023","capped_3pct_gini_ratio",0.893468180086968,0.0101312242193475,0.873610980617047,0.91332537955689
"HR_2023","capped_3pct_gini_ok",1,0,1,1
"HR_2023","capped_3pct_gini_keptmin",1,0,1,1
"HR_2023","capped_3pct_gini_naltmax",0,0,0,0
"HR_2023","capped_3pct_gini_rsv_nw",0.538740130003183,0.0144163384275705,0.510484106685145,0.566996153321221
"HR_2023","capped_3pct_gini_rsv_nwx",0.602867320244544,0.0146618764051885,0.574130042490374,0.631604597998713
"HR_2023","capped_3pct_gini_rsv_ratio",0.893629010451493,0.0101258177641598,0.873782407633739,0.913475613269246
"HR_2023","capped_3pct_gini_rsv_ok",1,0,1,1
"HR_2023","capped_3pct_gini_rsv_keptmin",1,0,1,1
"HR_2023","capped_3pct_gini_rsv_naltmax",0,0,0,0
"HR_2023","capped_3pct_cv_nw",1.35008219529306,0.107730321866037,1.13893076443563,1.5612336261505
"HR_2023","capped_3pct_cv_nwx",1.53902518133392,0.131434693871869,1.28141318134505,1.79663718132278
"HR_2023","capped_3pct_cv_ratio",0.877233637392726,0.0177028726928665,0.842536006914708,0.911931267870744
"HR_2023","capped_3pct_cv_ok",1,0,1,1
"HR_2023","capped_3pct_cv_keptmin",1,0,1,1
"HR_2023","capped_3pct_cv_naltmax",0,0,0,0
"HR_2023","capped_3pct_top10_nw",0.390927296616491,0.0169708636885378,0.357664403786956,0.424190189446025
"HR_2023","capped_3pct_top10_nwx",0.429125366466976,0.0190455707953834,0.391796047708025,0.466454685225928
"HR_2023","capped_3pct_top10_ratio",0.910987612917171,0.0127629434563308,0.885972243742762,0.936002982091579
"HR_2023","capped_3pct_top10_ok",1,0,1,1
"HR_2023","capped_3pct_top10_keptmin",1,0,1,1
"HR_2023","capped_3pct_top10_naltmax",0,0,0,0
"HR_2023","capped_3pct_top1_nw",0.0996977170955114,0.0122771505298511,0.0756345020570033,0.12376093213402
"HR_2023","capped_3pct_top1_nwx",0.111707930806655,0.014653487471408,0.0829870953626952,0.140428766250614
"HR_2023","capped_3pct_top1_ratio",0.892492834736014,0.0337009842880146,0.826438905531505,0.958546763940522
"HR_2023","capped_3pct_top1_ok",1,0,1,1
"HR_2023","capped_3pct_top1_keptmin",1,0,1,1
"HR_2023","capped_3pct_top1_naltmax",0,0,0,0
"HR_2023","capped_3pct_sgini4_nw",0.769713515652919,0.0116041057502744,0.746969468382381,0.792457562923457
"HR_2023","capped_3pct_sgini4_nwx",0.850405781518661,0.00976805958828361,0.831260384725625,0.869551178311697
"HR_2023","capped_3pct_sgini4_ratio",0.905112181654699,0.00846201895130752,0.888526624510136,0.921697738799261
"HR_2023","capped_3pct_sgini4_ok",1,0,1,1
"HR_2023","capped_3pct_sgini4_keptmin",1,0,1,1
"HR_2023","capped_3pct_sgini4_naltmax",0,0,0,0
"HR_2023","capped_3pct_gini_abs_nw",98878.5480287125,6093.00255071187,86936.2630293172,110820.833028108
"HR_2023","capped_3pct_gini_abs_nwx",92995.8621762756,5909.56053967413,81413.1235185143,104578.600834037
"HR_2023","capped_3pct_gini_abs_ratio",1.06326411410035,0.0163358266254755,1.03124589391442,1.09528233428628
"HR_2023","capped_3pct_gini_abs_ok",1,0,1,1
"HR_2023","capped_3pct_gini_abs_keptmin",1,0,1,1
"HR_2023","capped_3pct_gini_abs_naltmax",0,0,0,0
"HR_2023","capped_3pct_variance_nw",61286409919.3963,13332099977.2714,35155493963.9443,87417325874.8482
"HR_2023","capped_3pct_variance_nwx",56237587256.2898,13185665059.6172,30393683739.4401,82081490773.1395
"HR_2023","capped_3pct_variance_ratio",1.08982269913297,0.0507801262050365,0.990293651771096,1.18935174649484
"HR_2023","capped_3pct_variance_ok",1,0,1,1
"HR_2023","capped_3pct_variance_keptmin",1,0,1,1
"HR_2023","capped_3pct_variance_naltmax",0,0,0,0
"HR_2023","capped_3pct_kolm0.5_nw",0.145572201299117,0.0106971028894226,0.124605879635849,0.166538522962385
"HR_2023","capped_3pct_kolm0.5_nwx",0.133241739240488,0.00962786497576956,0.114371123887979,0.152112354592996
"HR_2023","capped_3pct_kolm0.5_ratio",1.09254538066142,0.0318986514540575,1.03002402381147,1.15506673751137
"HR_2023","capped_3pct_kolm0.5_ok",1,0,1,1
"HR_2023","capped_3pct_kolm0.5_keptmin",1,0,1,1
"HR_2023","capped_3pct_kolm0.5_naltmax",0,0,0,0
"HR_2023","capped_3pct_kolm1_nw",0.220077804699147,0.0194492089211046,0.181957355213782,0.258198254184512
"HR_2023","capped_3pct_kolm1_nwx",0.201230625385957,0.0174366226502148,0.167054844991536,0.235406405780378
"HR_2023","capped_3pct_kolm1_ratio",1.09366372270874,0.027328011731852,1.04010081971431,1.14722662570317
"HR_2023","capped_3pct_kolm1_ok",1,0,1,1
"HR_2023","capped_3pct_kolm1_keptmin",1,0,1,1
"HR_2023","capped_3pct_kolm1_naltmax",0,0,0,0
"HR_2023","capped_3pct_p75_p25_nw",171607.4,8405.92446848055,155131.788041778,188083.011958222
"HR_2023","capped_3pct_p75_p25_nwx",166166.820534629,9136.47095203665,148259.337468638,184074.303600621
"HR_2023","capped_3pct_p75_p25_ratio",1.03283949269214,0.0407559091963449,0.952957910667309,1.11272107471698
"HR_2023","capped_3pct_p75_p25_ok",1,0,1,1
"HR_2023","capped_3pct_p75_p25_keptmin",1,0,1,1
"HR_2023","capped_3pct_p75_p25_naltmax",0,0,0,0
"HR_2023","capped_3pct_p90_p10_nw",383257.6,19545.7629016138,344947.904712837,421567.295287163
"HR_2023","capped_3pct_p90_p10_nwx",344333.8,21680.1628628869,301840.680788742,386826.919211258
"HR_2023","capped_3pct_p90_p10_ratio",1.11351349994003,0.0540986996458005,1.00748004863427,1.2195469512458
"HR_2023","capped_3pct_p90_p10_ok",1,0,1,1
"HR_2023","capped_3pct_p90_p10_keptmin",1,0,1,1
"HR_2023","capped_3pct_p90_p10_naltmax",0,0,0,0
"HR_2023","capped_3pct_inter1_nw",0.330314554603101,0.0673856311120012,0.198238717623578,0.462390391582623
"HR_2023","capped_3pct_inter1_nwx",0.381439778232865,0.0904718125961467,0.204115025544417,0.558764530921313
"HR_2023","capped_3pct_inter1_ratio",0.865970426674459,0.0293977148866346,0.808350905496656,0.923589947852263
"HR_2023","capped_3pct_inter1_ok",1,0,1,1
"HR_2023","capped_3pct_inter1_keptmin",1,0,1,1
"HR_2023","capped_3pct_inter1_naltmax",0,0,0,0
"HR_2023","capped_3pct_inter2_nw",0.550809879398069,0.143143514225257,0.270248591516564,0.831371167279573
"HR_2023","capped_3pct_inter2_nwx",0.658853691386446,0.193368671794232,0.279851094669752,1.03785628810314
"HR_2023","capped_3pct_inter2_ratio",0.836023425661753,0.036335989873266,0.764804885510152,0.907241965813355
"HR_2023","capped_3pct_inter2_ok",1,0,1,1
"HR_2023","capped_3pct_inter2_keptmin",1,0,1,1
"HR_2023","capped_3pct_inter2_naltmax",0,0,0,0
"HR_2023","capped_3pct_ge2_nw",0.89015324600854,0.143633903799267,0.608630794561978,1.1716756974551
"HR_2023","capped_3pct_ge2_nwx",0.981837843865292,0.177431686730498,0.634071737873516,1.32960394985707
"HR_2023","capped_3pct_ge2_ratio",0.906631919544915,0.0395696246439701,0.829075455242734,0.984188383847097
"HR_2023","capped_3pct_ge2_ok",1,0,1,1
"HR_2023","capped_3pct_ge2_keptmin",0.880790956074145,0.00946590159881244,0.862237788940473,0.899344123207817
"HR_2023","capped_3pct_ge2_naltmax",0.119209043925855,0.00946590159881245,0.100655876792183,0.137762211059527
"HR_2023","capped_3pct_ge_theil_nw",0.529409472284122,0.0391558934267597,0.452663921167673,0.606155023400571
"HR_2023","capped_3pct_ge_theil_nwx",0.568982250377957,0.0453898975240376,0.480018051230844,0.657946449525071
"HR_2023","capped_3pct_ge_theil_ratio",0.930454052989843,0.0201296134071341,0.89100001071186,0.969908095267825
"HR_2023","capped_3pct_ge_theil_ok",1,0,1,1
"HR_2023","capped_3pct_ge_theil_keptmin",0.880790956074145,0.00946590159881244,0.862237788940473,0.899344123207817
"HR_2023","capped_3pct_ge_theil_naltmax",0.119209043925855,0.00946590159881245,0.100655876792183,0.137762211059527
"HR_2023","capped_3pct_ge_mld_nw",0.686429365933838,0.0411438200856487,0.605787478565966,0.767071253301709
"HR_2023","capped_3pct_ge_mld_nwx",0.762944618602298,0.0469817364354947,0.670860415188729,0.855028822015868
"HR_2023","capped_3pct_ge_mld_ratio",0.899705718327075,0.0193540258576684,0.861771827646045,0.937639609008105
"HR_2023","capped_3pct_ge_mld_ok",1,0,1,1
"HR_2023","capped_3pct_ge_mld_keptmin",0.880790956074145,0.00946590159881244,0.862237788940473,0.899344123207817
"HR_2023","capped_3pct_ge_mld_naltmax",0.119209043925855,0.00946590159881245,0.100655876792183,0.137762211059527
"HR_2023","capped_3pct_atkinson05_nw",0.246086567367481,0.0130882290621185,0.220433638405728,0.271739496329233
"HR_2023","capped_3pct_atkinson05_nwx",0.264555174907097,0.014777773854922,0.23559073815145,0.293519611662744
"HR_2023","capped_3pct_atkinson05_ratio",0.930191833941869,0.0160832581070692,0.898668648052013,0.961715019831724
"HR_2023","capped_3pct_atkinson05_ok",1,0,1,1
"HR_2023","capped_3pct_atkinson05_keptmin",0.880790956074145,0.00946590159881244,0.862237788940473,0.899344123207817
"HR_2023","capped_3pct_atkinson05_naltmax",0.119209043925855,0.00946590159881245,0.100655876792183,0.137762211059527
"HR_2023","capped_3pct_atkinson1_nw",0.496619142064167,0.0207141885829297,0.456019332441624,0.537218951686709
"HR_2023","capped_3pct_atkinson1_nwx",0.533698433900647,0.0219188043229132,0.490737577427737,0.576659290373557
"HR_2023","capped_3pct_atkinson1_ratio",0.930520206937518,0.013641889673313,0.903782103177825,0.957258310697212
"HR_2023","capped_3pct_atkinson1_ok",1,0,1,1
"HR_2023","capped_3pct_atkinson1_keptmin",0.880790956074145,0.00946590159881244,0.862237788940473,0.899344123207817
"HR_2023","capped_3pct_atkinson1_naltmax",0.119209043925855,0.00946590159881245,0.100655876792183,0.137762211059527
"HR_2023","capped_3pct_atkinson2_nw",0.997584744595285,0.0129746880930616,0.972154355932884,1.02301513325769
"HR_2023","capped_3pct_atkinson2_nwx",0.997719652449263,0.0112438977302435,0.975681612897985,1.01975769200054
"HR_2023","capped_3pct_atkinson2_ratio",0.999864783805741,0.00189083591444177,0.996158745413436,1.00357082219805
"HR_2023","capped_3pct_atkinson2_ok",1,0,1,1
"HR_2023","capped_3pct_atkinson2_keptmin",0.880790956074145,0.00946590159881244,0.862237788940473,0.899344123207817
"HR_2023","capped_3pct_atkinson2_naltmax",0.119209043925855,0.00946590159881245,0.100655876792183,0.137762211059527
"HR_2023","capped_3pct_ge2_bach1_nw",0.910018687033669,0.146419870044648,0.623035741746158,1.19700163232118
"HR_2023","capped_3pct_ge2_bach1_nwx",1.18239223758072,0.20328598128974,0.783951714252829,1.58083276090861
"HR_2023","capped_3pct_ge2_bach1_ratio",0.769647602158209,0.0313584004161729,0.70818513734251,0.831110066973908
"HR_2023","capped_3pct_ge2_bach1_ok",1,0,1,1
"HR_2023","capped_3pct_ge2_bach1_keptmin",1,0,1,1
"HR_2023","capped_3pct_ge2_bach1_naltmax",0.119209043925855,0.00946590159881245,0.100655876792183,0.137762211059527
"HR_2023","capped_3pct_ge_theil_bach1_nw",0.543597992858318,0.0395995063948904,0.465982960324332,0.621213025392303
"HR_2023","capped_3pct_ge_theil_bach1_nwx",0.695907204518012,0.046977024254201,0.603832236979778,0.787982172056246
"HR_2023","capped_3pct_ge_theil_bach1_ratio",0.781133425491245,0.0197619895430017,0.742399925986962,0.819866924995528
"HR_2023","capped_3pct_ge_theil_bach1_ok",1,0,1,1
"HR_2023","capped_3pct_ge_theil_bach1_keptmin",1,0,1,1
"HR_2023","capped_3pct_ge_theil_bach1_naltmax",0.119209043925855,0.00946590159881245,0.100655876792183,0.137762211059527
"HR_2023","capped_3pct_ge_mld_bach1_nw",0.833522925009235,0.0547697882585584,0.72617414002246,0.940871709996009
"HR_2023","capped_3pct_ge_mld_bach1_nwx",1.98423589313896,0.104755821551081,1.77891448289884,2.18955730337908
"HR_2023","capped_3pct_ge_mld_bach1_ratio",0.420062110986906,0.0266370777534641,0.367853438590117,0.472270783383696
"HR_2023","capped_3pct_ge_mld_bach1_ok",1,0,1,1
"HR_2023","capped_3pct_ge_mld_bach1_keptmin",1,0,1,1
"HR_2023","capped_3pct_ge_mld_bach1_naltmax",0.119209043925855,0.00946590159881245,0.100655876792183,0.137762211059527
"HR_2023","capped_3pct_atkinson05_bach1_nw",0.256652175027739,0.01329660754062,0.230590824248124,0.282713525807354
"HR_2023","capped_3pct_atkinson05_bach1_nwx",0.351738920548928,0.0148434390398082,0.322645780030904,0.380832061066952
"HR_2023","capped_3pct_atkinson05_bach1_ratio",0.729661200641793,0.0205627454356502,0.689358219587919,0.769964181695668
"HR_2023","capped_3pct_atkinson05_bach1_ok",1,0,1,1
"HR_2023","capped_3pct_atkinson05_bach1_keptmin",1,0,1,1
"HR_2023","capped_3pct_atkinson05_bach1_naltmax",0.119209043925855,0.00946590159881245,0.100655876792183,0.137762211059527
"HR_2023","capped_3pct_atkinson1_bach1_nw",0.565468338394851,0.0237861647734662,0.518847455438857,0.612089221350845
"HR_2023","capped_3pct_atkinson1_bach1_nwx",0.862508707243013,0.0142912990197114,0.834497761164378,0.890519653321647
"HR_2023","capped_3pct_atkinson1_bach1_ratio",0.655604155904108,0.0248218142698905,0.606953399935122,0.704254911873093
"HR_2023","capped_3pct_atkinson1_bach1_ok",1,0,1,1
"HR_2023","capped_3pct_atkinson1_bach1_keptmin",1,0,1,1
"HR_2023","capped_3pct_atkinson1_bach1_naltmax",0.119209043925855,0.00946590159881245,0.100655876792183,0.137762211059527
"HR_2023","capped_3pct_atkinson2_bach1_nw",0.999664395953689,8.84470410006932e-05,0.999491039753327,0.99983775215405
"HR_2023","capped_3pct_atkinson2_bach1_nwx",0.999946574155726,4.19122662718744e-06,0.999938359351537,0.999954788959915
"HR_2023","capped_3pct_atkinson2_bach1_ratio",0.999717806718976,8.71711767577838e-05,0.999546951212531,0.999888662225421
"HR_2023","capped_3pct_atkinson2_bach1_ok",1,0,1,1
"HR_2023","capped_3pct_atkinson2_bach1_keptmin",1,0,1,1
"HR_2023","capped_3pct_atkinson2_bach1_naltmax",0.119209043925855,0.00946590159881245,0.100655876792183,0.137762211059527
"HR_2023","capped_3pct_mu_ratio_nw",0.999052989091292,0.000357603774527042,0.998352085693219,0.999753892489365
"HR_2023","capped_3pct_mu_ratio_nwx",0.99887319004567,0.000426755662243588,0.998036748947673,0.999709631143668
"HU_2023","capped_3pct_gini_nw",0.595984697017222,0.00712077768531086,0.582027972754013,0.609941421280431
"HU_2023","capped_3pct_gini_nwx",0.632232463460864,0.00740054878804583,0.617727387836294,0.646737539085434
"HU_2023","capped_3pct_gini_ratio",0.94266702517592,0.00329494482490181,0.936208933319113,0.949125117032728
"HU_2023","capped_3pct_gini_ok",1,0,1,1
"HU_2023","capped_3pct_gini_keptmin",1,0,1,1
"HU_2023","capped_3pct_gini_naltmax",0,0,0,0
"HU_2023","capped_3pct_gini_rsv_nw",0.592230378166422,0.00702835161227778,0.578454809006357,0.606005947326486
"HU_2023","capped_3pct_gini_rsv_nwx",0.627758354216166,0.00731179611536991,0.613427233830041,0.642089474602291
"HU_2023","capped_3pct_gini_rsv_ratio",0.943405008922056,0.00329228708738317,0.936952126230785,0.949857891613327
"HU_2023","capped_3pct_gini_rsv_ok",1,0,1,1
"HU_2023","capped_3pct_gini_rsv_keptmin",1,0,1,1
"HU_2023","capped_3pct_gini_rsv_naltmax",0,0,0,0
"HU_2023","capped_3pct_cv_nw",1.77851874731252,0.0910103517364385,1.6001384579091,1.95689903671594
"HU_2023","capped_3pct_cv_nwx",1.94279803803703,0.103106661844031,1.74070898082273,2.14488709525133
"HU_2023","capped_3pct_cv_ratio",0.915441912723487,0.00466535219693727,0.90629782241749,0.924586003029484
"HU_2023","capped_3pct_cv_ok",1,0,1,1
"HU_2023","capped_3pct_cv_keptmin",1,0,1,1
"HU_2023","capped_3pct_cv_naltmax",0,0,0,0
"HU_2023","capped_3pct_top10_nw",0.4476411006004,0.00916105994413375,0.429685423109897,0.465596778090902
"HU_2023","capped_3pct_top10_nwx",0.472095013736412,0.00988643367693033,0.452717603729629,0.491472423743196
"HU_2023","capped_3pct_top10_ratio",0.948201285452902,0.0045259911317903,0.939330342834593,0.957072228071211
"HU_2023","capped_3pct_top10_ok",1,0,1,1
"HU_2023","capped_3pct_top10_keptmin",1,0,1,1
"HU_2023","capped_3pct_top10_naltmax",0,0,0,0
"HU_2023","capped_3pct_top1_nw",0.1321050031955,0.00836318576851139,0.115713159089217,0.148496847301782
"HU_2023","capped_3pct_top1_nwx",0.145084566134812,0.00914376723037993,0.127162782363267,0.163006349906356
"HU_2023","capped_3pct_top1_ratio",0.910537965318742,0.00625543133266076,0.898277319906727,0.922798610730757
"HU_2023","capped_3pct_top1_ok",1,0,1,1
"HU_2023","capped_3pct_top1_keptmin",1,0,1,1
"HU_2023","capped_3pct_top1_naltmax",0,0,0,0
"HU_2023","capped_3pct_sgini4_nw",0.824924020761041,0.00556302332861971,0.814020495036947,0.835827546485136
"HU_2023","capped_3pct_sgini4_nwx",0.868872733077599,0.00522619855011007,0.858629383919383,0.879116082235814
"HU_2023","capped_3pct_sgini4_ratio",0.949418695095062,0.00275574316312474,0.944017438495337,0.954819951694786
"HU_2023","capped_3pct_sgini4_ok",1,0,1,1
"HU_2023","capped_3pct_sgini4_keptmin",1,0,1,1
"HU_2023","capped_3pct_sgini4_naltmax",0,0,0,0
"HU_2023","capped_3pct_gini_abs_nw",79831.8793866563,2239.38434872453,75442.6860631562,84221.0727101564
"HU_2023","capped_3pct_gini_abs_nwx",75325.8973242344,2240.05149362275,70935.3963967338,79716.398251735
"HU_2023","capped_3pct_gini_abs_ratio",1.05981984440856,0.00525302113992471,1.04952392297431,1.07011576584282
"HU_2023","capped_3pct_gini_abs_ok",1,0,1,1
"HU_2023","capped_3pct_gini_abs_keptmin",1,0,1,1
"HU_2023","capped_3pct_gini_abs_naltmax",0,0,0,0
"HU_2023","capped_3pct_variance_nw",56754381059.3634,6904895451.75202,43220785973.9294,70287976144.7973
"HU_2023","capped_3pct_variance_nwx",53578474236.7174,6866974804.02382,40119203620.8307,67037744852.604
"HU_2023","capped_3pct_variance_ratio",1.05927578520396,0.0112366674639489,1.03725191697462,1.0812996534333
"HU_2023","capped_3pct_variance_ok",1,0,1,1
"HU_2023","capped_3pct_variance_keptmin",1,0,1,1
"HU_2023","capped_3pct_variance_naltmax",0,0,0,0
"HU_2023","capped_3pct_kolm0.5_nw",0.119171812444301,0.00683398470589048,0.105777202420755,0.132566422467846
"HU_2023","capped_3pct_kolm0.5_nwx",0.110280060623116,0.00596555427335893,0.0985875742473322,0.121972546998899
"HU_2023","capped_3pct_kolm0.5_ratio",1.08062883766204,0.0103960368149579,1.06025260550472,1.10100506981935
"HU_2023","capped_3pct_kolm0.5_ok",1,0,1,1
"HU_2023","capped_3pct_kolm0.5_keptmin",1,0,1,1
"HU_2023","capped_3pct_kolm0.5_naltmax",0,0,0,0
"HU_2023","capped_3pct_kolm1_nw",0.174410012309882,0.011162764559314,0.152530993773627,0.196289030846137
"HU_2023","capped_3pct_kolm1_nwx",0.160804966033323,0.00980429976825141,0.14158853848755,0.180021393579095
"HU_2023","capped_3pct_kolm1_ratio",1.0846059055512,0.00935277076095922,1.06627447485972,1.10293733624268
"HU_2023","capped_3pct_kolm1_ok",1,0,1,1
"HU_2023","capped_3pct_kolm1_keptmin",1,0,1,1
"HU_2023","capped_3pct_kolm1_naltmax",0,0,0,0
"HU_2023","capped_3pct_p75_p25_nw",119354.396177547,3039.20942766581,113397.545699322,125311.246655772
"HU_2023","capped_3pct_p75_p25_nwx",117415.519677582,2200.76543346791,113102.019427985,121729.01992718
"HU_2023","capped_3pct_p75_p25_ratio",1.01651138589724,0.0170722767886653,0.983049723391453,1.04997304840302
"HU_2023","capped_3pct_p75_p25_ok",1,0,1,1
"HU_2023","capped_3pct_p75_p25_keptmin",1,0,1,1
"HU_2023","capped_3pct_p75_p25_naltmax",0,0,0,0
"HU_2023","capped_3pct_p90_p10_nw",284564.826809792,7930.29297815305,269021.452572612,300108.201046972
"HU_2023","capped_3pct_p90_p10_nwx",262969.762005315,7686.3565360341,247904.503194688,278035.020815942
"HU_2023","capped_3pct_p90_p10_ratio",1.08212199965424,0.0161707172320857,1.05042739387935,1.11381660542913
"HU_2023","capped_3pct_p90_p10_ok",1,0,1,1
"HU_2023","capped_3pct_p90_p10_keptmin",1,0,1,1
"HU_2023","capped_3pct_p90_p10_naltmax",0,0,0,0
"HU_2023","capped_3pct_inter1_nw",0.097161070013668,0.0527632637638749,-0.00625492696352688,0.200577066990863
"HU_2023","capped_3pct_inter1_nwx",0.0961574587203298,0.0555345243827452,-0.0126902090698509,0.20500512651051
"HU_2023","capped_3pct_inter1_ratio",1.01043715700465,0.0161198703806212,0.978842211058633,1.04203210295067
"HU_2023","capped_3pct_inter1_ok",1,0,1,1
"HU_2023","capped_3pct_inter1_keptmin",1,0,1,1
"HU_2023","capped_3pct_inter1_naltmax",0,0,0,0
"HU_2023","capped_3pct_inter2_nw",0.173117662938839,0.113780310380278,-0.0498917454065063,0.396127071284184
"HU_2023","capped_3pct_inter2_nwx",0.176073394865176,0.124891354478582,-0.068713659912845,0.420860449643198
"HU_2023","capped_3pct_inter2_ratio",0.983213052710105,0.0199845789370212,0.944043277993543,1.02238282742667
"HU_2023","capped_3pct_inter2_ok",1,0,1,1
"HU_2023","capped_3pct_inter2_keptmin",1,0,1,1
"HU_2023","capped_3pct_inter2_naltmax",0,0,0,0
"HU_2023","capped_3pct_ge2_nw",1.47893215367713,0.151507475801786,1.18197750110563,1.77588680624863
"HU_2023","capped_3pct_ge2_nwx",1.60109659423737,0.173324824641684,1.26137993793967,1.94081325053508
"HU_2023","capped_3pct_ge2_ratio",0.923700180849686,0.0100747812327565,0.903953609633483,0.943446752065889
"HU_2023","capped_3pct_ge2_ok",1,0,1,1
"HU_2023","capped_3pct_ge2_keptmin",0.886760656701398,0.00481096868630629,0.877331158076238,0.896190155326558
"HU_2023","capped_3pct_ge2_naltmax",0.113239343298602,0.00481096868630629,0.103809844673442,0.122668841923762
"HU_2023","capped_3pct_ge_theil_nw",0.656567764914938,0.0256696702579278,0.606255211209399,0.706880318620476
"HU_2023","capped_3pct_ge_theil_nwx",0.680123221360545,0.0286627997492779,0.62394413385196,0.73630230886913
"HU_2023","capped_3pct_ge_theil_ratio",0.965366551052987,0.00698468838609463,0.951676561816241,0.979056540289732
"HU_2023","capped_3pct_ge_theil_ok",1,0,1,1
"HU_2023","capped_3pct_ge_theil_keptmin",0.886760656701398,0.00481096868630629,0.877331158076238,0.896190155326558
"HU_2023","capped_3pct_ge_theil_naltmax",0.113239343298602,0.00481096868630629,0.103809844673442,0.122668841923762
"HU_2023","capped_3pct_ge_mld_nw",0.776164477966389,0.0219029086476725,0.733234777016951,0.819094178915827
"HU_2023","capped_3pct_ge_mld_nwx",0.805396447473127,0.02371655146767,0.758912006596494,0.851880888349761
"HU_2023","capped_3pct_ge_mld_ratio",0.963708316485201,0.00958433927909823,0.944923011498168,0.982493621472233
"HU_2023","capped_3pct_ge_mld_ok",1,0,1,1
"HU_2023","capped_3pct_ge_mld_keptmin",0.886760656701398,0.00481096868630629,0.877331158076238,0.896190155326558
"HU_2023","capped_3pct_ge_mld_naltmax",0.113239343298602,0.00481096868630629,0.103809844673442,0.122668841923762
"HU_2023","capped_3pct_atkinson05_nw",0.285713622014749,0.00742246710297098,0.271165586492925,0.300261657536572
"HU_2023","capped_3pct_atkinson05_nwx",0.293694986896405,0.00817602731389306,0.277669973361174,0.309720000431635
"HU_2023","capped_3pct_atkinson05_ratio",0.972825261824826,0.0063851036384608,0.960310458693443,0.98534006495621
"HU_2023","capped_3pct_atkinson05_ok",1,0,1,1
"HU_2023","capped_3pct_atkinson05_keptmin",0.886760656701398,0.00481096868630629,0.877331158076238,0.896190155326558
"HU_2023","capped_3pct_atkinson05_naltmax",0.113239343298602,0.00481096868630629,0.103809844673442,0.122668841923762
"HU_2023","capped_3pct_atkinson1_nw",0.539831870858461,0.0100289116021582,0.520175204118231,0.559488537598691
"HU_2023","capped_3pct_atkinson1_nwx",0.553088648816421,0.0105525571138681,0.532405636873239,0.573771660759602
"HU_2023","capped_3pct_atkinson1_ratio",0.976032844394666,0.006330407792261,0.963625245121834,0.988440443667497
"HU_2023","capped_3pct_atkinson1_ok",1,0,1,1
"HU_2023","capped_3pct_atkinson1_keptmin",0.886760656701398,0.00481096868630629,0.877331158076238,0.896190155326558
"HU_2023","capped_3pct_atkinson1_naltmax",0.113239343298602,0.00481096868630629,0.103809844673442,0.122668841923762
"HU_2023","capped_3pct_atkinson2_nw",0.989451725611648,0.00944180733511616,0.97094578323482,1.00795766798848
"HU_2023","capped_3pct_atkinson2_nwx",0.989823781755033,0.00889418107308624,0.972391186851784,1.00725637665828
"HU_2023","capped_3pct_atkinson2_ratio",0.999624124106517,0.00103672836675139,0.997592136507685,1.00165611170535
"HU_2023","capped_3pct_atkinson2_ok",1,0,1,1
"HU_2023","capped_3pct_atkinson2_keptmin",0.886760656701398,0.00481096868630629,0.877331158076238,0.896190155326558
"HU_2023","capped_3pct_atkinson2_naltmax",0.113239343298602,0.00481096868630629,0.103809844673442,0.122668841923762
"HU_2023","capped_3pct_ge2_bach1_nw",1.56771551136026,0.158191815166872,1.25765955363319,1.87777146908733
"HU_2023","capped_3pct_ge2_bach1_nwx",1.86940166848818,0.195557182876878,1.48610959004949,2.25269374692686
"HU_2023","capped_3pct_ge2_bach1_ratio",0.838618885091129,0.00856718162953963,0.821827209097231,0.855410561085026
"HU_2023","capped_3pct_ge2_bach1_ok",1,0,1,1
"HU_2023","capped_3pct_ge2_bach1_keptmin",1,0,1,1
"HU_2023","capped_3pct_ge2_bach1_naltmax",0.113239343298602,0.00481096868630629,0.103809844673442,0.122668841923762
"HU_2023","capped_3pct_ge_theil_bach1_nw",0.700451230407311,0.0257645262619874,0.649952758933815,0.750949701880806
"HU_2023","capped_3pct_ge_theil_bach1_nwx",0.800290800143531,0.0291381517617373,0.743180022690526,0.857401577596536
"HU_2023","capped_3pct_ge_theil_bach1_ratio",0.875245869384128,0.00641631950132153,0.862669883161537,0.887821855606718
"HU_2023","capped_3pct_ge_theil_bach1_ok",1,0,1,1
"HU_2023","capped_3pct_ge_theil_bach1_keptmin",1,0,1,1
"HU_2023","capped_3pct_ge_theil_bach1_naltmax",0.113239343298602,0.00481096868630629,0.103809844673442,0.122668841923762
"HU_2023","capped_3pct_ge_mld_bach1_nw",1.20786994526806,0.0369830519538126,1.13538316343859,1.28035672709753
"HU_2023","capped_3pct_ge_mld_bach1_nwx",1.93157794603363,0.0525947357329576,1.82849226399703,2.03466362807022
"HU_2023","capped_3pct_ge_mld_bach1_ratio",0.625329737097032,0.0144609492571612,0.596986276552996,0.653673197641068
"HU_2023","capped_3pct_ge_mld_bach1_ok",1,0,1,1
"HU_2023","capped_3pct_ge_mld_bach1_keptmin",1,0,1,1
"HU_2023","capped_3pct_ge_mld_bach1_naltmax",0.113239343298602,0.00481096868630629,0.103809844673442,0.122668841923762
"HU_2023","capped_3pct_atkinson05_bach1_nw",0.316190635058134,0.00734883235948995,0.301786923633534,0.330594346482735
"HU_2023","capped_3pct_atkinson05_bach1_nwx",0.37315881323531,0.00799096216006039,0.357496527401592,0.388821099069028
"HU_2023","capped_3pct_atkinson05_bach1_ratio",0.847335313311255,0.0072866679603005,0.833053444109066,0.861617182513444
"HU_2023","capped_3pct_atkinson05_bach1_ok",1,0,1,1
"HU_2023","capped_3pct_atkinson05_bach1_keptmin",1,0,1,1
"HU_2023","capped_3pct_atkinson05_bach1_naltmax",0.113239343298602,0.00481096868630629,0.103809844673442,0.122668841923762
"HU_2023","capped_3pct_atkinson1_bach1_nw",0.70116575309233,0.0109692811825776,0.679665961974478,0.722665544210182
"HU_2023","capped_3pct_atkinson1_bach1_nwx",0.855079502910127,0.00753501922473777,0.840310865229641,0.869848140590613
"HU_2023","capped_3pct_atkinson1_bach1_ratio",0.820000804074937,0.00951498387450712,0.801351435680903,0.838650172468971
"HU_2023","capped_3pct_atkinson1_bach1_ok",1,0,1,1
"HU_2023","capped_3pct_atkinson1_bach1_keptmin",1,0,1,1
"HU_2023","capped_3pct_atkinson1_bach1_naltmax",0.113239343298602,0.00481096868630629,0.103809844673442,0.122668841923762
"HU_2023","capped_3pct_atkinson2_bach1_nw",0.999829240053314,1.26488215758236e-05,0.999804448363025,0.999854031743602
"HU_2023","capped_3pct_atkinson2_bach1_nwx",0.999926560730553,3.18383639560785e-06,0.999920320411217,0.999932801049888
"HU_2023","capped_3pct_atkinson2_bach1_ratio",0.999902672174992,1.10344439878319e-05,0.999881044664776,0.999924299685208
"HU_2023","capped_3pct_atkinson2_bach1_ok",1,0,1,1
"HU_2023","capped_3pct_atkinson2_bach1_keptmin",1,0,1,1
"HU_2023","capped_3pct_atkinson2_bach1_naltmax",0.113239343298602,0.00481096868630629,0.103809844673442,0.122668841923762
"HU_2023","capped_3pct_mu_ratio_nw",0.993700654841243,0.00105045470145876,0.991641763626384,0.995759546056102
"HU_2023","capped_3pct_mu_ratio_nwx",0.992923327365356,0.00117951358104393,0.99061148074651,0.995235173984202
"LT_2023","capped_3pct_gini_nw",0.58164379175969,0.0461830192181396,0.491125074092136,0.672162509427243
"LT_2023","capped_3pct_gini_nwx",0.651705622422285,0.0449259399203307,0.563650780178437,0.739760464666133
"LT_2023","capped_3pct_gini_ratio",0.892471947086245,0.0139848169138216,0.865061705935154,0.919882188237335
"LT_2023","capped_3pct_gini_ok",1,0,1,1
"LT_2023","capped_3pct_gini_keptmin",1,0,1,1
"LT_2023","capped_3pct_gini_naltmax",0,0,0,0
"LT_2023","capped_3pct_gini_rsv_nw",0.580762735690019,0.0462947063241115,0.49002511129476,0.671500360085277
"LT_2023","capped_3pct_gini_rsv_nwx",0.650552351384499,0.0451211418907825,0.562114913278566,0.738989789490433
"LT_2023","capped_3pct_gini_rsv_ratio",0.89269980971767,0.0139324621371517,0.865392183928853,0.920007435506488
"LT_2023","capped_3pct_gini_rsv_ok",1,0,1,1
"LT_2023","capped_3pct_gini_rsv_keptmin",1,0,1,1
"LT_2023","capped_3pct_gini_rsv_naltmax",0,0,0,0
"LT_2023","capped_3pct_cv_nw",3.61281867349581,0.832702091956843,1.9807225732604,5.24491477373123
"LT_2023","capped_3pct_cv_nwx",4.13796551837354,0.974458957587805,2.22802596150144,6.04790507524564
"LT_2023","capped_3pct_cv_ratio",0.873074521289087,0.0278704030711587,0.818448531269616,0.927700511308558
"LT_2023","capped_3pct_cv_ok",1,0,1,1
"LT_2023","capped_3pct_cv_keptmin",1,0,1,1
"LT_2023","capped_3pct_cv_naltmax",0,0,0,0
"LT_2023","capped_3pct_top10_nw",0.47777110470884,0.0574241957425756,0.365219681053392,0.590322528364288
"LT_2023","capped_3pct_top10_nwx",0.518293520060549,0.0616874923601431,0.397386035034669,0.63920100508643
"LT_2023","capped_3pct_top10_ratio",0.921814700368824,0.0100539107938878,0.902109035212804,0.941520365524844
"LT_2023","capped_3pct_top10_ok",1,0,1,1
"LT_2023","capped_3pct_top10_keptmin",1,0,1,1
"LT_2023","capped_3pct_top10_naltmax",0,0,0,0
"LT_2023","capped_3pct_top1_nw",0.247482339007115,0.0692587063962057,0.111735274470552,0.383229403543678
"LT_2023","capped_3pct_top1_nwx",0.271511771865058,0.0787803728247361,0.117102241128575,0.425921302601541
"LT_2023","capped_3pct_top1_ratio",0.911668618424985,0.0228699960739358,0.866843426120071,0.956493810729899
"LT_2023","capped_3pct_top1_ok",1,0,1,1
"LT_2023","capped_3pct_top1_keptmin",1,0,1,1
"LT_2023","capped_3pct_top1_naltmax",0,0,0,0
"LT_2023","capped_3pct_sgini4_nw",0.764594837602607,0.0286407636872911,0.708458940775517,0.820730734429698
"LT_2023","capped_3pct_sgini4_nwx",0.85547985051722,0.0209383667656831,0.814440651656481,0.896519049377959
"LT_2023","capped_3pct_sgini4_ratio",0.893751474273724,0.0148504774012583,0.864644538567258,0.92285840998019
"LT_2023","capped_3pct_sgini4_ok",1,0,1,1
"LT_2023","capped_3pct_sgini4_keptmin",1,0,1,1
"LT_2023","capped_3pct_sgini4_naltmax",0,0,0,0
"LT_2023","capped_3pct_gini_abs_nw",73276.5054816541,15960.9571723863,41993.0294237769,104559.981539531
"LT_2023","capped_3pct_gini_abs_nwx",70260.091070556,16239.5861720164,38430.5021734039,102089.679967708
"LT_2023","capped_3pct_gini_abs_ratio",1.04298648571931,0.0152238896813514,1.01314766194386,1.07282530949476
"LT_2023","capped_3pct_gini_abs_ok",1,0,1,1
"LT_2023","capped_3pct_gini_abs_keptmin",1,0,1,1
"LT_2023","capped_3pct_gini_abs_naltmax",0,0,0,0
"LT_2023","capped_3pct_variance_nw",208232772069.272,140549591919.348,-67244428092.6513,483709972231.195
"LT_2023","capped_3pct_variance_nwx",200173085232.718,141385547147.566,-76942587176.5107,477288757641.947
"LT_2023","capped_3pct_variance_ratio",1.04106781021239,0.100633342708496,0.843826458503741,1.23830916192104
"LT_2023","capped_3pct_variance_ok",1,0,1,1
"LT_2023","capped_3pct_variance_keptmin",1,0,1,1
"LT_2023","capped_3pct_variance_naltmax",0,0,0,0
"LT_2023","capped_3pct_kolm0.5_nw",0.0596884269244798,0.0146694336337139,0.0309363370024006,0.088440516846559
"LT_2023","capped_3pct_kolm0.5_nwx",0.0558106581662337,0.0124578297739485,0.0313933118092946,0.0802280045231728
"LT_2023","capped_3pct_kolm0.5_ratio",1.06953604591486,0.0386902250249928,0.99370320486587,1.14536888696384
"LT_2023","capped_3pct_kolm0.5_ok",1,0,1,1
"LT_2023","capped_3pct_kolm0.5_keptmin",1,0,1,1
"LT_2023","capped_3pct_kolm0.5_naltmax",0,0,0,0
"LT_2023","capped_3pct_kolm1_nw",0.0750081709673227,0.0253112607272594,0.0253980999418943,0.124618241992751
"LT_2023","capped_3pct_kolm1_nwx",0.0702063751806492,0.0222801772418688,0.0265372277865863,0.113875522574712
"LT_2023","capped_3pct_kolm1_ratio",1.06835995055973,0.0310195981097207,1.00756153826468,1.12915836285478
"LT_2023","capped_3pct_kolm1_ok",1,0,1,1
"LT_2023","capped_3pct_kolm1_keptmin",1,0,1,1
"LT_2023","capped_3pct_kolm1_naltmax",0,0,0,0
"LT_2023","capped_3pct_p75_p25_nw",84458,4138.23998653936,76347.0496263828,92568.9503736171
"LT_2023","capped_3pct_p75_p25_nwx",87344.2380470084,4799.64802118628,77936.9279254833,96751.5481685335
"LT_2023","capped_3pct_p75_p25_ratio",0.966966323756797,0.0379613983673957,0.892561982956702,1.04137066455689
"LT_2023","capped_3pct_p75_p25_ok",1,0,1,1
"LT_2023","capped_3pct_p75_p25_keptmin",1,0,1,1
"LT_2023","capped_3pct_p75_p25_naltmax",0,0,0,0
"LT_2023","capped_3pct_p90_p10_nw",186540,9882.02878113852,167171.223588969,205908.776411031
"LT_2023","capped_3pct_p90_p10_nwx",183848.2,9238.43990512296,165740.857785959,201955.542214041
"LT_2023","capped_3pct_p90_p10_ratio",1.01464545758803,0.025518741733422,0.96462872379052,1.06466219138553
"LT_2023","capped_3pct_p90_p10_ok",1,0,1,1
"LT_2023","capped_3pct_p90_p10_keptmin",1,0,1,1
"LT_2023","capped_3pct_p90_p10_naltmax",0,0,0,0
"LT_2023","capped_3pct_inter1_nw",0.473042238246482,0.169421036346322,0.14097700700769,0.805107469485274
"LT_2023","capped_3pct_inter1_nwx",0.513603717117721,0.191140983676061,0.138967389112642,0.8882400451228
"LT_2023","capped_3pct_inter1_ratio",0.921306146663536,0.0231078069078768,0.876014845124097,0.966597448202974
"LT_2023","capped_3pct_inter1_ok",1,0,1,1
"LT_2023","capped_3pct_inter1_keptmin",1,0,1,1
"LT_2023","capped_3pct_inter1_naltmax",0,0,0,0
"LT_2023","capped_3pct_inter2_nw",2.62698633993568,1.2304600775251,0.215284587986477,5.03868809188488
"LT_2023","capped_3pct_inter2_nwx",3.058581383978,1.46706428556558,0.183135384269476,5.93402738368653
"LT_2023","capped_3pct_inter2_ratio",0.859283645291454,0.0718304535870102,0.718495956260914,1.00007133432199
"LT_2023","capped_3pct_inter2_ok",1,0,1,1
"LT_2023","capped_3pct_inter2_keptmin",1,0,1,1
"LT_2023","capped_3pct_inter2_naltmax",0,0,0,0
"LT_2023","capped_3pct_ge2_nw",6.47912576006496,2.53163465007447,1.517121845919,11.4411296742109
"LT_2023","capped_3pct_ge2_nwx",7.52566664398998,2.92278804732159,1.79700207123967,13.2543312167403
"LT_2023","capped_3pct_ge2_ratio",0.860900703807354,0.0736170596069451,0.716611266977741,1.00519014063697
"LT_2023","capped_3pct_ge2_ok",1,0,1,1
"LT_2023","capped_3pct_ge2_keptmin",0.88567196347901,0.0102736187101523,0.865535670807111,0.905808256150908
"LT_2023","capped_3pct_ge2_naltmax",0.11432803652099,0.0102736187101523,0.0941917438490916,0.134464329192889
"LT_2023","capped_3pct_ge_theil_nw",0.961020739740486,0.250562759700372,0.469917730727756,1.45212374875322
"LT_2023","capped_3pct_ge_theil_nwx",1.05732983991183,0.284151365606572,0.500393163322945,1.61426651650071
"LT_2023","capped_3pct_ge_theil_ratio",0.90902089935063,0.0202903933691847,0.869251728347029,0.948790070354232
"LT_2023","capped_3pct_ge_theil_ok",1,0,1,1
"LT_2023","capped_3pct_ge_theil_keptmin",0.88567196347901,0.0102736187101523,0.865535670807111,0.905808256150908
"LT_2023","capped_3pct_ge_theil_naltmax",0.11432803652099,0.0102736187101523,0.0941917438490916,0.134464329192889
"LT_2023","capped_3pct_ge_mld_nw",0.715461486681712,0.10958020077659,0.500684293159595,0.930238680203828
"LT_2023","capped_3pct_ge_mld_nwx",0.80856737898805,0.128856429950322,0.556008776285419,1.06112598169068
"LT_2023","capped_3pct_ge_mld_ratio",0.884854420069365,0.0161902235951966,0.853121581822779,0.91658725831595
"LT_2023","capped_3pct_ge_mld_ok",1,0,1,1
"LT_2023","capped_3pct_ge_mld_keptmin",0.88567196347901,0.0102736187101523,0.865535670807111,0.905808256150908
"LT_2023","capped_3pct_ge_mld_naltmax",0.11432803652099,0.0102736187101523,0.0941917438490916,0.134464329192889
"LT_2023","capped_3pct_atkinson05_nw",0.315905983636608,0.0558858361314871,0.206369744818894,0.425442222454323
"LT_2023","capped_3pct_atkinson05_nwx",0.345069478385767,0.0625052478815574,0.222559192537914,0.467579764233619
"LT_2023","capped_3pct_atkinson05_ratio",0.915501907710357,0.0125493088639887,0.890905262336939,0.940098553083775
"LT_2023","capped_3pct_atkinson05_ok",1,0,1,1
"LT_2023","capped_3pct_atkinson05_keptmin",0.88567196347901,0.0102736187101523,0.865535670807111,0.905808256150908
"LT_2023","capped_3pct_atkinson05_naltmax",0.11432803652099,0.0102736187101523,0.0941917438490916,0.134464329192889
"LT_2023","capped_3pct_atkinson1_nw",0.510925996355707,0.0535784237377892,0.40591228582964,0.615939706881773
"LT_2023","capped_3pct_atkinson1_nwx",0.554377874959481,0.057169128702538,0.442326382702506,0.666429367216455
"LT_2023","capped_3pct_atkinson1_ratio",0.921603987962965,0.0109824170074094,0.900078450628442,0.943129525297487
"LT_2023","capped_3pct_atkinson1_ok",1,0,1,1
"LT_2023","capped_3pct_atkinson1_keptmin",0.88567196347901,0.0102736187101523,0.865535670807111,0.905808256150908
"LT_2023","capped_3pct_atkinson1_naltmax",0.11432803652099,0.0102736187101523,0.0941917438490916,0.134464329192889
"LT_2023","capped_3pct_atkinson2_nw",0.989502406505697,0.00213328673535415,0.985321164504403,0.993683648506991
"LT_2023","capped_3pct_atkinson2_nwx",0.990303898184011,0.00207561520583295,0.986235692380579,0.994372103987444
"LT_2023","capped_3pct_atkinson2_ratio",0.999190665314296,0.000277125666510228,0.998647499007936,0.999733831620656
"LT_2023","capped_3pct_atkinson2_ok",1,0,1,1
"LT_2023","capped_3pct_atkinson2_keptmin",0.88567196347901,0.0102736187101523,0.865535670807111,0.905808256150908
"LT_2023","capped_3pct_atkinson2_naltmax",0.11432803652099,0.0102736187101523,0.0941917438490916,0.134464329192889
"LT_2023","capped_3pct_ge2_bach1_nw",6.5284137131389,2.54758679991837,1.53514358529889,11.5216838409789
"LT_2023","capped_3pct_ge2_bach1_nwx",8.56182634741534,3.30885115142752,2.0764780906174,15.0471746042133
"LT_2023","capped_3pct_ge2_bach1_ratio",0.762446754575946,0.0515719155113623,0.661365800173676,0.863527708978216
"LT_2023","capped_3pct_ge2_bach1_ok",1,0,1,1
"LT_2023","capped_3pct_ge2_bach1_keptmin",1,0,1,1
"LT_2023","capped_3pct_ge2_bach1_naltmax",0.11432803652099,0.0102736187101523,0.0941917438490916,0.134464329192889
"LT_2023","capped_3pct_ge_theil_bach1_nw",0.968060454220366,0.250188754332794,0.477690495728089,1.45843041271264
"LT_2023","capped_3pct_ge_theil_bach1_nwx",1.1787241169026,0.283492817136822,0.623078195314434,1.73437003849077
"LT_2023","capped_3pct_ge_theil_bach1_ratio",0.821141591334457,0.0236026446626989,0.774880407795567,0.867402774873347
"LT_2023","capped_3pct_ge_theil_bach1_ok",1,0,1,1
"LT_2023","capped_3pct_ge_theil_bach1_keptmin",1,0,1,1
"LT_2023","capped_3pct_ge_theil_bach1_naltmax",0.11432803652099,0.0102736187101523,0.0941917438490916,0.134464329192889
"LT_2023","capped_3pct_ge_mld_bach1_nw",0.785843924787833,0.107590825144918,0.574965907503794,0.996721942071873
"LT_2023","capped_3pct_ge_mld_bach1_nwx",1.93348194410174,0.157318100502247,1.62513846711734,2.24182542108615
"LT_2023","capped_3pct_ge_mld_bach1_ratio",0.406369971238596,0.0379922725910622,0.331905116960114,0.480834825517077
"LT_2023","capped_3pct_ge_mld_bach1_ok",1,0,1,1
"LT_2023","capped_3pct_ge_mld_bach1_keptmin",1,0,1,1
"LT_2023","capped_3pct_ge_mld_bach1_naltmax",0.11432803652099,0.0102736187101523,0.0941917438490916,0.134464329192889
"LT_2023","capped_3pct_atkinson05_bach1_nw",0.320673666013811,0.0552540747627357,0.212375679478849,0.428971652548773
"LT_2023","capped_3pct_atkinson05_bach1_nwx",0.419414707977257,0.055077070084335,0.31146365061196,0.527365765342553
"LT_2023","capped_3pct_atkinson05_bach1_ratio",0.764412753061029,0.0393401250583493,0.687306107946664,0.841519398175394
"LT_2023","capped_3pct_atkinson05_bach1_ok",1,0,1,1
"LT_2023","capped_3pct_atkinson05_bach1_keptmin",1,0,1,1
"LT_2023","capped_3pct_atkinson05_bach1_naltmax",0.11432803652099,0.0102736187101523,0.0941917438490916,0.134464329192889
"LT_2023","capped_3pct_atkinson1_bach1_nw",0.544168356078559,0.0491163722716497,0.447900266426126,0.640436445730992
"LT_2023","capped_3pct_atkinson1_bach1_nwx",0.855308561695827,0.0220478037676695,0.812094866311195,0.898522257080459
"LT_2023","capped_3pct_atkinson1_bach1_ratio",0.636188665349654,0.046890398867888,0.544283483568593,0.728093847130714
"LT_2023","capped_3pct_atkinson1_bach1_ok",1,0,1,1
"LT_2023","capped_3pct_atkinson1_bach1_keptmin",1,0,1,1
"LT_2023","capped_3pct_atkinson1_bach1_naltmax",0.11432803652099,0.0102736187101523,0.0941917438490916,0.134464329192889
"LT_2023","capped_3pct_atkinson2_bach1_nw",0.998972677167731,0.000313794237295377,0.998357640462632,0.99958771387283
"LT_2023","capped_3pct_atkinson2_bach1_nwx",0.999919397766949,1.2707746324708e-05,0.999894490584153,0.999944304949746
"LT_2023","capped_3pct_atkinson2_bach1_ratio",0.999053203049351,0.000310755651302761,0.998444121972797,0.999662284125904
"LT_2023","capped_3pct_atkinson2_bach1_ok",1,0,1,1
"LT_2023","capped_3pct_atkinson2_bach1_keptmin",1,0,1,1
"LT_2023","capped_3pct_atkinson2_bach1_naltmax",0.11432803652099,0.0102736187101523,0.0941917438490916,0.134464329192889
"LT_2023","capped_3pct_mu_ratio_nw",0.998485674029406,0.000850723834141285,0.996818255314489,1.00015309274432
"LT_2023","capped_3pct_mu_ratio_nwx",0.99823080917632,0.00101682803908362,0.996237826219716,1.00022379213292
"LU_2023","capped_3pct_gini_nw",0.630562437872272,0.0186649569178916,0.593979122313204,0.667145753431339
"LU_2023","capped_3pct_gini_nwx",0.66938115441831,0.0192412512901874,0.631668301889543,0.707094006947078
"LU_2023","capped_3pct_gini_ratio",0.942009078726243,0.0108175642830596,0.920806652731447,0.96321150472104
"LU_2023","capped_3pct_gini_ok",1,0,1,1
"LU_2023","capped_3pct_gini_keptmin",1,0,1,1
"LU_2023","capped_3pct_gini_naltmax",0,0,0,0
"LU_2023","capped_3pct_gini_rsv_nw",0.626504237873765,0.0185636495964134,0.590119484664794,0.662888991082735
"LU_2023","capped_3pct_gini_rsv_nwx",0.664179172327789,0.0191335096941145,0.626677493327325,0.701680851328254
"LU_2023","capped_3pct_gini_rsv_ratio",0.943277085938022,0.0107864392771645,0.922135664954779,0.964418506921264
"LU_2023","capped_3pct_gini_rsv_ok",1,0,1,1
"LU_2023","capped_3pct_gini_rsv_keptmin",1,0,1,1
"LU_2023","capped_3pct_gini_rsv_naltmax",0,0,0,0
"LU_2023","capped_3pct_cv_nw",2.0274125694751,0.334531578693134,1.37173067523655,2.68309446371364
"LU_2023","capped_3pct_cv_nwx",2.32027045618554,0.418006910572929,1.5009769114626,3.13956400090848
"LU_2023","capped_3pct_cv_ratio",0.873784738169407,0.0255667858558032,0.823673837892032,0.923895638446781
"LU_2023","capped_3pct_cv_ok",1,0,1,1
"LU_2023","capped_3pct_cv_keptmin",1,0,1,1
"LU_2023","capped_3pct_cv_naltmax",0,0,0,0
"LU_2023","capped_3pct_top10_nw",0.466462370156213,0.0258126100097179,0.415869654537166,0.51705508577526
"LU_2023","capped_3pct_top10_nwx",0.495126552778768,0.0285854489976458,0.439099072743382,0.551154032814154
"LU_2023","capped_3pct_top10_ratio",0.942115653466635,0.0176484366625966,0.907524717607945,0.976706589325324
"LU_2023","capped_3pct_top10_ok",1,0,1,1
"LU_2023","capped_3pct_top10_keptmin",1,0,1,1
"LU_2023","capped_3pct_top10_naltmax",0,0,0,0
"LU_2023","capped_3pct_top1_nw",0.132858319170966,0.0274315563067307,0.0790924688097741,0.186624169532159
"LU_2023","capped_3pct_top1_nwx",0.152666101100636,0.0318973036241737,0.0901473859972553,0.215184816204016
"LU_2023","capped_3pct_top1_ratio",0.870253468520597,0.0301699862296385,0.811120295510506,0.929386641530689
"LU_2023","capped_3pct_top1_ok",1,0,1,1
"LU_2023","capped_3pct_top1_keptmin",1,0,1,1
"LU_2023","capped_3pct_top1_naltmax",0,0,0,0
"LU_2023","capped_3pct_sgini4_nw",0.871978927956351,0.0117794989171079,0.84889111007882,0.895066745833883
"LU_2023","capped_3pct_sgini4_nwx",0.908372322462404,0.0107660174986909,0.88727092816497,0.929473716759838
"LU_2023","capped_3pct_sgini4_ratio",0.959935490536918,0.00658669324267132,0.947025571781282,0.972845409292554
"LU_2023","capped_3pct_sgini4_ok",1,0,1,1
"LU_2023","capped_3pct_sgini4_keptmin",1,0,1,1
"LU_2023","capped_3pct_sgini4_naltmax",0,0,0,0
"LU_2023","capped_3pct_gini_abs_nw",730235.197125758,66473.2698416733,599947.588236078,860522.806015437
"LU_2023","capped_3pct_gini_abs_nwx",641102.171880317,63920.6434007571,515817.710814833,766386.632945801
"LU_2023","capped_3pct_gini_abs_ratio",1.13902756952058,0.02789934301438,1.0843448572124,1.19371028182877
"LU_2023","capped_3pct_gini_abs_ok",1,0,1,1
"LU_2023","capped_3pct_gini_abs_keptmin",1,0,1,1
"LU_2023","capped_3pct_gini_abs_naltmax",0,0,0,0
"LU_2023","capped_3pct_variance_nw",5512460582324.39,2593801792181.67,428609069648.321,10596312095000.5
"LU_2023","capped_3pct_variance_nwx",4938318691544.03,2575479661578.53,-109621445149.888,9986258828237.96
"LU_2023","capped_3pct_variance_ratio",1.11626597894331,0.0706167132917872,0.97785722089141,1.25467473699522
"LU_2023","capped_3pct_variance_ok",1,0,1,1
"LU_2023","capped_3pct_variance_keptmin",1,0,1,1
"LU_2023","capped_3pct_variance_naltmax",0,0,0,0
"LU_2023","capped_3pct_kolm0.5_nw",0.105284271300122,0.0208830880953933,0.0643534186331511,0.146215123967093
"LU_2023","capped_3pct_kolm0.5_nwx",0.0889042760547039,0.0162039199881228,0.0571445928779832,0.120663959231425
"LU_2023","capped_3pct_kolm0.5_ratio",1.18424204958248,0.0580323977213561,1.07049855004862,1.29798554911633
"LU_2023","capped_3pct_kolm0.5_ok",1,0,1,1
"LU_2023","capped_3pct_kolm0.5_keptmin",1,0,1,1
"LU_2023","capped_3pct_kolm0.5_naltmax",0,0,0,0
"LU_2023","capped_3pct_kolm1_nw",0.155374562512711,0.0337044206567191,0.0893138980255417,0.22143522699988
"LU_2023","capped_3pct_kolm1_nwx",0.130065553774246,0.0266023481106355,0.0779249514774004,0.182206156071091
"LU_2023","capped_3pct_kolm1_ratio",1.19458265925142,0.0522274203414312,1.09221691538221,1.29694840312062
"LU_2023","capped_3pct_kolm1_ok",1,0,1,1
"LU_2023","capped_3pct_kolm1_keptmin",1,0,1,1
"LU_2023","capped_3pct_kolm1_naltmax",0,0,0,0
"LU_2023","capped_3pct_p75_p25_nw",1221760,58619.5927423707,1106865.59822495,1336654.40177505
"LU_2023","capped_3pct_p75_p25_nwx",1071691.43287507,49067.6802160909,975518.779651528,1167864.0860986
"LU_2023","capped_3pct_p75_p25_ratio",1.14001014232428,0.041944867913472,1.05779820121387,1.22222208343468
"LU_2023","capped_3pct_p75_p25_ok",1,0,1,1
"LU_2023","capped_3pct_p75_p25_keptmin",1,0,1,1
"LU_2023","capped_3pct_p75_p25_naltmax",0,0,0,0
"LU_2023","capped_3pct_p90_p10_nw",2468142,192373.515856254,2091089.90892174,2845194.09107826
"LU_2023","capped_3pct_p90_p10_nwx",2086200,166964.40125358,1758949.77354298,2413450.22645702
"LU_2023","capped_3pct_p90_p10_ratio",1.18314040501253,0.0570526116768289,1.07131728612595,1.29496352389912
"LU_2023","capped_3pct_p90_p10_ok",1,0,1,1
"LU_2023","capped_3pct_p90_p10_keptmin",1,0,1,1
"LU_2023","capped_3pct_p90_p10_naltmax",0,0,0,0
"LU_2023","capped_3pct_inter1_nw",0.197603696205233,0.0526909942644591,0.0943293474468932,0.300878044963573
"LU_2023","capped_3pct_inter1_nwx",0.192323923763304,0.0575990965407098,0.0794296945435125,0.305218152983095
"LU_2023","capped_3pct_inter1_ratio",1.027823169995,0.0402636378174457,0.948906439872806,1.10673990011719
"LU_2023","capped_3pct_inter1_ok",1,0,1,1
"LU_2023","capped_3pct_inter1_keptmin",1,0,1,1
"LU_2023","capped_3pct_inter1_naltmax",0,0,0,0
"LU_2023","capped_3pct_inter2_nw",0.445638753893213,0.208783238299162,0.0364236068268544,0.854853900959571
"LU_2023","capped_3pct_inter2_nwx",0.472433792427724,0.248181127816721,-0.01400121809305,0.958868802948498
"LU_2023","capped_3pct_inter2_ratio",0.943823978792188,0.0558704666424657,0.834317864172956,1.05333009341142
"LU_2023","capped_3pct_inter2_ok",1,0,1,1
"LU_2023","capped_3pct_inter2_keptmin",1,0,1,1
"LU_2023","capped_3pct_inter2_naltmax",0,0,0,0
"LU_2023","capped_3pct_ge2_nw",1.94524408005681,0.682910293606892,0.606739904587304,3.28374825552632
"LU_2023","capped_3pct_ge2_nwx",2.32274804901674,0.895213043202493,0.568130484339852,4.07736561369363
"LU_2023","capped_3pct_ge2_ratio",0.837485063603056,0.0505399142853355,0.738426831603798,0.936543295602313
"LU_2023","capped_3pct_ge2_ok",1,0,1,1
"LU_2023","capped_3pct_ge2_keptmin",0.891586638456071,0.0123607146625304,0.867359637717511,0.91581363919463
"LU_2023","capped_3pct_ge2_naltmax",0.108413361543929,0.0123607146625304,0.0841863608053698,0.132640362282489
"LU_2023","capped_3pct_ge_theil_nw",0.757635454903739,0.0823614320876466,0.596207048011952,0.919063861795527
"LU_2023","capped_3pct_ge_theil_nwx",0.803755359173374,0.098545884538794,0.610605425477338,0.996905292869411
"LU_2023","capped_3pct_ge_theil_ratio",0.942634499618529,0.0234954244458992,0.896583467704566,0.988685531532491
"LU_2023","capped_3pct_ge_theil_ok",1,0,1,1
"LU_2023","capped_3pct_ge_theil_keptmin",0.891586638456071,0.0123607146625304,0.867359637717511,0.91581363919463
"LU_2023","capped_3pct_ge_theil_naltmax",0.108413361543929,0.0123607146625304,0.0841863608053698,0.132640362282489
"LU_2023","capped_3pct_ge_mld_nw",1.05252215581962,0.0718360752219733,0.911723448384553,1.19332086325469
"LU_2023","capped_3pct_ge_mld_nwx",1.07757684573437,0.0788374378253088,0.923055467596764,1.23209822387197
"LU_2023","capped_3pct_ge_mld_ratio",0.976801979802414,0.017352453027226,0.942791171869051,1.01081278773578
"LU_2023","capped_3pct_ge_mld_ok",1,0,1,1
"LU_2023","capped_3pct_ge_mld_keptmin",0.891586638456071,0.0123607146625304,0.867359637717511,0.91581363919463
"LU_2023","capped_3pct_ge_mld_naltmax",0.108413361543929,0.0123607146625304,0.0841863608053698,0.132640362282489
"LU_2023","capped_3pct_atkinson05_nw",0.339082482637648,0.0208335109407183,0.29824880119384,0.379916164081456
"LU_2023","capped_3pct_atkinson05_nwx",0.350512011971144,0.0237885513471632,0.303886451330704,0.397137572611584
"LU_2023","capped_3pct_atkinson05_ratio",0.967411507227418,0.0163043096830734,0.935455060248594,0.999367954206242
"LU_2023","capped_3pct_atkinson05_ok",1,0,1,1
"LU_2023","capped_3pct_atkinson05_keptmin",0.891586638456071,0.0123607146625304,0.867359637717511,0.91581363919463
"LU_2023","capped_3pct_atkinson05_naltmax",0.108413361543929,0.0123607146625304,0.0841863608053698,0.132640362282489
"LU_2023","capped_3pct_atkinson1_nw",0.650904090738167,0.0248476666415447,0.602202664120739,0.699605517355594
"LU_2023","capped_3pct_atkinson1_nwx",0.659524561335882,0.0265040226253835,0.60757667699013,0.711472445681633
"LU_2023","capped_3pct_atkinson1_ratio",0.986944829350313,0.00971249057811781,0.967908347817202,1.00598131088342
"LU_2023","capped_3pct_atkinson1_ok",1,0,1,1
"LU_2023","capped_3pct_atkinson1_keptmin",0.891586638456071,0.0123607146625304,0.867359637717511,0.91581363919463
"LU_2023","capped_3pct_atkinson1_naltmax",0.108413361543929,0.0123607146625304,0.0841863608053698,0.132640362282489
"LU_2023","capped_3pct_atkinson2_nw",0.999714300403361,0.00552424943995605,0.988886771501047,1.01054182930567
"LU_2023","capped_3pct_atkinson2_nwx",0.999704373895327,0.00572420651472598,0.988484929126464,1.01092381866419
"LU_2023","capped_3pct_atkinson2_ratio",1.00000992955824,0.000320457692639513,0.999381832480671,1.00063802663582
"LU_2023","capped_3pct_atkinson2_ok",1,0,1,1
"LU_2023","capped_3pct_atkinson2_keptmin",0.891586638456071,0.0123607146625304,0.867359637717511,0.91581363919463
"LU_2023","capped_3pct_atkinson2_naltmax",0.108413361543929,0.0123607146625304,0.0841863608053698,0.132640362282489
"LU_2023","capped_3pct_ge2_bach1_nw",2.03804377994669,0.709290553812013,0.64783429447514,3.42825326541823
"LU_2023","capped_3pct_ge2_bach1_nwx",2.66597651957729,1.00611739420319,0.69398642693905,4.63796661221554
"LU_2023","capped_3pct_ge2_bach1_ratio",0.764470621456012,0.045509022196076,0.675272937951703,0.853668304960321
"LU_2023","capped_3pct_ge2_bach1_ok",1,0,1,1
"LU_2023","capped_3pct_ge2_bach1_keptmin",1,0,1,1
"LU_2023","capped_3pct_ge2_bach1_naltmax",0.108413361543929,0.0123607146625304,0.0841863608053698,0.132640362282489
"LU_2023","capped_3pct_ge_theil_bach1_nw",0.794887319028186,0.0827041209941999,0.632787241879554,0.956987396176818
"LU_2023","capped_3pct_ge_theil_bach1_nwx",0.918507751761332,0.0992450453463224,0.72398746288254,1.11302804064012
"LU_2023","capped_3pct_ge_theil_bach1_ratio",0.865418706871043,0.022599179027013,0.821124315978098,0.909713097763989
"LU_2023","capped_3pct_ge_theil_bach1_ok",1,0,1,1
"LU_2023","capped_3pct_ge_theil_bach1_keptmin",1,0,1,1
"LU_2023","capped_3pct_ge_theil_bach1_naltmax",0.108413361543929,0.0123607146625304,0.0841863608053698,0.132640362282489
"LU_2023","capped_3pct_ge_mld_bach1_nw",1.4887807974923,0.118338798651274,1.2568367521358,1.7207248428488
"LU_2023","capped_3pct_ge_mld_bach1_nwx",2.35199653997911,0.157503486197196,2.0432897070326,2.66070337292561
"LU_2023","capped_3pct_ge_mld_bach1_ratio",0.632934714998602,0.0408420421086713,0.552884312465606,0.712985117531597
"LU_2023","capped_3pct_ge_mld_bach1_ok",1,0,1,1
"LU_2023","capped_3pct_ge_mld_bach1_keptmin",1,0,1,1
"LU_2023","capped_3pct_ge_mld_bach1_naltmax",0.108413361543929,0.0123607146625304,0.0841863608053698,0.132640362282489
"LU_2023","capped_3pct_atkinson05_bach1_nw",0.363194324930465,0.0206815313003269,0.322658523581824,0.403730126279106
"LU_2023","capped_3pct_atkinson05_bach1_nwx",0.42075967833917,0.022340847391103,0.376971617452608,0.464547739225732
"LU_2023","capped_3pct_atkinson05_bach1_ratio",0.863187864509911,0.0207773183507788,0.822464320542384,0.903911408477437
"LU_2023","capped_3pct_atkinson05_bach1_ok",1,0,1,1
"LU_2023","capped_3pct_atkinson05_bach1_keptmin",1,0,1,1
"LU_2023","capped_3pct_atkinson05_bach1_naltmax",0.108413361543929,0.0123607146625304,0.0841863608053698,0.132640362282489
"LU_2023","capped_3pct_atkinson1_bach1_nw",0.774211580240367,0.0266626315186336,0.721952822463845,0.826470338016888
"LU_2023","capped_3pct_atkinson1_bach1_nwx",0.904814679569272,0.0151172487296776,0.875184872059104,0.93444448707944
"LU_2023","capped_3pct_atkinson1_bach1_ratio",0.855649027020216,0.0235358082394206,0.809518842870952,0.90177921116948
"LU_2023","capped_3pct_atkinson1_bach1_ok",1,0,1,1
"LU_2023","capped_3pct_atkinson1_bach1_keptmin",1,0,1,1
"LU_2023","capped_3pct_atkinson1_bach1_naltmax",0.108413361543929,0.0123607146625304,0.0841863608053698,0.132640362282489
"LU_2023","capped_3pct_atkinson2_bach1_nw",0.999978076651847,5.34931260488727e-06,0.999967591999141,0.999988561304552
"LU_2023","capped_3pct_atkinson2_bach1_nwx",0.99999065463775,1.16192906571016e-06,0.999988377256781,0.999992932018719
"LU_2023","capped_3pct_atkinson2_bach1_ratio",0.999987421896409,4.7019428246477e-06,0.999978206088472,0.999996637704345
"LU_2023","capped_3pct_atkinson2_bach1_ok",1,0,1,1
"LU_2023","capped_3pct_atkinson2_bach1_keptmin",1,0,1,1
"LU_2023","capped_3pct_atkinson2_bach1_naltmax",0.108413361543929,0.0123607146625304,0.0841863608053698,0.132640362282489
"LU_2023","capped_3pct_mu_ratio_nw",0.993564415103566,0.00206210732011395,0.989522684756143,0.997606145450989
"LU_2023","capped_3pct_mu_ratio_nwx",0.992228840445226,0.0025031588470791,0.98732264910495,0.997135031785501
"LV_2023","capped_3pct_gini_nw",0.689475911192955,0.0437484076984383,0.603729032104016,0.775222790281894
"LV_2023","capped_3pct_gini_nwx",0.705494950072543,0.0449728017386292,0.61734825866483,0.793641641480256
"LV_2023","capped_3pct_gini_ratio",0.977295877625866,0.00594759815723917,0.965638585237678,0.988953170014055
"LV_2023","capped_3pct_gini_ok",1,0,1,1
"LV_2023","capped_3pct_gini_keptmin",1,0,1,1
"LV_2023","capped_3pct_gini_naltmax",0,0,0,0
"LV_2023","capped_3pct_gini_rsv_nw",0.6865041333136,0.0439909785066123,0.60028181544064,0.77272645118656
"LV_2023","capped_3pct_gini_rsv_nwx",0.702278006749082,0.0452660910018371,0.613556468385482,0.790999545112683
"LV_2023","capped_3pct_gini_rsv_ratio",0.977540957669767,0.00597485444638774,0.965830242954847,0.989251672384687
"LV_2023","capped_3pct_gini_rsv_ok",1,0,1,1
"LV_2023","capped_3pct_gini_rsv_keptmin",1,0,1,1
"LV_2023","capped_3pct_gini_rsv_naltmax",0,0,0,0
"LV_2023","capped_3pct_cv_nw",2.76062731826376,0.330606364691243,2.11263884346892,3.40861579305859
"LV_2023","capped_3pct_cv_nwx",2.89187449050271,0.346679158073142,2.21238334067936,3.57136564032607
"LV_2023","capped_3pct_cv_ratio",0.954627271486696,0.0135343663742123,0.92809991339324,0.981154629580152
"LV_2023","capped_3pct_cv_ok",1,0,1,1
"LV_2023","capped_3pct_cv_keptmin",1,0,1,1
"LV_2023","capped_3pct_cv_naltmax",0,0,0,0
"LV_2023","capped_3pct_top10_nw",0.574182856105121,0.0642478659000607,0.448257038941003,0.70010867326924
"LV_2023","capped_3pct_top10_nwx",0.587472101216747,0.0669956488858703,0.456160629400441,0.718783573033053
"LV_2023","capped_3pct_top10_ratio",0.977386219180141,0.00920526730880061,0.959343895254892,0.99542854310539
"LV_2023","capped_3pct_top10_ok",1,0,1,1
"LV_2023","capped_3pct_top10_keptmin",1,0,1,1
"LV_2023","capped_3pct_top10_naltmax",0,0,0,0
"LV_2023","capped_3pct_top1_nw",0.232937628419028,0.0451081464888635,0.144525661300855,0.3213495955372
"LV_2023","capped_3pct_top1_nwx",0.245185268610625,0.047915298639178,0.151271283277836,0.339099253943414
"LV_2023","capped_3pct_top1_ratio",0.950096837234849,0.0162459373849818,0.918254799960284,0.981938874509413
"LV_2023","capped_3pct_top1_ok",1,0,1,1
"LV_2023","capped_3pct_top1_keptmin",1,0,1,1
"LV_2023","capped_3pct_top1_naltmax",0,0,0,0
"LV_2023","capped_3pct_sgini4_nw",0.878437540564144,0.0229265424041871,0.833501517451937,0.923373563676351
"LV_2023","capped_3pct_sgini4_nwx",0.893271951988923,0.0224823193813916,0.849206606001395,0.93733729797645
"LV_2023","capped_3pct_sgini4_ratio",0.98339313770245,0.00408075282215953,0.975394862171017,0.991391413233882
"LV_2023","capped_3pct_sgini4_ok",1,0,1,1
"LV_2023","capped_3pct_sgini4_keptmin",1,0,1,1
"LV_2023","capped_3pct_sgini4_naltmax",0,0,0,0
"LV_2023","capped_3pct_gini_abs_nw",68199.8268867355,16431.1202071383,35994.8312807443,100404.822492727
"LV_2023","capped_3pct_gini_abs_nwx",65959.6030864915,16570.1738072111,33482.0624243578,98437.1437486251
"LV_2023","capped_3pct_gini_abs_ratio",1.03403509923198,0.0191787537292922,0.996444741922566,1.07162545654139
"LV_2023","capped_3pct_gini_abs_ok",1,0,1,1
"LV_2023","capped_3pct_gini_abs_keptmin",1,0,1,1
"LV_2023","capped_3pct_gini_abs_naltmax",0,0,0,0
"LV_2023","capped_3pct_variance_nw",74607912459.7845,35156735514.6152,5700710851.13876,143515114068.43
"LV_2023","capped_3pct_variance_nwx",73133591320.6044,35043729750.0288,4447881010.54795,141819301630.661
"LV_2023","capped_3pct_variance_ratio",1.02019553848003,0.0315394095753821,0.958378295712279,1.08201278124778
"LV_2023","capped_3pct_variance_ok",1,0,1,1
"LV_2023","capped_3pct_variance_keptmin",1,0,1,1
"LV_2023","capped_3pct_variance_naltmax",0,0,0,0
"LV_2023","capped_3pct_kolm0.5_nw",0.10291316674861,0.0145829598920729,0.0743305653601474,0.131495768137073
"LV_2023","capped_3pct_kolm0.5_nwx",0.100234266591378,0.0151749914187096,0.0704912834107075,0.129977249772049
"LV_2023","capped_3pct_kolm0.5_ratio",1.02678887630082,0.0307897175007077,0.96644102999943,1.0871367226022
"LV_2023","capped_3pct_kolm0.5_ok",1,0,1,1
"LV_2023","capped_3pct_kolm0.5_keptmin",1,0,1,1
"LV_2023","capped_3pct_kolm0.5_naltmax",0,0,0,0
"LV_2023","capped_3pct_kolm1_nw",0.135070764101177,0.0205599249042982,0.0947733112887525,0.175368216913602
"LV_2023","capped_3pct_kolm1_nwx",0.130757364025558,0.0206835792480984,0.0902175486992851,0.171297179351831
"LV_2023","capped_3pct_kolm1_ratio",1.03305058815738,0.0311263592394146,0.972042924048124,1.09405825226663
"LV_2023","capped_3pct_kolm1_ok",1,0,1,1
"LV_2023","capped_3pct_kolm1_keptmin",1,0,1,1
"LV_2023","capped_3pct_kolm1_naltmax",0,0,0,0
"LV_2023","capped_3pct_p75_p25_nw",73064.2014,4457.08087609346,64328.3228828568,81800.0799171432
"LV_2023","capped_3pct_p75_p25_nwx",71792.3556278997,4830.17234554412,62325.2178306332,81259.4934251661
"LV_2023","capped_3pct_p75_p25_ratio",1.01811319500832,0.0499458780795594,0.92021927397238,1.11600711604425
"LV_2023","capped_3pct_p75_p25_ok",1,0,1,1
"LV_2023","capped_3pct_p75_p25_keptmin",1,0,1,1
"LV_2023","capped_3pct_p75_p25_naltmax",0,0,0,0
"LV_2023","capped_3pct_p90_p10_nw",167251.618918,20520.0275241714,127032.364970624,207470.872865376
"LV_2023","capped_3pct_p90_p10_nwx",158026.153391763,18987.5946678184,120810.467842839,195241.838940687
"LV_2023","capped_3pct_p90_p10_ratio",1.05882636216161,0.0565141932126777,0.948058543464758,1.16959418085845
"LV_2023","capped_3pct_p90_p10_ok",1,0,1,1
"LV_2023","capped_3pct_p90_p10_keptmin",1,0,1,1
"LV_2023","capped_3pct_p90_p10_naltmax",0,0,0,0
"LV_2023","capped_3pct_inter1_nw",0.395902796691328,0.114129057917236,0.172209843173546,0.619595750209111
"LV_2023","capped_3pct_inter1_nwx",0.402756584882842,0.119530104601424,0.168477579864051,0.637035589901634
"LV_2023","capped_3pct_inter1_ratio",0.983042325102053,0.0204589500444135,0.942942783015003,1.0231418671891
"LV_2023","capped_3pct_inter1_ok",1,0,1,1
"LV_2023","capped_3pct_inter1_keptmin",1,0,1,1
"LV_2023","capped_3pct_inter1_naltmax",0,0,0,0
"LV_2023","capped_3pct_inter2_nw",1.10572487631325,0.336096585801905,0.446975568141513,1.76447418448498
"LV_2023","capped_3pct_inter2_nwx",1.15111339629874,0.354258775236331,0.45676619683553,1.84546059576195
"LV_2023","capped_3pct_inter2_ratio",0.960777518000406,0.0256267876782585,0.910549014151019,1.01100602184979
"LV_2023","capped_3pct_inter2_ok",1,0,1,1
"LV_2023","capped_3pct_inter2_keptmin",1,0,1,1
"LV_2023","capped_3pct_inter2_naltmax",0,0,0,0
"LV_2023","capped_3pct_ge2_nw",3.6137114226925,0.808037715216582,2.029957500868,5.197465344517
"LV_2023","capped_3pct_ge2_nwx",3.81469867348621,0.849315292800485,2.15004069959725,5.47935664737516
"LV_2023","capped_3pct_ge2_ratio",0.947335644069649,0.0270556462651373,0.89430657738998,1.00036471074932
"LV_2023","capped_3pct_ge2_ok",1,0,1,1
"LV_2023","capped_3pct_ge2_keptmin",0.925758567755369,0.0121064193519523,0.902029985825542,0.949487149685195
"LV_2023","capped_3pct_ge2_naltmax",0.0742414322446311,0.0121064193519522,0.0505128503148048,0.0979700141744575
"LV_2023","capped_3pct_ge_theil_nw",1.08153277671035,0.178515877592507,0.731641656629036,1.43142389679166
"LV_2023","capped_3pct_ge_theil_nwx",1.11374684516269,0.187618405223851,0.746014770923938,1.48147891940144
"LV_2023","capped_3pct_ge_theil_ratio",0.971144009726254,0.0135547152146501,0.94457676790554,0.997711251546968
"LV_2023","capped_3pct_ge_theil_ok",1,0,1,1
"LV_2023","capped_3pct_ge_theil_keptmin",0.925758567755369,0.0121064193519523,0.902029985825542,0.949487149685195
"LV_2023","capped_3pct_ge_theil_naltmax",0.0742414322446311,0.0121064193519522,0.0505128503148048,0.0979700141744575
"LV_2023","capped_3pct_ge_mld_nw",1.17579716820702,0.165455167719576,0.851505039476653,1.50008929693739
"LV_2023","capped_3pct_ge_mld_nwx",1.17877967073541,0.174113089087635,0.837518016123645,1.52004132534717
"LV_2023","capped_3pct_ge_mld_ratio",0.997525581747129,0.0212161289992861,0.955941968908528,1.03910919458573
"LV_2023","capped_3pct_ge_mld_ok",1,0,1,1
"LV_2023","capped_3pct_ge_mld_keptmin",0.925758567755369,0.0121064193519523,0.902029985825542,0.949487149685195
"LV_2023","capped_3pct_ge_mld_naltmax",0.0742414322446311,0.0121064193519522,0.0505128503148048,0.0979700141744575
"LV_2023","capped_3pct_atkinson05_nw",0.406331121490444,0.0516847107671192,0.30502908838689,0.507633154593997
"LV_2023","capped_3pct_atkinson05_nwx",0.412782615603426,0.0545818289739972,0.305802230814391,0.51976300039246
"LV_2023","capped_3pct_atkinson05_ratio",0.984428415474425,0.0124970593137077,0.959934179219558,1.00892265172929
"LV_2023","capped_3pct_atkinson05_ok",1,0,1,1
"LV_2023","capped_3pct_atkinson05_keptmin",0.925758567755369,0.0121064193519523,0.902029985825542,0.949487149685195
"LV_2023","capped_3pct_atkinson05_naltmax",0.0742414322446311,0.0121064193519522,0.0505128503148048,0.0979700141744575
"LV_2023","capped_3pct_atkinson1_nw",0.691353967666902,0.0506629003933029,0.592054682896028,0.790653252437775
"LV_2023","capped_3pct_atkinson1_nwx",0.692250641867968,0.053541586278678,0.587309132761759,0.797192150974177
"LV_2023","capped_3pct_atkinson1_ratio",0.998719715410945,0.0116061066997539,0.975971746279427,1.02146768454246
"LV_2023","capped_3pct_atkinson1_ok",1,0,1,1
"LV_2023","capped_3pct_atkinson1_keptmin",0.925758567755369,0.0121064193519523,0.902029985825542,0.949487149685195
"LV_2023","capped_3pct_atkinson1_naltmax",0.0742414322446311,0.0121064193519522,0.0505128503148048,0.0979700141744575
"LV_2023","capped_3pct_atkinson2_nw",0.997689901351381,0.00536067228113219,0.987182983680362,1.0081968190224
"LV_2023","capped_3pct_atkinson2_nwx",0.997688354505669,0.00569135499155194,0.986533298722227,1.00884341028911
"LV_2023","capped_3pct_atkinson2_ratio",1.00000155015191,0.000639164013167777,0.998748788686106,1.00125431161772
"LV_2023","capped_3pct_atkinson2_ok",1,0,1,1
"LV_2023","capped_3pct_atkinson2_keptmin",0.925758567755369,0.0121064193519523,0.902029985825542,0.949487149685195
"LV_2023","capped_3pct_atkinson2_naltmax",0.0742414322446311,0.0121064193519522,0.0505128503148048,0.0979700141744575
"LV_2023","capped_3pct_ge2_bach1_nw",3.79253069205052,0.844547962391169,2.13721668576383,5.44784469833721
"LV_2023","capped_3pct_ge2_bach1_nwx",4.16083036239225,0.920746622110036,2.35616698305658,5.96549374172792
"LV_2023","capped_3pct_ge2_bach1_ratio",0.91152892983491,0.026004562419271,0.860559987493139,0.962497872176681
"LV_2023","capped_3pct_ge2_bach1_ok",1,0,1,1
"LV_2023","capped_3pct_ge2_bach1_keptmin",1,0,1,1
"LV_2023","capped_3pct_ge2_bach1_naltmax",0.0742414322446311,0.0121064193519522,0.0505128503148048,0.0979700141744575
"LV_2023","capped_3pct_ge_theil_bach1_nw",1.12407616009319,0.179521137630936,0.772214730336553,1.47593758984982
"LV_2023","capped_3pct_ge_theil_bach1_nwx",1.19088187423319,0.190786065020167,0.816941186793663,1.56482256167272
"LV_2023","capped_3pct_ge_theil_bach1_ratio",0.943921936357119,0.012520992726973,0.919380790612252,0.968463082101986
"LV_2023","capped_3pct_ge_theil_bach1_ok",1,0,1,1
"LV_2023","capped_3pct_ge_theil_bach1_keptmin",1,0,1,1
"LV_2023","capped_3pct_ge_theil_bach1_naltmax",0.0742414322446311,0.0121064193519522,0.0505128503148048,0.0979700141744575
"LV_2023","capped_3pct_ge_mld_bach1_nw",1.56520355921786,0.188314350051742,1.19610743311645,1.93429968531928
"LV_2023","capped_3pct_ge_mld_bach1_nwx",1.86965193809313,0.218598618553263,1.44119864572873,2.29810523045752
"LV_2023","capped_3pct_ge_mld_bach1_ratio",0.837151348530875,0.0348415991447681,0.76886181420713,0.905440882854621
"LV_2023","capped_3pct_ge_mld_bach1_ok",1,0,1,1
"LV_2023","capped_3pct_ge_mld_bach1_keptmin",1,0,1,1
"LV_2023","capped_3pct_ge_mld_bach1_naltmax",0.0742414322446311,0.0121064193519522,0.0505128503148048,0.0979700141744575
"LV_2023","capped_3pct_atkinson05_bach1_nw",0.430861149564793,0.0503826860915178,0.332111084825418,0.529611214304168
"LV_2023","capped_3pct_atkinson05_bach1_nwx",0.456032905425015,0.0526745954922935,0.35279069826012,0.55927511258991
"LV_2023","capped_3pct_atkinson05_bach1_ratio",0.944795528821044,0.0119498335633143,0.921373855036948,0.968217202605141
"LV_2023","capped_3pct_atkinson05_bach1_ok",1,0,1,1
"LV_2023","capped_3pct_atkinson05_bach1_keptmin",1,0,1,1
"LV_2023","capped_3pct_atkinson05_bach1_naltmax",0.0742414322446311,0.0121064193519522,0.0505128503148048,0.0979700141744575
"LV_2023","capped_3pct_atkinson1_bach1_nw",0.790887104066613,0.0418972824116165,0.708768430539845,0.873005777593382
"LV_2023","capped_3pct_atkinson1_bach1_nwx",0.845784477556563,0.0366363089879774,0.773977311940127,0.917591643172999
"LV_2023","capped_3pct_atkinson1_bach1_ratio",0.935087610328664,0.0179457350973262,0.899913969537905,0.970261251119423
"LV_2023","capped_3pct_atkinson1_bach1_ok",1,0,1,1
"LV_2023","capped_3pct_atkinson1_bach1_keptmin",1,0,1,1
"LV_2023","capped_3pct_atkinson1_bach1_naltmax",0.0742414322446311,0.0121064193519522,0.0505128503148048,0.0979700141744575
"LV_2023","capped_3pct_atkinson2_bach1_nw",0.999778777677928,9.00815760319688e-05,0.999602217788905,0.999955337566951
"LV_2023","capped_3pct_atkinson2_bach1_nwx",0.999863350949732,4.4239810786332e-05,0.99977664092059,0.999950060978873
"LV_2023","capped_3pct_atkinson2_bach1_ratio",0.999915415164792,5.79907853276242e-05,0.99980175322555,1.00002907710403
"LV_2023","capped_3pct_atkinson2_bach1_ok",1,0,1,1
"LV_2023","capped_3pct_atkinson2_bach1_keptmin",1,0,1,1
"LV_2023","capped_3pct_atkinson2_bach1_naltmax",0.0742414322446311,0.0121064193519522,0.0505128503148048,0.0979700141744575
"LV_2023","capped_3pct_mu_ratio_nw",0.99568939313107,0.00179712839843875,0.99216702147013,0.99921176479201
"LV_2023","capped_3pct_mu_ratio_nwx",0.995439765366784,0.00192297338119073,0.99167073753965,0.999208793193918
"MT_2023","capped_3pct_gini_nw",0.516881964185969,0.0446726743307427,0.429323522497713,0.604440405874224
"MT_2023","capped_3pct_gini_nwx",0.570014270739126,0.0379223248111804,0.495686514109213,0.64434202736904
"MT_2023","capped_3pct_gini_ratio",0.906787760797178,0.0193306709246852,0.868899645784795,0.944675875809561
"MT_2023","capped_3pct_gini_ok",1,0,1,1
"MT_2023","capped_3pct_gini_keptmin",1,0,1,1
"MT_2023","capped_3pct_gini_naltmax",0,0,0,0
"MT_2023","capped_3pct_gini_rsv_nw",0.516876101906809,0.0446839037539923,0.429295650548984,0.604456553264634
"MT_2023","capped_3pct_gini_rsv_nwx",0.570006502764752,0.0379375457741308,0.495648913047455,0.644364092482048
"MT_2023","capped_3pct_gini_rsv_ratio",0.906789833799721,0.0193265229346616,0.868909848847784,0.944669818751658
"MT_2023","capped_3pct_gini_rsv_ok",1,0,1,1
"MT_2023","capped_3pct_gini_rsv_keptmin",1,0,1,1
"MT_2023","capped_3pct_gini_rsv_naltmax",0,0,0,0
"MT_2023","capped_3pct_cv_nw",1.10086925305979,0.0753044183084152,0.953272593175296,1.24846591294428
"MT_2023","capped_3pct_cv_nwx",1.244549013531,0.0686911704981247,1.10991431935467,1.37918370770732
"MT_2023","capped_3pct_cv_ratio",0.884552750507138,0.0123733728521599,0.860300939716905,0.908804561297372
"MT_2023","capped_3pct_cv_ok",1,0,1,1
"MT_2023","capped_3pct_cv_keptmin",1,0,1,1
"MT_2023","capped_3pct_cv_naltmax",0,0,0,0
"MT_2023","capped_3pct_top10_nw",0.345136377662249,0.0250834033077616,0.295972907179036,0.394299848145461
"MT_2023","capped_3pct_top10_nwx",0.380541311212711,0.0269400020211652,0.327738907251227,0.433343715174194
"MT_2023","capped_3pct_top10_ratio",0.906961655654064,0.00184962917611717,0.903336382468875,0.910586928839254
"MT_2023","capped_3pct_top10_ok",1,0,1,1
"MT_2023","capped_3pct_top10_keptmin",1,0,1,1
"MT_2023","capped_3pct_top10_naltmax",0,0,0,0
"MT_2023","capped_3pct_top1_nw",0.0704535508558342,0.00141506813930383,0.0676800173027987,0.0732270844088697
"MT_2023","capped_3pct_top1_nwx",0.0781191218825244,0.0024271439794099,0.073361919682881,0.0828763240821678
"MT_2023","capped_3pct_top1_ratio",0.901873307815496,0.0102574261147278,0.88176875263063,0.921977863000363
"MT_2023","capped_3pct_top1_ok",1,0,1,1
"MT_2023","capped_3pct_top1_keptmin",1,0,1,1
"MT_2023","capped_3pct_top1_naltmax",0,0,0,0
"MT_2023","capped_3pct_sgini4_nw",0.778888760409312,0.0527770969646565,0.675445650358585,0.882331870460039
"MT_2023","capped_3pct_sgini4_nwx",0.837408069865296,0.0385554960816626,0.761839297545237,0.912976842185355
"MT_2023","capped_3pct_sgini4_ratio",0.930118526962133,0.0211757904361827,0.888613977707215,0.971623076217051
"MT_2023","capped_3pct_sgini4_ok",1,0,1,1
"MT_2023","capped_3pct_sgini4_keptmin",1,0,1,1
"MT_2023","capped_3pct_sgini4_naltmax",0,0,0,0
"MT_2023","capped_3pct_gini_abs_nw",263780.967328302,3496.12315467393,256928.565945141,270633.368711463
"MT_2023","capped_3pct_gini_abs_nwx",242097.260788367,3617.48755561084,235006.98517937,249187.536397364
"MT_2023","capped_3pct_gini_abs_ratio",1.08956609616038,0.0302317539597207,1.03031185839933,1.14882033392143
"MT_2023","capped_3pct_gini_abs_ok",1,0,1,1
"MT_2023","capped_3pct_gini_abs_keptmin",1,0,1,1
"MT_2023","capped_3pct_gini_abs_naltmax",0,0,0,0
"MT_2023","capped_3pct_variance_nw",315628085257.676,4022994177.56531,307743016669.648,323513153845.704
"MT_2023","capped_3pct_variance_nwx",279403796984.587,15459105925.513,249103949370.582,309703644598.593
"MT_2023","capped_3pct_variance_ratio",1.1296485182522,0.0457620158170336,1.03995496725081,1.21934206925358
"MT_2023","capped_3pct_variance_ok",1,0,1,1
"MT_2023","capped_3pct_variance_keptmin",1,0,1,1
"MT_2023","capped_3pct_variance_naltmax",0,0,0,0
"MT_2023","capped_3pct_kolm0.5_nw",0.173056764460646,0.00566408485156464,0.16195515815158,0.184158370769713
"MT_2023","capped_3pct_kolm0.5_nwx",0.152144968954526,0.000648992429381352,0.150872943792939,0.153416994116114
"MT_2023","capped_3pct_kolm0.5_ratio",1.13744651334722,0.0417597423045556,1.05559741843029,1.21929560826415
"MT_2023","capped_3pct_kolm0.5_ok",1,0,1,1
"MT_2023","capped_3pct_kolm0.5_keptmin",1,0,1,1
"MT_2023","capped_3pct_kolm0.5_naltmax",0,0,0,0
"MT_2023","capped_3pct_kolm1_nw",0.278142896452546,0.00725886927159521,0.26391551268022,0.292370280224873
"MT_2023","capped_3pct_kolm1_nwx",0.243083692393254,0.00257106036626999,0.238044414075365,0.248122970711144
"MT_2023","capped_3pct_kolm1_ratio",1.14422688627987,0.0414218379387919,1.06304008391983,1.2254136886399
"MT_2023","capped_3pct_kolm1_ok",1,0,1,1
"MT_2023","capped_3pct_kolm1_keptmin",1,0,1,1
"MT_2023","capped_3pct_kolm1_naltmax",0,0,0,0
"MT_2023","capped_3pct_p75_p25_nw",544768.38,19068.8342888456,507393.464793863,582143.295206137
"MT_2023","capped_3pct_p75_p25_nwx",541963.377932569,39466.490148709,464609.057241099,619317.698624039
"MT_2023","capped_3pct_p75_p25_ratio",1.00517563027622,0.0414108820688945,0.924010301421188,1.08634095913125
"MT_2023","capped_3pct_p75_p25_ok",1,0,1,1
"MT_2023","capped_3pct_p75_p25_keptmin",1,0,1,1
"MT_2023","capped_3pct_p75_p25_naltmax",0,0,0,0
"MT_2023","capped_3pct_p90_p10_nw",1121395.88,389.295301725447,1120632.86120862,1122158.89879138
"MT_2023","capped_3pct_p90_p10_nwx",964250,64087.8262011874,838637.860645673,1089862.13935433
"MT_2023","capped_3pct_p90_p10_ratio",1.16297213378273,0.0728329195038442,1.0202196115552,1.30572465601027
"MT_2023","capped_3pct_p90_p10_ok",1,0,1,1
"MT_2023","capped_3pct_p90_p10_keptmin",1,0,1,1
"MT_2023","capped_3pct_p90_p10_naltmax",0,0,0,0
"MT_2023","capped_3pct_inter1_nw",0.461930048421979,0.0699459207343222,0.324836043782707,0.599024053061251
"MT_2023","capped_3pct_inter1_nwx",0.568286246629043,0.0695170494731448,0.432032829661679,0.704539663596407
"MT_2023","capped_3pct_inter1_ratio",0.812847488676794,0.0269469404995795,0.760031485297619,0.86566349205597
"MT_2023","capped_3pct_inter1_ok",1,0,1,1
"MT_2023","capped_3pct_inter1_keptmin",1,0,1,1
"MT_2023","capped_3pct_inter1_naltmax",0,0,0,0
"MT_2023","capped_3pct_inter2_nw",0.591268126689614,0.0771939982510763,0.439967890117505,0.742568363261724
"MT_2023","capped_3pct_inter2_nwx",0.751977135366054,0.079139487010159,0.596863740826143,0.907090529905966
"MT_2023","capped_3pct_inter2_ratio",0.786284713832145,0.0222543745219144,0.742666139769193,0.829903287895098
"MT_2023","capped_3pct_inter2_ok",1,0,1,1
"MT_2023","capped_3pct_inter2_keptmin",1,0,1,1
"MT_2023","capped_3pct_inter2_naltmax",0,0,0,0
"MT_2023","capped_3pct_ge2_nw",0.605410541388804,0.0812609597499335,0.446139060278935,0.764682022498674
"MT_2023","capped_3pct_ge2_nwx",0.658041773909675,0.0588245315056974,0.542745692158508,0.773337855660842
"MT_2023","capped_3pct_ge2_ratio",0.920018402162877,0.045308220481924,0.831214290018306,1.00882251430745
"MT_2023","capped_3pct_ge2_ok",1,0,1,1
"MT_2023","capped_3pct_ge2_keptmin",0.90867164534568,0.014058741190377,0.881116512612541,0.936226778078819
"MT_2023","capped_3pct_ge2_naltmax",0.09132835465432,0.0140587411903771,0.063773221921181,0.118883487387459
"MT_2023","capped_3pct_ge_theil_nw",0.476170190870514,0.074595182621195,0.329963632932972,0.622376748808056
"MT_2023","capped_3pct_ge_theil_nwx",0.496573855882498,0.0591116872672525,0.380714948838683,0.612432762926313
"MT_2023","capped_3pct_ge_theil_ratio",0.958911117107197,0.0409483365052486,0.878652377556909,1.03916985665748
"MT_2023","capped_3pct_ge_theil_ok",1,0,1,1
"MT_2023","capped_3pct_ge_theil_keptmin",0.90867164534568,0.014058741190377,0.881116512612541,0.936226778078819
"MT_2023","capped_3pct_ge_theil_naltmax",0.09132835465432,0.0140587411903771,0.063773221921181,0.118883487387459
"MT_2023","capped_3pct_ge_mld_nw",0.807803060394238,0.161001679070815,0.492239769415441,1.12336635137303
"MT_2023","capped_3pct_ge_mld_nwx",0.813103064553711,0.132433677194913,0.553533057251682,1.07267307185574
"MT_2023","capped_3pct_ge_mld_ratio",0.993481756015294,0.0432405233248994,0.908730330298491,1.0782331817321
"MT_2023","capped_3pct_ge_mld_ok",1,0,1,1
"MT_2023","capped_3pct_ge_mld_keptmin",0.90867164534568,0.014058741190377,0.881116512612541,0.936226778078819
"MT_2023","capped_3pct_ge_mld_naltmax",0.09132835465432,0.0140587411903771,0.063773221921181,0.118883487387459
"MT_2023","capped_3pct_atkinson05_nw",0.250925456060367,0.0402272024402342,0.172080139277508,0.329770772843226
"MT_2023","capped_3pct_atkinson05_nwx",0.256724125545946,0.032111250146463,0.193786075258878,0.319662175833013
"MT_2023","capped_3pct_atkinson05_ratio",0.977412837717346,0.0393635974782805,0.900260186659917,1.05456548877478
"MT_2023","capped_3pct_atkinson05_ok",1,0,1,1
"MT_2023","capped_3pct_atkinson05_keptmin",0.90867164534568,0.014058741190377,0.881116512612541,0.936226778078819
"MT_2023","capped_3pct_atkinson05_naltmax",0.09132835465432,0.0140587411903771,0.063773221921181,0.118883487387459
"MT_2023","capped_3pct_atkinson1_nw",0.554163533122381,0.0778819546556181,0.40151490199737,0.706812164247392
"MT_2023","capped_3pct_atkinson1_nwx",0.556520217516121,0.0627983669332952,0.433435418326862,0.679605016705379
"MT_2023","capped_3pct_atkinson1_ratio",0.995765321151749,0.031090732326089,0.934827485792614,1.05670315651088
"MT_2023","capped_3pct_atkinson1_ok",1,0,1,1
"MT_2023","capped_3pct_atkinson1_keptmin",0.90867164534568,0.014058741190377,0.881116512612541,0.936226778078819
"MT_2023","capped_3pct_atkinson1_naltmax",0.09132835465432,0.0140587411903771,0.063773221921181,0.118883487387459
"MT_2023","capped_3pct_atkinson2_nw",0.982441018295137,0.0158244089699697,0.951425176713996,1.01345685987628
"MT_2023","capped_3pct_atkinson2_nwx",0.982306614210866,0.0156915117803764,0.951551251121328,1.0130619773004
"MT_2023","capped_3pct_atkinson2_ratio",1.00013682498145,0.000138126297377001,0.999866097438595,1.00040755252431
"MT_2023","capped_3pct_atkinson2_ok",1,0,1,1
"MT_2023","capped_3pct_atkinson2_keptmin",0.90867164534568,0.014058741190377,0.881116512612541,0.936226778078819
"MT_2023","capped_3pct_atkinson2_naltmax",0.09132835465432,0.0140587411903771,0.063773221921181,0.118883487387459
"MT_2023","capped_3pct_ge2_bach1_nw",0.605943977364321,0.0800888293470244,0.448969871844153,0.762918082884489
"MT_2023","capped_3pct_ge2_bach1_nwx",0.774433159452972,0.0831631358539759,0.611433413179179,0.937432905726765
"MT_2023","capped_3pct_ge2_bach1_ratio",0.782435475506156,0.0217351585626858,0.739834564723292,0.82503638628902
"MT_2023","capped_3pct_ge2_bach1_ok",1,0,1,1
"MT_2023","capped_3pct_ge2_bach1_keptmin",1,0,1,1
"MT_2023","capped_3pct_ge2_bach1_naltmax",0.09132835465432,0.0140587411903771,0.063773221921181,0.118883487387459
"MT_2023","capped_3pct_ge_theil_bach1_nw",0.47665263074502,0.07341361183444,0.332761951549517,0.620543309940522
"MT_2023","capped_3pct_ge_theil_bach1_nwx",0.592342203174067,0.0744633849762957,0.446393968620527,0.738290437727607
"MT_2023","capped_3pct_ge_theil_bach1_ratio",0.804691322331712,0.0260578042414918,0.753618026018388,0.855764618645036
"MT_2023","capped_3pct_ge_theil_bach1_ok",1,0,1,1
"MT_2023","capped_3pct_ge_theil_bach1_keptmin",1,0,1,1
"MT_2023","capped_3pct_ge_theil_bach1_naltmax",0.09132835465432,0.0140587411903771,0.063773221921181,0.118883487387459
"MT_2023","capped_3pct_ge_mld_bach1_nw",0.813270479863441,0.147225626068062,0.52470825277004,1.10183270695684
"MT_2023","capped_3pct_ge_mld_bach1_nwx",1.83536109447611,0.273669659844681,1.29896856118053,2.37175362777168
"MT_2023","capped_3pct_ge_mld_bach1_ratio",0.443111975246257,0.0166298198422028,0.41051752835554,0.475706422136975
"MT_2023","capped_3pct_ge_mld_bach1_ok",1,0,1,1
"MT_2023","capped_3pct_ge_mld_bach1_keptmin",1,0,1,1
"MT_2023","capped_3pct_ge_mld_bach1_naltmax",0.09132835465432,0.0140587411903771,0.063773221921181,0.118883487387459
"MT_2023","capped_3pct_atkinson05_bach1_nw",0.251285594929675,0.0392789635244591,0.174298826421735,0.328272363437615
"MT_2023","capped_3pct_atkinson05_bach1_nwx",0.32437607851163,0.0400411154286594,0.245895492271458,0.402856664751803
"MT_2023","capped_3pct_atkinson05_bach1_ratio",0.77467363217003,0.029052954959387,0.717729840449631,0.831617423890429
"MT_2023","capped_3pct_atkinson05_bach1_ok",1,0,1,1
"MT_2023","capped_3pct_atkinson05_bach1_keptmin",1,0,1,1
"MT_2023","capped_3pct_atkinson05_bach1_naltmax",0.09132835465432,0.0140587411903771,0.063773221921181,0.118883487387459
"MT_2023","capped_3pct_atkinson1_bach1_nw",0.556594456606711,0.0703310960429013,0.418745508362624,0.694443404850798
"MT_2023","capped_3pct_atkinson1_bach1_nwx",0.840444123380995,0.0502254960951639,0.742002151034474,0.938886095727516
"MT_2023","capped_3pct_atkinson1_bach1_ratio",0.662262298137805,0.0469110035542144,0.570316731171545,0.754207865104065
"MT_2023","capped_3pct_atkinson1_bach1_ok",1,0,1,1
"MT_2023","capped_3pct_atkinson1_bach1_keptmin",1,0,1,1
"MT_2023","capped_3pct_atkinson1_bach1_naltmax",0.09132835465432,0.0140587411903771,0.063773221921181,0.118883487387459
"MT_2023","capped_3pct_atkinson2_bach1_nw",0.996700205181292,0.00224298245382323,0.992303959571798,1.00109645079079
"MT_2023","capped_3pct_atkinson2_bach1_nwx",0.999974250725624,2.25606041621591e-06,0.999969828847208,0.99997867260404
"MT_2023","capped_3pct_atkinson2_bach1_ratio",0.9967258701492,0.00224529342375826,0.992325095038634,1.00112664525977
"MT_2023","capped_3pct_atkinson2_bach1_ok",1,0,1,1
"MT_2023","capped_3pct_atkinson2_bach1_keptmin",1,0,1,1
"MT_2023","capped_3pct_atkinson2_bach1_naltmax",0.09132835465432,0.0140587411903771,0.063773221921181,0.118883487387459
"MT_2023","capped_3pct_mu_ratio_nw",0.999988658379348,2.48590349169101e-05,0.999939934670911,1.00003738208779
"MT_2023","capped_3pct_mu_ratio_nwx",0.999986372315969,2.95837974832974e-05,0.999928388072902,1.00004435655904
"NL_2023","capped_3pct_gini_nw",0.650168469176985,0.00938738708540641,0.631769190489588,0.668567747864381
"NL_2023","capped_3pct_gini_nwx",0.659376537522594,0.00940472089871288,0.640943284561117,0.677809790484071
"NL_2023","capped_3pct_gini_ratio",0.986037351706539,0.00432576796052966,0.977558846503901,0.994515856909177
"NL_2023","capped_3pct_gini_ok",1,0,1,1
"NL_2023","capped_3pct_gini_keptmin",1,0,1,1
"NL_2023","capped_3pct_gini_naltmax",0,0,0,0
"NL_2023","capped_3pct_gini_rsv_nw",0.640753362429716,0.00886872112496355,0.623370669024787,0.658136055834645
"NL_2023","capped_3pct_gini_rsv_nwx",0.64923923668326,0.00912374326141619,0.631356699890884,0.667121773475636
"NL_2023","capped_3pct_gini_rsv_ratio",0.986935892426421,0.00435469028415507,0.978400699469477,0.995471085383364
"NL_2023","capped_3pct_gini_rsv_ok",1,0,1,1
"NL_2023","capped_3pct_gini_rsv_keptmin",1,0,1,1
"NL_2023","capped_3pct_gini_rsv_naltmax",0,0,0,0
"NL_2023","capped_3pct_cv_nw",1.728902222473,0.104096808089936,1.52487247861672,1.93293196632927
"NL_2023","capped_3pct_cv_nwx",1.74614141730041,0.112159750109426,1.52630830708594,1.96597452751489
"NL_2023","capped_3pct_cv_ratio",0.990202035188786,0.0164741550326427,0.957912691324806,1.02249137905277
"NL_2023","capped_3pct_cv_ok",1,0,1,1
"NL_2023","capped_3pct_cv_keptmin",1,0,1,1
"NL_2023","capped_3pct_cv_naltmax",0,0,0,0
"NL_2023","capped_3pct_top10_nw",0.447042017536303,0.0134121715183247,0.420754161360386,0.473329873712219
"NL_2023","capped_3pct_top10_nwx",0.452960393020499,0.0140408033755978,0.425440418404328,0.480480367636671
"NL_2023","capped_3pct_top10_ratio",0.986955710327728,0.00722672164921854,0.97279133589526,1.0011200847602
"NL_2023","capped_3pct_top10_ok",1,0,1,1
"NL_2023","capped_3pct_top10_keptmin",1,0,1,1
"NL_2023","capped_3pct_top10_naltmax",0,0,0,0
"NL_2023","capped_3pct_top1_nw",0.127149503987757,0.0123743226022392,0.102895831687368,0.151403176288146
"NL_2023","capped_3pct_top1_nwx",0.126634344272662,0.012590275567081,0.101957404161183,0.151311284384141
"NL_2023","capped_3pct_top1_ratio",1.00413103516009,0.0278781821060481,0.94948979823224,1.05877227208795
"NL_2023","capped_3pct_top1_ok",1,0,1,1
"NL_2023","capped_3pct_top1_keptmin",1,0,1,1
"NL_2023","capped_3pct_top1_naltmax",0,0,0,0
"NL_2023","capped_3pct_sgini4_nw",0.914889392059491,0.00913934521844041,0.896976275431348,0.932802508687634
"NL_2023","capped_3pct_sgini4_nwx",0.92454991831266,0.0089281630476017,0.90705071873936,0.942049117885959
"NL_2023","capped_3pct_sgini4_ratio",0.9895485972543,0.00212425873210832,0.985385050139368,0.993712144369232
"NL_2023","capped_3pct_sgini4_ok",1,0,1,1
"NL_2023","capped_3pct_sgini4_keptmin",1,0,1,1
"NL_2023","capped_3pct_sgini4_naltmax",0,0,0,0
"NL_2023","capped_3pct_gini_abs_nw",168392.959644216,6614.57170363983,155428.399105082,181357.52018335
"NL_2023","capped_3pct_gini_abs_nwx",160580.423484693,6367.21380961561,148100.684417846,173060.162551539
"NL_2023","capped_3pct_gini_abs_ratio",1.04865312084241,0.00846737434016427,1.03205706713569,1.06524917454913
"NL_2023","capped_3pct_gini_abs_ok",1,0,1,1
"NL_2023","capped_3pct_gini_abs_keptmin",1,0,1,1
"NL_2023","capped_3pct_gini_abs_naltmax",0,0,0,0
"NL_2023","capped_3pct_variance_nw",200584016981.752,32638618766.5917,136612324199.232,264555709764.272
"NL_2023","capped_3pct_variance_nwx",180891542741.838,30754818674.5643,120612098139.692,241170987343.984
"NL_2023","capped_3pct_variance_ratio",1.10895114657073,0.0410667538092244,1.02846030910465,1.18944198403681
"NL_2023","capped_3pct_variance_ok",1,0,1,1
"NL_2023","capped_3pct_variance_keptmin",1,0,1,1
"NL_2023","capped_3pct_variance_naltmax",0,0,0,0
"NL_2023","capped_3pct_kolm0.5_nw",0.133661021906249,0.00837734710662452,0.117241421577265,0.150080622235233
"NL_2023","capped_3pct_kolm0.5_nwx",0.123723793720794,0.00814940913932866,0.10775095180771,0.139696635633879
"NL_2023","capped_3pct_kolm0.5_ratio",1.08036780795194,0.0193010934955776,1.04253766470061,1.11819795120327
"NL_2023","capped_3pct_kolm0.5_ok",1,0,1,1
"NL_2023","capped_3pct_kolm0.5_keptmin",1,0,1,1
"NL_2023","capped_3pct_kolm0.5_naltmax",0,0,0,0
"NL_2023","capped_3pct_kolm1_nw",0.202320983165182,0.0153911807216106,0.172154268950826,0.232487697379539
"NL_2023","capped_3pct_kolm1_nwx",0.188271585537652,0.014714057652389,0.15943203253897,0.217111138536335
"NL_2023","capped_3pct_kolm1_ratio",1.07469248806052,0.0147762293775942,1.04573107848044,1.10365389764061
"NL_2023","capped_3pct_kolm1_ok",1,0,1,1
"NL_2023","capped_3pct_kolm1_keptmin",1,0,1,1
"NL_2023","capped_3pct_kolm1_naltmax",0,0,0,0
"NL_2023","capped_3pct_p75_p25_nw",330647.3569688,8227.1457315405,314522.151334981,346772.562602619
"NL_2023","capped_3pct_p75_p25_nwx",317498.317413913,8680.71047771838,300484.124877585,334512.509950241
"NL_2023","capped_3pct_p75_p25_ratio",1.04145234583919,0.0162109709817488,1.00967884271496,1.07322584896342
"NL_2023","capped_3pct_p75_p25_ok",1,0,1,1
"NL_2023","capped_3pct_p75_p25_keptmin",1,0,1,1
"NL_2023","capped_3pct_p75_p25_naltmax",0,0,0,0
"NL_2023","capped_3pct_p90_p10_nw",615457.625566,20436.2290818581,575402.616565558,655512.634566442
"NL_2023","capped_3pct_p90_p10_nwx",590436.764898376,20666.9549617695,549929.533173307,630943.996623444
"NL_2023","capped_3pct_p90_p10_ratio",1.04239798117721,0.0194411696308183,1.00429328870081,1.08050267365362
"NL_2023","capped_3pct_p90_p10_ok",1,0,1,1
"NL_2023","capped_3pct_p90_p10_keptmin",1,0,1,1
"NL_2023","capped_3pct_p90_p10_naltmax",0,0,0,0
"NL_2023","capped_3pct_inter1_nw",0.140127518238534,0.0792840369131611,-0.0152691941112615,0.29552423058833
"NL_2023","capped_3pct_inter1_nwx",0.134732382588671,0.0780960051705457,-0.0183357875455982,0.287800552722941
"NL_2023","capped_3pct_inter1_ratio",1.04622561169528,0.0258658144211292,0.995528615429867,1.09692260796069
"NL_2023","capped_3pct_inter1_ok",1,0,1,1
"NL_2023","capped_3pct_inter1_keptmin",1,0,1,1
"NL_2023","capped_3pct_inter1_naltmax",0,0,0,0
"NL_2023","capped_3pct_inter2_nw",0.237912397710516,0.153123888660303,-0.0622104240636778,0.53803521948471
"NL_2023","capped_3pct_inter2_nwx",0.226731179895934,0.150092645541011,-0.0674504053644471,0.520912765156314
"NL_2023","capped_3pct_inter2_ratio",1.05813277567177,0.0419288347719583,0.975952259518733,1.14031329182481
"NL_2023","capped_3pct_inter2_ok",1,0,1,1
"NL_2023","capped_3pct_inter2_keptmin",1,0,1,1
"NL_2023","capped_3pct_inter2_naltmax",0,0,0,0
"NL_2023","capped_3pct_ge2_nw",1.36023661117607,0.168585118444775,1.02980977902431,1.69066344332783
"NL_2023","capped_3pct_ge2_nwx",1.33650546531665,0.177673519960386,0.988265366194291,1.684745564439
"NL_2023","capped_3pct_ge2_ratio",1.01799536765534,0.0337174443918343,0.951909176647345,1.08408155866334
"NL_2023","capped_3pct_ge2_ok",1,0,1,1
"NL_2023","capped_3pct_ge2_keptmin",0.922378098671955,0.00759489776819466,0.907492099046294,0.937264098297617
"NL_2023","capped_3pct_ge2_naltmax",0.0776219013280447,0.00759489776819468,0.0627359017023832,0.0925079009537063
"NL_2023","capped_3pct_ge_theil_nw",0.737696006020623,0.0342558273747152,0.670554584366181,0.804837427675065
"NL_2023","capped_3pct_ge_theil_nwx",0.732731178863883,0.0357755120923383,0.6626111751629,0.802851182564866
"NL_2023","capped_3pct_ge_theil_ratio",1.00681572070551,0.0116069760608608,0.984066047626223,1.0295653937848
"NL_2023","capped_3pct_ge_theil_ok",1,0,1,1
"NL_2023","capped_3pct_ge_theil_keptmin",0.922378098671955,0.00759489776819466,0.907492099046294,0.937264098297617
"NL_2023","capped_3pct_ge_theil_naltmax",0.0776219013280447,0.00759489776819468,0.0627359017023832,0.0925079009537063
"NL_2023","capped_3pct_ge_mld_nw",1.18654418023248,0.0385333057351951,1.1110189009915,1.26206945947346
"NL_2023","capped_3pct_ge_mld_nwx",1.18103865423998,0.0394632442853176,1.10369069544075,1.2583866130392
"NL_2023","capped_3pct_ge_mld_ratio",1.0046742624293,0.00602489972442413,0.992865458969431,1.01648306588917
"NL_2023","capped_3pct_ge_mld_ok",1,0,1,1
"NL_2023","capped_3pct_ge_mld_keptmin",0.922378098671955,0.00759489776819466,0.907492099046294,0.937264098297617
"NL_2023","capped_3pct_ge_mld_naltmax",0.0776219013280447,0.00759489776819468,0.0627359017023832,0.0925079009537063
"NL_2023","capped_3pct_atkinson05_nw",0.354767672398782,0.00985491661514092,0.335452035833106,0.374083308964458
"NL_2023","capped_3pct_atkinson05_nwx",0.353080545158887,0.0102349787179974,0.333019986871612,0.373141103446161
"NL_2023","capped_3pct_atkinson05_ratio",1.00479333090388,0.00681069699978494,0.991444364784306,1.01814229702346
"NL_2023","capped_3pct_atkinson05_ok",1,0,1,1
"NL_2023","capped_3pct_atkinson05_keptmin",0.922378098671955,0.00759489776819466,0.907492099046294,0.937264098297617
"NL_2023","capped_3pct_atkinson05_naltmax",0.0776219013280447,0.00759489776819468,0.0627359017023832,0.0925079009537063
"NL_2023","capped_3pct_atkinson1_nw",0.694692686397486,0.0117467416587145,0.671669072746406,0.717716300048566
"NL_2023","capped_3pct_atkinson1_nwx",0.693002728099161,0.0120903530050426,0.669305636209277,0.716699819989044
"NL_2023","capped_3pct_atkinson1_ratio",1.00244223984524,0.00315026465350967,0.996267721124365,1.00861675856612
"NL_2023","capped_3pct_atkinson1_ok",1,0,1,1
"NL_2023","capped_3pct_atkinson1_keptmin",0.922378098671955,0.00759489776819466,0.907492099046294,0.937264098297617
"NL_2023","capped_3pct_atkinson1_naltmax",0.0776219013280447,0.00759489776819468,0.0627359017023832,0.0925079009537063
"NL_2023","capped_3pct_atkinson2_nw",0.995042138647129,0.00421949711684753,0.986771924298108,1.00331235299615
"NL_2023","capped_3pct_atkinson2_nwx",0.994998300125483,0.00427074196968839,0.986627645864894,1.00336895438607
"NL_2023","capped_3pct_atkinson2_ratio",1.00004406379263,8.05223961125647e-05,0.999886239896252,1.00020188768901
"NL_2023","capped_3pct_atkinson2_ok",1,0,1,1
"NL_2023","capped_3pct_atkinson2_keptmin",0.922378098671955,0.00759489776819466,0.907492099046294,0.937264098297617
"NL_2023","capped_3pct_atkinson2_naltmax",0.0776219013280447,0.00759489776819468,0.0627359017023832,0.0925079009537063
"NL_2023","capped_3pct_ge2_bach1_nw",1.46352695608666,0.177548296511937,1.11553229492326,1.81152161725005
"NL_2023","capped_3pct_ge2_bach1_nwx",1.49115050842552,0.194100653041209,1.11071322846475,1.87158778838629
"NL_2023","capped_3pct_ge2_bach1_ratio",0.981810913551928,0.033094299279824,0.916946086963473,1.04667574014038
"NL_2023","capped_3pct_ge2_bach1_ok",1,0,1,1
"NL_2023","capped_3pct_ge2_bach1_keptmin",1,0,1,1
"NL_2023","capped_3pct_ge2_bach1_naltmax",0.0776219013280447,0.00759489776819468,0.0627359017023832,0.0925079009537063
"NL_2023","capped_3pct_ge_theil_bach1_nw",0.791743172171843,0.0338930291189688,0.725312835098664,0.858173509245022
"NL_2023","capped_3pct_ge_theil_bach1_nwx",0.81353364154082,0.0361921578998176,0.742597012057177,0.884470271024463
"NL_2023","capped_3pct_ge_theil_bach1_ratio",0.973278228176455,0.0122325149407095,0.949302498892664,0.997253957460246
"NL_2023","capped_3pct_ge_theil_bach1_ok",1,0,1,1
"NL_2023","capped_3pct_ge_theil_bach1_keptmin",1,0,1,1
"NL_2023","capped_3pct_ge_theil_bach1_naltmax",0.0776219013280447,0.00759489776819468,0.0627359017023832,0.0925079009537063
"NL_2023","capped_3pct_ge_mld_bach1_nw",1.72911626749849,0.0653506313749479,1.60102903000359,1.85720350499339
"NL_2023","capped_3pct_ge_mld_bach1_nwx",1.97820561644114,0.0806695422778569,1.82009331357654,2.13631791930574
"NL_2023","capped_3pct_ge_mld_bach1_ratio",0.874256654121657,0.0220569470116235,0.831025037978875,0.917488270264439
"NL_2023","capped_3pct_ge_mld_bach1_ok",1,0,1,1
"NL_2023","capped_3pct_ge_mld_bach1_keptmin",1,0,1,1
"NL_2023","capped_3pct_ge_mld_bach1_naltmax",0.0776219013280447,0.00759489776819468,0.0627359017023832,0.0925079009537063
"NL_2023","capped_3pct_atkinson05_bach1_nw",0.388559166247691,0.00935112583505112,0.370230959610991,0.406887372884391
"NL_2023","capped_3pct_atkinson05_bach1_nwx",0.403057115957442,0.0100155305844939,0.383426676011834,0.42268755590305
"NL_2023","capped_3pct_atkinson05_bach1_ratio",0.964064482520918,0.00917731776982444,0.946076939692062,0.982052025349774
"NL_2023","capped_3pct_atkinson05_bach1_ok",1,0,1,1
"NL_2023","capped_3pct_atkinson05_bach1_keptmin",1,0,1,1
"NL_2023","capped_3pct_atkinson05_bach1_naltmax",0.0776219013280447,0.00759489776819468,0.0627359017023832,0.0925079009537063
"NL_2023","capped_3pct_atkinson1_bach1_nw",0.822538656602294,0.0115822154505929,0.799837514319132,0.845239798885456
"NL_2023","capped_3pct_atkinson1_bach1_nwx",0.861607666548853,0.0111357065944817,0.839781681623669,0.883433651474037
"NL_2023","capped_3pct_atkinson1_bach1_ratio",0.954673229841533,0.00829816227993383,0.938408831772863,0.970937627910203
"NL_2023","capped_3pct_atkinson1_bach1_ok",1,0,1,1
"NL_2023","capped_3pct_atkinson1_bach1_keptmin",1,0,1,1
"NL_2023","capped_3pct_atkinson1_bach1_naltmax",0.0776219013280447,0.00759489776819468,0.0627359017023832,0.0925079009537063
"NL_2023","capped_3pct_atkinson2_bach1_nw",0.99992802907539,8.34306539900485e-06,0.999911676667207,0.999944381483572
"NL_2023","capped_3pct_atkinson2_bach1_nwx",0.999947879083687,5.20270955997626e-06,0.999937681772949,0.999958076394424
"NL_2023","capped_3pct_atkinson2_bach1_ratio",0.999980148957905,5.04855219240448e-06,0.999970253795608,0.999990044120202
"NL_2023","capped_3pct_atkinson2_bach1_ok",1,0,1,1
"NL_2023","capped_3pct_atkinson2_bach1_keptmin",1,0,1,1
"NL_2023","capped_3pct_atkinson2_bach1_naltmax",0.0776219013280447,0.00759489776819468,0.0627359017023832,0.0925079009537063
"NL_2023","capped_3pct_mu_ratio_nw",0.985520939867341,0.00398393398969029,0.977712429247548,0.993329450487134
"NL_2023","capped_3pct_mu_ratio_nwx",0.984623917769048,0.00418869025302007,0.976414084873129,0.992833750664968
"PT_2023","capped_3pct_gini_nw",0.648040190893565,0.00904381812237571,0.630314307373708,0.665766074413421
"PT_2023","capped_3pct_gini_nwx",0.680956565381777,0.00954161347519581,0.662255002970394,0.699658127793161
"PT_2023","capped_3pct_gini_ratio",0.951667554921815,0.0039903141494368,0.943846539188919,0.959488570654712
"PT_2023","capped_3pct_gini_ok",1,0,1,1
"PT_2023","capped_3pct_gini_keptmin",1,0,1,1
"PT_2023","capped_3pct_gini_naltmax",0,0,0,0
"PT_2023","capped_3pct_gini_rsv_nw",0.646872382791025,0.00901627595164653,0.629200481925798,0.664544283656252
"PT_2023","capped_3pct_gini_rsv_nwx",0.679523813468514,0.00947609973141618,0.660950657994939,0.69809696894209
"PT_2023","capped_3pct_gini_rsv_ratio",0.951954956317823,0.00397139141423373,0.944171029145925,0.959738883489721
"PT_2023","capped_3pct_gini_rsv_ok",1,0,1,1
"PT_2023","capped_3pct_gini_rsv_keptmin",1,0,1,1
"PT_2023","capped_3pct_gini_rsv_naltmax",0,0,0,0
"PT_2023","capped_3pct_cv_nw",2.26894258151917,0.199638218517652,1.87765167322457,2.66023348981376
"PT_2023","capped_3pct_cv_nwx",2.45860057394515,0.241088337345516,1.98606743274794,2.93113371514236
"PT_2023","capped_3pct_cv_ratio",0.92316165598688,0.0247532432431023,0.874645299230399,0.97167801274336
"PT_2023","capped_3pct_cv_ok",1,0,1,1
"PT_2023","capped_3pct_cv_keptmin",1,0,1,1
"PT_2023","capped_3pct_cv_naltmax",0,0,0,0
"PT_2023","capped_3pct_top10_nw",0.495918618316762,0.0125897711742517,0.471242666815228,0.520594569818295
"PT_2023","capped_3pct_top10_nwx",0.517368178889203,0.0139111661020425,0.4901022933292,0.544634064449206
"PT_2023","capped_3pct_top10_ratio",0.958561349893144,0.00709524230976712,0.944654674966001,0.972468024820288
"PT_2023","capped_3pct_top10_ok",1,0,1,1
"PT_2023","capped_3pct_top10_keptmin",1,0,1,1
"PT_2023","capped_3pct_top10_naltmax",0,0,0,0
"PT_2023","capped_3pct_top1_nw",0.164465755485292,0.0152718269611228,0.134532974641491,0.194398536329093
"PT_2023","capped_3pct_top1_nwx",0.176498325792904,0.0173097832388267,0.142571150644803,0.210425500941004
"PT_2023","capped_3pct_top1_ratio",0.931918136678935,0.0211203635903244,0.890522224041899,0.973314049315971
"PT_2023","capped_3pct_top1_ok",1,0,1,1
"PT_2023","capped_3pct_top1_keptmin",1,0,1,1
"PT_2023","capped_3pct_top1_naltmax",0,0,0,0
"PT_2023","capped_3pct_sgini4_nw",0.868752889273986,0.00497952902006687,0.858993012394655,0.878512766153317
"PT_2023","capped_3pct_sgini4_nwx",0.90331383888834,0.00461404995854671,0.894270300969589,0.912357376807092
"PT_2023","capped_3pct_sgini4_ratio",0.96174046593078,0.00221100878692081,0.957406888708416,0.966074043153145
"PT_2023","capped_3pct_sgini4_ok",1,0,1,1
"PT_2023","capped_3pct_sgini4_keptmin",1,0,1,1
"PT_2023","capped_3pct_sgini4_naltmax",0,0,0,0
"PT_2023","capped_3pct_gini_abs_nw",193613.491186527,14494.5237397121,165204.224656691,222022.757716362
"PT_2023","capped_3pct_gini_abs_nwx",174208.675779794,13004.2282770875,148720.388356702,199696.963202885
"PT_2023","capped_3pct_gini_abs_ratio",1.1114137639791,0.0114361008980427,1.08899900621894,1.13382852173927
"PT_2023","capped_3pct_gini_abs_ok",1,0,1,1
"PT_2023","capped_3pct_gini_abs_keptmin",1,0,1,1
"PT_2023","capped_3pct_gini_abs_naltmax",0,0,0,0
"PT_2023","capped_3pct_variance_nw",459699058725.212,134927320501.856,195241510541.575,724156606908.85
"PT_2023","capped_3pct_variance_nwx",395874622061.47,125284168959.098,150317650901.638,641431593221.302
"PT_2023","capped_3pct_variance_ratio",1.16254656088405,0.0681107470099197,1.02904949674461,1.2960436250235
"PT_2023","capped_3pct_variance_ok",1,0,1,1
"PT_2023","capped_3pct_variance_keptmin",1,0,1,1
"PT_2023","capped_3pct_variance_naltmax",0,0,0,0
"PT_2023","capped_3pct_kolm0.5_nw",0.0993217302806644,0.00924613836567596,0.0811992990839395,0.117444161477389
"PT_2023","capped_3pct_kolm0.5_nwx",0.0853662292082906,0.00786845015641474,0.0699440669017178,0.100788391514864
"PT_2023","capped_3pct_kolm0.5_ratio",1.16375023913424,0.0284454751952432,1.10799710775156,1.21950337051692
"PT_2023","capped_3pct_kolm0.5_ok",1,0,1,1
"PT_2023","capped_3pct_kolm0.5_keptmin",1,0,1,1
"PT_2023","capped_3pct_kolm0.5_naltmax",0,0,0,0
"PT_2023","capped_3pct_kolm1_nw",0.141926387821885,0.014711991599584,0.1130908842867,0.170761891357069
"PT_2023","capped_3pct_kolm1_nwx",0.122191735907562,0.0125560620373236,0.0975818543144073,0.146801617500716
"PT_2023","capped_3pct_kolm1_ratio",1.16172829032698,0.0226541436837375,1.11732616870686,1.20613041194711
"PT_2023","capped_3pct_kolm1_ok",1,0,1,1
"PT_2023","capped_3pct_kolm1_keptmin",1,0,1,1
"PT_2023","capped_3pct_kolm1_naltmax",0,0,0,0
"PT_2023","capped_3pct_p75_p25_nw",280767.8,15499.8872733511,250388.020944232,311147.579055768
"PT_2023","capped_3pct_p75_p25_nwx",267390.803838743,13395.3445678283,241135.9284858,293645.679191687
"PT_2023","capped_3pct_p75_p25_ratio",1.05013323730904,0.0233163254854427,1.00443323935758,1.09583323526051
"PT_2023","capped_3pct_p75_p25_ok",1,0,1,1
"PT_2023","capped_3pct_p75_p25_keptmin",1,0,1,1
"PT_2023","capped_3pct_p75_p25_naltmax",0,0,0,0
"PT_2023","capped_3pct_p90_p10_nw",650960.6399994,43879.5850750181,564956.653252365,736964.626746435
"PT_2023","capped_3pct_p90_p10_nwx",576914.246323152,34281.720861178,509722.073435243,644106.419211061
"PT_2023","capped_3pct_p90_p10_ratio",1.12856534981294,0.0319436991447034,1.06595569948932,1.19117500013656
"PT_2023","capped_3pct_p90_p10_ok",1,0,1,1
"PT_2023","capped_3pct_p90_p10_keptmin",1,0,1,1
"PT_2023","capped_3pct_p90_p10_naltmax",0,0,0,0
"PT_2023","capped_3pct_inter1_nw",0.411037864360273,0.098777551079024,0.217433864245386,0.60464186447516
"PT_2023","capped_3pct_inter1_nwx",0.413861122792346,0.109271562259966,0.199688860762813,0.628033384821879
"PT_2023","capped_3pct_inter1_ratio",0.99489702694874,0.0274010890962542,0.941190892320082,1.0486031615774
"PT_2023","capped_3pct_inter1_ok",1,0,1,1
"PT_2023","capped_3pct_inter1_keptmin",1,0,1,1
"PT_2023","capped_3pct_inter1_naltmax",0,0,0,0
"PT_2023","capped_3pct_inter2_nw",1.13021729713245,0.407884064911763,0.330764529905395,1.9296700643595
"PT_2023","capped_3pct_inter2_nwx",1.19330854163854,0.487421831397285,0.237961752099857,2.14865533117722
"PT_2023","capped_3pct_inter2_ratio",0.952735052255534,0.0612058725783746,0.83277154200192,1.07269856250915
"PT_2023","capped_3pct_inter2_ok",1,0,1,1
"PT_2023","capped_3pct_inter2_keptmin",1,0,1,1
"PT_2023","capped_3pct_inter2_naltmax",0,0,0,0
"PT_2023","capped_3pct_ge2_nw",2.44862204762639,0.44435763480026,1.57768108341788,3.3195630118349
"PT_2023","capped_3pct_ge2_nwx",2.60187976686511,0.535861896454982,1.55159044981334,3.65216908391687
"PT_2023","capped_3pct_ge2_ratio",0.942431034813421,0.052307721587014,0.839907900502874,1.04495416912397
"PT_2023","capped_3pct_ge2_ok",1,0,1,1
"PT_2023","capped_3pct_ge2_keptmin",0.881788266419433,0.00433184487576717,0.873297850462929,0.890278682375937
"PT_2023","capped_3pct_ge2_naltmax",0.118211733580567,0.00433184487576716,0.109721317624063,0.12670214953707
"PT_2023","capped_3pct_ge_theil_nw",0.843966938236894,0.0470115688604777,0.751824263270358,0.93610961320343
"PT_2023","capped_3pct_ge_theil_nwx",0.861955664525187,0.0540496153756241,0.756018418388964,0.96789291066141
"PT_2023","capped_3pct_ge_theil_ratio",0.979230403736171,0.0155384006941515,0.948775138375634,1.00968566909671
"PT_2023","capped_3pct_ge_theil_ok",1,0,1,1
"PT_2023","capped_3pct_ge_theil_keptmin",0.881788266419433,0.00433184487576717,0.873297850462929,0.890278682375937
"PT_2023","capped_3pct_ge_theil_naltmax",0.118211733580567,0.00433184487576716,0.109721317624063,0.12670214953707
"PT_2023","capped_3pct_ge_mld_nw",1.16248816995563,0.0307687938630377,1.10218133398408,1.22279500592718
"PT_2023","capped_3pct_ge_mld_nwx",1.18658546945797,0.0339140720706455,1.12011388819951,1.25305705071644
"PT_2023","capped_3pct_ge_mld_ratio",0.97971362152169,0.00835897657949168,0.963330027425887,0.996097215617494
"PT_2023","capped_3pct_ge_mld_ok",1,0,1,1
"PT_2023","capped_3pct_ge_mld_keptmin",0.881788266419433,0.00433184487576717,0.873297850462929,0.890278682375937
"PT_2023","capped_3pct_ge_mld_naltmax",0.118211733580567,0.00433184487576716,0.109721317624063,0.12670214953707
"PT_2023","capped_3pct_atkinson05_nw",0.36164570318288,0.0107289831468639,0.340616896215027,0.382674510150733
"PT_2023","capped_3pct_atkinson05_nwx",0.367669949034385,0.012102304843101,0.343949431541907,0.391390466526863
"PT_2023","capped_3pct_atkinson05_ratio",0.983645174709459,0.00856664498513094,0.966854550538602,1.00043579888032
"PT_2023","capped_3pct_atkinson05_ok",1,0,1,1
"PT_2023","capped_3pct_atkinson05_keptmin",0.881788266419433,0.00433184487576717,0.873297850462929,0.890278682375937
"PT_2023","capped_3pct_atkinson05_naltmax",0.118211733580567,0.00433184487576716,0.109721317624063,0.12670214953707
"PT_2023","capped_3pct_atkinson1_nw",0.687285172822164,0.00960433178053915,0.668460682532307,0.706109663112021
"PT_2023","capped_3pct_atkinson1_nwx",0.694723730870667,0.0103196795645287,0.674497158924191,0.714950302817143
"PT_2023","capped_3pct_atkinson1_ratio",0.989298612939143,0.00438825639455796,0.980697630405809,0.997899595472477
"PT_2023","capped_3pct_atkinson1_ok",1,0,1,1
"PT_2023","capped_3pct_atkinson1_keptmin",0.881788266419433,0.00433184487576717,0.873297850462929,0.890278682375937
"PT_2023","capped_3pct_atkinson1_naltmax",0.118211733580567,0.00433184487576716,0.109721317624063,0.12670214953707
"PT_2023","capped_3pct_atkinson2_nw",0.996449258016445,0.000884221795510168,0.994716183297246,0.998182332735645
"PT_2023","capped_3pct_atkinson2_nwx",0.996245740428944,0.00101183461731935,0.994262544578998,0.99822893627889
"PT_2023","capped_3pct_atkinson2_ratio",1.00020429201255,0.000360448722912479,0.999497812515637,1.00091077150945
"PT_2023","capped_3pct_atkinson2_ok",1,0,1,1
"PT_2023","capped_3pct_atkinson2_keptmin",0.881788266419433,0.00433184487576717,0.873297850462929,0.890278682375937
"PT_2023","capped_3pct_atkinson2_naltmax",0.118211733580567,0.00433184487576716,0.109721317624063,0.12670214953707
"PT_2023","capped_3pct_ge2_bach1_nw",2.56965902094326,0.461345091745059,1.66542264112295,3.47389540076358
"PT_2023","capped_3pct_ge2_bach1_nwx",3.01767963985604,0.606527086241939,1.82888655082184,4.20647272889024
"PT_2023","capped_3pct_ge2_bach1_ratio",0.85265258102186,0.0460616327770396,0.762371780778862,0.942933381264857
"PT_2023","capped_3pct_ge2_bach1_ok",1,0,1,1
"PT_2023","capped_3pct_ge2_bach1_keptmin",1,0,1,1
"PT_2023","capped_3pct_ge2_bach1_naltmax",0.118211733580567,0.00433184487576716,0.109721317624063,0.12670214953707
"PT_2023","capped_3pct_ge_theil_bach1_nw",0.88419562326299,0.0469417078987807,0.79218987578138,0.9762013707446
"PT_2023","capped_3pct_ge_theil_bach1_nwx",0.987753055185343,0.0543391126229253,0.88124839444441,1.09425771592628
"PT_2023","capped_3pct_ge_theil_bach1_ratio",0.895224189390447,0.012673527901319,0.870384074703862,0.920064304077032
"PT_2023","capped_3pct_ge_theil_bach1_ok",1,0,1,1
"PT_2023","capped_3pct_ge_theil_bach1_keptmin",1,0,1,1
"PT_2023","capped_3pct_ge_theil_bach1_naltmax",0.118211733580567,0.00433184487576716,0.109721317624063,0.12670214953707
"PT_2023","capped_3pct_ge_mld_bach1_nw",1.5751758974385,0.0425434333219916,1.49179076812739,1.6585610267496
"PT_2023","capped_3pct_ge_mld_bach1_nwx",2.40750754495206,0.0571635570846032,2.29546697306624,2.51954811683788
"PT_2023","capped_3pct_ge_mld_bach1_ratio",0.654286958764453,0.013025312779817,0.628757345716011,0.679816571812894
"PT_2023","capped_3pct_ge_mld_bach1_ok",1,0,1,1
"PT_2023","capped_3pct_ge_mld_bach1_keptmin",1,0,1,1
"PT_2023","capped_3pct_ge_mld_bach1_naltmax",0.118211733580567,0.00433184487576716,0.109721317624063,0.12670214953707
"PT_2023","capped_3pct_atkinson05_bach1_nw",0.386703893165358,0.010432523818329,0.366256146481433,0.407151639849283
"PT_2023","capped_3pct_atkinson05_bach1_nwx",0.44206850938711,0.011181935505761,0.420151915795818,0.463985102978402
"PT_2023","capped_3pct_atkinson05_bach1_ratio",0.874774174158264,0.0079441073961965,0.859203723661719,0.890344624654809
"PT_2023","capped_3pct_atkinson05_bach1_ok",1,0,1,1
"PT_2023","capped_3pct_atkinson05_bach1_keptmin",1,0,1,1
"PT_2023","capped_3pct_atkinson05_bach1_naltmax",0.118211733580567,0.00433184487576716,0.109721317624063,0.12670214953707
"PT_2023","capped_3pct_atkinson1_bach1_nw",0.793014773019894,0.00887540445814336,0.775618980281933,0.810410565757855
"PT_2023","capped_3pct_atkinson1_bach1_nwx",0.909948027637239,0.00516511954081885,0.899824393337235,0.920071661937244
"PT_2023","capped_3pct_atkinson1_bach1_ratio",0.871494189987872,0.0072163564620519,0.85735013132225,0.885638248653494
"PT_2023","capped_3pct_atkinson1_bach1_ok",1,0,1,1
"PT_2023","capped_3pct_atkinson1_bach1_keptmin",1,0,1,1
"PT_2023","capped_3pct_atkinson1_bach1_naltmax",0.118211733580567,0.00433184487576716,0.109721317624063,0.12670214953707
"PT_2023","capped_3pct_atkinson2_bach1_nw",0.99991696628981,6.60163369909131e-06,0.99990402708776,0.999929905491861
"PT_2023","capped_3pct_atkinson2_bach1_nwx",0.999967189281273,2.03800048212152e-06,0.999963194800328,0.999971183762218
"PT_2023","capped_3pct_atkinson2_bach1_ratio",0.99994977536017,5.42087627783467e-06,0.999939150442666,0.999960400277675
"PT_2023","capped_3pct_atkinson2_bach1_ok",1,0,1,1
"PT_2023","capped_3pct_atkinson2_bach1_keptmin",1,0,1,1
"PT_2023","capped_3pct_atkinson2_bach1_naltmax",0.118211733580567,0.00433184487576716,0.109721317624063,0.12670214953707
"PT_2023","capped_3pct_mu_ratio_nw",0.998198525320075,0.000437822832959505,0.997340392567475,0.999056658072676
"PT_2023","capped_3pct_mu_ratio_nwx",0.997897111644413,0.00050915448536318,0.996899168853101,0.998895054435725
"SI_2023","capped_3pct_gini_nw",0.565665431867465,0.0238408641841213,0.518937338066587,0.612393525668343
"SI_2023","capped_3pct_gini_nwx",0.692656283906624,0.024534087611588,0.644569472187911,0.740743095625336
"SI_2023","capped_3pct_gini_ratio",0.816626690803569,0.013535261010257,0.790097579223465,0.843155802383672
"SI_2023","capped_3pct_gini_ok",1,0,1,1
"SI_2023","capped_3pct_gini_keptmin",1,0,1,1
"SI_2023","capped_3pct_gini_naltmax",0,0,0,0
"SI_2023","capped_3pct_gini_rsv_nw",0.564837253432078,0.0238622710453301,0.518067202183231,0.611607304680925
"SI_2023","capped_3pct_gini_rsv_nwx",0.691235177943976,0.0245945811739356,0.643029798843063,0.73944055704489
"SI_2023","capped_3pct_gini_rsv_ratio",0.817107548086639,0.0134860540639574,0.790674882121283,0.843540214051996
"SI_2023","capped_3pct_gini_rsv_ok",1,0,1,1
"SI_2023","capped_3pct_gini_rsv_keptmin",1,0,1,1
"SI_2023","capped_3pct_gini_rsv_naltmax",0,0,0,0
"SI_2023","capped_3pct_cv_nw",1.94670192408606,0.30174182666044,1.35528794383159,2.53811590434052
"SI_2023","capped_3pct_cv_nwx",2.57152942272082,0.388766887643238,1.80954632294008,3.33351252250157
"SI_2023","capped_3pct_cv_ratio",0.75698029616772,0.0197398468403848,0.718290196360566,0.795670395974875
"SI_2023","capped_3pct_cv_ok",1,0,1,1
"SI_2023","capped_3pct_cv_keptmin",1,0,1,1
"SI_2023","capped_3pct_cv_naltmax",0,0,0,0
"SI_2023","capped_3pct_top10_nw",0.415232677098733,0.0317896303423837,0.352925001627661,0.477540352569805
"SI_2023","capped_3pct_top10_nwx",0.503405309164694,0.0390504053407716,0.426866514696781,0.579944103632606
"SI_2023","capped_3pct_top10_ratio",0.824953432405095,0.0156684307726754,0.794243308090651,0.855663556719539
"SI_2023","capped_3pct_top10_ok",1,0,1,1
"SI_2023","capped_3pct_top10_keptmin",1,0,1,1
"SI_2023","capped_3pct_top10_naltmax",0,0,0,0
"SI_2023","capped_3pct_top1_nw",0.143364469250465,0.0350235086971998,0.0747183922039537,0.212010546296977
"SI_2023","capped_3pct_top1_nwx",0.185992047876089,0.0463648882433088,0.0951168669192038,0.276867228832974
"SI_2023","capped_3pct_top1_ratio",0.772055322048079,0.0299853514197935,0.713284033265283,0.830826610830874
"SI_2023","capped_3pct_top1_ok",1,0,1,1
"SI_2023","capped_3pct_top1_keptmin",1,0,1,1
"SI_2023","capped_3pct_top1_naltmax",0,0,0,0
"SI_2023","capped_3pct_sgini4_nw",0.803752954357205,0.013041856463705,0.778190915688343,0.829314993026066
"SI_2023","capped_3pct_sgini4_nwx",0.926184847720999,0.00893379958586759,0.908674600532699,0.9436950949093
"SI_2023","capped_3pct_sgini4_ratio",0.867806694273692,0.00976744071438512,0.848662510473498,0.886950878073887
"SI_2023","capped_3pct_sgini4_ok",1,0,1,1
"SI_2023","capped_3pct_sgini4_keptmin",1,0,1,1
"SI_2023","capped_3pct_sgini4_naltmax",0,0,0,0
"SI_2023","capped_3pct_gini_abs_nw",133679.39429212,14235.6080332141,105777.60254702,161581.18603722
"SI_2023","capped_3pct_gini_abs_nwx",116948.532547697,13907.1233344665,89690.5708121423,144206.494283251
"SI_2023","capped_3pct_gini_abs_ratio",1.14386014134034,0.0253245695969368,1.09422398493034,1.19349629775033
"SI_2023","capped_3pct_gini_abs_ok",1,0,1,1
"SI_2023","capped_3pct_gini_abs_keptmin",1,0,1,1
"SI_2023","capped_3pct_gini_abs_naltmax",0,0,0,0
"SI_2023","capped_3pct_variance_nw",216530912887.509,107915159978.635,5017199329.38507,428044626445.634
"SI_2023","capped_3pct_variance_nwx",194493816287.762,106407736727.376,-14065347697.8948,403052980273.419
"SI_2023","capped_3pct_variance_ratio",1.12446785374793,0.0510520766854963,1.02440578344436,1.22452992405151
"SI_2023","capped_3pct_variance_ok",1,0,1,1
"SI_2023","capped_3pct_variance_keptmin",1,0,1,1
"SI_2023","capped_3pct_variance_naltmax",0,0,0,0
"SI_2023","capped_3pct_kolm0.5_nw",0.0971528371871273,0.00868310171545327,0.0801339578248389,0.114171716549416
"SI_2023","capped_3pct_kolm0.5_nwx",0.0840121511263652,0.00701261029764353,0.0702674349429838,0.0977568673097465
"SI_2023","capped_3pct_kolm0.5_ratio",1.15641804269354,0.0501555991157524,1.05811306842666,1.25472301696041
"SI_2023","capped_3pct_kolm0.5_ok",1,0,1,1
"SI_2023","capped_3pct_kolm0.5_keptmin",1,0,1,1
"SI_2023","capped_3pct_kolm0.5_naltmax",0,0,0,0
"SI_2023","capped_3pct_kolm1_nw",0.140525364621755,0.0167210293016401,0.10775214719054,0.173298582052969
"SI_2023","capped_3pct_kolm1_nwx",0.119560109029124,0.0122357724324932,0.0955779950614368,0.14354222299681
"SI_2023","capped_3pct_kolm1_ratio",1.17437259443026,0.0477706776697703,1.08074206619751,1.26800312266301
"SI_2023","capped_3pct_kolm1_ok",1,0,1,1
"SI_2023","capped_3pct_kolm1_keptmin",1,0,1,1
"SI_2023","capped_3pct_kolm1_naltmax",0,0,0,0
"SI_2023","capped_3pct_p75_p25_nw",222665.4,9460.00003206142,204123.79993716,241207.00006284
"SI_2023","capped_3pct_p75_p25_nwx",204370.790485206,6156.20783852503,192304.623121697,216436.957848715
"SI_2023","capped_3pct_p75_p25_ratio",1.0897541733846,0.0478673470306071,0.995934173204609,1.18357417356459
"SI_2023","capped_3pct_p75_p25_ok",1,0,1,1
"SI_2023","capped_3pct_p75_p25_keptmin",1,0,1,1
"SI_2023","capped_3pct_p75_p25_naltmax",0,0,0,0
"SI_2023","capped_3pct_p90_p10_nw",474150,19648.6115626067,435638.721337291,512661.278662709
"SI_2023","capped_3pct_p90_p10_nwx",371662.484026305,17296.5397814461,337761.266054671,405563.70199794
"SI_2023","capped_3pct_p90_p10_ratio",1.27637717089604,0.0590428615138648,1.16065316232886,1.39210117946321
"SI_2023","capped_3pct_p90_p10_ok",1,0,1,1
"SI_2023","capped_3pct_p90_p10_keptmin",1,0,1,1
"SI_2023","capped_3pct_p90_p10_naltmax",0,0,0,0
"SI_2023","capped_3pct_inter1_nw",0.453361892962589,0.092878011057666,0.271320991289564,0.635402794635614
"SI_2023","capped_3pct_inter1_nwx",0.598136226466215,0.127797593082106,0.347652944025288,0.848619508907143
"SI_2023","capped_3pct_inter1_ratio",0.759192027650258,0.0221549814997685,0.715768263910712,0.802615791389804
"SI_2023","capped_3pct_inter1_ok",1,0,1,1
"SI_2023","capped_3pct_inter1_keptmin",1,0,1,1
"SI_2023","capped_3pct_inter1_naltmax",0,0,0,0
"SI_2023","capped_3pct_inter2_nw",1.25673250957162,0.477726934440564,0.320387718068115,2.19307730107513
"SI_2023","capped_3pct_inter2_nwx",1.89713930236777,0.747694680714776,0.431657728166814,3.36262087656874
"SI_2023","capped_3pct_inter2_ratio",0.665067419311281,0.0311119600334276,0.604087977645762,0.726046860976799
"SI_2023","capped_3pct_inter2_ok",1,0,1,1
"SI_2023","capped_3pct_inter2_keptmin",1,0,1,1
"SI_2023","capped_3pct_inter2_naltmax",0,0,0,0
"SI_2023","capped_3pct_ge2_nw",1.85256854001587,0.625818010576201,0.625965239286516,3.07917184074523
"SI_2023","capped_3pct_ge2_nwx",2.39592983516999,0.813443099418248,0.801581360310223,3.99027831002976
"SI_2023","capped_3pct_ge2_ratio",0.774000795944615,0.0293438989646461,0.716486753973908,0.831514837915321
"SI_2023","capped_3pct_ge2_ok",1,0,1,1
"SI_2023","capped_3pct_ge2_keptmin",0.756341581599567,0.014927681796261,0.727083325278896,0.785599837920238
"SI_2023","capped_3pct_ge2_naltmax",0.243658418400433,0.014927681796261,0.214400162079762,0.272916674721105
"SI_2023","capped_3pct_ge_theil_nw",0.658017186333082,0.0995662742284859,0.46286728884525,0.853167083820914
"SI_2023","capped_3pct_ge_theil_nwx",0.773001665627426,0.128252208727686,0.521627336521161,1.02437599473369
"SI_2023","capped_3pct_ge_theil_ratio",0.852227856264796,0.0230246632295238,0.807099516334929,0.897356196194662
"SI_2023","capped_3pct_ge_theil_ok",1,0,1,1
"SI_2023","capped_3pct_ge_theil_keptmin",0.756341581599567,0.014927681796261,0.727083325278896,0.785599837920238
"SI_2023","capped_3pct_ge_theil_naltmax",0.243658418400433,0.014927681796261,0.214400162079762,0.272916674721105
"SI_2023","capped_3pct_ge_mld_nw",0.860344626817878,0.0562039312098905,0.750184921646492,0.970504331989263
"SI_2023","capped_3pct_ge_mld_nwx",1.00830675934942,0.0759027194566612,0.859537429214366,1.15707608948448
"SI_2023","capped_3pct_ge_mld_ratio",0.853564771208552,0.0179517083413332,0.818379422859539,0.888750119557565
"SI_2023","capped_3pct_ge_mld_ok",1,0,1,1
"SI_2023","capped_3pct_ge_mld_keptmin",0.756341581599567,0.014927681796261,0.727083325278896,0.785599837920238
"SI_2023","capped_3pct_ge_mld_naltmax",0.243658418400433,0.014927681796261,0.214400162079762,0.272916674721105
"SI_2023","capped_3pct_atkinson05_nw",0.28811021967359,0.0249098732166864,0.239286868168885,0.336933571178296
"SI_2023","capped_3pct_atkinson05_nwx",0.329110546886907,0.0314068264683182,0.267553167009003,0.39066792676481
"SI_2023","capped_3pct_atkinson05_ratio",0.875792976624357,0.0173188225491153,0.841848084428091,0.909737868820623
"SI_2023","capped_3pct_atkinson05_ok",1,0,1,1
"SI_2023","capped_3pct_atkinson05_keptmin",0.756341581599567,0.014927681796261,0.727083325278896,0.785599837920238
"SI_2023","capped_3pct_atkinson05_naltmax",0.243658418400433,0.014927681796261,0.214400162079762,0.272916674721105
"SI_2023","capped_3pct_atkinson1_nw",0.576799850128372,0.0234167021901067,0.530903113835763,0.622696586420981
"SI_2023","capped_3pct_atkinson1_nwx",0.634844244909343,0.0272241073884352,0.58148499442801,0.688203495390676
"SI_2023","capped_3pct_atkinson1_ratio",0.908642825296098,0.0104322813805466,0.888195553790227,0.92909009680197
"SI_2023","capped_3pct_atkinson1_ok",1,0,1,1
"SI_2023","capped_3pct_atkinson1_keptmin",0.756341581599567,0.014927681796261,0.727083325278896,0.785599837920238
"SI_2023","capped_3pct_atkinson1_naltmax",0.243658418400433,0.014927681796261,0.214400162079762,0.272916674721105
"SI_2023","capped_3pct_atkinson2_nw",0.990749412254717,0.0033598586428491,0.984164089314733,0.997334735194702
"SI_2023","capped_3pct_atkinson2_nwx",0.99221076686055,0.0028178771427749,0.986687727660712,0.997733806060389
"SI_2023","capped_3pct_atkinson2_ratio",0.998526631282541,0.00062548895218818,0.997300672936252,0.99975258962883
"SI_2023","capped_3pct_atkinson2_ok",1,0,1,1
"SI_2023","capped_3pct_atkinson2_keptmin",0.756341581599567,0.014927681796261,0.727083325278896,0.785599837920238
"SI_2023","capped_3pct_atkinson2_naltmax",0.243658418400433,0.014927681796261,0.214400162079762,0.272916674721105
"SI_2023","capped_3pct_ge2_bach1_nw",1.90957720664048,0.641803618578878,0.65164211422588,3.16751229905508
"SI_2023","capped_3pct_ge2_bach1_nwx",3.32882388888187,1.07842819965968,1.21510461754889,5.44254316021485
"SI_2023","capped_3pct_ge2_bach1_ratio",0.573450553531551,0.0298517552362824,0.514941113268437,0.631959993794664
"SI_2023","capped_3pct_ge2_bach1_ok",1,0,1,1
"SI_2023","capped_3pct_ge2_bach1_keptmin",1,0,1,1
"SI_2023","capped_3pct_ge2_bach1_naltmax",0.243658418400433,0.014927681796261,0.214400162079762,0.272916674721105
"SI_2023","capped_3pct_ge_theil_bach1_nw",0.681929506127591,0.100137420882172,0.485660161198534,0.878198851056648
"SI_2023","capped_3pct_ge_theil_bach1_nwx",1.0523094931989,0.133499171204416,0.790651117638246,1.31396786875956
"SI_2023","capped_3pct_ge_theil_bach1_ratio",0.647652312289188,0.0250257946702552,0.598601754735488,0.696702869842889
"SI_2023","capped_3pct_ge_theil_bach1_ok",1,0,1,1
"SI_2023","capped_3pct_ge_theil_bach1_keptmin",1,0,1,1
"SI_2023","capped_3pct_ge_theil_bach1_naltmax",0.243658418400433,0.014927681796261,0.214400162079762,0.272916674721105
"SI_2023","capped_3pct_ge_mld_bach1_nw",1.10901926910992,0.0734749352081844,0.965008396101881,1.25303014211796
"SI_2023","capped_3pct_ge_mld_bach1_nwx",3.48374788660459,0.183647229097107,3.12379931757426,3.84369645563492
"SI_2023","capped_3pct_ge_mld_bach1_ratio",0.318455409557868,0.0190000311034067,0.281215348595191,0.355695470520545
"SI_2023","capped_3pct_ge_mld_bach1_ok",1,0,1,1
"SI_2023","capped_3pct_ge_mld_bach1_keptmin",1,0,1,1
"SI_2023","capped_3pct_ge_mld_bach1_naltmax",0.243658418400433,0.014927681796261,0.214400162079762,0.272916674721105
"SI_2023","capped_3pct_atkinson05_bach1_nw",0.304844360652653,0.0248421645014193,0.256153718229871,0.353535003075435
"SI_2023","capped_3pct_atkinson05_bach1_nwx",0.491670309786579,0.0280777724256331,0.436637875832338,0.54670274374082
"SI_2023","capped_3pct_atkinson05_bach1_ratio",0.619833343856241,0.024975770682883,0.57088083331779,0.668785854394692
"SI_2023","capped_3pct_atkinson05_bach1_ok",1,0,1,1
"SI_2023","capped_3pct_atkinson05_bach1_keptmin",1,0,1,1
"SI_2023","capped_3pct_atkinson05_bach1_naltmax",0.243658418400433,0.014927681796261,0.214400162079762,0.272916674721105
"SI_2023","capped_3pct_atkinson1_bach1_nw",0.669916866796343,0.0238527397366343,0.62316549691254,0.716668236680146
"SI_2023","capped_3pct_atkinson1_bach1_nwx",0.969114877163852,0.00558007817163973,0.958177923947438,0.980051830380266
"SI_2023","capped_3pct_atkinson1_bach1_ratio",0.691247185651932,0.0228397425177262,0.646481290317189,0.736013080986676
"SI_2023","capped_3pct_atkinson1_bach1_ok",1,0,1,1
"SI_2023","capped_3pct_atkinson1_bach1_keptmin",1,0,1,1
"SI_2023","capped_3pct_atkinson1_bach1_naltmax",0.243658418400433,0.014927681796261,0.214400162079762,0.272916674721105
"SI_2023","capped_3pct_atkinson2_bach1_nw",0.999823838656185,2.95256734538636e-05,0.999765968336216,0.999881708976155
"SI_2023","capped_3pct_atkinson2_bach1_nwx",0.999975640577454,2.39611046319981e-06,0.999970944200946,0.999980336953962
"SI_2023","capped_3pct_atkinson2_bach1_ratio",0.999848194367723,2.83208955689386e-05,0.999792685412408,0.999903703323038
"SI_2023","capped_3pct_atkinson2_bach1_ok",1,0,1,1
"SI_2023","capped_3pct_atkinson2_bach1_keptmin",1,0,1,1
"SI_2023","capped_3pct_atkinson2_bach1_naltmax",0.243658418400433,0.014927681796261,0.214400162079762,0.272916674721105
"SI_2023","capped_3pct_mu_ratio_nw",0.998533638310695,0.000452210071169155,0.997647306571204,0.999419970050187
"SI_2023","capped_3pct_mu_ratio_nwx",0.997945421555541,0.000644102819203404,0.996682980029903,0.99920786308118
"SK_2023","capped_3pct_gini_nw",0.473291183150073,0.0135176771212421,0.446796535992439,0.499785830307708
"SK_2023","capped_3pct_gini_nwx",0.577336020157513,0.01452888214747,0.548859411148472,0.605812629166554
"SK_2023","capped_3pct_gini_ratio",0.819782399695623,0.0109022912739238,0.798413908798732,0.841150890592514
"SK_2023","capped_3pct_gini_ok",1,0,1,1
"SK_2023","capped_3pct_gini_keptmin",1,0,1,1
"SK_2023","capped_3pct_gini_naltmax",0,0,0,0
"SK_2023","capped_3pct_gini_rsv_nw",0.472843145607857,0.0135121335736218,0.446359363803558,0.499326927412156
"SK_2023","capped_3pct_gini_rsv_nwx",0.576650170271772,0.0145144474988495,0.548201853174027,0.605098487369517
"SK_2023","capped_3pct_gini_rsv_ratio",0.819980537770906,0.0108930509606513,0.798630157888029,0.841330917653783
"SK_2023","capped_3pct_gini_rsv_ok",1,0,1,1
"SK_2023","capped_3pct_gini_rsv_keptmin",1,0,1,1
"SK_2023","capped_3pct_gini_rsv_naltmax",0,0,0,0
"SK_2023","capped_3pct_cv_nw",1.36463578165224,0.145642892757035,1.07917571184846,1.65009585145603
"SK_2023","capped_3pct_cv_nwx",1.67277213145284,0.1847953490447,1.31057324732522,2.03497101558045
"SK_2023","capped_3pct_cv_ratio",0.815813194641214,0.0120196619232523,0.792254657271639,0.839371732010789
"SK_2023","capped_3pct_cv_ok",1,0,1,1
"SK_2023","capped_3pct_cv_keptmin",1,0,1,1
"SK_2023","capped_3pct_cv_naltmax",0,0,0,0
"SK_2023","capped_3pct_top10_nw",0.35798652306499,0.0154747697599651,0.327655974335458,0.388317071794521
"SK_2023","capped_3pct_top10_nwx",0.407670895865234,0.0179330361604812,0.37252214499069,0.442819646739777
"SK_2023","capped_3pct_top10_ratio",0.878139931443612,0.0122181861456634,0.854192286598111,0.902087576289112
"SK_2023","capped_3pct_top10_ok",1,0,1,1
"SK_2023","capped_3pct_top10_keptmin",1,0,1,1
"SK_2023","capped_3pct_top10_naltmax",0,0,0,0
"SK_2023","capped_3pct_top1_nw",0.0962666188386334,0.0118191209212038,0.073101141833074,0.119432095844193
"SK_2023","capped_3pct_top1_nwx",0.116668113338012,0.014772404459841,0.0877142005967242,0.145622026079301
"SK_2023","capped_3pct_top1_ratio",0.825344952106411,0.0142718142445993,0.797372196186996,0.853317708025826
"SK_2023","capped_3pct_top1_ok",1,0,1,1
"SK_2023","capped_3pct_top1_keptmin",1,0,1,1
"SK_2023","capped_3pct_top1_naltmax",0,0,0,0
"SK_2023","capped_3pct_sgini4_nw",0.696208725716467,0.0121636091492753,0.672368051783887,0.720049399649046
"SK_2023","capped_3pct_sgini4_nwx",0.834764817265358,0.0104314692115489,0.814319137610722,0.855210496919994
"SK_2023","capped_3pct_sgini4_ratio",0.834016145921202,0.00942763767349063,0.81553797608116,0.852494315761243
"SK_2023","capped_3pct_sgini4_ok",1,0,1,1
"SK_2023","capped_3pct_sgini4_keptmin",1,0,1,1
"SK_2023","capped_3pct_sgini4_naltmax",0,0,0,0
"SK_2023","capped_3pct_gini_abs_nw",79658.7218905662,4423.95891622134,70987.7624147724,88329.68136636
"SK_2023","capped_3pct_gini_abs_nwx",77416.7494176944,4249.67943765719,69087.3777198864,85746.1211155025
"SK_2023","capped_3pct_gini_abs_ratio",1.02897915074924,0.0145304043595818,1.00049955820446,1.05745874329402
"SK_2023","capped_3pct_gini_abs_ok",1,0,1,1
"SK_2023","capped_3pct_gini_abs_keptmin",1,0,1,1
"SK_2023","capped_3pct_gini_abs_naltmax",0,0,0,0
"SK_2023","capped_3pct_variance_nw",52819879918.2894,13097263027.7969,27149244383.8074,78490515452.7714
"SK_2023","capped_3pct_variance_nwx",50389608009.5646,13145637556.4079,24624158399.0051,76155057620.1241
"SK_2023","capped_3pct_variance_ratio",1.04858252240988,0.0283966449622315,0.992925098283908,1.10423994653586
"SK_2023","capped_3pct_variance_ok",1,0,1,1
"SK_2023","capped_3pct_variance_keptmin",1,0,1,1
"SK_2023","capped_3pct_variance_naltmax",0,0,0,0
"SK_2023","capped_3pct_kolm0.5_nw",0.119719370628319,0.0165445456736727,0.0872920611079208,0.152146680148718
"SK_2023","capped_3pct_kolm0.5_nwx",0.113119167747942,0.015372691757287,0.0829886919036591,0.143249643592224
"SK_2023","capped_3pct_kolm0.5_ratio",1.05834757230707,0.0274402345482188,1.00456471259256,1.11213043202158
"SK_2023","capped_3pct_kolm0.5_ok",1,0,1,1
"SK_2023","capped_3pct_kolm0.5_keptmin",1,0,1,1
"SK_2023","capped_3pct_kolm0.5_naltmax",0,0,0,0
"SK_2023","capped_3pct_kolm1_nw",0.179645816770221,0.0260365901288469,0.128614100117681,0.230677533422761
"SK_2023","capped_3pct_kolm1_nwx",0.170451815907237,0.0243880943811863,0.122651150920112,0.218252480894362
"SK_2023","capped_3pct_kolm1_ratio",1.05390495578772,0.0245406729151699,1.00580523687398,1.10200467470145
"SK_2023","capped_3pct_kolm1_ok",1,0,1,1
"SK_2023","capped_3pct_kolm1_keptmin",1,0,1,1
"SK_2023","capped_3pct_kolm1_naltmax",0,0,0,0
"SK_2023","capped_3pct_p75_p25_nw",127600,5755.33391976035,116319.54551727,138880.45448273
"SK_2023","capped_3pct_p75_p25_nwx",149448.245361633,5669.87890716499,138335.28270359,160561.208019677
"SK_2023","capped_3pct_p75_p25_ratio",0.853867899629363,0.0337140241334009,0.787788412327897,0.919947386930829
"SK_2023","capped_3pct_p75_p25_ok",1,0,1,1
"SK_2023","capped_3pct_p75_p25_keptmin",1,0,1,1
"SK_2023","capped_3pct_p75_p25_naltmax",0,0,0,0
"SK_2023","capped_3pct_p90_p10_nw",280436.1,11984.1796619105,256947.107862655,303925.092137345
"SK_2023","capped_3pct_p90_p10_nwx",269537.230759327,9096.70859678425,251707.68190963,287366.779609024
"SK_2023","capped_3pct_p90_p10_ratio",1.04043618124569,0.0314136731728498,0.978865381826907,1.10200698066448
"SK_2023","capped_3pct_p90_p10_ok",1,0,1,1
"SK_2023","capped_3pct_p90_p10_keptmin",1,0,1,1
"SK_2023","capped_3pct_p90_p10_naltmax",0,0,0,0
"SK_2023","capped_3pct_inter1_nw",0.241691730918182,0.049491363356024,0.144688658740375,0.338694803095989
"SK_2023","capped_3pct_inter1_nwx",0.302761144676068,0.072428908316545,0.160800484375639,0.444721804976496
"SK_2023","capped_3pct_inter1_ratio",0.798321053930593,0.0283863573962747,0.742683793433894,0.853958314427291
"SK_2023","capped_3pct_inter1_ok",1,0,1,1
"SK_2023","capped_3pct_inter1_keptmin",1,0,1,1
"SK_2023","capped_3pct_inter1_naltmax",0,0,0,0
"SK_2023","capped_3pct_inter2_nw",0.483209683820319,0.150130559442483,0.188953787313052,0.777465580327587
"SK_2023","capped_3pct_inter2_nwx",0.632575472782409,0.220495385387722,0.200404517422475,1.06474642814234
"SK_2023","capped_3pct_inter2_ratio",0.764033581855737,0.0274129648312932,0.710304170786402,0.817762992925071
"SK_2023","capped_3pct_inter2_ok",1,0,1,1
"SK_2023","capped_3pct_inter2_keptmin",1,0,1,1
"SK_2023","capped_3pct_inter2_naltmax",0,0,0,0
"SK_2023","capped_3pct_ge2_nw",0.908192812652296,0.19668999719739,0.522680418145411,1.29370520715918
"SK_2023","capped_3pct_ge2_nwx",1.11362009872023,0.263160800762455,0.597824929225816,1.62941526821464
"SK_2023","capped_3pct_ge2_ratio",0.815758539621214,0.0275357224760535,0.761788523568149,0.869728555674279
"SK_2023","capped_3pct_ge2_ok",1,0,1,1
"SK_2023","capped_3pct_ge2_keptmin",0.850314910135067,0.0108173836297607,0.829112838220736,0.871516982049398
"SK_2023","capped_3pct_ge2_naltmax",0.149685089864933,0.0108173836297607,0.128483017950602,0.170887161779264
"SK_2023","capped_3pct_ge_theil_nw",0.436169648423807,0.034841805741392,0.367879709170679,0.504459587676935
"SK_2023","capped_3pct_ge_theil_nwx",0.508530910633073,0.0434395343599881,0.423389423287497,0.59367239797865
"SK_2023","capped_3pct_ge_theil_ratio",0.857855998174139,0.0195587827248639,0.819520784033406,0.896191212314872
"SK_2023","capped_3pct_ge_theil_ok",1,0,1,1
"SK_2023","capped_3pct_ge_theil_keptmin",0.850314910135067,0.0108173836297607,0.829112838220736,0.871516982049398
"SK_2023","capped_3pct_ge_theil_naltmax",0.149685089864933,0.0108173836297607,0.128483017950602,0.170887161779264
"SK_2023","capped_3pct_ge_mld_nw",0.515030815946586,0.0307902842456631,0.454681858825087,0.575379773068086
"SK_2023","capped_3pct_ge_mld_nwx",0.629036213935157,0.03925171410594,0.552102854287514,0.705969573582799
"SK_2023","capped_3pct_ge_mld_ratio",0.818864026536816,0.023824863121237,0.772167294819191,0.86556075825444
"SK_2023","capped_3pct_ge_mld_ok",1,0,1,1
"SK_2023","capped_3pct_ge_mld_keptmin",0.850314910135067,0.0108173836297607,0.829112838220736,0.871516982049398
"SK_2023","capped_3pct_ge_mld_naltmax",0.149685089864933,0.0108173836297607,0.128483017950602,0.170887161779264
"SK_2023","capped_3pct_atkinson05_nw",0.19730827558033,0.011239570480954,0.17527871743766,0.219337833723
"SK_2023","capped_3pct_atkinson05_nwx",0.230525958035157,0.0136789059738518,0.203715302326407,0.257336613743906
"SK_2023","capped_3pct_atkinson05_ratio",0.85597087608829,0.0185390507069905,0.819634336702588,0.892307415473991
"SK_2023","capped_3pct_atkinson05_ok",1,0,1,1
"SK_2023","capped_3pct_atkinson05_keptmin",0.850314910135067,0.0108173836297607,0.829112838220736,0.871516982049398
"SK_2023","capped_3pct_atkinson05_naltmax",0.149685089864933,0.0108173836297607,0.128483017950602,0.170887161779264
"SK_2023","capped_3pct_atkinson1_nw",0.402501032312691,0.0184410316500263,0.366356610278639,0.438645454346742
"SK_2023","capped_3pct_atkinson1_nwx",0.466853535796128,0.0210192590871612,0.425655787985292,0.508051283606964
"SK_2023","capped_3pct_atkinson1_ratio",0.862205719327223,0.018561218657134,0.825825730759241,0.898585707895206
"SK_2023","capped_3pct_atkinson1_ok",1,0,1,1
"SK_2023","capped_3pct_atkinson1_keptmin",0.850314910135067,0.0108173836297607,0.829112838220736,0.871516982049398
"SK_2023","capped_3pct_atkinson1_naltmax",0.149685089864933,0.0108173836297607,0.128483017950602,0.170887161779264
"SK_2023","capped_3pct_atkinson2_nw",0.977538514678641,0.0282305582707324,0.922206620468006,1.03287040888928
"SK_2023","capped_3pct_atkinson2_nwx",0.979236828130436,0.0242365340836939,0.931733221326396,1.02674043493448
"SK_2023","capped_3pct_atkinson2_ratio",0.998265710687583,0.00733613510637234,0.983886885879093,1.01264453549607
"SK_2023","capped_3pct_atkinson2_ok",1,0,1,1
"SK_2023","capped_3pct_atkinson2_keptmin",0.850314910135067,0.0108173836297607,0.829112838220736,0.871516982049398
"SK_2023","capped_3pct_atkinson2_naltmax",0.149685089864933,0.0108173836297607,0.128483017950602,0.170887161779264
"SK_2023","capped_3pct_ge2_bach1_nw",0.930279670574819,0.20000892546051,0.53826217667222,1.32229716447742
"SK_2023","capped_3pct_ge2_bach1_nwx",1.39766842936322,0.310823879218937,0.788453626094101,2.00688323263233
"SK_2023","capped_3pct_ge2_bach1_ratio",0.665661669907613,0.0196773638614155,0.627094036739238,0.704229303075987
"SK_2023","capped_3pct_ge2_bach1_ok",1,0,1,1
"SK_2023","capped_3pct_ge2_bach1_keptmin",1,0,1,1
"SK_2023","capped_3pct_ge2_bach1_naltmax",0.149685089864933,0.0108173836297607,0.128483017950602,0.170887161779264
"SK_2023","capped_3pct_ge_theil_bach1_nw",0.451730087058073,0.035106284343695,0.382921769744431,0.520538404371715
"SK_2023","capped_3pct_ge_theil_bach1_nwx",0.670665971809182,0.0456345345742794,0.581222284043594,0.76010965957477
"SK_2023","capped_3pct_ge_theil_bach1_ratio",0.673499634514648,0.0183231071494873,0.637586344501653,0.709412924527643
"SK_2023","capped_3pct_ge_theil_bach1_ok",1,0,1,1
"SK_2023","capped_3pct_ge_theil_bach1_keptmin",1,0,1,1
"SK_2023","capped_3pct_ge_theil_bach1_naltmax",0.149685089864933,0.0108173836297607,0.128483017950602,0.170887161779264
"SK_2023","capped_3pct_ge_mld_bach1_nw",0.677575597458596,0.0480502170058452,0.583397172127139,0.771754022790053
"SK_2023","capped_3pct_ge_mld_bach1_nwx",2.16431117578742,0.117114261275546,1.93476722368735,2.39385512788749
"SK_2023","capped_3pct_ge_mld_bach1_ratio",0.313061753563084,0.0207008429504216,0.272488101380257,0.35363540574591
"SK_2023","capped_3pct_ge_mld_bach1_ok",1,0,1,1
"SK_2023","capped_3pct_ge_mld_bach1_keptmin",1,0,1,1
"SK_2023","capped_3pct_ge_mld_bach1_naltmax",0.149685089864933,0.0108173836297607,0.128483017950602,0.170887161779264
"SK_2023","capped_3pct_atkinson05_bach1_nw",0.209636156543488,0.0114639413635065,0.187166831471015,0.232105481615961
"SK_2023","capped_3pct_atkinson05_bach1_nwx",0.345046538862962,0.0144876504042447,0.316650744070642,0.373442333655282
"SK_2023","capped_3pct_atkinson05_bach1_ratio",0.607514199605412,0.0193011449999344,0.569683955405541,0.645344443805284
"SK_2023","capped_3pct_atkinson05_bach1_ok",1,0,1,1
"SK_2023","capped_3pct_atkinson05_bach1_keptmin",1,0,1,1
"SK_2023","capped_3pct_atkinson05_bach1_naltmax",0.149685089864933,0.0108173836297607,0.128483017950602,0.170887161779264
"SK_2023","capped_3pct_atkinson1_bach1_nw",0.492137097013317,0.0245366967853164,0.444045171314097,0.540229022712538
"SK_2023","capped_3pct_atkinson1_bach1_nwx",0.885159266898237,0.0138372363540029,0.858038283644391,0.912280250152083
"SK_2023","capped_3pct_atkinson1_bach1_ratio",0.555982199977381,0.0248510822710242,0.507274078726174,0.604690321228589
"SK_2023","capped_3pct_atkinson1_bach1_ok",1,0,1,1
"SK_2023","capped_3pct_atkinson1_bach1_keptmin",1,0,1,1
"SK_2023","capped_3pct_atkinson1_bach1_naltmax",0.149685089864933,0.0108173836297607,0.128483017950602,0.170887161779264
"SK_2023","capped_3pct_atkinson2_bach1_nw",0.999621216584938,0.00010634122415841,0.999412787785588,0.999829645384289
"SK_2023","capped_3pct_atkinson2_bach1_nwx",0.999950281745439,3.83478502372148e-06,0.999942765566793,0.999957797924085
"SK_2023","capped_3pct_atkinson2_bach1_ratio",0.999670918472302,0.000104946699504737,0.999465222941273,0.999876614003332
"SK_2023","capped_3pct_atkinson2_bach1_ok",1,0,1,1
"SK_2023","capped_3pct_atkinson2_bach1_keptmin",1,0,1,1
"SK_2023","capped_3pct_atkinson2_bach1_naltmax",0.149685089864933,0.0108173836297607,0.128483017950602,0.170887161779264
"SK_2023","capped_3pct_mu_ratio_nw",0.999053055978855,0.000302547284006588,0.998460063302202,0.999646048655508
"SK_2023","capped_3pct_mu_ratio_nwx",0.998811648495278,0.000381871854392001,0.998063179660669,0.999560117329886
"AT_2023","gradient_gini_nw",0.699731497952375,0.0137564015535763,0.672768950907366,0.726694044997385
"AT_2023","gradient_gini_nwx",0.883030794658295,0.0950543726419104,0.69672422428015,1.06933736503644
"AT_2023","gradient_gini_ratio",0.795372279814842,0.0793474390508489,0.639851299275178,0.950893260354506
"AT_2023","gradient_gini_ok",1,0.332866339541865,0.347581974497945,1.65241802550205
"AT_2023","gradient_gini_keptmin",1,0,1,1
"AT_2023","gradient_gini_naltmax",0,0,0,0
"AT_2023","gradient_gini_rsv_nw",0.697077626160137,0.0139699879526983,0.669696449772849,0.724458802547426
"AT_2023","gradient_gini_rsv_nwx",0.725814685980407,0.0175156801206813,0.691483952943871,0.760145419016942
"AT_2023","gradient_gini_rsv_ratio",0.960490469832387,0.0151882541211728,0.930721491754888,0.990259447909886
"AT_2023","gradient_gini_rsv_ok",1,0,1,1
"AT_2023","gradient_gini_rsv_keptmin",1,0,1,1
"AT_2023","gradient_gini_rsv_naltmax",0,0,0,0
"AT_2023","gradient_cv_nw",2.37374299017505,0.615480709490144,1.16740079957437,3.58008518077573
"AT_2023","gradient_cv_nwx",3.34572652526368,1.26392232861792,0.868438761172556,5.82301428935481
"AT_2023","gradient_cv_ratio",0.732703583901368,0.19818211990652,0.344266628884588,1.12114053891815
"AT_2023","gradient_cv_ok",1,0,1,1
"AT_2023","gradient_cv_keptmin",1,0,1,1
"AT_2023","gradient_cv_naltmax",0,0,0,0
"AT_2023","gradient_top10_nw",0.514033503837544,0.0237055915709811,0.467570544358421,0.560496463316667
"AT_2023","gradient_top10_nwx",0.567202429993958,0.0388181284647063,0.491118898203134,0.643285961784782
"AT_2023","gradient_top10_ratio",0.907054537811906,0.0445475557807671,0.819741328481602,0.994367747142209
"AT_2023","gradient_top10_ok",1,0,1,1
"AT_2023","gradient_top10_keptmin",1,0,1,1
"AT_2023","gradient_top10_naltmax",0,0,0,0
"AT_2023","gradient_top1_nw",0.169728318286225,0.033660309269293,0.103754112118411,0.23570252445404
"AT_2023","gradient_top1_nwx",0.190248579162031,0.0452633084792386,0.101532494542723,0.278964663781339
"AT_2023","gradient_top1_ratio",0.896733979329285,0.0855936857582379,0.728970355243139,1.06449760341543
"AT_2023","gradient_top1_ok",1,0,1,1
"AT_2023","gradient_top1_keptmin",1,0,1,1
"AT_2023","gradient_top1_naltmax",0,0,0,0
"AT_2023","gradient_sgini4_nw",0.923859137640505,0.00480054302956398,0.91445007330256,0.933268201978451
"AT_2023","gradient_sgini4_nwx",1.33859478378197,0.220287371114643,0.906831536397266,1.77035803116667
"AT_2023","gradient_sgini4_ratio",0.696284660687919,0.104260687713357,0.49193371276974,0.900635608606098
"AT_2023","gradient_sgini4_ok",1,0,1,1
"AT_2023","gradient_sgini4_keptmin",1,0,1,1
"AT_2023","gradient_sgini4_naltmax",0,0,0,0
"AT_2023","gradient_gini_abs_nw",236632.649562427,17172.4176239439,202974.711019497,270290.588105357
"AT_2023","gradient_gini_abs_nwx",194341.137143193,16849.7455455068,161315.635874,227366.638412387
"AT_2023","gradient_gini_abs_ratio",1.21880628504948,0.0639197715065721,1.0935235328966,1.34408903720236
"AT_2023","gradient_gini_abs_ok",1,0,1,1
"AT_2023","gradient_gini_abs_keptmin",1,0,1,1
"AT_2023","gradient_gini_abs_naltmax",0,0,0,0
"AT_2023","gradient_variance_nw",673462635895.535,456282406201.595,-220850880259.591,1567776152050.66
"AT_2023","gradient_variance_nwx",582716935938.449,472347794289.639,-343084740869.243,1508518612746.14
"AT_2023","gradient_variance_ratio",1.2854074822819,0.608147582689779,0.0934382202099351,2.47737674435387
"AT_2023","gradient_variance_ok",1,0,1,1
"AT_2023","gradient_variance_keptmin",1,0,1,1
"AT_2023","gradient_variance_naltmax",0,0,0,0
"AT_2023","gradient_kolm0.5_nw",0.106575364936793,0.0268026169596723,0.0540422356958353,0.159108494177751
"AT_2023","gradient_kolm0.5_nwx",7.70105962925532,12.7915894230242,-17.3704556398722,32.7725748983828
"AT_2023","gradient_kolm0.5_ratio",0.600357689488685,0.679227154366043,-0.730927533068758,1.93164291204613
"AT_2023","gradient_kolm0.5_ok",1,0,1,1
"AT_2023","gradient_kolm0.5_keptmin",1,0,1,1
"AT_2023","gradient_kolm0.5_naltmax",0,0,0,0
"AT_2023","gradient_kolm1_nw",0.154009590652294,0.0421007292128108,0.0714921613951848,0.236527019909403
"AT_2023","gradient_kolm1_nwx",11.1575887951882,17.1222449070046,-22.4020112225409,44.7171888129172
"AT_2023","gradient_kolm1_ratio",0.281296161539395,0.448168047619185,-0.597113211794207,1.159705534873
"AT_2023","gradient_kolm1_ok",1,0,1,1
"AT_2023","gradient_kolm1_keptmin",1,0,1,1
"AT_2023","gradient_kolm1_naltmax",0,0,0,0
"AT_2023","gradient_p75_p25_nw",391651.4,14684.765869445,362869.258895888,420433.541104112
"AT_2023","gradient_p75_p25_nwx",307235.426018586,8160.68932856457,291240.4749346,323230.377102573
"AT_2023","gradient_p75_p25_ratio",1.2748048545146,0.0425999994966198,1.19130885550123,1.35830085352798
"AT_2023","gradient_p75_p25_ok",1,0,1,1
"AT_2023","gradient_p75_p25_keptmin",1,0,1,1
"AT_2023","gradient_p75_p25_naltmax",0,0,0,0
"AT_2023","gradient_p90_p10_nw",793568,27467.0597696171,739732.562851551,847403.437148449
"AT_2023","gradient_p90_p10_nwx",577307.250478583,29943.5290047476,518617.933629278,635996.567327888
"AT_2023","gradient_p90_p10_ratio",1.37483018130857,0.064397723600517,1.24861064305156,1.50104971956559
"AT_2023","gradient_p90_p10_ok",1,0,1,1
"AT_2023","gradient_p90_p10_keptmin",1,0,1,1
"AT_2023","gradient_p90_p10_naltmax",0,0,0,0
"AT_2023","gradient_inter1_nw",0.368023548183521,0.226823002985342,-0.0765495376677488,0.812596634034791
"AT_2023","gradient_inter1_nwx",0.00453459454660951,0.00566516224533925,-0.00656912345425541,0.0156383125474744
"AT_2023","gradient_inter1_ratio",238.331131361372,420.648234717941,-586.139408685791,1062.80167140854
"AT_2023","gradient_inter1_ok",1,0,1,1
"AT_2023","gradient_inter1_keptmin",1,0,1,1
"AT_2023","gradient_inter1_naltmax",0,0,0,0
"AT_2023","gradient_inter2_nw",1.07793876246594,1.15644029449296,-1.18868421474025,3.34456173967214
"AT_2023","gradient_inter2_nwx",0.00686772242824912,0.0113026405762914,-0.015285453101282,0.0290208979577802
"AT_2023","gradient_inter2_ratio",671.696057341497,1138.25330879478,-1559.28042789628,2902.67254257927
"AT_2023","gradient_inter2_ok",1,0,1,1
"AT_2023","gradient_inter2_keptmin",1,0,1,1
"AT_2023","gradient_inter2_naltmax",0,0,0,0
"AT_2023","gradient_ge2_nw",2.73822366556424,1.57582012773809,-0.350383784802407,5.82683111593089
"AT_2023","gradient_ge2_nwx",3.04931522035793,2.7723234025104,-2.38443864856245,8.48306908927831
"AT_2023","gradient_ge2_ratio",1.00006324303962,0.267909243942259,0.474961124912797,1.52516536116645
"AT_2023","gradient_ge2_ok",1,0,1,1
"AT_2023","gradient_ge2_keptmin",0.895719874269116,0.00626507938797076,0.883440318668693,0.907999429869538
"AT_2023","gradient_ge2_naltmax",0.104280125730884,0.00626507938797075,0.0920005701304617,0.116559681331307
"AT_2023","gradient_ge_theil_nw",0.966720525401035,0.105165076058831,0.760596976325726,1.17284407447635
"AT_2023","gradient_ge_theil_nwx",0.931148500872538,0.148301514063904,0.640477533307285,1.22181946843779
"AT_2023","gradient_ge_theil_ratio",1.04196776756947,0.0634041043986023,0.91769572294821,1.16623981219073
"AT_2023","gradient_ge_theil_ok",1,0,1,1
"AT_2023","gradient_ge_theil_keptmin",0.895719874269116,0.00626507938797076,0.883440318668693,0.907999429869538
"AT_2023","gradient_ge_theil_naltmax",0.104280125730884,0.00626507938797075,0.0920005701304617,0.116559681331307
"AT_2023","gradient_ge_mld_nw",1.37638701019973,0.0478466768367593,1.28260752359968,1.47016649679978
"AT_2023","gradient_ge_mld_nwx",1.27419988903191,0.0572515891744437,1.16198677425,1.38641300381382
"AT_2023","gradient_ge_mld_ratio",1.08040172668843,0.0221897576376199,1.03690980171869,1.12389365165816
"AT_2023","gradient_ge_mld_ok",1,0,1,1
"AT_2023","gradient_ge_mld_keptmin",0.895719874269116,0.00626507938797076,0.883440318668693,0.907999429869538
"AT_2023","gradient_ge_mld_naltmax",0.104280125730884,0.00626507938797075,0.0920005701304617,0.116559681331307
"AT_2023","gradient_atkinson05_nw",0.423186049278165,0.0191034335149213,0.385743319588919,0.46062877896741
"AT_2023","gradient_atkinson05_nwx",0.404684771248197,0.0251806771325391,0.35533064406842,0.454038898427973
"AT_2023","gradient_atkinson05_ratio",1.04621662634619,0.0271602238807247,0.992982587539971,1.09945066515241
"AT_2023","gradient_atkinson05_ok",1,0,1,1
"AT_2023","gradient_atkinson05_keptmin",0.895719874269116,0.00626507938797076,0.883440318668693,0.907999429869538
"AT_2023","gradient_atkinson05_naltmax",0.104280125730884,0.00626507938797075,0.0920005701304617,0.116559681331307
"AT_2023","gradient_atkinson1_nw",0.747471688509954,0.011968192590726,0.724014031032132,0.770929345987777
"AT_2023","gradient_atkinson1_nwx",0.720244655798559,0.0157823666382555,0.689311217187578,0.75117809440954
"AT_2023","gradient_atkinson1_ratio",1.03785420239466,0.0108386242888048,1.0166104987886,1.05909790600072
"AT_2023","gradient_atkinson1_ok",1,0,1,1
"AT_2023","gradient_atkinson1_keptmin",0.895719874269116,0.00626507938797076,0.883440318668693,0.907999429869538
"AT_2023","gradient_atkinson1_naltmax",0.104280125730884,0.00626507938797075,0.0920005701304617,0.116559681331307
"AT_2023","gradient_atkinson2_nw",0.990627978916075,0.00392418386302026,0.982936578544556,0.998319379287595
"AT_2023","gradient_atkinson2_nwx",0.981732686943196,0.00418216406551722,0.973535645374782,0.98992972851161
"AT_2023","gradient_atkinson2_ratio",1.00906100108491,0.00422987724653792,1.0007704416817,1.01735156048813
"AT_2023","gradient_atkinson2_ok",1,0,1,1
"AT_2023","gradient_atkinson2_keptmin",0.895719874269116,0.00626507938797076,0.883440318668693,0.907999429869538
"AT_2023","gradient_atkinson2_naltmax",0.104280125730884,0.00626507938797075,0.0920005701304617,0.116559681331307
"AT_2023","gradient_ge2_bach1_nw",2.88992882427611,1.64754344842178,-0.339256334630573,6.11911398318279
"AT_2023","gradient_ge2_bach1_nwx",3.46105106401294,3.0884001026648,-2.59221313721006,9.51431526523594
"AT_2023","gradient_ge2_bach1_ratio",0.924928236719938,0.240462615494374,0.453621510350964,1.39623496308891
"AT_2023","gradient_ge2_bach1_ok",1,0,1,1
"AT_2023","gradient_ge2_bach1_keptmin",1,0,1,1
"AT_2023","gradient_ge2_bach1_naltmax",0.104280125730884,0.00626507938797075,0.0920005701304617,0.116559681331307
"AT_2023","gradient_ge_theil_bach1_nw",1.01257944744946,0.104844919910498,0.807083404424882,1.21807549047404
"AT_2023","gradient_ge_theil_bach1_nwx",1.04127082325237,0.147748528677892,0.751683707043702,1.33085793946104
"AT_2023","gradient_ge_theil_bach1_ratio",0.974959748769032,0.0500092328631087,0.876941652357339,1.07297784518072
"AT_2023","gradient_ge_theil_bach1_ok",1,0,1,1
"AT_2023","gradient_ge_theil_bach1_keptmin",1,0,1,1
"AT_2023","gradient_ge_theil_bach1_naltmax",0.104280125730884,0.00626507938797075,0.0920005701304617,0.116559681331307
"AT_2023","gradient_ge_mld_bach1_nw",1.84163927066664,0.0596177687215019,1.72478844397249,1.95849009736078
"AT_2023","gradient_ge_mld_bach1_nwx",2.33627922722206,0.0827311747150042,2.17412612478065,2.49843232966347
"AT_2023","gradient_ge_mld_bach1_ratio",0.788301216182125,0.019392444521893,0.750292024919214,0.826310407445035
"AT_2023","gradient_ge_mld_bach1_ok",1,0,1,1
"AT_2023","gradient_ge_mld_bach1_keptmin",1,0,1,1
"AT_2023","gradient_ge_mld_bach1_naltmax",0.104280125730884,0.00626507938797075,0.0920005701304617,0.116559681331307
"AT_2023","gradient_atkinson05_bach1_nw",0.448929658009535,0.0181620445794033,0.413332050633904,0.484527265385165
"AT_2023","gradient_atkinson05_bach1_nwx",0.466463901793994,0.0225723283849529,0.422222138159487,0.510705665428502
"AT_2023","gradient_atkinson05_bach1_ratio",0.962613650640031,0.0186923712298462,0.925976603029532,0.999250698250529
"AT_2023","gradient_atkinson05_bach1_ok",1,0,1,1
"AT_2023","gradient_atkinson05_bach1_keptmin",1,0,1,1
"AT_2023","gradient_atkinson05_bach1_naltmax",0.104280125730884,0.00626507938797075,0.0920005701304617,0.116559681331307
"AT_2023","gradient_atkinson1_bach1_nw",0.841423543861242,0.00942032237745533,0.82295971200143,0.859887375721055
"AT_2023","gradient_atkinson1_bach1_nwx",0.903285776582555,0.00793126953244013,0.887740488298972,0.918831064866138
"AT_2023","gradient_atkinson1_bach1_ratio",0.931514218813055,0.00708355272274865,0.917630455476468,0.945397982149643
"AT_2023","gradient_atkinson1_bach1_ok",1,0,1,1
"AT_2023","gradient_atkinson1_bach1_keptmin",1,0,1,1
"AT_2023","gradient_atkinson1_bach1_naltmax",0.104280125730884,0.00626507938797075,0.0920005701304617,0.116559681331307
"AT_2023","gradient_atkinson2_bach1_nw",0.999934541923262,6.66337088438846e-06,0.999921481716329,0.999947602130196
"AT_2023","gradient_atkinson2_bach1_nwx",0.999960747285432,3.2190966164163e-06,0.999954437856063,0.9999670567148
"AT_2023","gradient_atkinson2_bach1_ratio",0.999973793609341,5.00144493158855e-06,0.999963990777276,0.999983596441407
"AT_2023","gradient_atkinson2_bach1_ok",1,0,1,1
"AT_2023","gradient_atkinson2_bach1_keptmin",1,0,1,1
"AT_2023","gradient_atkinson2_bach1_naltmax",0.104280125730884,0.00626507938797075,0.0920005701304617,0.116559681331307
"AT_2023","gradient_mu_ratio_nw",0.996203615948475,0.00152574320565641,0.993213159265388,0.999194072631562
"AT_2023","gradient_mu_ratio_nwx",0.824577054849096,0.0718989083031626,0.683655194574898,0.965498915123295
"BE_2023","gradient_gini_nw",0.603788573368038,0.0208249203354601,0.562971729510537,0.64460541722554
"BE_2023","gradient_gini_nwx",0.619805006818132,0.0216616057418491,0.577348259564108,0.662261754072157
"BE_2023","gradient_gini_ratio",0.974158556507076,0.00999598070050674,0.954566434334082,0.993750678680069
"BE_2023","gradient_gini_ok",1,0,1,1
"BE_2023","gradient_gini_keptmin",1,0,1,1
"BE_2023","gradient_gini_naltmax",0,0,0,0
"BE_2023","gradient_gini_rsv_nw",0.602592073450142,0.0208001905225191,0.561823700026005,0.64336044687428
"BE_2023","gradient_gini_rsv_nwx",0.611145462032221,0.0218727988151374,0.568274776354552,0.65401614770989
"BE_2023","gradient_gini_rsv_ratio",0.986004364505594,0.00909626791230939,0.968175679397468,1.00383304961372
"BE_2023","gradient_gini_rsv_ok",1,0,1,1
"BE_2023","gradient_gini_rsv_keptmin",1,0,1,1
"BE_2023","gradient_gini_rsv_naltmax",0,0,0,0
"BE_2023","gradient_cv_nw",1.79371225497678,0.319307269990174,1.16787000579604,2.41955450415752
"BE_2023","gradient_cv_nwx",1.98754004296928,0.391770770344131,1.21966933309478,2.75541075284378
"BE_2023","gradient_cv_ratio",0.902480649379938,0.0253116960875243,0.852869725048391,0.952091573711486
"BE_2023","gradient_cv_ok",1,0,1,1
"BE_2023","gradient_cv_keptmin",1,0,1,1
"BE_2023","gradient_cv_naltmax",0,0,0,0
"BE_2023","gradient_top10_nw",0.426573201237233,0.0294594841445328,0.368832612313949,0.484313790160518
"BE_2023","gradient_top10_nwx",0.438836958265704,0.0312440178413987,0.377598683296562,0.500075233234845
"BE_2023","gradient_top10_ratio",0.972056121282001,0.0189637918707245,0.934887089215381,1.00922515334862
"BE_2023","gradient_top10_ok",1,0,1,1
"BE_2023","gradient_top10_keptmin",1,0,1,1
"BE_2023","gradient_top10_naltmax",0,0,0,0
"BE_2023","gradient_top1_nw",0.127402300978549,0.0259641084405051,0.0765126484351593,0.178291953521939
"BE_2023","gradient_top1_nwx",0.142191180453616,0.0307031867453502,0.0820129344327295,0.202369426474502
"BE_2023","gradient_top1_ratio",0.89600879835381,0.0252364758882715,0.846545305612798,0.945472291094822
"BE_2023","gradient_top1_ok",1,0,1,1
"BE_2023","gradient_top1_keptmin",1,0,1,1
"BE_2023","gradient_top1_naltmax",0,0,0,0
"BE_2023","gradient_sgini4_nw",0.851593762007457,0.0111233100990312,0.829792074213356,0.873395449801558
"BE_2023","gradient_sgini4_nwx",0.881348568707613,0.011640109048867,0.858533954971834,0.904163182443392
"BE_2023","gradient_sgini4_ratio",0.966240184089909,0.00855023186976249,0.949481729625174,0.982998638554643
"BE_2023","gradient_sgini4_ok",1,0,1,1
"BE_2023","gradient_sgini4_keptmin",1,0,1,1
"BE_2023","gradient_sgini4_naltmax",0,0,0,0
"BE_2023","gradient_gini_abs_nw",248619.210847716,24869.4637324925,199875.061932031,297363.359763402
"BE_2023","gradient_gini_abs_nwx",217160.984230214,23066.5837508797,171950.48007849,262371.488381938
"BE_2023","gradient_gini_abs_ratio",1.14486720883276,0.0276321335517134,1.0907082270714,1.19902619059411
"BE_2023","gradient_gini_abs_ok",1,0,1,1
"BE_2023","gradient_gini_abs_keptmin",1,0,1,1
"BE_2023","gradient_gini_abs_naltmax",0,0,0,0
"BE_2023","gradient_variance_nw",545515271171.561,313501350779.107,-68947376355.4895,1159977918698.61
"BE_2023","gradient_variance_nwx",484934419754.972,311034769686.156,-124693728829.894,1094562568339.84
"BE_2023","gradient_variance_ratio",1.12493137677165,0.0872104583077503,0.953998878488457,1.29586387505484
"BE_2023","gradient_variance_ok",1,0,1,1
"BE_2023","gradient_variance_keptmin",1,0,1,1
"BE_2023","gradient_variance_naltmax",0,0,0,0
"BE_2023","gradient_kolm0.5_nw",0.113588623541222,0.0211416006188045,0.0721510863283654,0.155026160754079
"BE_2023","gradient_kolm0.5_nwx",0.0967880083423568,0.0175548628970145,0.0623804770642084,0.131195539620505
"BE_2023","gradient_kolm0.5_ratio",1.17359546705543,0.0692091689653026,1.03794549588344,1.30924543822743
"BE_2023","gradient_kolm0.5_ok",1,0,1,1
"BE_2023","gradient_kolm0.5_keptmin",1,0,1,1
"BE_2023","gradient_kolm0.5_naltmax",0,0,0,0
"BE_2023","gradient_kolm1_nw",0.170138142958318,0.0348388427664927,0.101854011135992,0.238422274780644
"BE_2023","gradient_kolm1_nwx",0.237355968658035,0.301222744431689,-0.353040610428076,0.827752547744146
"BE_2023","gradient_kolm1_ratio",0.716866933228571,0.390488584352673,-0.0484906921026677,1.48222455855981
"BE_2023","gradient_kolm1_ok",1,0,1,1
"BE_2023","gradient_kolm1_keptmin",1,0,1,1
"BE_2023","gradient_kolm1_naltmax",0,0,0,0
"BE_2023","gradient_p75_p25_nw",464958.8,21373.3580425606,423067.018236581,506850.581763419
"BE_2023","gradient_p75_p25_nwx",409437.489590743,17813.6227017196,374522.789095372,444352.190086113
"BE_2023","gradient_p75_p25_ratio",1.13564168984767,0.0351021763407467,1.06684142421981,1.20444195547553
"BE_2023","gradient_p75_p25_ok",1,0,1,1
"BE_2023","gradient_p75_p25_keptmin",1,0,1,1
"BE_2023","gradient_p75_p25_naltmax",0,0,0,0
"BE_2023","gradient_p90_p10_nw",923233.114,50926.0032637556,823418.147603039,1023048.08039696
"BE_2023","gradient_p90_p10_nwx",762018.370835262,52008.528675549,660081.654631186,863955.087039338
"BE_2023","gradient_p90_p10_ratio",1.21182590584157,0.0598927123930617,1.09443618955117,1.32921562213197
"BE_2023","gradient_p90_p10_ok",1,0,1,1
"BE_2023","gradient_p90_p10_keptmin",1,0,1,1
"BE_2023","gradient_p90_p10_naltmax",0,0,0,0
"BE_2023","gradient_inter1_nw",0.388558708834694,0.100767797076856,0.191053826564056,0.586063591105332
"BE_2023","gradient_inter1_nwx",0.00411683757409027,0.0693594577106866,-0.131827699538855,0.140061374687036
"BE_2023","gradient_inter1_ratio",94.3714774407215,55.9855145990818,-15.3601311734788,204.103086054922
"BE_2023","gradient_inter1_ok",1,0,1,1
"BE_2023","gradient_inter1_keptmin",1,0,1,1
"BE_2023","gradient_inter1_naltmax",0,0,0,0
"BE_2023","gradient_inter2_nw",0.862090248453995,0.442107050487623,-0.0044395705017457,1.72862006740974
"BE_2023","gradient_inter2_nwx",0.00541402478520109,0.181813878350121,-0.350941176781036,0.361769226351438
"BE_2023","gradient_inter2_ratio",159.213552457087,93.2308493754652,-23.5189123188248,341.946017232999
"BE_2023","gradient_inter2_ok",1,0,1,1
"BE_2023","gradient_inter2_keptmin",1,0,1,1
"BE_2023","gradient_inter2_naltmax",0,0,0,0
"BE_2023","gradient_ge2_nw",1.56368718379424,0.620338972148151,0.34782279838386,2.77955156920461
"BE_2023","gradient_ge2_nwx",1.81819577827706,0.807094542495966,0.236290474984968,3.40010108156916
"BE_2023","gradient_ge2_ratio",0.860035200061414,0.0537696238206711,0.754646737372898,0.965423662749929
"BE_2023","gradient_ge2_ok",1,0,1,1
"BE_2023","gradient_ge2_keptmin",0.951775648444912,0.00661562131302875,0.938809030671376,0.964742266218448
"BE_2023","gradient_ge2_naltmax",0.048224351555088,0.00661562131302875,0.0352577337815516,0.0611909693286243
"BE_2023","gradient_ge_theil_nw",0.700773885124947,0.0889621591982786,0.526408053096321,0.875139717153573
"BE_2023","gradient_ge_theil_nwx",0.712290995475255,0.104580904147881,0.507312423345408,0.917269567605101
"BE_2023","gradient_ge_theil_ratio",0.983839182563817,0.0276955603629853,0.929555884252366,1.03812248087527
"BE_2023","gradient_ge_theil_ok",1,0,1,1
"BE_2023","gradient_ge_theil_keptmin",0.951775648444912,0.00661562131302875,0.938809030671376,0.964742266218448
"BE_2023","gradient_ge_theil_naltmax",0.048224351555088,0.00661562131302875,0.0352577337815516,0.0611909693286243
"BE_2023","gradient_ge_mld_nw",1.07328593653289,0.0670030884923124,0.941959883087958,1.20461198997782
"BE_2023","gradient_ge_mld_nwx",1.03383108262825,0.0673987905992036,0.901729453053812,1.16593271220269
"BE_2023","gradient_ge_mld_ratio",1.0381858560865,0.0202371407333666,0.998521060249103,1.0778506519239
"BE_2023","gradient_ge_mld_ok",1,0,1,1
"BE_2023","gradient_ge_mld_keptmin",0.951775648444912,0.00661562131302875,0.938809030671376,0.964742266218448
"BE_2023","gradient_ge_mld_naltmax",0.048224351555088,0.00661562131302875,0.0352577337815516,0.0611909693286243
"BE_2023","gradient_atkinson05_nw",0.328994389898795,0.0225298748989584,0.284835835096836,0.373152944700753
"BE_2023","gradient_atkinson05_nwx",0.325551788495891,0.0251072711033098,0.276341537133404,0.374762039858378
"BE_2023","gradient_atkinson05_ratio",1.01058202368224,0.0183620888303848,0.974592329574681,1.04657171778979
"BE_2023","gradient_atkinson05_ok",1,0,1,1
"BE_2023","gradient_atkinson05_keptmin",0.951775648444912,0.00661562131302875,0.938809030671376,0.964742266218448
"BE_2023","gradient_atkinson05_naltmax",0.048224351555088,0.00661562131302875,0.0352577337815516,0.0611909693286243
"BE_2023","gradient_atkinson1_nw",0.658107120270895,0.0219248783516105,0.615134358701739,0.701079881840052
"BE_2023","gradient_atkinson1_nwx",0.644342371597862,0.0229580446563116,0.599344604071491,0.689340139124232
"BE_2023","gradient_atkinson1_ratio",1.02136999167104,0.011165288903932,0.999486025419333,1.04325395792275
"BE_2023","gradient_atkinson1_ok",1,0,1,1
"BE_2023","gradient_atkinson1_keptmin",0.951775648444912,0.00661562131302875,0.938809030671376,0.964742266218448
"BE_2023","gradient_atkinson1_naltmax",0.048224351555088,0.00661562131302875,0.0352577337815516,0.0611909693286243
"BE_2023","gradient_atkinson2_nw",0.994678908435481,0.00568698956652427,0.983532408885093,1.00582540798587
"BE_2023","gradient_atkinson2_nwx",0.990004390345516,0.00897865836682895,0.972406219946531,1.0076025607445
"BE_2023","gradient_atkinson2_ratio",1.00472174808011,0.00805030146700086,0.988943157204789,1.02050033895543
"BE_2023","gradient_atkinson2_ok",1,0,1,1
"BE_2023","gradient_atkinson2_keptmin",0.951775648444912,0.00661562131302875,0.938809030671376,0.964742266218448
"BE_2023","gradient_atkinson2_naltmax",0.048224351555088,0.00661562131302875,0.0352577337815516,0.0611909693286243
"BE_2023","gradient_ge2_bach1_nw",1.60440372690154,0.632802564263406,0.364110700945268,2.84469675285782
"BE_2023","gradient_ge2_bach1_nwx",1.93565351981559,0.847461755798489,0.27462847845055,3.59667856118063
"BE_2023","gradient_ge2_bach1_ratio",0.828879910902121,0.0491698365264672,0.732507031310245,0.925252790493997
"BE_2023","gradient_ge2_bach1_ok",1,0,1,1
"BE_2023","gradient_ge2_bach1_keptmin",1,0,1,1
"BE_2023","gradient_ge2_bach1_naltmax",0.048224351555088,0.00661562131302875,0.0352577337815516,0.0611909693286243
"BE_2023","gradient_ge_theil_bach1_nw",0.720310328353979,0.0889883772426034,0.545893108958477,0.894727547749482
"BE_2023","gradient_ge_theil_bach1_nwx",0.76171554211658,0.104504240108426,0.556887231504064,0.966543852729095
"BE_2023","gradient_ge_theil_bach1_ratio",0.94564504567032,0.0229230217408162,0.900715923058321,0.99057416828232
"BE_2023","gradient_ge_theil_bach1_ok",1,0,1,1
"BE_2023","gradient_ge_theil_bach1_keptmin",1,0,1,1
"BE_2023","gradient_ge_theil_bach1_naltmax",0.048224351555088,0.00661562131302875,0.0352577337815516,0.0611909693286243
"BE_2023","gradient_ge_mld_bach1_nw",1.2835110117367,0.0775777175609595,1.13145868531722,1.43556333815618
"BE_2023","gradient_ge_mld_bach1_nwx",1.55295121636788,0.0914209217552139,1.37376620972766,1.7321362230081
"BE_2023","gradient_ge_mld_bach1_ratio",0.826501459963159,0.0302690923656457,0.767174038926493,0.885828880999824
"BE_2023","gradient_ge_mld_bach1_ok",1,0,1,1
"BE_2023","gradient_ge_mld_bach1_keptmin",1,0,1,1
"BE_2023","gradient_ge_mld_bach1_naltmax",0.048224351555088,0.00661562131302875,0.0352577337815516,0.0611909693286243
"BE_2023","gradient_atkinson05_bach1_nw",0.341928051917594,0.0221483974869942,0.298517192843086,0.385338910992103
"BE_2023","gradient_atkinson05_bach1_nwx",0.357948000246781,0.0239708948933465,0.310965046255822,0.40493095423774
"BE_2023","gradient_atkinson05_bach1_ratio",0.955245138964759,0.0148795600297621,0.926081201306425,0.984409076623093
"BE_2023","gradient_atkinson05_bach1_ok",1,0,1,1
"BE_2023","gradient_atkinson05_bach1_keptmin",1,0,1,1
"BE_2023","gradient_atkinson05_bach1_naltmax",0.048224351555088,0.00661562131302875,0.0352577337815516,0.0611909693286243
"BE_2023","gradient_atkinson1_bach1_nw",0.722933844075885,0.0205267495547794,0.682701414948518,0.763166273203253
"BE_2023","gradient_atkinson1_bach1_nwx",0.788376078946731,0.018657221702594,0.751807924409647,0.824944233483815
"BE_2023","gradient_atkinson1_bach1_ratio",0.916991731844564,0.0154827997192318,0.886645444394869,0.947338019294258
"BE_2023","gradient_atkinson1_bach1_ok",1,0,1,1
"BE_2023","gradient_atkinson1_bach1_keptmin",1,0,1,1
"BE_2023","gradient_atkinson1_bach1_naltmax",0.048224351555088,0.00661562131302875,0.0352577337815516,0.0611909693286243
"BE_2023","gradient_atkinson2_bach1_nw",0.999877273941269,2.80716095868166e-05,0.999822253586479,0.99993229429606
"BE_2023","gradient_atkinson2_bach1_nwx",0.999941516085101,8.82846859318029e-06,0.999924212286658,0.999958819883543
"BE_2023","gradient_atkinson2_bach1_ratio",0.999935754097251,2.36814362834742e-05,0.999889338482135,0.999982169712366
"BE_2023","gradient_atkinson2_bach1_ok",1,0,1,1
"BE_2023","gradient_atkinson2_bach1_keptmin",1,0,1,1
"BE_2023","gradient_atkinson2_bach1_naltmax",0.048224351555088,0.00661562131302875,0.0352577337815516,0.0611909693286243
"BE_2023","gradient_mu_ratio_nw",0.998018426065674,0.00122342166517551,0.99562051960193,1.00041633252942
"BE_2023","gradient_mu_ratio_nwx",0.986028506958193,0.0035430082013177,0.97908421088361,0.992972803032775
"CY_2023","gradient_gini_nw",0.610119338682465,0.0168253045804038,0.577141741704874,0.643096935660056
"CY_2023","gradient_gini_nwx",0.644112045576531,0.0246931289288627,0.59571351287596,0.692510578277101
"CY_2023","gradient_gini_ratio",0.947257200713148,0.0240160237032894,0.900185794254701,0.994328607171595
"CY_2023","gradient_gini_ok",1,0,1,1
"CY_2023","gradient_gini_keptmin",1,0,1,1
"CY_2023","gradient_gini_naltmax",0,0,0,0
"CY_2023","gradient_gini_rsv_nw",0.599086681852702,0.0149254420514024,0.569832815431953,0.628340548273451
"CY_2023","gradient_gini_rsv_nwx",0.60298468738776,0.0165298270119758,0.570586226444288,0.635383148331232
"CY_2023","gradient_gini_rsv_ratio",0.993546780319055,0.0109335007391653,0.972117118870291,1.01497644176782
"CY_2023","gradient_gini_rsv_ok",1,0,1,1
"CY_2023","gradient_gini_rsv_keptmin",1,0,1,1
"CY_2023","gradient_gini_rsv_naltmax",0,0,0,0
"CY_2023","gradient_cv_nw",1.51200702222615,0.120100877213985,1.27660930288674,1.74740474156556
"CY_2023","gradient_cv_nwx",1.59801640273991,0.162043533021757,1.28041107801727,1.91562172746255
"CY_2023","gradient_cv_ratio",0.947085841051378,0.0503993763514249,0.848303063402586,1.04586861870017
"CY_2023","gradient_cv_ok",1,0,1,1
"CY_2023","gradient_cv_keptmin",1,0,1,1
"CY_2023","gradient_cv_naltmax",0,0,0,0
"CY_2023","gradient_top10_nw",0.427257137411708,0.020983055910274,0.386130347827571,0.468383926995845
"CY_2023","gradient_top10_nwx",0.427410482888484,0.0235744003653732,0.381204658172352,0.473616307604615
"CY_2023","gradient_top10_ratio",0.999746490662905,0.0220045212290011,0.956617629054063,1.04287535227175
"CY_2023","gradient_top10_ok",1,0,1,1
"CY_2023","gradient_top10_keptmin",1,0,1,1
"CY_2023","gradient_top10_naltmax",0,0,0,0
"CY_2023","gradient_top1_nw",0.107481902738078,0.0143980598516899,0.0792617054287653,0.13570210004739
"CY_2023","gradient_top1_nwx",0.114981680646254,0.0194878478214517,0.0767854989162083,0.153177862376299
"CY_2023","gradient_top1_ratio",0.937350091882597,0.0661214754870037,0.80775199992807,1.06694818383712
"CY_2023","gradient_top1_ok",1,0,1,1
"CY_2023","gradient_top1_keptmin",1,0,1,1
"CY_2023","gradient_top1_naltmax",0,0,0,0
"CY_2023","gradient_sgini4_nw",0.876036079862086,0.0203497724584696,0.836150525843486,0.915921633880687
"CY_2023","gradient_sgini4_nwx",0.973079333161507,0.0453933243043351,0.88410841752501,1.062050248798
"CY_2023","gradient_sgini4_ratio",0.900339930265016,0.0353858557604937,0.830983652974448,0.969696207555584
"CY_2023","gradient_sgini4_ok",1,0,1,1
"CY_2023","gradient_sgini4_keptmin",1,0,1,1
"CY_2023","gradient_sgini4_naltmax",0,0,0,0
"CY_2023","gradient_gini_abs_nw",238261.413057391,15281.3333021561,208309.999785165,268212.826329617
"CY_2023","gradient_gini_abs_nwx",203979.49598513,13906.6473304118,176722.467217523,231236.524752737
"CY_2023","gradient_gini_abs_ratio",1.16814815785706,0.0311341479156176,1.10712522794245,1.22917108777167
"CY_2023","gradient_gini_abs_ok",1,0,1,1
"CY_2023","gradient_gini_abs_keptmin",1,0,1,1
"CY_2023","gradient_gini_abs_naltmax",0,0,0,0
"CY_2023","gradient_variance_nw",350208446830.641,78916625035.98,195531861760.12,504885031901.161
"CY_2023","gradient_variance_nwx",258130263309.225,71589974888.0683,117813912528.611,398446614089.839
"CY_2023","gradient_variance_ratio",1.3646877023862,0.157957674055547,1.05509066123733,1.67428474353507
"CY_2023","gradient_variance_ok",1,0,1,1
"CY_2023","gradient_variance_keptmin",1,0,1,1
"CY_2023","gradient_variance_naltmax",0,0,0,0
"CY_2023","gradient_kolm0.5_nw",0.148822678779903,0.0107492641452797,0.127754121055155,0.169891236504652
"CY_2023","gradient_kolm0.5_nwx",0.146993058481915,0.038709503020948,0.0711224325608569,0.222863684402973
"CY_2023","gradient_kolm0.5_ratio",1.01521951090004,0.218049352645123,0.587842779715602,1.44259624208449
"CY_2023","gradient_kolm0.5_ok",1,0,1,1
"CY_2023","gradient_kolm0.5_keptmin",1,0,1,1
"CY_2023","gradient_kolm0.5_naltmax",0,0,0,0
"CY_2023","gradient_kolm1_nw",0.229662895661777,0.0216364002333614,0.187255551204389,0.272070240119165
"CY_2023","gradient_kolm1_nwx",0.598434541413897,0.416212014830793,-0.217341007654458,1.41421009048225
"CY_2023","gradient_kolm1_ratio",0.400400366983541,0.46475206679919,-0.510513683942872,1.31131441790995
"CY_2023","gradient_kolm1_ok",1,0,1,1
"CY_2023","gradient_kolm1_keptmin",1,0,1,1
"CY_2023","gradient_kolm1_naltmax",0,0,0,0
"CY_2023","gradient_p75_p25_nw",425389.4,32047.3919190275,362576.511838706,488202.288161294
"CY_2023","gradient_p75_p25_nwx",376953.964254957,23532.3675580881,330830.523841105,423077.40466881
"CY_2023","gradient_p75_p25_ratio",1.12886650715991,0.0610752338931366,1.00915904872936,1.24857396559045
"CY_2023","gradient_p75_p25_ok",1,0,1,1
"CY_2023","gradient_p75_p25_keptmin",1,0,1,1
"CY_2023","gradient_p75_p25_naltmax",0,0,0,0
"CY_2023","gradient_p90_p10_nw",898099.2,62994.5391693581,774629.903228058,1021568.49677194
"CY_2023","gradient_p90_p10_nwx",731394.825309964,52779.8340538336,627946.35056445,834843.300055478
"CY_2023","gradient_p90_p10_ratio",1.22796357316236,0.0707078782177874,1.0893761318555,1.36655101446923
"CY_2023","gradient_p90_p10_ok",1,0,1,1
"CY_2023","gradient_p90_p10_keptmin",1,0,1,1
"CY_2023","gradient_p90_p10_naltmax",0,0,0,0
"CY_2023","gradient_inter1_nw",0.0501014329264858,0.0578835221341496,-0.0633502704564474,0.163553136309419
"CY_2023","gradient_inter1_nwx",0.00657728029158941,0.0133165788050969,-0.0195232141664004,0.0326777747495793
"CY_2023","gradient_inter1_ratio",7.65547970619772,7.80478190296054,-7.64189282360495,22.9528522360004
"CY_2023","gradient_inter1_ok",1,0,1,1
"CY_2023","gradient_inter1_keptmin",1,0,1,1
"CY_2023","gradient_inter1_naltmax",0,0,0,0
"CY_2023","gradient_inter2_nw",0.0684274379908051,0.0969223857851406,-0.121540438148071,0.258395314129681
"CY_2023","gradient_inter2_nwx",0.00727087780095098,0.0199478564767943,-0.0318269208935658,0.0463686764954677
"CY_2023","gradient_inter2_ratio",9.47807843870785,11.7595534241982,-13.5706462727207,32.5268031501364
"CY_2023","gradient_inter2_ok",1,0,1,1
"CY_2023","gradient_inter2_keptmin",1,0,1,1
"CY_2023","gradient_inter2_naltmax",0,0,0,0
"CY_2023","gradient_ge2_nw",1.04231228379803,0.168581481677499,0.711892579710132,1.37273198788593
"CY_2023","gradient_ge2_nwx",0.992226556294814,0.22168172650282,0.557730372349287,1.42672274024034
"CY_2023","gradient_ge2_ratio",1.05720627546801,0.113863278025759,0.834034250537524,1.2803783003985
"CY_2023","gradient_ge2_ok",1,0,1,1
"CY_2023","gradient_ge2_keptmin",0.934966378327706,0.0103911088284699,0.914599805023904,0.955332951631507
"CY_2023","gradient_ge2_naltmax",0.0650336216722945,0.0103911088284699,0.0446670483684934,0.0854001949760956
"CY_2023","gradient_ge_theil_nw",0.630215585277387,0.0435772840714457,0.544804108497354,0.71562706205742
"CY_2023","gradient_ge_theil_nwx",0.599812352081699,0.0525925949599921,0.496730865960115,0.702893838203284
"CY_2023","gradient_ge_theil_ratio",1.05122372058839,0.037101737618334,0.978504314856453,1.12394312632032
"CY_2023","gradient_ge_theil_ok",1,0,1,1
"CY_2023","gradient_ge_theil_keptmin",0.934966378327706,0.0103911088284699,0.914599805023904,0.955332951631507
"CY_2023","gradient_ge_theil_naltmax",0.0650336216722945,0.0103911088284699,0.0446670483684934,0.0854001949760956
"CY_2023","gradient_ge_mld_nw",1.01636160586677,0.0626470814487807,0.893573326227158,1.13914988550638
"CY_2023","gradient_ge_mld_nwx",0.972756523474067,0.0629280793529611,0.849417487942264,1.09609555900587
"CY_2023","gradient_ge_mld_ratio",1.04482695880239,0.0207266996582919,1.00420262747214,1.08545129013264
"CY_2023","gradient_ge_mld_ok",1,0,1,1
"CY_2023","gradient_ge_mld_keptmin",0.934966378327706,0.0103911088284699,0.914599805023904,0.955332951631507
"CY_2023","gradient_ge_mld_naltmax",0.0650336216722945,0.0103911088284699,0.0446670483684934,0.0854001949760956
"CY_2023","gradient_atkinson05_nw",0.30726717291181,0.0145829505587518,0.278684589816657,0.335849756006964
"CY_2023","gradient_atkinson05_nwx",0.295161496790804,0.0164124336760626,0.262993126785721,0.327329866795886
"CY_2023","gradient_atkinson05_ratio",1.04110928536529,0.0228266047246792,0.996369140104917,1.08584943062566
"CY_2023","gradient_atkinson05_ok",1,0,1,1
"CY_2023","gradient_atkinson05_keptmin",0.934966378327706,0.0103911088284699,0.914599805023904,0.955332951631507
"CY_2023","gradient_atkinson05_naltmax",0.0650336216722945,0.0103911088284699,0.0446670483684934,0.0854001949760956
"CY_2023","gradient_atkinson1_nw",0.638041658642446,0.022792285182038,0.593368779685651,0.682714537599241
"CY_2023","gradient_atkinson1_nwx",0.621917307295628,0.0238764657793685,0.575119434368066,0.668715180223191
"CY_2023","gradient_atkinson1_ratio",1.02592896070908,0.0121373801555659,1.00213969560417,1.04971822581399
"CY_2023","gradient_atkinson1_ok",1,0,1,1
"CY_2023","gradient_atkinson1_keptmin",0.934966378327706,0.0103911088284699,0.914599805023904,0.955332951631507
"CY_2023","gradient_atkinson1_naltmax",0.0650336216722945,0.0103911088284699,0.0446670483684934,0.0854001949760956
"CY_2023","gradient_atkinson2_nw",0.991211220080988,0.0116846444454818,0.968309316967843,1.01411312319413
"CY_2023","gradient_atkinson2_nwx",0.989942261902151,0.0133804031350352,0.963716671757482,1.01616785204682
"CY_2023","gradient_atkinson2_ratio",1.00129188741667,0.00179364299177372,0.997776347152799,1.00480742768055
"CY_2023","gradient_atkinson2_ok",1,0,1,1
"CY_2023","gradient_atkinson2_keptmin",0.934966378327706,0.0103911088284699,0.914599805023904,0.955332951631507
"CY_2023","gradient_atkinson2_naltmax",0.0650336216722945,0.0103911088284699,0.0446670483684934,0.0854001949760956
"CY_2023","gradient_ge2_bach1_nw",1.1095964550322,0.179576094892264,0.75762730904336,1.46156560102103
"CY_2023","gradient_ge2_bach1_nwx",1.09635144957897,0.241519168043044,0.622973880214607,1.56972901894334
"CY_2023","gradient_ge2_bach1_ratio",1.01822378458422,0.105434037976208,0.81157307015085,1.22487449901758
"CY_2023","gradient_ge2_bach1_ok",1,0,1,1
"CY_2023","gradient_ge2_bach1_keptmin",1,0,1,1
"CY_2023","gradient_ge2_bach1_naltmax",0.0650336216722945,0.0103911088284699,0.0446670483684934,0.0854001949760956
"CY_2023","gradient_ge_theil_bach1_nw",0.672791943696609,0.0456568898655827,0.583304439560067,0.762279447833151
"CY_2023","gradient_ge_theil_bach1_nwx",0.667058283896855,0.0550498922428659,0.559160495100838,0.774956072692872
"CY_2023","gradient_ge_theil_bach1_ratio",1.00901990214536,0.0310954238841015,0.948072871332523,1.0699669329582
"CY_2023","gradient_ge_theil_bach1_ok",1,0,1,1
"CY_2023","gradient_ge_theil_bach1_keptmin",1,0,1,1
"CY_2023","gradient_ge_theil_bach1_naltmax",0.0650336216722945,0.0103911088284699,0.0446670483684934,0.0854001949760956
"CY_2023","gradient_ge_mld_bach1_nw",1.47027995656488,0.11007351774362,1.25453586178738,1.68602405134237
"CY_2023","gradient_ge_mld_bach1_nwx",1.67252917117436,0.123267389228944,1.43092508828563,1.91413325406309
"CY_2023","gradient_ge_mld_bach1_ratio",0.879130554014821,0.0360669664942029,0.808439299686183,0.949821808343459
"CY_2023","gradient_ge_mld_bach1_ok",1,0,1,1
"CY_2023","gradient_ge_mld_bach1_keptmin",1,0,1,1
"CY_2023","gradient_ge_mld_bach1_naltmax",0.0650336216722945,0.0103911088284699,0.0446670483684934,0.0854001949760956
"CY_2023","gradient_atkinson05_bach1_nw",0.336028659676996,0.0154587371343128,0.305729534893743,0.366327784460249
"CY_2023","gradient_atkinson05_bach1_nwx",0.340807512743567,0.0172552468521688,0.306987228913316,0.374627796573818
"CY_2023","gradient_atkinson05_bach1_ratio",0.986054276484118,0.0185092551692006,0.949776136352485,1.02233241661575
"CY_2023","gradient_atkinson05_bach1_ok",1,0,1,1
"CY_2023","gradient_atkinson05_bach1_keptmin",1,0,1,1
"CY_2023","gradient_atkinson05_bach1_naltmax",0.0650336216722945,0.0103911088284699,0.0446670483684934,0.0854001949760956
"CY_2023","gradient_atkinson1_bach1_nw",0.770073614261869,0.0256389475327117,0.719821277097754,0.820325951425984
"CY_2023","gradient_atkinson1_bach1_nwx",0.812149652152437,0.0233508069239907,0.766382070581415,0.857917233723459
"CY_2023","gradient_atkinson1_bach1_ratio",0.948195741215919,0.0168485427394599,0.915172597446578,0.981218884985261
"CY_2023","gradient_atkinson1_bach1_ok",1,0,1,1
"CY_2023","gradient_atkinson1_bach1_keptmin",1,0,1,1
"CY_2023","gradient_atkinson1_bach1_naltmax",0.0650336216722945,0.0103911088284699,0.0446670483684934,0.0854001949760956
"CY_2023","gradient_atkinson2_bach1_nw",0.999939529337401,1.54934222639754e-05,0.999909162229764,0.999969896445039
"CY_2023","gradient_atkinson2_bach1_nwx",0.999953293534568,8.28564182704007e-06,0.999937053676587,0.999969533392549
"CY_2023","gradient_atkinson2_bach1_ratio",0.999986235155143,1.01859513115606e-05,0.999966270690573,1.00000619961971
"CY_2023","gradient_atkinson2_bach1_ok",1,0,1,1
"CY_2023","gradient_atkinson2_bach1_keptmin",1,0,1,1
"CY_2023","gradient_atkinson2_bach1_naltmax",0.0650336216722945,0.0103911088284699,0.0446670483684934,0.0854001949760956
"CY_2023","gradient_mu_ratio_nw",0.981924576459519,0.00779775693097848,0.966640972874801,0.997208180044237
"CY_2023","gradient_mu_ratio_nwx",0.936166223948894,0.0195937067839541,0.897762558652344,0.974569889245444
"DE_2023","gradient_gini_nw",0.723788804903286,0.0179961628152808,0.688516325785335,0.759061284021236
"DE_2023","gradient_gini_nwx",0.757085227069029,0.0179508523025758,0.72190155655598,0.792268897582077
"DE_2023","gradient_gini_ratio",0.956027812807934,0.0110619420154948,0.934346406457564,0.977709219158304
"DE_2023","gradient_gini_ok",1,0,1,1
"DE_2023","gradient_gini_keptmin",1,0,1,1
"DE_2023","gradient_gini_naltmax",0,0,0,0
"DE_2023","gradient_gini_rsv_nw",0.712800944546681,0.0168668949949582,0.679741830356563,0.745860058736799
"DE_2023","gradient_gini_rsv_nwx",0.726132068522779,0.0153620184254751,0.696022512408848,0.75624162463671
"DE_2023","gradient_gini_rsv_ratio",0.981641320925891,0.00615213496648058,0.969583136391589,0.993699505460193
"DE_2023","gradient_gini_rsv_ok",1,0,1,1
"DE_2023","gradient_gini_rsv_keptmin",1,0,1,1
"DE_2023","gradient_gini_rsv_naltmax",0,0,0,0
"DE_2023","gradient_cv_nw",2.07871528858129,0.142572591460391,1.79927300931893,2.35815756784366
"DE_2023","gradient_cv_nwx",2.26532539791274,0.145052519897588,1.98102245891347,2.54962833691202
"DE_2023","gradient_cv_ratio",0.917637115139351,0.0207599659312086,0.876947581914182,0.95832664836452
"DE_2023","gradient_cv_ok",1,0,1,1
"DE_2023","gradient_cv_keptmin",1,0,1,1
"DE_2023","gradient_cv_naltmax",0,0,0,0
"DE_2023","gradient_top10_nw",0.535743094184087,0.027057175503241,0.482711030197734,0.588775158170439
"DE_2023","gradient_top10_nwx",0.556261886876532,0.0262768022004934,0.504759354563565,0.6077644191895
"DE_2023","gradient_top10_ratio",0.963114125539717,0.0130507417673767,0.937534671675659,0.988693579403775
"DE_2023","gradient_top10_ok",1,0,1,1
"DE_2023","gradient_top10_keptmin",1,0,1,1
"DE_2023","gradient_top10_naltmax",0,0,0,0
"DE_2023","gradient_top1_nw",0.157528849130383,0.0146264909414704,0.128860926885101,0.186196771375665
"DE_2023","gradient_top1_nwx",0.176982478171037,0.0150106891882228,0.14756152736212,0.206403428979953
"DE_2023","gradient_top1_ratio",0.890110827379479,0.0310353122149515,0.829281615438174,0.950940039320784
"DE_2023","gradient_top1_ok",1,0,1,1
"DE_2023","gradient_top1_keptmin",1,0,1,1
"DE_2023","gradient_top1_naltmax",0,0,0,0
"DE_2023","gradient_sgini4_nw",0.955987467671094,0.0152483574553763,0.926100687058556,0.985874248283631
"DE_2023","gradient_sgini4_nwx",1.01281240485084,0.0234646644808427,0.96682166246839,1.05880314723329
"DE_2023","gradient_sgini4_ratio",0.943916326970156,0.0154022567934586,0.913727903654977,0.974104750285335
"DE_2023","gradient_sgini4_ok",1,0,1,1
"DE_2023","gradient_sgini4_keptmin",1,0,1,1
"DE_2023","gradient_sgini4_naltmax",0,0,0,0
"DE_2023","gradient_gini_abs_nw",236059.935802202,15865.4397971626,204963.673799764,267156.197804641
"DE_2023","gradient_gini_abs_nwx",213631.605276195,14150.9816370985,185895.681267482,241367.529284908
"DE_2023","gradient_gini_abs_ratio",1.1049895879569,0.0230226049002818,1.05986528235235,1.15011389356145
"DE_2023","gradient_gini_abs_ok",1,0,1,1
"DE_2023","gradient_gini_abs_keptmin",1,0,1,1
"DE_2023","gradient_gini_abs_naltmax",0,0,0,0
"DE_2023","gradient_variance_nw",459866015549.163,105204433193.49,253665326489.924,666066704608.403
"DE_2023","gradient_variance_nwx",408868537570.791,90585856990.1367,231320257870.123,586416817271.459
"DE_2023","gradient_variance_ratio",1.12491966275197,0.0775657306876186,0.972890830604238,1.2769484948997
"DE_2023","gradient_variance_ok",1,0,1,1
"DE_2023","gradient_variance_keptmin",1,0,1,1
"DE_2023","gradient_variance_naltmax",0,0,0,0
"DE_2023","gradient_kolm0.5_nw",0.134694249410016,0.0056249292575369,0.123669388065244,0.145719110754789
"DE_2023","gradient_kolm0.5_nwx",0.131314142655293,0.0155106721689358,0.100913225204179,0.161715060106407
"DE_2023","gradient_kolm0.5_ratio",1.02588541105449,0.110085711984602,0.810117415564671,1.24165340654431
"DE_2023","gradient_kolm0.5_ok",1,0,1,1
"DE_2023","gradient_kolm0.5_keptmin",1,0,1,1
"DE_2023","gradient_kolm0.5_naltmax",0,0,0,0
"DE_2023","gradient_kolm1_nw",0.209239355252247,0.0210006742299217,0.168078033761601,0.250400676742894
"DE_2023","gradient_kolm1_nwx",0.654991253690937,0.398633300766466,-0.126330015811336,1.43631252319321
"DE_2023","gradient_kolm1_ratio",0.322190238388116,0.5253915082345,-0.707577117751505,1.35195759452774
"DE_2023","gradient_kolm1_ok",1,0,1,1
"DE_2023","gradient_kolm1_keptmin",1,0,1,1
"DE_2023","gradient_kolm1_naltmax",0,0,0,0
"DE_2023","gradient_p75_p25_nw",390300,17368.8285183544,356257.096104025,424342.903895975
"DE_2023","gradient_p75_p25_nwx",333605.335450186,12777.7016178285,308561.040279242,358649.63062113
"DE_2023","gradient_p75_p25_ratio",1.16995203481832,0.0383200750668873,1.09484468768723,1.24505938194942
"DE_2023","gradient_p75_p25_ok",1,0,1,1
"DE_2023","gradient_p75_p25_keptmin",1,0,1,1
"DE_2023","gradient_p75_p25_naltmax",0,0,0,0
"DE_2023","gradient_p90_p10_nw",782814,42077.2635629766,700342.563416566,865285.436583434
"DE_2023","gradient_p90_p10_nwx",674894,31592.6199164583,612972.464963742,736815.535036258
"DE_2023","gradient_p90_p10_ratio",1.15999358193577,0.0469376786266184,1.06799573182759,1.25199143204394
"DE_2023","gradient_p90_p10_ok",1,0,1,1
"DE_2023","gradient_p90_p10_keptmin",1,0,1,1
"DE_2023","gradient_p90_p10_naltmax",0,0,0,0
"DE_2023","gradient_inter1_nw",0.0217289365774826,0.175389382759959,-0.322034253632038,0.365492126787003
"DE_2023","gradient_inter1_nwx",0.00421500091949505,0.0148925739608105,-0.0249744440436934,0.0334044458826835
"DE_2023","gradient_inter1_ratio",5.15646213331032,29.7379018310207,-53.1298254554902,63.4427497221108
"DE_2023","gradient_inter1_ok",1,0,1,1
"DE_2023","gradient_inter1_keptmin",1,0,1,1
"DE_2023","gradient_inter1_naltmax",0,0,0,0
"DE_2023","gradient_inter2_nw",0.0288692544129514,0.366022320912505,-0.688534494575558,0.746273003401461
"DE_2023","gradient_inter2_nwx",0.00492830618961684,0.0222637056573695,-0.0387085568988274,0.0485651692780611
"DE_2023","gradient_inter2_ratio",5.85900137875739,52.3809905586163,-96.8077401161305,108.525742873645
"DE_2023","gradient_inter2_ok",1,0,1,1
"DE_2023","gradient_inter2_keptmin",1,0,1,1
"DE_2023","gradient_inter2_naltmax",0,0,0,0
"DE_2023","gradient_ge2_nw",1.94017080730194,0.270610277450301,1.40977466349935,2.47056695110453
"DE_2023","gradient_ge2_nwx",2.14458512341991,0.294105654626271,1.56813804035242,2.72103220648741
"DE_2023","gradient_ge2_ratio",0.904843974917482,0.040038414720157,0.826368682065974,0.98331926776899
"DE_2023","gradient_ge2_ok",1,0,1,1
"DE_2023","gradient_ge2_keptmin",0.913193477100228,0.0115875473202026,0.890481884352631,0.935905069847825
"DE_2023","gradient_ge2_naltmax",0.0868065228997724,0.0115875473202026,0.0640949301521753,0.109518115647369
"DE_2023","gradient_ge_theil_nw",0.953076451253532,0.06806075783742,0.819677365892189,1.08647553661488
"DE_2023","gradient_ge_theil_nwx",0.978789472751712,0.0676819094488289,0.846132930232008,1.11144601527142
"DE_2023","gradient_ge_theil_ratio",0.97375462219595,0.0203423483509981,0.933883619427994,1.01362562496391
"DE_2023","gradient_ge_theil_ok",1,0,1,1
"DE_2023","gradient_ge_theil_keptmin",0.913193477100228,0.0115875473202026,0.890481884352631,0.935905069847825
"DE_2023","gradient_ge_theil_naltmax",0.0868065228997724,0.0115875473202026,0.0640949301521753,0.109518115647369
"DE_2023","gradient_ge_mld_nw",1.49047726698876,0.0714072427013594,1.3505190712941,1.63043546268342
"DE_2023","gradient_ge_mld_nwx",1.4632250443947,0.0662917025047626,1.33329330748537,1.59315678130404
"DE_2023","gradient_ge_mld_ratio",1.0186334551978,0.0138914797016693,0.991406154982533,1.04586075541308
"DE_2023","gradient_ge_mld_ok",1,0,1,1
"DE_2023","gradient_ge_mld_keptmin",0.913193477100228,0.0115875473202026,0.890481884352631,0.935905069847825
"DE_2023","gradient_ge_mld_naltmax",0.0868065228997724,0.0115875473202026,0.0640949301521753,0.109518115647369
"DE_2023","gradient_atkinson05_nw",0.43198781385549,0.0186638114420694,0.395406743429034,0.468568884281946
"DE_2023","gradient_atkinson05_nwx",0.434087310100523,0.0181395359754582,0.398533819588625,0.469640800612421
"DE_2023","gradient_atkinson05_ratio",0.99517122726267,0.0119378176248892,0.971773104717887,1.01856934980745
"DE_2023","gradient_atkinson05_ok",1,0,1,1
"DE_2023","gradient_atkinson05_keptmin",0.913193477100228,0.0115875473202026,0.890481884352631,0.935905069847825
"DE_2023","gradient_atkinson05_naltmax",0.0868065228997724,0.0115875473202026,0.0640949301521753,0.109518115647369
"DE_2023","gradient_atkinson1_nw",0.77472430400646,0.0153366068190601,0.744664554641102,0.804784053371818
"DE_2023","gradient_atkinson1_nwx",0.7684974122239,0.014711658368997,0.739662561820666,0.797332262627134
"DE_2023","gradient_atkinson1_ratio",1.00810450119862,0.00580486481239934,0.99672696616632,1.01948203623093
"DE_2023","gradient_atkinson1_ok",1,0,1,1
"DE_2023","gradient_atkinson1_keptmin",0.913193477100228,0.0115875473202026,0.890481884352631,0.935905069847825
"DE_2023","gradient_atkinson1_naltmax",0.0868065228997724,0.0115875473202026,0.0640949301521753,0.109518115647369
"DE_2023","gradient_atkinson2_nw",0.994411909416684,0.00241128078121235,0.989685799085508,0.999138019747861
"DE_2023","gradient_atkinson2_nwx",0.993628688559364,0.00292962030888449,0.98788663275395,0.999370744364777
"DE_2023","gradient_atkinson2_ratio",1.00078860044508,0.00060094552812488,0.999610747209959,1.00196645368021
"DE_2023","gradient_atkinson2_ok",1,0,1,1
"DE_2023","gradient_atkinson2_keptmin",0.913193477100228,0.0115875473202026,0.890481884352631,0.935905069847825
"DE_2023","gradient_atkinson2_naltmax",0.0868065228997724,0.0115875473202026,0.0640949301521753,0.109518115647369
"DE_2023","gradient_ge2_bach1_nw",2.10606323832941,0.30633977073387,1.50563728769103,2.7064891889678
"DE_2023","gradient_ge2_bach1_nwx",2.39584425944621,0.335861172406423,1.73755636152962,3.0541321573628
"DE_2023","gradient_ge2_bach1_ratio",0.879158162536289,0.0382306537617376,0.804226081163283,0.954090243909295
"DE_2023","gradient_ge2_bach1_ok",1,0,1,1
"DE_2023","gradient_ge2_bach1_keptmin",1,0,1,1
"DE_2023","gradient_ge2_bach1_naltmax",0.0868065228997724,0.0115875473202026,0.0640949301521753,0.109518115647369
"DE_2023","gradient_ge_theil_bach1_nw",1.01886595749958,0.0748378454099824,0.872183780496019,1.16554813450315
"DE_2023","gradient_ge_theil_bach1_nwx",1.06959425734758,0.0731507579015198,0.926218771860606,1.21296974283456
"DE_2023","gradient_ge_theil_bach1_ratio",0.952581083261371,0.0187868378098972,0.915758881153972,0.989403285368769
"DE_2023","gradient_ge_theil_bach1_ok",1,0,1,1
"DE_2023","gradient_ge_theil_bach1_keptmin",1,0,1,1
"DE_2023","gradient_ge_theil_bach1_naltmax",0.0868065228997724,0.0115875473202026,0.0640949301521753,0.109518115647369
"DE_2023","gradient_ge_mld_bach1_nw",2.14281212641446,0.157739334524416,1.8336430307466,2.45198122208231
"DE_2023","gradient_ge_mld_bach1_nwx",2.34456290529743,0.148499010232885,2.05350484524098,2.63562096535389
"DE_2023","gradient_ge_mld_bach1_ratio",0.913968123287114,0.0192355891937036,0.876266368467455,0.951669878106773
"DE_2023","gradient_ge_mld_bach1_ok",1,0,1,1
"DE_2023","gradient_ge_mld_bach1_keptmin",1,0,1,1
"DE_2023","gradient_ge_mld_bach1_naltmax",0.0868065228997724,0.0115875473202026,0.0640949301521753,0.109518115647369
"DE_2023","gradient_atkinson05_bach1_nw",0.46799603466567,0.0212199106344699,0.426405009822109,0.509587059509232
"DE_2023","gradient_atkinson05_bach1_nwx",0.482984514631038,0.0197109333556126,0.444351085254038,0.521617944008039
"DE_2023","gradient_atkinson05_bach1_ratio",0.968967993867354,0.0108161184760455,0.947768401654305,0.990167586080403
"DE_2023","gradient_atkinson05_bach1_ok",1,0,1,1
"DE_2023","gradient_atkinson05_bach1_keptmin",1,0,1,1
"DE_2023","gradient_atkinson05_bach1_naltmax",0.0868065228997724,0.0115875473202026,0.0640949301521753,0.109518115647369
"DE_2023","gradient_atkinson1_bach1_nw",0.882674484216354,0.0167517376329944,0.849841078455685,0.915507889977023
"DE_2023","gradient_atkinson1_bach1_nwx",0.904104766715042,0.0128902791237471,0.878839819632498,0.929369713797587
"DE_2023","gradient_atkinson1_bach1_ratio",0.97629787520564,0.00639422262246941,0.9637651988656,0.98883055154568
"DE_2023","gradient_atkinson1_bach1_ok",1,0,1,1
"DE_2023","gradient_atkinson1_bach1_keptmin",1,0,1,1
"DE_2023","gradient_atkinson1_bach1_naltmax",0.0868065228997724,0.0115875473202026,0.0640949301521753,0.109518115647369
"DE_2023","gradient_atkinson2_bach1_nw",0.99995257493313,7.24482480979623e-06,0.999938375076502,0.999966774789757
"DE_2023","gradient_atkinson2_bach1_nwx",0.99996023448722,4.93415363610252e-06,0.999950563546093,0.999969905428347
"DE_2023","gradient_atkinson2_bach1_ratio",0.999992340141424,3.1974881742578e-06,0.999986073064603,0.999998607218246
"DE_2023","gradient_atkinson2_bach1_ok",1,0,1,1
"DE_2023","gradient_atkinson2_bach1_keptmin",1,0,1,1
"DE_2023","gradient_atkinson2_bach1_naltmax",0.0868065228997724,0.0115875473202026,0.0640949301521753,0.109518115647369
"DE_2023","gradient_mu_ratio_nw",0.984818740115831,0.00673294546438337,0.97162216700564,0.998015313226022
"DE_2023","gradient_mu_ratio_nwx",0.959120448034767,0.0109336895769036,0.937690416464036,0.980550479605498
"EE_2023","gradient_gini_nw",0.654767209834333,0.0182902376093724,0.618918344119963,0.690616075548703
"EE_2023","gradient_gini_nwx",0.670988497807798,0.0174306083339133,0.636824505473328,0.705152490142268
"EE_2023","gradient_gini_ratio",0.975823458047052,0.00681419963235706,0.962467626767632,0.989179289326472
"EE_2023","gradient_gini_ok",1,0,1,1
"EE_2023","gradient_gini_keptmin",1,0,1,1
"EE_2023","gradient_gini_naltmax",0,0,0,0
"EE_2023","gradient_gini_rsv_nw",0.652988937575896,0.0182867499253935,0.617146907722125,0.688830967429667
"EE_2023","gradient_gini_rsv_nwx",0.663004859713486,0.0174740387562531,0.628755743751229,0.697253975675742
"EE_2023","gradient_gini_rsv_ratio",0.984893959667919,0.00497699956699008,0.975139040516619,0.99464887881922
"EE_2023","gradient_gini_rsv_ok",1,0,1,1
"EE_2023","gradient_gini_rsv_keptmin",1,0,1,1
"EE_2023","gradient_gini_rsv_naltmax",0,0,0,0
"EE_2023","gradient_cv_nw",3.12425427703479,0.478203870043371,2.18697469174978,4.06153386231979
"EE_2023","gradient_cv_nwx",3.13024887874665,0.435898794395624,2.27588724173123,3.98461051576207
"EE_2023","gradient_cv_ratio",0.998113453833318,0.0452962540997554,0.909332795797797,1.08689411186884
"EE_2023","gradient_cv_ok",1,0,1,1
"EE_2023","gradient_cv_keptmin",1,0,1,1
"EE_2023","gradient_cv_naltmax",0,0,0,0
"EE_2023","gradient_top10_nw",0.516351013088587,0.0256982591649627,0.46598242512526,0.566719601051913
"EE_2023","gradient_top10_nwx",0.52682497701215,0.025015524983298,0.477794548044885,0.575855405979414
"EE_2023","gradient_top10_ratio",0.980122197893526,0.00799830421394521,0.964445521634193,0.995798874152859
"EE_2023","gradient_top10_ok",1,0,1,1
"EE_2023","gradient_top10_keptmin",1,0,1,1
"EE_2023","gradient_top10_naltmax",0,0,0,0
"EE_2023","gradient_top1_nw",0.221605439224239,0.0331534313377887,0.156624713802173,0.286586164646305
"EE_2023","gradient_top1_nwx",0.228369145605691,0.0317792158459967,0.166081882547538,0.290656408663845
"EE_2023","gradient_top1_ratio",0.970418002287953,0.024179096061114,0.92302697400817,1.01780903056774
"EE_2023","gradient_top1_ok",1,0,1,1
"EE_2023","gradient_top1_keptmin",1,0,1,1
"EE_2023","gradient_top1_naltmax",0,0,0,0
"EE_2023","gradient_sgini4_nw",0.859129300512244,0.00950121119466443,0.840506926570701,0.877751674453786
"EE_2023","gradient_sgini4_nwx",0.884332750958454,0.0104359155496715,0.863878356481098,0.90478714543581
"EE_2023","gradient_sgini4_ratio",0.971500356174556,0.00787200252285234,0.956071231229766,0.986929481119347
"EE_2023","gradient_sgini4_ok",1,0,1,1
"EE_2023","gradient_sgini4_keptmin",1,0,1,1
"EE_2023","gradient_sgini4_naltmax",0,0,0,0
"EE_2023","gradient_gini_abs_nw",137707.683833613,11370.5991774679,115421.309445776,159994.05822145
"EE_2023","gradient_gini_abs_nwx",131729.609797902,10603.0675032815,110947.59749147,152511.622104334
"EE_2023","gradient_gini_abs_ratio",1.04539343360724,0.0121930920637313,1.02149497316232,1.06929189405215
"EE_2023","gradient_gini_abs_ok",1,0,1,1
"EE_2023","gradient_gini_abs_keptmin",1,0,1,1
"EE_2023","gradient_gini_abs_naltmax",0,0,0,0
"EE_2023","gradient_variance_nw",431928758234.025,162003025357.503,114402828533.32,749454687934.73
"EE_2023","gradient_variance_nwx",377868078772.658,130913410337.382,121277794511.39,634458363033.925
"EE_2023","gradient_variance_ratio",1.14335792986241,0.11716754405726,0.913709543510184,1.37300631621464
"EE_2023","gradient_variance_ok",1,0,1,1
"EE_2023","gradient_variance_keptmin",1,0,1,1
"EE_2023","gradient_variance_naltmax",0,0,0,0
"EE_2023","gradient_kolm0.5_nw",0.0729101502113966,0.0130327815519378,0.0473658983695986,0.0984544020531946
"EE_2023","gradient_kolm0.5_nwx",0.0687053994975215,0.0135030796626284,0.0422393633587698,0.0951714356362731
"EE_2023","gradient_kolm0.5_ratio",1.0612262617579,0.0315927968178967,0.999304379994818,1.12314814352097
"EE_2023","gradient_kolm0.5_ok",1,0,1,1
"EE_2023","gradient_kolm0.5_keptmin",1,0,1,1
"EE_2023","gradient_kolm0.5_naltmax",0,0,0,0
"EE_2023","gradient_kolm1_nw",0.0977378432951393,0.0200711570975277,0.058398375383985,0.137077311206294
"EE_2023","gradient_kolm1_nwx",0.0924363045972502,0.0207074617227867,0.0518496796205883,0.133022929573912
"EE_2023","gradient_kolm1_ratio",1.05741181218656,0.0285994161644726,1.00135695650419,1.11346666786892
"EE_2023","gradient_kolm1_ok",1,0,1,1
"EE_2023","gradient_kolm1_keptmin",1,0,1,1
"EE_2023","gradient_kolm1_naltmax",0,0,0,0
"EE_2023","gradient_p75_p25_nw",185373.35,6914.19991934787,171821.518158078,198925.181841922
"EE_2023","gradient_p75_p25_nwx",171619.249100686,8095.57514534077,155751.921815818,187486.576385554
"EE_2023","gradient_p75_p25_ratio",1.08027571023714,0.028611748244727,1.02419668367747,1.1363547367968
"EE_2023","gradient_p75_p25_ok",1,0,1,1
"EE_2023","gradient_p75_p25_keptmin",1,0,1,1
"EE_2023","gradient_p75_p25_naltmax",0,0,0,0
"EE_2023","gradient_p90_p10_nw",399352,16335.6760601377,367334.07492213,431369.92507787
"EE_2023","gradient_p90_p10_nwx",379175.257994122,13940.0173271566,351852.824032895,406497.691955349
"EE_2023","gradient_p90_p10_ratio",1.05321841178911,0.0202439641796196,1.01354024199705,1.09289658158116
"EE_2023","gradient_p90_p10_ok",1,0,1,1
"EE_2023","gradient_p90_p10_keptmin",1,0,1,1
"EE_2023","gradient_p90_p10_naltmax",0,0,0,0
"EE_2023","gradient_inter1_nw",0.557803293916687,0.118706444373353,0.325138662944916,0.790467924888458
"EE_2023","gradient_inter1_nwx",0.15743382744632,0.13932415022118,-0.115641506987193,0.430509161879834
"EE_2023","gradient_inter1_ratio",5.92240113829842,9.38983786328807,-12.4816810737462,24.326483350343
"EE_2023","gradient_inter1_ok",1,0,1,1
"EE_2023","gradient_inter1_keptmin",1,0,1,1
"EE_2023","gradient_inter1_naltmax",0,0,0,0
"EE_2023","gradient_inter2_nw",2.42980601722095,0.923466894009503,0.619810904962319,4.23980112947957
"EE_2023","gradient_inter2_nwx",0.49908435673028,0.563409106481487,-0.605197491973435,1.60336620543399
"EE_2023","gradient_inter2_ratio",10.5202766854922,20.7405446599413,-30.1311908479926,51.1717442189771
"EE_2023","gradient_inter2_ok",1,0,1,1
"EE_2023","gradient_inter2_keptmin",1,0,1,1
"EE_2023","gradient_inter2_naltmax",0,0,0,0
"EE_2023","gradient_ge2_nw",4.70157265762369,1.37639517850511,2.00383810775368,7.39930720749371
"EE_2023","gradient_ge2_nwx",4.59110197628029,1.24672351158628,2.1475238935712,7.03468005898939
"EE_2023","gradient_ge2_ratio",1.02422137504006,0.0926477416528321,0.84263180140051,1.20581094867961
"EE_2023","gradient_ge2_ok",1,0,1,1
"EE_2023","gradient_ge2_keptmin",0.954522304787095,0.00537628390293744,0.943984788337337,0.965059821236852
"EE_2023","gradient_ge2_naltmax",0.0454776952129053,0.00537628390293744,0.0349401787631479,0.0560152116626627
"EE_2023","gradient_ge_theil_nw",0.988058638023483,0.111013808685087,0.770471573000713,1.20564570304625
"EE_2023","gradient_ge_theil_nwx",0.998842702739456,0.104126241850176,0.794755268713111,1.2029301367658
"EE_2023","gradient_ge_theil_ratio",0.9892355616984,0.0219619276206055,0.946190183562013,1.03228093983479
"EE_2023","gradient_ge_theil_ok",1,0,1,1
"EE_2023","gradient_ge_theil_keptmin",0.954522304787095,0.00537628390293744,0.943984788337337,0.965059821236852
"EE_2023","gradient_ge_theil_naltmax",0.0454776952129053,0.00537628390293744,0.0349401787631479,0.0560152116626627
"EE_2023","gradient_ge_mld_nw",1.03279131297506,0.0583469604950116,0.918431270404834,1.14715135554528
"EE_2023","gradient_ge_mld_nwx",1.03664649952047,0.0577934310740084,0.923371374615411,1.14992162442552
"EE_2023","gradient_ge_mld_ratio",0.996295295273282,0.010579528892281,0.975559418644411,1.01703117190215
"EE_2023","gradient_ge_mld_ok",1,0,1,1
"EE_2023","gradient_ge_mld_keptmin",0.954522304787095,0.00537628390293744,0.943984788337337,0.965059821236852
"EE_2023","gradient_ge_mld_naltmax",0.0454776952129053,0.00537628390293744,0.0349401787631479,0.0560152116626627
"EE_2023","gradient_atkinson05_nw",0.370933440921204,0.0234843051715777,0.324904202784911,0.416962679057496
"EE_2023","gradient_atkinson05_nwx",0.374295392638357,0.0227180499929393,0.329768014652196,0.418822770624518
"EE_2023","gradient_atkinson05_ratio",0.991031978394744,0.010549988305982,0.970354001315019,1.01170995547447
"EE_2023","gradient_atkinson05_ok",1,0,1,1
"EE_2023","gradient_atkinson05_keptmin",0.954522304787095,0.00537628390293744,0.943984788337337,0.965059821236852
"EE_2023","gradient_atkinson05_naltmax",0.0454776952129053,0.00537628390293744,0.0349401787631479,0.0560152116626627
"EE_2023","gradient_atkinson1_nw",0.643975642404763,0.0208756883472213,0.603059293244209,0.684891991565317
"EE_2023","gradient_atkinson1_nwx",0.645340671100009,0.0205988762720878,0.604966873606717,0.685714468593301
"EE_2023","gradient_atkinson1_ratio",0.997889372119887,0.0060590202663829,0.986013692397776,1.009765051842
"EE_2023","gradient_atkinson1_ok",1,0,1,1
"EE_2023","gradient_atkinson1_keptmin",0.954522304787095,0.00537628390293744,0.943984788337337,0.965059821236852
"EE_2023","gradient_atkinson1_naltmax",0.0454776952129053,0.00537628390293744,0.0349401787631479,0.0560152116626627
"EE_2023","gradient_atkinson2_nw",0.994899420024385,0.00346138134355406,0.988115112591019,1.00168372745775
"EE_2023","gradient_atkinson2_nwx",0.994589476261116,0.00390237767652892,0.98694081601512,1.00223813650711
"EE_2023","gradient_atkinson2_ratio",1.00031163012963,0.000579227301787507,0.999176344618122,1.00144691564113
"EE_2023","gradient_atkinson2_ok",1,0,1,1
"EE_2023","gradient_atkinson2_keptmin",0.954522304787095,0.00537628390293744,0.943984788337337,0.965059821236852
"EE_2023","gradient_atkinson2_naltmax",0.0454776952129053,0.00537628390293744,0.0349401787631479,0.0560152116626627
"EE_2023","gradient_ge2_bach1_nw",4.8665609208445,1.42020200567503,2.08296498972144,7.65015685196756
"EE_2023","gradient_ge2_bach1_nwx",4.83362918750505,1.30636979726239,2.27314438487076,7.39411399013933
"EE_2023","gradient_ge2_bach1_ratio",1.00696302715143,0.0909563607706517,0.828688560040957,1.18523749426191
"EE_2023","gradient_ge2_bach1_ok",1,0,1,1
"EE_2023","gradient_ge2_bach1_keptmin",1,0,1,1
"EE_2023","gradient_ge2_bach1_naltmax",0.0454776952129053,0.00537628390293744,0.0349401787631479,0.0560152116626627
"EE_2023","gradient_ge_theil_bach1_nw",1.01928687629674,0.111123505578046,0.801484805363767,1.23708894722971
"EE_2023","gradient_ge_theil_bach1_nwx",1.04538373827756,0.104181197729338,0.841188590728062,1.24957888582707
"EE_2023","gradient_ge_theil_bach1_ratio",0.975057169762032,0.0216745338115739,0.932575083491347,1.01753925603272
"EE_2023","gradient_ge_theil_bach1_ok",1,0,1,1
"EE_2023","gradient_ge_theil_bach1_keptmin",1,0,1,1
"EE_2023","gradient_ge_theil_bach1_naltmax",0.0454776952129053,0.00537628390293744,0.0349401787631479,0.0560152116626627
"EE_2023","gradient_ge_mld_bach1_nw",1.34766014643481,0.0733667152499583,1.2038613845449,1.49145890832473
"EE_2023","gradient_ge_mld_bach1_nwx",1.49960334977343,0.0773380285340245,1.34802081384674,1.65118588570012
"EE_2023","gradient_ge_mld_bach1_ratio",0.898671190249511,0.0199477420411426,0.859573615848872,0.937768764650151
"EE_2023","gradient_ge_mld_bach1_ok",1,0,1,1
"EE_2023","gradient_ge_mld_bach1_keptmin",1,0,1,1
"EE_2023","gradient_ge_mld_bach1_naltmax",0.0454776952129053,0.00537628390293744,0.0349401787631479,0.0560152116626627
"EE_2023","gradient_atkinson05_bach1_nw",0.39017107639714,0.0229169418358002,0.345253870398972,0.435088282395309
"EE_2023","gradient_atkinson05_bach1_nwx",0.402593818766517,0.021837833857091,0.359791664406619,0.445395973126416
"EE_2023","gradient_atkinson05_bach1_ratio",0.969146896965209,0.0109986035601327,0.947589633987349,0.990704159943069
"EE_2023","gradient_atkinson05_bach1_ok",1,0,1,1
"EE_2023","gradient_atkinson05_bach1_keptmin",1,0,1,1
"EE_2023","gradient_atkinson05_bach1_naltmax",0.0454776952129053,0.00537628390293744,0.0349401787631479,0.0560152116626627
"EE_2023","gradient_atkinson1_bach1_nw",0.740140302754299,0.0191609400481808,0.702584860259865,0.777695745248733
"EE_2023","gradient_atkinson1_bach1_nwx",0.776773316743235,0.0173130845608884,0.742839671003894,0.810706962482577
"EE_2023","gradient_atkinson1_bach1_ratio",0.952837529007177,0.0101838373306288,0.932877207839145,0.97279785017521
"EE_2023","gradient_atkinson1_bach1_ok",1,0,1,1
"EE_2023","gradient_atkinson1_bach1_keptmin",1,0,1,1
"EE_2023","gradient_atkinson1_bach1_naltmax",0.0454776952129053,0.00537628390293744,0.0349401787631479,0.0560152116626627
"EE_2023","gradient_atkinson2_bach1_nw",0.999849793448386,2.44991467736195e-05,0.999801775120709,0.999897811776062
"EE_2023","gradient_atkinson2_bach1_nwx",0.999890697015337,1.43094550650096e-05,0.999862650483409,0.999918743547264
"EE_2023","gradient_atkinson2_bach1_ratio",0.999959091959986,1.44913718373063e-05,0.999930688871185,0.999987495048787
"EE_2023","gradient_atkinson2_bach1_ok",1,0,1,1
"EE_2023","gradient_atkinson2_bach1_keptmin",1,0,1,1
"EE_2023","gradient_atkinson2_bach1_naltmax",0.0454776952129053,0.00537628390293744,0.0349401787631479,0.0560152116626627
"EE_2023","gradient_mu_ratio_nw",0.997283980677722,0.000866434504707208,0.995585769048496,0.998982192306949
"EE_2023","gradient_mu_ratio_nwx",0.988099488525123,0.00326716865787146,0.981695837955695,0.994503139094551
"ES_2023","gradient_gini_nw",0.673579341439977,0.0156414103162364,0.642922177220154,0.704236505659801
"ES_2023","gradient_gini_nwx",0.728291080048891,0.038148677603225,0.65351967194657,0.803062488151212
"ES_2023","gradient_gini_ratio",0.925249833078183,0.0428626255401314,0.841239087019525,1.00926057913684
"ES_2023","gradient_gini_ok",1,0,1,1
"ES_2023","gradient_gini_keptmin",1,0,1,1
"ES_2023","gradient_gini_naltmax",0,0,0,0
"ES_2023","gradient_gini_rsv_nw",0.670622160458325,0.015710031777699,0.639830498174035,0.701413822742615
"ES_2023","gradient_gini_rsv_nwx",0.668712155934202,0.0183909685828168,0.632665857511881,0.704758454356523
"ES_2023","gradient_gini_rsv_ratio",1.00286784073964,0.0110248541495677,0.981259126606487,1.02447655487279
"ES_2023","gradient_gini_rsv_ok",1,0,1,1
"ES_2023","gradient_gini_rsv_keptmin",1,0,1,1
"ES_2023","gradient_gini_rsv_naltmax",0,0,0,0
"ES_2023","gradient_cv_nw",4.92024659712279,0.963689591448787,3.03141499788317,6.80907819636241
"ES_2023","gradient_cv_nwx",6.32301864214254,1.28791587579977,3.798703525575,8.84733375871008
"ES_2023","gradient_cv_ratio",0.7784697124939,0.0427299484075535,0.694719013615096,0.862220411372705
"ES_2023","gradient_cv_ok",1,0,1,1
"ES_2023","gradient_cv_keptmin",1,0,1,1
"ES_2023","gradient_cv_naltmax",0,0,0,0
"ES_2023","gradient_top10_nw",0.527307572950475,0.0227711920464748,0.482676036539384,0.571939109361566
"ES_2023","gradient_top10_nwx",0.527015189632604,0.0286669450905982,0.470827977255031,0.583202402010176
"ES_2023","gradient_top10_ratio",1.00061256465318,0.0240311550506345,0.953511500753935,1.04771362855242
"ES_2023","gradient_top10_ok",1,0,1,1
"ES_2023","gradient_top10_keptmin",1,0,1,1
"ES_2023","gradient_top10_naltmax",0,0,0,0
"ES_2023","gradient_top1_nw",0.207084949064217,0.0335426024041835,0.141341448352017,0.272828449776416
"ES_2023","gradient_top1_nwx",0.214925541325965,0.0418144587082938,0.132969202257709,0.296881880394221
"ES_2023","gradient_top1_ratio",0.963639010497667,0.0582306741150537,0.849506889232161,1.07777113176317
"ES_2023","gradient_top1_ok",1,0,1,1
"ES_2023","gradient_top1_keptmin",1,0,1,1
"ES_2023","gradient_top1_naltmax",0,0,0,0
"ES_2023","gradient_sgini4_nw",0.883109401307315,0.00680686229259896,0.869767951213821,0.896450851400809
"ES_2023","gradient_sgini4_nwx",1.04119380060951,0.082416058449961,0.879658326047582,1.20272927517143
"ES_2023","gradient_sgini4_ratio",0.849105826453442,0.0642936220416507,0.723090327251807,0.975121325655078
"ES_2023","gradient_sgini4_ok",1,0,1,1
"ES_2023","gradient_sgini4_keptmin",1,0,1,1
"ES_2023","gradient_sgini4_naltmax",0,0,0,0
"ES_2023","gradient_gini_abs_nw",216792.619174047,16889.1985956749,183689.789926524,249895.44842157
"ES_2023","gradient_gini_abs_nwx",174667.861249421,15481.47571274,144324.168852451,205011.553646392
"ES_2023","gradient_gini_abs_ratio",1.24127680617645,0.0403064942703124,1.16227607740664,1.32027753494626
"ES_2023","gradient_gini_abs_ok",1,0,1,1
"ES_2023","gradient_gini_abs_keptmin",1,0,1,1
"ES_2023","gradient_gini_abs_naltmax",0,0,0,0
"ES_2023","gradient_variance_nw",2508718495196.81,1277942697218.7,3950808648.15869,5013486181745.45
"ES_2023","gradient_variance_nwx",2300728478200.15,1235100294050.8,-120068098139.423,4721525054539.72
"ES_2023","gradient_variance_ratio",1.09081056295701,0.0964278059446079,0.901812063305581,1.27980906260844
"ES_2023","gradient_variance_ok",1,0,1,1
"ES_2023","gradient_variance_keptmin",1,0,1,1
"ES_2023","gradient_variance_naltmax",0,0,0,0
"ES_2023","gradient_kolm0.5_nw",0.0372867871456562,0.010843688617455,0.0160331574554444,0.0585404168358681
"ES_2023","gradient_kolm0.5_nwx",59.8907669417849,40.1196184918937,-18.7436853023266,138.525219185896
"ES_2023","gradient_kolm0.5_ratio",0.000622722396371468,0.212739458156066,-0.416346615589518,0.417592060382261
"ES_2023","gradient_kolm0.5_ok",1,0,1,1
"ES_2023","gradient_kolm0.5_keptmin",1,0,1,1
"ES_2023","gradient_kolm0.5_naltmax",0,0,0,0
"ES_2023","gradient_kolm1_nw",0.051549387616043,0.0164423905104447,0.0193223022155714,0.0837764730165147
"ES_2023","gradient_kolm1_nwx",72.8789474353101,43.5661829346206,-12.5107711165462,158.268665987166
"ES_2023","gradient_kolm1_ratio",0.000707351972049115,0.0274863361185452,-0.0531658668202994,0.0545805707643977
"ES_2023","gradient_kolm1_ok",1,0,1,1
"ES_2023","gradient_kolm1_keptmin",1,0,1,1
"ES_2023","gradient_kolm1_naltmax",0,0,0,0
"ES_2023","gradient_p75_p25_nw",283108.9,8704.47359227253,266048.131759146,300169.668240854
"ES_2023","gradient_p75_p25_nwx",237625.168123115,6842.84480446675,224213.19230636,251037.143939869
"ES_2023","gradient_p75_p25_ratio",1.19144160206981,0.0240318636183183,1.1443391493779,1.23854405476171
"ES_2023","gradient_p75_p25_ok",1,0,1,1
"ES_2023","gradient_p75_p25_keptmin",1,0,1,1
"ES_2023","gradient_p75_p25_naltmax",0,0,0,0
"ES_2023","gradient_p90_p10_nw",677887.6,22703.3181456985,633389.096434431,722386.103565569
"ES_2023","gradient_p90_p10_nwx",503140.930378401,15208.3109104914,473332.640993838,532949.219762964
"ES_2023","gradient_p90_p10_ratio",1.34731797179844,0.0337442083090314,1.28117932351274,1.41345662008414
"ES_2023","gradient_p90_p10_ok",1,0,1,1
"ES_2023","gradient_p90_p10_keptmin",1,0,1,1
"ES_2023","gradient_p90_p10_naltmax",0,0,0,0
"ES_2023","gradient_inter1_nw",0.428719888503693,0.142612962713415,0.149198481585399,0.708241295421987
"ES_2023","gradient_inter1_nwx",4.73374351344302e-05,0.000493091898379856,-0.000919122685690088,0.00101379755595895
"ES_2023","gradient_inter1_ratio",9074.14376411464,6485.2053523521,-3636.85872649548,21785.1462547248
"ES_2023","gradient_inter1_ok",1,0,1,1
"ES_2023","gradient_inter1_keptmin",1,0,1,1
"ES_2023","gradient_inter1_naltmax",0,0,0,0
"ES_2023","gradient_inter2_nw",3.87993981851167,2.25159851796787,-0.533193276705361,8.29307291372869
"ES_2023","gradient_inter2_nwx",5.64753336017738e-05,0.000897173542008332,-0.00170198480873456,0.0018149354759381
"ES_2023","gradient_inter2_ratio",68865.4010395136,43551.3831800647,-16495.3099934131,154226.11207244
"ES_2023","gradient_inter2_ok",1,0,1,1
"ES_2023","gradient_inter2_keptmin",1,0,1,1
"ES_2023","gradient_inter2_naltmax",0,0,0,0
"ES_2023","gradient_ge2_nw",11.3274633661306,4.41953156859751,2.66518149167946,19.9897452405817
"ES_2023","gradient_ge2_nwx",15.694082965989,6.61928366390607,2.72028698473315,28.6678789472449
"ES_2023","gradient_ge2_ratio",0.721901648798361,0.0670151763364509,0.590551903178917,0.853251394417804
"ES_2023","gradient_ge2_ok",1,0,1,1
"ES_2023","gradient_ge2_keptmin",0.914942603785907,0.00526141676384732,0.904630226928766,0.925254980643048
"ES_2023","gradient_ge2_naltmax",0.0850573962140931,0.00526141676384733,0.0747450193569524,0.0953697730712339
"ES_2023","gradient_ge_theil_nw",1.04735657230443,0.14445194385665,0.764230762345399,1.33048238226347
"ES_2023","gradient_ge_theil_nwx",1.02232328345914,0.1879176574276,0.65400467490104,1.39064189201723
"ES_2023","gradient_ge_theil_ratio",1.02450669388772,0.0554551190795093,0.915814660491882,1.13319872728356
"ES_2023","gradient_ge_theil_ok",1,0,1,1
"ES_2023","gradient_ge_theil_keptmin",0.914942603785907,0.00526141676384732,0.904630226928766,0.925254980643048
"ES_2023","gradient_ge_theil_naltmax",0.0850573962140931,0.00526141676384733,0.0747450193569524,0.0953697730712339
"ES_2023","gradient_ge_mld_nw",1.10528095959208,0.0529027425414621,1.00159158421081,1.20897033497335
"ES_2023","gradient_ge_mld_nwx",1.01038450887274,0.0590643374575045,0.89461840745603,1.12615061028945
"ES_2023","gradient_ge_mld_ratio",1.09392378001308,0.021366429661584,1.05204557787637,1.13580198214978
"ES_2023","gradient_ge_mld_ok",1,0,1,1
"ES_2023","gradient_ge_mld_keptmin",0.914942603785907,0.00526141676384732,0.904630226928766,0.925254980643048
"ES_2023","gradient_ge_mld_naltmax",0.0850573962140931,0.00526141676384733,0.0747450193569524,0.0953697730712339
"ES_2023","gradient_atkinson05_nw",0.38273965498881,0.0236023463654269,0.336479056112574,0.429000253865047
"ES_2023","gradient_atkinson05_nwx",0.359752113697283,0.0292200760028224,0.302480764731751,0.417023462662815
"ES_2023","gradient_atkinson05_ratio",1.06390122393233,0.0277056010237843,1.00959824592571,1.11820420193894
"ES_2023","gradient_atkinson05_ok",1,0,1,1
"ES_2023","gradient_atkinson05_keptmin",0.914942603785907,0.00526141676384732,0.904630226928766,0.925254980643048
"ES_2023","gradient_atkinson05_naltmax",0.0850573962140931,0.00526141676384733,0.0747450193569524,0.0953697730712339
"ES_2023","gradient_atkinson1_nw",0.668878553337739,0.0170002212490671,0.635558119689567,0.702198986985911
"ES_2023","gradient_atkinson1_nwx",0.635917175193679,0.0208029561988248,0.595143381043982,0.676690969343375
"ES_2023","gradient_atkinson1_ratio",1.05183401714068,0.012392918163206,1.0275438975408,1.07612413674056
"ES_2023","gradient_atkinson1_ok",1,0,1,1
"ES_2023","gradient_atkinson1_keptmin",0.914942603785907,0.00526141676384732,0.904630226928766,0.925254980643048
"ES_2023","gradient_atkinson1_naltmax",0.0850573962140931,0.00526141676384733,0.0747450193569524,0.0953697730712339
"ES_2023","gradient_atkinson2_nw",0.993737376782946,0.00210100254421851,0.989619411796278,0.997855341769615
"ES_2023","gradient_atkinson2_nwx",0.990570649889738,0.00280320096292445,0.985076376002406,0.99606492377707
"ES_2023","gradient_atkinson2_ratio",1.0031968738747,0.00182106962745325,0.999627577404896,1.00676617034451
"ES_2023","gradient_atkinson2_ok",1,0,1,1
"ES_2023","gradient_atkinson2_keptmin",0.914942603785907,0.00526141676384732,0.904630226928766,0.925254980643048
"ES_2023","gradient_atkinson2_naltmax",0.0850573962140931,0.00526141676384733,0.0747450193569524,0.0953697730712339
"ES_2023","gradient_ge2_bach1_nw",12.0522351324297,4.68696722673487,2.86577936802932,21.23869089683
"ES_2023","gradient_ge2_bach1_nwx",17.199347025512,7.23251073203058,3.02362599073203,31.3750680602919
"ES_2023","gradient_ge2_bach1_ratio",0.700865497138781,0.0645085584220634,0.574428722631537,0.827302271646026
"ES_2023","gradient_ge2_bach1_ok",1,0,1,1
"ES_2023","gradient_ge2_bach1_keptmin",1,0,1,1
"ES_2023","gradient_ge2_bach1_naltmax",0.0850573962140931,0.00526141676384733,0.0747450193569524,0.0953697730712339
"ES_2023","gradient_ge_theil_bach1_nw",1.10683608514134,0.144349608119764,0.823910853226601,1.38976131705608
"ES_2023","gradient_ge_theil_bach1_nwx",1.1112124354065,0.187977312926159,0.742776902071231,1.47964796874177
"ES_2023","gradient_ge_theil_bach1_ratio",0.996076320934224,0.0469266124540654,0.904100160524256,1.08805248134419
"ES_2023","gradient_ge_theil_bach1_ok",1,0,1,1
"ES_2023","gradient_ge_theil_bach1_keptmin",1,0,1,1
"ES_2023","gradient_ge_theil_bach1_naltmax",0.0850573962140931,0.00526141676384733,0.0747450193569524,0.0953697730712339
"ES_2023","gradient_ge_mld_bach1_nw",1.71788043835038,0.0680577413083053,1.5844872653861,1.85127361131466
"ES_2023","gradient_ge_mld_bach1_nwx",1.90049242219471,0.0793125457019987,1.74503983261879,2.05594501177063
"ES_2023","gradient_ge_mld_bach1_ratio",0.903917182464188,0.0167549159548424,0.871077547192697,0.936756817735679
"ES_2023","gradient_ge_mld_bach1_ok",1,0,1,1
"ES_2023","gradient_ge_mld_bach1_keptmin",1,0,1,1
"ES_2023","gradient_ge_mld_bach1_naltmax",0.0850573962140931,0.00526141676384733,0.0747450193569524,0.0953697730712339
"ES_2023","gradient_atkinson05_bach1_nw",0.418230374381405,0.0223008952379485,0.374520619715025,0.461940129047784
"ES_2023","gradient_atkinson05_bach1_nwx",0.413950404134796,0.0269347907729531,0.361158214219808,0.466742594049784
"ES_2023","gradient_atkinson05_bach1_ratio",1.01034060118241,0.0189627550850499,0.973173601215711,1.04750760114911
"ES_2023","gradient_atkinson05_bach1_ok",1,0,1,1
"ES_2023","gradient_atkinson05_bach1_keptmin",1,0,1,1
"ES_2023","gradient_atkinson05_bach1_naltmax",0.0850573962140931,0.00526141676384733,0.0747450193569524,0.0953697730712339
"ES_2023","gradient_atkinson1_bach1_nw",0.820553472555191,0.0120359970940999,0.796962918250755,0.844144026859627
"ES_2023","gradient_atkinson1_bach1_nwx",0.850503829554321,0.0117204759887155,0.827531696616438,0.873475962492203
"ES_2023","gradient_atkinson1_bach1_ratio",0.96478561590372,0.00635065950233147,0.95233832327915,0.97723290852829
"ES_2023","gradient_atkinson1_bach1_ok",1,0,1,1
"ES_2023","gradient_atkinson1_bach1_keptmin",1,0,1,1
"ES_2023","gradient_atkinson1_bach1_naltmax",0.0850573962140931,0.00526141676384733,0.0747450193569524,0.0953697730712339
"ES_2023","gradient_atkinson2_bach1_nw",0.999946717582322,4.72800333936341e-06,0.999937450695777,0.999955984468867
"ES_2023","gradient_atkinson2_bach1_nwx",0.999953267834164,3.8226999721525e-06,0.999945775342219,0.99996076032611
"ES_2023","gradient_atkinson2_bach1_ratio",0.999993449442052,2.60639472849353e-06,0.999988340908384,0.99999855797572
"ES_2023","gradient_atkinson2_bach1_ok",1,0,1,1
"ES_2023","gradient_atkinson2_bach1_keptmin",1,0,1,1
"ES_2023","gradient_atkinson2_bach1_naltmax",0.0850573962140931,0.00526141676384733,0.0747450193569524,0.0953697730712339
"ES_2023","gradient_mu_ratio_nw",0.995609723864518,0.000645442843253058,0.994344655891742,0.996874791837294
"ES_2023","gradient_mu_ratio_nwx",0.918499067056828,0.0352662772706281,0.849377163606397,0.987620970507259
"FR_2023","gradient_gini_nw",0.677710245115626,0.0149974075068772,0.648315326402147,0.707105163829105
"FR_2023","gradient_gini_nwx",0.721263409177191,0.0178979430797654,0.686183440740851,0.756343377613532
"FR_2023","gradient_gini_ratio",0.939615453234692,0.00816250101573429,0.923616951243853,0.955613955225531
"FR_2023","gradient_gini_ok",1,0,1,1
"FR_2023","gradient_gini_keptmin",1,0,1,1
"FR_2023","gradient_gini_naltmax",0,0,0,0
"FR_2023","gradient_gini_rsv_nw",0.676101609627431,0.0149005232993829,0.646896583960641,0.705306635294222
"FR_2023","gradient_gini_rsv_nwx",0.683805432175652,0.0157030957546559,0.653027364496527,0.714583499854778
"FR_2023","gradient_gini_rsv_ratio",0.988733896828356,0.00332699033842215,0.982212995765049,0.995254797891664
"FR_2023","gradient_gini_rsv_ok",1,0,1,1
"FR_2023","gradient_gini_rsv_keptmin",1,0,1,1
"FR_2023","gradient_gini_rsv_naltmax",0,0,0,0
"FR_2023","gradient_cv_nw",2.75862526929077,0.425404389365498,1.9248326661344,3.59241787244715
"FR_2023","gradient_cv_nwx",3.36312975711372,0.57681843655832,2.23256562145941,4.49369389276803
"FR_2023","gradient_cv_ratio",0.820255377734297,0.0229567832699446,0.775260082525206,0.865250672943389
"FR_2023","gradient_cv_ok",1,0,1,1
"FR_2023","gradient_cv_keptmin",1,0,1,1
"FR_2023","gradient_cv_naltmax",0,0,0,0
"FR_2023","gradient_top10_nw",0.506182854430138,0.0150448453193589,0.476694957604194,0.535670751256081
"FR_2023","gradient_top10_nwx",0.516018738218098,0.0175568292627521,0.481607352863104,0.550430123573093
"FR_2023","gradient_top10_ratio",0.980938901905141,0.00785617734657855,0.965540794305847,0.996337009504435
"FR_2023","gradient_top10_ok",1,0,1,1
"FR_2023","gradient_top10_keptmin",1,0,1,1
"FR_2023","gradient_top10_naltmax",0,0,0,0
"FR_2023","gradient_top1_nw",0.164699411197244,0.0102022029446697,0.144703093425692,0.184695728968797
"FR_2023","gradient_top1_nwx",0.181478553198801,0.0136675273032178,0.154690199684494,0.208266906713108
"FR_2023","gradient_top1_ratio",0.907542011406845,0.0187039140244798,0.870882339918865,0.944201682894826
"FR_2023","gradient_top1_ok",1,0,1,1
"FR_2023","gradient_top1_keptmin",1,0,1,1
"FR_2023","gradient_top1_naltmax",0,0,0,0
"FR_2023","gradient_sgini4_nw",0.900761936054985,0.0107301480655723,0.879730845846463,0.921793026263507
"FR_2023","gradient_sgini4_nwx",1.00452524558301,0.0186900891621983,0.967892670825099,1.04115782034092
"FR_2023","gradient_sgini4_ratio",0.896704129653008,0.0128217597005203,0.871573480639988,0.921834778666028
"FR_2023","gradient_sgini4_ok",1,0,1,1
"FR_2023","gradient_sgini4_keptmin",1,0,1,1
"FR_2023","gradient_sgini4_naltmax",0,0,0,0
"FR_2023","gradient_gini_abs_nw",224931.456401079,5639.73409686699,213877.57757122,235985.335230938
"FR_2023","gradient_gini_abs_nwx",186589.572851448,5546.06871145703,175719.278176992,197459.867525904
"FR_2023","gradient_gini_abs_ratio",1.20548781458521,0.011824843508498,1.18231112130855,1.22866450786186
"FR_2023","gradient_gini_abs_ok",1,0,1,1
"FR_2023","gradient_gini_abs_keptmin",1,0,1,1
"FR_2023","gradient_gini_abs_naltmax",0,0,0,0
"FR_2023","gradient_variance_nw",838296607476.318,279535647808.365,290406737771.923,1386186477180.71
"FR_2023","gradient_variance_nwx",756962191013.507,282029099566.687,204185155862.8,1309739226164.21
"FR_2023","gradient_variance_ratio",1.10744845307784,0.059270867931931,0.991277551931253,1.22361935422442
"FR_2023","gradient_variance_ok",1,0,1,1
"FR_2023","gradient_variance_keptmin",1,0,1,1
"FR_2023","gradient_variance_naltmax",0,0,0,0
"FR_2023","gradient_kolm0.5_nw",0.0765903768332084,0.0183352017573021,0.0406533813888963,0.112527372277521
"FR_2023","gradient_kolm0.5_nwx",27.2316283806662,9.34014850200828,8.92493731672993,45.5383194446024
"FR_2023","gradient_kolm0.5_ratio",0.00281255221915359,0.0110445031545166,-0.0188346739636989,0.0244597784020061
"FR_2023","gradient_kolm0.5_ok",1,0,1,1
"FR_2023","gradient_kolm0.5_keptmin",1,0,1,1
"FR_2023","gradient_kolm0.5_naltmax",0,0,0,0
"FR_2023","gradient_kolm1_nw",0.112104630908093,0.026113275752248,0.0609226104336864,0.163286651382499
"FR_2023","gradient_kolm1_nwx",38.6354914894655,9.0965475434724,20.8062583042596,56.4647246746714
"FR_2023","gradient_kolm1_ratio",0.00290159712187586,0.000985410361722014,0.000970192812900717,0.00483300143085101
"FR_2023","gradient_kolm1_ok",1,0,1,1
"FR_2023","gradient_kolm1_keptmin",1,0,1,1
"FR_2023","gradient_kolm1_naltmax",0,0,0,0
"FR_2023","gradient_p75_p25_nw",367535.56,7972.10035298235,351910.243308155,383160.876691845
"FR_2023","gradient_p75_p25_nwx",303450.377708317,5861.34727678423,291962.13704582,314938.618370814
"FR_2023","gradient_p75_p25_ratio",1.21118834247517,0.0134739116382904,1.18477947566412,1.23759720928622
"FR_2023","gradient_p75_p25_ok",1,0,1,1
"FR_2023","gradient_p75_p25_keptmin",1,0,1,1
"FR_2023","gradient_p75_p25_naltmax",0,0,0,0
"FR_2023","gradient_p90_p10_nw",761474,18665.9036090424,724888.828926277,798059.171073723
"FR_2023","gradient_p90_p10_nwx",586413,12426.7728688075,562056.525177137,610769.474822863
"FR_2023","gradient_p90_p10_ratio",1.2985285114757,0.0235864462449114,1.25229907683567,1.34475794611573
"FR_2023","gradient_p90_p10_ok",1,0,1,1
"FR_2023","gradient_p90_p10_keptmin",1,0,1,1
"FR_2023","gradient_p90_p10_naltmax",0,0,0,0
"FR_2023","gradient_inter1_nw",0.239343049659744,0.0260810442424989,0.188224202944447,0.290461896375042
"FR_2023","gradient_inter1_nwx",0.00012926840743884,5.39187153094807e-05,2.35877254322583e-05,0.000234949089445423
"FR_2023","gradient_inter1_ratio",1851.5200612569,409.396987538089,1049.10196568225,2653.93815683156
"FR_2023","gradient_inter1_ok",1,0,1,1
"FR_2023","gradient_inter1_keptmin",1,0,1,1
"FR_2023","gradient_inter1_naltmax",0,0,0,0
"FR_2023","gradient_inter2_nw",0.818740107756077,0.301278437338338,0.228234370572933,1.40924584493922
"FR_2023","gradient_inter2_nwx",0.000163170053788098,9.55930119009689e-05,-2.41922495378008e-05,0.000350532357113997
"FR_2023","gradient_inter2_ratio",5017.71059547077,894.252502115963,3264.97569132348,6770.44549961806
"FR_2023","gradient_inter2_ok",1,0,1,1
"FR_2023","gradient_inter2_keptmin",1,0,1,1
"FR_2023","gradient_inter2_naltmax",0,0,0,0
"FR_2023","gradient_ge2_nw",3.71826359689623,1.16230270998748,1.44015028532076,5.9963769084717
"FR_2023","gradient_ge2_nwx",4.62497851089474,1.73674363335478,1.22096098951938,8.0289960322701
"FR_2023","gradient_ge2_ratio",0.803952621214861,0.0578502742270524,0.690566083729838,0.917339158699884
"FR_2023","gradient_ge2_ok",1,0,1,1
"FR_2023","gradient_ge2_keptmin",0.941174969878264,0.0041372187072802,0.933066021211995,0.949283918544533
"FR_2023","gradient_ge2_naltmax",0.058825030121736,0.00413721870728021,0.0507160814554668,0.0669339787880052
"FR_2023","gradient_ge_theil_nw",0.935294682172396,0.0500216047898362,0.837252336784317,1.03333702756048
"FR_2023","gradient_ge_theil_nwx",0.923013513861009,0.0568544683552018,0.811578755884813,1.0344482718372
"FR_2023","gradient_ge_theil_ratio",1.01330551300383,0.0136074875766438,0.986634837353607,1.03997618865405
"FR_2023","gradient_ge_theil_ok",1,0,1,1
"FR_2023","gradient_ge_theil_keptmin",0.941174969878264,0.0041372187072802,0.933066021211995,0.949283918544533
"FR_2023","gradient_ge_theil_naltmax",0.058825030121736,0.00413721870728021,0.0507160814554668,0.0669339787880052
"FR_2023","gradient_ge_mld_nw",1.27708802685668,0.068723162657264,1.14239062804845,1.41178542566492
"FR_2023","gradient_ge_mld_nwx",1.19871098142574,0.067260720630098,1.06687996899075,1.33054199386073
"FR_2023","gradient_ge_mld_ratio",1.06538443932308,0.00853063426875805,1.04866439615632,1.08210448248985
"FR_2023","gradient_ge_mld_ok",1,0,1,1
"FR_2023","gradient_ge_mld_keptmin",0.941174969878264,0.0041372187072802,0.933066021211995,0.949283918544533
"FR_2023","gradient_ge_mld_naltmax",0.058825030121736,0.00413721870728021,0.0507160814554668,0.0669339787880052
"FR_2023","gradient_atkinson05_nw",0.404220683594294,0.0173096039576567,0.370293859837286,0.438147507351301
"FR_2023","gradient_atkinson05_nwx",0.39003862831529,0.0182548984446762,0.354259027363725,0.425818229266855
"FR_2023","gradient_atkinson05_ratio",1.03636064289391,0.00815838041851448,1.02037021727362,1.0523510685142
"FR_2023","gradient_atkinson05_ok",1,0,1,1
"FR_2023","gradient_atkinson05_keptmin",0.941174969878264,0.0041372187072802,0.933066021211995,0.949283918544533
"FR_2023","gradient_atkinson05_naltmax",0.058825030121736,0.00413721870728021,0.0507160814554668,0.0669339787880052
"FR_2023","gradient_atkinson1_nw",0.721151882429161,0.0199322386304484,0.682084694713482,0.760219070144839
"FR_2023","gradient_atkinson1_nwx",0.698417292819167,0.0211033605885837,0.657054706065543,0.739779879572791
"FR_2023","gradient_atkinson1_ratio",1.03255158462389,0.00496764724347423,1.02281499602668,1.0422881732211
"FR_2023","gradient_atkinson1_ok",1,0,1,1
"FR_2023","gradient_atkinson1_keptmin",0.941174969878264,0.0041372187072802,0.933066021211995,0.949283918544533
"FR_2023","gradient_atkinson1_naltmax",0.058825030121736,0.00413721870728021,0.0507160814554668,0.0669339787880052
"FR_2023","gradient_atkinson2_nw",0.994341642904182,0.00630945954497198,0.981975102196037,1.00670818361233
"FR_2023","gradient_atkinson2_nwx",0.993495908563569,0.00736678460678103,0.979057010734278,1.00793480639286
"FR_2023","gradient_atkinson2_ratio",1.00085127108559,0.00117667136034073,0.998544995219323,1.00315754695186
"FR_2023","gradient_atkinson2_ok",1,0,1,1
"FR_2023","gradient_atkinson2_keptmin",0.941174969878264,0.0041372187072802,0.933066021211995,0.949283918544533
"FR_2023","gradient_atkinson2_naltmax",0.058825030121736,0.00413721870728021,0.0507160814554668,0.0669339787880052
"FR_2023","gradient_ge2_bach1_nw",3.79456567236711,1.18291447520346,1.47605330096833,6.11307804376588
"FR_2023","gradient_ge2_bach1_nwx",4.94529593999993,1.84177456682177,1.33541778902926,8.55517409097061
"FR_2023","gradient_ge2_bach1_ratio",0.76730810823167,0.053786615332229,0.661886342180501,0.872729874282839
"FR_2023","gradient_ge2_bach1_ok",1,0,1,1
"FR_2023","gradient_ge2_bach1_keptmin",1,0,1,1
"FR_2023","gradient_ge2_bach1_naltmax",0.058825030121736,0.00413721870728021,0.0507160814554668,0.0669339787880052
"FR_2023","gradient_ge_theil_bach1_nw",0.953220857757755,0.0507452781759265,0.853760112532939,1.05268160298257
"FR_2023","gradient_ge_theil_bach1_nwx",0.983636526685105,0.058493180610024,0.868989892689458,1.09828316068075
"FR_2023","gradient_ge_theil_bach1_ratio",0.969078345402796,0.0112181657673331,0.947090740498824,0.991065950306769
"FR_2023","gradient_ge_theil_bach1_ok",1,0,1,1
"FR_2023","gradient_ge_theil_bach1_keptmin",1,0,1,1
"FR_2023","gradient_ge_theil_bach1_naltmax",0.058825030121736,0.00413721870728021,0.0507160814554668,0.0669339787880052
"FR_2023","gradient_ge_mld_bach1_nw",1.46267786224679,0.0782814135266194,1.30924629173462,1.61610943275897
"FR_2023","gradient_ge_mld_bach1_nwx",1.80588753872309,0.0898939752154095,1.62969534730088,1.98207973014529
"FR_2023","gradient_ge_mld_bach1_ratio",0.809949584834629,0.0155291115579026,0.77951252618114,0.840386643488118
"FR_2023","gradient_ge_mld_bach1_ok",1,0,1,1
"FR_2023","gradient_ge_mld_bach1_keptmin",1,0,1,1
"FR_2023","gradient_ge_mld_bach1_naltmax",0.058825030121736,0.00413721870728021,0.0507160814554668,0.0669339787880052
"FR_2023","gradient_atkinson05_bach1_nw",0.414758904613031,0.0175041828279943,0.380450706270162,0.4490671029559
"FR_2023","gradient_atkinson05_bach1_nwx",0.425746830793488,0.0183874690967531,0.389707391363852,0.461786270223124
"FR_2023","gradient_atkinson05_bach1_ratio",0.97419140816626,0.00637110913316453,0.961704034265258,0.986678782067263
"FR_2023","gradient_atkinson05_bach1_ok",1,0,1,1
"FR_2023","gradient_atkinson05_bach1_keptmin",1,0,1,1
"FR_2023","gradient_atkinson05_bach1_naltmax",0.058825030121736,0.00413721870728021,0.0507160814554668,0.0669339787880052
"FR_2023","gradient_atkinson1_bach1_nw",0.768384790088526,0.0189986616165549,0.731147413320078,0.805622166856973
"FR_2023","gradient_atkinson1_bach1_nwx",0.835671456110857,0.0156606198154495,0.804976641272576,0.866366270949138
"FR_2023","gradient_atkinson1_bach1_ratio",0.919481914177759,0.00910408218639671,0.901637913092421,0.937325915263096
"FR_2023","gradient_atkinson1_bach1_ok",1,0,1,1
"FR_2023","gradient_atkinson1_bach1_keptmin",1,0,1,1
"FR_2023","gradient_atkinson1_bach1_naltmax",0.058825030121736,0.00413721870728021,0.0507160814554668,0.0669339787880052
"FR_2023","gradient_atkinson2_bach1_nw",0.999835376013601,2.11219240774025e-05,0.99979397704241,0.999876774984793
"FR_2023","gradient_atkinson2_bach1_nwx",0.99993659222739,4.39964256833585e-06,0.999927968927956,0.999945215526824
"FR_2023","gradient_atkinson2_bach1_ratio",0.99989877736791,1.88869745380824e-05,0.999861758897815,0.999935795838004
"FR_2023","gradient_atkinson2_bach1_ok",1,0,1,1
"FR_2023","gradient_atkinson2_bach1_keptmin",1,0,1,1
"FR_2023","gradient_atkinson2_bach1_naltmax",0.058825030121736,0.00413721870728021,0.0507160814554668,0.0669339787880052
"FR_2023","gradient_mu_ratio_nw",0.997626366873176,0.000448332946273273,0.99674763429848,0.998505099447871
"FR_2023","gradient_mu_ratio_nwx",0.948066162063773,0.00665522132042631,0.935021928275737,0.961110395851809
"GR_2023","gradient_gini_nw",0.584137606119118,0.0124191029887897,0.559796164261091,0.608479047977146
"GR_2023","gradient_gini_nwx",0.638180982976496,0.0473025186353768,0.545468046451158,0.730893919501835
"GR_2023","gradient_gini_ratio",0.917930606808831,0.0599108139155864,0.800505411534281,1.03535580208338
"GR_2023","gradient_gini_ok",1,0,1,1
"GR_2023","gradient_gini_keptmin",1,0,1,1
"GR_2023","gradient_gini_naltmax",0,0,0,0
"GR_2023","gradient_gini_rsv_nw",0.583504748047186,0.0123961313689104,0.559208330564122,0.607801165530251
"GR_2023","gradient_gini_rsv_nwx",0.613696410180699,0.0264526414903827,0.561849232859549,0.665543587501849
"GR_2023","gradient_gini_rsv_ratio",0.951548516870207,0.0325926589274114,0.887666905372481,1.01543012836793
"GR_2023","gradient_gini_rsv_ok",1,0,1,1
"GR_2023","gradient_gini_rsv_keptmin",1,0,1,1
"GR_2023","gradient_gini_rsv_naltmax",0,0,0,0
"GR_2023","gradient_cv_nw",1.55922319082321,0.136459012941475,1.29176352545792,1.82668285618851
"GR_2023","gradient_cv_nwx",1.8224314902175,0.295484571732298,1.2432817296222,2.40158125081281
"GR_2023","gradient_cv_ratio",0.861541682231352,0.0773534808510601,0.709928859763274,1.01315450469943
"GR_2023","gradient_cv_ok",1,0,1,1
"GR_2023","gradient_cv_keptmin",1,0,1,1
"GR_2023","gradient_cv_naltmax",0,0,0,0
"GR_2023","gradient_top10_nw",0.422141666191569,0.0163913231365127,0.390014672844004,0.454268659539134
"GR_2023","gradient_top10_nwx",0.443885037022929,0.0280596726177881,0.388888078692065,0.498881995353794
"GR_2023","gradient_top10_ratio",0.952065242166759,0.0398442714278275,0.873970470168217,1.0301600141653
"GR_2023","gradient_top10_ok",1,0,1,1
"GR_2023","gradient_top10_keptmin",1,0,1,1
"GR_2023","gradient_top10_naltmax",0,0,0,0
"GR_2023","gradient_top1_nw",0.106293722507934,0.0102226225391855,0.0862573823311308,0.126330062684738
"GR_2023","gradient_top1_nwx",0.12332018248724,0.0162885825225022,0.0913945607431357,0.155245804231344
"GR_2023","gradient_top1_ratio",0.864429600729822,0.0524002316857836,0.761725146625686,0.967134054833958
"GR_2023","gradient_top1_ok",1,0,1,1
"GR_2023","gradient_top1_keptmin",1,0,1,1
"GR_2023","gradient_top1_naltmax",0,0,0,0
"GR_2023","gradient_sgini4_nw",0.826115102074298,0.0085616473307095,0.809334273306108,0.842895930842489
"GR_2023","gradient_sgini4_nwx",0.922840174478952,0.082476492083495,0.761186249995302,1.0844940989626
"GR_2023","gradient_sgini4_ratio",0.899169007774295,0.074525698740038,0.753098638243821,1.04523937730477
"GR_2023","gradient_sgini4_ok",1,0,1,1
"GR_2023","gradient_sgini4_keptmin",1,0,1,1
"GR_2023","gradient_sgini4_naltmax",0,0,0,0
"GR_2023","gradient_gini_abs_nw",99962.6481451971,6551.71233819045,87121.2919623438,112804.00432805
"GR_2023","gradient_gini_abs_nwx",89001.9029344018,5988.43262217052,77264.5749949475,100739.230873856
"GR_2023","gradient_gini_abs_ratio",1.12323432304169,0.0279523809462557,1.06844765638703,1.17802098969635
"GR_2023","gradient_gini_abs_ok",1,0,1,1
"GR_2023","gradient_gini_abs_keptmin",1,0,1,1
"GR_2023","gradient_gini_abs_naltmax",0,0,0,0
"GR_2023","gradient_variance_nw",71292222450.758,13459061798.2174,44912461326.2519,97671983575.2641
"GR_2023","gradient_variance_nwx",64511114024.1197,15309724448.7942,34504054104.4831,94518173943.7564
"GR_2023","gradient_variance_ratio",1.10988968872958,0.0914863662801868,0.930576410820414,1.28920296663875
"GR_2023","gradient_variance_ok",1,0,1,1
"GR_2023","gradient_variance_keptmin",1,0,1,1
"GR_2023","gradient_variance_naltmax",0,0,0,0
"GR_2023","gradient_kolm0.5_nw",0.132680236181874,0.016157690395037,0.101011163007601,0.164349309356147
"GR_2023","gradient_kolm0.5_nwx",1.29300368285512,3.25429534631223,-5.08541519591685,7.67142256162709
"GR_2023","gradient_kolm0.5_ratio",0.695127753896944,0.497450469629005,-0.279875166575905,1.67013067436979
"GR_2023","gradient_kolm0.5_ok",1,0,1,1
"GR_2023","gradient_kolm0.5_keptmin",1,0,1,1
"GR_2023","gradient_kolm0.5_naltmax",0,0,0,0
"GR_2023","gradient_kolm1_nw",0.200691114261589,0.0252361171167052,0.151228324712847,0.250153903810332
"GR_2023","gradient_kolm1_nwx",4.28294522809233,7.68337624119354,-10.776472204647,19.3423626608317
"GR_2023","gradient_kolm1_ratio",0.117534855728223,0.618445181206269,-1.09461769943606,1.32968741089251
"GR_2023","gradient_kolm1_ok",1,0,1,1
"GR_2023","gradient_kolm1_keptmin",1,0,1,1
"GR_2023","gradient_kolm1_naltmax",0,0,0,0
"GR_2023","gradient_p75_p25_nw",171785.8,12824.2634031894,146650.243729749,196921.356270251
"GR_2023","gradient_p75_p25_nwx",158454.223857515,9491.2084982015,139851.45520104,177056.99251399
"GR_2023","gradient_p75_p25_ratio",1.0842220054636,0.0514120174002407,0.983454451359126,1.18498955956807
"GR_2023","gradient_p75_p25_ok",1,0,1,1
"GR_2023","gradient_p75_p25_keptmin",1,0,1,1
"GR_2023","gradient_p75_p25_naltmax",0,0,0,0
"GR_2023","gradient_p90_p10_nw",373208,23789.9004525987,326579.795112906,419836.204887094
"GR_2023","gradient_p90_p10_nwx",312432.476889515,19639.5801040683,273938.899885541,350926.053893489
"GR_2023","gradient_p90_p10_ratio",1.19532438014689,0.0736948644662802,1.05088244579298,1.3397663145008
"GR_2023","gradient_p90_p10_ok",1,0,1,1
"GR_2023","gradient_p90_p10_keptmin",1,0,1,1
"GR_2023","gradient_p90_p10_naltmax",0,0,0,0
"GR_2023","gradient_inter1_nw",0.167011339668494,0.115425467226575,-0.0592225760955917,0.39324525543258
"GR_2023","gradient_inter1_nwx",0.00309614051038484,0.0739021056717638,-0.141751986606272,0.147944267627042
"GR_2023","gradient_inter1_ratio",89.3313271838403,143.192280127851,-191.325541866747,369.988196234428
"GR_2023","gradient_inter1_ok",1,0,1,1
"GR_2023","gradient_inter1_keptmin",1,0,1,1
"GR_2023","gradient_inter1_naltmax",0,0,0,0
"GR_2023","gradient_inter2_nw",0.289503371272642,0.202405067653524,-0.107210561328264,0.686217303873548
"GR_2023","gradient_inter2_nwx",0.00362349949049936,0.122915120939825,-0.237290137551559,0.244537136532557
"GR_2023","gradient_inter2_ratio",146.731489167025,257.267008502992,-357.51184749884,650.97482583289
"GR_2023","gradient_inter2_ok",1,0,1,1
"GR_2023","gradient_inter2_keptmin",1,0,1,1
"GR_2023","gradient_inter2_naltmax",0,0,0,0
"GR_2023","gradient_ge2_nw",1.2000447216836,0.203606243981367,0.800976483480126,1.59911295988708
"GR_2023","gradient_ge2_nwx",1.41521955842419,0.321148623664943,0.785768256040901,2.04467086080748
"GR_2023","gradient_ge2_ratio",0.851346829565199,0.0641912209887789,0.725532036427192,0.977161622703205
"GR_2023","gradient_ge2_ok",1,0,1,1
"GR_2023","gradient_ge2_keptmin",0.955270725426018,0.0271751194929592,0.902007491219818,1.00853395963222
"GR_2023","gradient_ge2_naltmax",0.0447292745739816,0.0271751194929592,-0.00853395963221833,0.0979925087801816
"GR_2023","gradient_ge_theil_nw",0.642206724759889,0.0369497175543843,0.569785278353295,0.714628171166482
"GR_2023","gradient_ge_theil_nwx",0.677133161548153,0.0527741642067722,0.57369579970288,0.780570523393427
"GR_2023","gradient_ge_theil_ratio",0.94891653004259,0.0316994605310014,0.886785587401827,1.01104747268335
"GR_2023","gradient_ge_theil_ok",1,0,1,1
"GR_2023","gradient_ge_theil_keptmin",0.955270725426018,0.0271751194929592,0.902007491219818,1.00853395963222
"GR_2023","gradient_ge_theil_naltmax",0.0447292745739816,0.0271751194929592,-0.00853395963221833,0.0979925087801816
"GR_2023","gradient_ge_mld_nw",0.957773488015867,0.0418582698867019,0.875731279037931,1.0398156969938
"GR_2023","gradient_ge_mld_nwx",0.972646640082578,0.0488436934091427,0.876913001000658,1.0683802791645
"GR_2023","gradient_ge_mld_ratio",0.984921029831836,0.0217948205789346,0.942203181497124,1.02763887816655
"GR_2023","gradient_ge_mld_ok",1,0,1,1
"GR_2023","gradient_ge_mld_keptmin",0.955270725426018,0.0271751194929592,0.902007491219818,1.00853395963222
"GR_2023","gradient_ge_mld_naltmax",0.0447292745739816,0.0271751194929592,-0.00853395963221833,0.0979925087801816
"GR_2023","gradient_atkinson05_nw",0.304609693004952,0.0115623254235923,0.281947535174711,0.327271850835193
"GR_2023","gradient_atkinson05_nwx",0.314176503434402,0.0157091312438822,0.283386606196393,0.344966400672411
"GR_2023","gradient_atkinson05_ratio",0.969798606698327,0.023353513220809,0.924025720785541,1.01557149261111
"GR_2023","gradient_atkinson05_ok",1,0,1,1
"GR_2023","gradient_atkinson05_keptmin",0.955270725426018,0.0271751194929592,0.902007491219818,1.00853395963222
"GR_2023","gradient_atkinson05_naltmax",0.0447292745739816,0.0271751194929592,-0.00853395963221833,0.0979925087801816
"GR_2023","gradient_atkinson1_nw",0.616252174229776,0.0159946204144882,0.584902718217379,0.647601630242173
"GR_2023","gradient_atkinson1_nwx",0.621872543540234,0.0185048986962569,0.585602942095571,0.658142144984898
"GR_2023","gradient_atkinson1_ratio",0.991036371925082,0.0129552488354337,0.965644084207632,1.01642865964253
"GR_2023","gradient_atkinson1_ok",1,0,1,1
"GR_2023","gradient_atkinson1_keptmin",0.955270725426018,0.0271751194929592,0.902007491219818,1.00853395963222
"GR_2023","gradient_atkinson1_naltmax",0.0447292745739816,0.0271751194929592,-0.00853395963221833,0.0979925087801816
"GR_2023","gradient_atkinson2_nw",0.99784337827472,0.00283622015512268,0.992284386770679,1.00340236977876
"GR_2023","gradient_atkinson2_nwx",0.997582871395066,0.00320287430803496,0.991305237751318,1.00386050503881
"GR_2023","gradient_atkinson2_ratio",1.00026113900255,0.00039136066015021,0.999494072108654,1.00102820589644
"GR_2023","gradient_atkinson2_ok",1,0,1,1
"GR_2023","gradient_atkinson2_keptmin",0.955270725426018,0.0271751194929592,0.902007491219818,1.00853395963222
"GR_2023","gradient_atkinson2_naltmax",0.0447292745739816,0.0271751194929592,-0.00853395963221833,0.0979925087801816
"GR_2023","gradient_ge2_bach1_nw",1.21481503403826,0.205569589661579,0.811898638301569,1.61773142977496
"GR_2023","gradient_ge2_bach1_nwx",1.50932965786358,0.374859655437899,0.774604733205301,2.24405458252187
"GR_2023","gradient_ge2_bach1_ratio",0.811962241596908,0.0798805403154627,0.655396382578601,0.968528100615214
"GR_2023","gradient_ge2_bach1_ok",1,0,1,1
"GR_2023","gradient_ge2_bach1_keptmin",1,0,1,1
"GR_2023","gradient_ge2_bach1_naltmax",0.0447292745739816,0.0271751194929592,-0.00853395963221833,0.0979925087801816
"GR_2023","gradient_ge_theil_bach1_nw",0.650857769744565,0.0370555866634837,0.578228819884137,0.723486719604994
"GR_2023","gradient_ge_theil_bach1_nwx",0.723140989140227,0.0705342048257228,0.58489394768181,0.861388030598643
"GR_2023","gradient_ge_theil_bach1_ratio",0.902448939595086,0.0546105410127523,0.795412279210091,1.00948559998008
"GR_2023","gradient_ge_theil_bach1_ok",1,0,1,1
"GR_2023","gradient_ge_theil_bach1_keptmin",1,0,1,1
"GR_2023","gradient_ge_theil_bach1_naltmax",0.0447292745739816,0.0271751194929592,-0.00853395963221833,0.0979925087801816
"GR_2023","gradient_ge_mld_bach1_nw",1.04475511538239,0.0470107290095075,0.952614086523754,1.13689614424102
"GR_2023","gradient_ge_mld_bach1_nwx",1.41531787341375,0.288192296422846,0.85046097242497,1.98017477440252
"GR_2023","gradient_ge_mld_bach1_ratio",0.754972622626595,0.134884394186856,0.490599210020357,1.01934603523283
"GR_2023","gradient_ge_mld_bach1_ok",1,0,1,1
"GR_2023","gradient_ge_mld_bach1_keptmin",1,0,1,1
"GR_2023","gradient_ge_mld_bach1_naltmax",0.0447292745739816,0.0271751194929592,-0.00853395963221833,0.0979925087801816
"GR_2023","gradient_atkinson05_bach1_nw",0.310565609269345,0.0115900491033345,0.287849113026809,0.333282105511881
"GR_2023","gradient_atkinson05_bach1_nwx",0.344535784368942,0.0284253689224117,0.288822061281015,0.400249507456869
"GR_2023","gradient_atkinson05_bach1_ratio",0.904086946603946,0.0595314902226046,0.787405225767641,1.02076866744025
"GR_2023","gradient_atkinson05_bach1_ok",1,0,1,1
"GR_2023","gradient_atkinson05_bach1_keptmin",1,0,1,1
"GR_2023","gradient_atkinson05_bach1_naltmax",0.0447292745739816,0.0271751194929592,-0.00853395963221833,0.0979925087801816
"GR_2023","gradient_atkinson1_bach1_nw",0.648220979730889,0.0165553317690215,0.615772529463607,0.680669429998171
"GR_2023","gradient_atkinson1_bach1_nwx",0.751354768469265,0.0648281340882493,0.624291625656296,0.878417911282234
"GR_2023","gradient_atkinson1_bach1_ratio",0.866441997947672,0.0703625873960265,0.72853132665146,1.00435266924388
"GR_2023","gradient_atkinson1_bach1_ok",1,0,1,1
"GR_2023","gradient_atkinson1_bach1_keptmin",1,0,1,1
"GR_2023","gradient_atkinson1_bach1_naltmax",0.0447292745739816,0.0271751194929592,-0.00853395963221833,0.0979925087801816
"GR_2023","gradient_atkinson2_bach1_nw",0.999481841903464,0.000150300628663249,0.999187252671284,0.999776431135644
"GR_2023","gradient_atkinson2_bach1_nwx",0.999826911653924,7.36112053950867e-05,0.999682633691349,0.999971189616498
"GR_2023","gradient_atkinson2_bach1_ratio",0.999654873719011,0.000153283448290813,0.999354438160361,0.999955309277661
"GR_2023","gradient_atkinson2_bach1_ok",1,0,1,1
"GR_2023","gradient_atkinson2_bach1_keptmin",1,0,1,1
"GR_2023","gradient_atkinson2_bach1_naltmax",0.0447292745739816,0.0271751194929592,-0.00853395963221833,0.0979925087801816
"GR_2023","gradient_mu_ratio_nw",0.998916542875207,0.000549404264914075,0.997839710515975,0.999993375234438
"GR_2023","gradient_mu_ratio_nwx",0.96299512627297,0.0320312704888777,0.900213836114769,1.02577641643117
"HR_2023","gradient_gini_nw",0.539250849793568,0.0144433698347551,0.510941844917448,0.567559854669688
"HR_2023","gradient_gini_nwx",0.552705367766835,0.0153706405964908,0.522578912197713,0.582831823335957
"HR_2023","gradient_gini_ratio",0.975657757914404,0.00883419412391388,0.958342737431533,0.992972778397275
"HR_2023","gradient_gini_ok",1,0,1,1
"HR_2023","gradient_gini_keptmin",1,0,1,1
"HR_2023","gradient_gini_naltmax",0,0,0,0
"HR_2023","gradient_gini_rsv_nw",0.538740130003183,0.0144163384275705,0.510484106685145,0.566996153321221
"HR_2023","gradient_gini_rsv_nwx",0.549546731929267,0.0152003739414386,0.519753999004047,0.579339464854486
"HR_2023","gradient_gini_rsv_ratio",0.980336216906607,0.00847560044591362,0.963724040032617,0.996948393780598
"HR_2023","gradient_gini_rsv_ok",1,0,1,1
"HR_2023","gradient_gini_rsv_keptmin",1,0,1,1
"HR_2023","gradient_gini_rsv_naltmax",0,0,0,0
"HR_2023","gradient_cv_nw",1.35008219529306,0.107730321866037,1.13893076443563,1.5612336261505
"HR_2023","gradient_cv_nwx",1.40907950441511,0.130244176806493,1.15380091787438,1.66435809095583
"HR_2023","gradient_cv_ratio",0.958135810538554,0.0240733095426825,0.910952123834896,1.00531949724221
"HR_2023","gradient_cv_ok",1,0,1,1
"HR_2023","gradient_cv_keptmin",1,0,1,1
"HR_2023","gradient_cv_naltmax",0,0,0,0
"HR_2023","gradient_top10_nw",0.390927296616491,0.0169708636885378,0.357664403786956,0.424190189446025
"HR_2023","gradient_top10_nwx",0.397460846765911,0.0185419517381194,0.361118621359197,0.433803072172625
"HR_2023","gradient_top10_ratio",0.98356277835269,0.0151537848960266,0.953861359956478,1.0132641967489
"HR_2023","gradient_top10_ok",1,0,1,1
"HR_2023","gradient_top10_keptmin",1,0,1,1
"HR_2023","gradient_top10_naltmax",0,0,0,0
"HR_2023","gradient_top1_nw",0.0996977170955114,0.0122771505298511,0.0756345020570033,0.12376093213402
"HR_2023","gradient_top1_nwx",0.103679022574505,0.0142101081590304,0.0758272105828053,0.131530834566204
"HR_2023","gradient_top1_ratio",0.961612105156162,0.0406981121393307,0.881843805363074,1.04138040494925
"HR_2023","gradient_top1_ok",1,0,1,1
"HR_2023","gradient_top1_keptmin",1,0,1,1
"HR_2023","gradient_top1_naltmax",0,0,0,0
"HR_2023","gradient_sgini4_nw",0.769713515652919,0.0116041057502744,0.746969468382381,0.792457562923457
"HR_2023","gradient_sgini4_nwx",0.793501919949811,0.0121819465400031,0.769625304731405,0.817378535168217
"HR_2023","gradient_sgini4_ratio",0.97002102927627,0.00675609559584676,0.95677908190841,0.983262976644129
"HR_2023","gradient_sgini4_ok",1,0,1,1
"HR_2023","gradient_sgini4_keptmin",1,0,1,1
"HR_2023","gradient_sgini4_naltmax",0,0,0,0
"HR_2023","gradient_gini_abs_nw",98878.5480287125,6093.00255071187,86936.2630293172,110820.833028108
"HR_2023","gradient_gini_abs_nwx",90214.2402714552,5851.96462234673,78744.3896116557,101684.090931255
"HR_2023","gradient_gini_abs_ratio",1.09605565890055,0.0213870306262966,1.05413707887301,1.13797423892809
"HR_2023","gradient_gini_abs_ok",1,0,1,1
"HR_2023","gradient_gini_abs_keptmin",1,0,1,1
"HR_2023","gradient_gini_abs_naltmax",0,0,0,0
"HR_2023","gradient_variance_nw",61286409919.3963,13332099977.2714,35155493963.9443,87417325874.8482
"HR_2023","gradient_variance_nwx",52901494769.9228,12994379965.2401,27432510038.0523,78370479501.7933
"HR_2023","gradient_variance_ratio",1.15858066821994,0.0792468668731412,1.00325680914858,1.31390452729129
"HR_2023","gradient_variance_ok",1,0,1,1
"HR_2023","gradient_variance_keptmin",1,0,1,1
"HR_2023","gradient_variance_naltmax",0,0,0,0
"HR_2023","gradient_kolm0.5_nw",0.145572201299117,0.0106971028894226,0.124605879635849,0.166538522962385
"HR_2023","gradient_kolm0.5_nwx",0.126211278224165,0.00956261105423873,0.107468560557858,0.144953995890473
"HR_2023","gradient_kolm0.5_ratio",1.15340990197626,0.0486084976534003,1.05813724657559,1.24868255737692
"HR_2023","gradient_kolm0.5_ok",1,0,1,1
"HR_2023","gradient_kolm0.5_keptmin",1,0,1,1
"HR_2023","gradient_kolm0.5_naltmax",0,0,0,0
"HR_2023","gradient_kolm1_nw",0.220077804699147,0.0194492089211046,0.181957355213782,0.258198254184512
"HR_2023","gradient_kolm1_nwx",0.193206082076234,0.0179653281840535,0.157994038835489,0.228418125316979
"HR_2023","gradient_kolm1_ratio",1.13909309857238,0.0416491032014291,1.05746085629758,1.22072534084718
"HR_2023","gradient_kolm1_ok",1,0,1,1
"HR_2023","gradient_kolm1_keptmin",1,0,1,1
"HR_2023","gradient_kolm1_naltmax",0,0,0,0
"HR_2023","gradient_p75_p25_nw",171607.4,8405.92446848055,155131.788041778,188083.011958222
"HR_2023","gradient_p75_p25_nwx",152961.359474309,9196.3456487469,134936.522002765,170986.196945853
"HR_2023","gradient_p75_p25_ratio",1.12192841353554,0.0412049525981583,1.04116670644315,1.20269012062793
"HR_2023","gradient_p75_p25_ok",1,0,1,1
"HR_2023","gradient_p75_p25_keptmin",1,0,1,1
"HR_2023","gradient_p75_p25_naltmax",0,0,0,0
"HR_2023","gradient_p90_p10_nw",383257.6,19545.7629016138,344947.904712837,421567.295287163
"HR_2023","gradient_p90_p10_nwx",334588.119254398,19814.4619389252,295751.773854104,373424.464654691
"HR_2023","gradient_p90_p10_ratio",1.14573473881899,0.0503343576866702,1.04707939775311,1.24439007988486
"HR_2023","gradient_p90_p10_ok",1,0,1,1
"HR_2023","gradient_p90_p10_keptmin",1,0,1,1
"HR_2023","gradient_p90_p10_naltmax",0,0,0,0
"HR_2023","gradient_inter1_nw",0.330314554603101,0.0673856311120012,0.198238717623578,0.462390391582623
"HR_2023","gradient_inter1_nwx",0.0307542014389364,0.182481839178,-0.326910203349943,0.388418606227815
"HR_2023","gradient_inter1_ratio",10.7427054382065,6.26536346346637,-1.53740695018761,23.0228178266006
"HR_2023","gradient_inter1_ok",1,0,1,1
"HR_2023","gradient_inter1_keptmin",1,0,1,1
"HR_2023","gradient_inter1_naltmax",0,0,0,0
"HR_2023","gradient_inter2_nw",0.550809879398069,0.143143514225257,0.270248591516564,0.831371167279573
"HR_2023","gradient_inter2_nwx",0.0411083499931653,0.323895208348904,-0.593726258370687,0.675942958357018
"HR_2023","gradient_inter2_ratio",13.4027544426342,8.00869144390735,-2.2942807874242,29.0997896726926
"HR_2023","gradient_inter2_ok",1,0,1,1
"HR_2023","gradient_inter2_keptmin",1,0,1,1
"HR_2023","gradient_inter2_naltmax",0,0,0,0
"HR_2023","gradient_ge2_nw",0.89015324600854,0.143633903799267,0.608630794561978,1.1716756974551
"HR_2023","gradient_ge2_nwx",0.938068884279459,0.177052214007373,0.591046544825008,1.28509122373391
"HR_2023","gradient_ge2_ratio",0.948943409226791,0.0505854291623504,0.849795968068585,1.048090850385
"HR_2023","gradient_ge2_ok",1,0,1,1
"HR_2023","gradient_ge2_keptmin",0.969787557303053,0.00482669355026082,0.960327237944542,0.979247876661565
"HR_2023","gradient_ge2_naltmax",0.0302124426969466,0.00482669355026083,0.0207521233384354,0.0396727620554579
"HR_2023","gradient_ge_theil_nw",0.529409472284122,0.0391558934267597,0.452663921167673,0.606155023400571
"HR_2023","gradient_ge_theil_nwx",0.539663537084938,0.0441276727581818,0.453173298478902,0.626153775690974
"HR_2023","gradient_ge_theil_ratio",0.981003643738278,0.0237230629016474,0.934506440451049,1.02750084702551
"HR_2023","gradient_ge_theil_ok",1,0,1,1
"HR_2023","gradient_ge_theil_keptmin",0.969787557303053,0.00482669355026082,0.960327237944542,0.979247876661565
"HR_2023","gradient_ge_theil_naltmax",0.0302124426969466,0.00482669355026083,0.0207521233384354,0.0396727620554579
"HR_2023","gradient_ge_mld_nw",0.686429365933838,0.0411438200856487,0.605787478565966,0.767071253301709
"HR_2023","gradient_ge_mld_nwx",0.700412678529834,0.0429865662781027,0.616159008624753,0.784666348434916
"HR_2023","gradient_ge_mld_ratio",0.980029511974199,0.0168650650300387,0.946973984515323,1.01308503943307
"HR_2023","gradient_ge_mld_ok",1,0,1,1
"HR_2023","gradient_ge_mld_keptmin",0.969787557303053,0.00482669355026082,0.960327237944542,0.979247876661565
"HR_2023","gradient_ge_mld_naltmax",0.0302124426969466,0.00482669355026083,0.0207521233384354,0.0396727620554579
"HR_2023","gradient_atkinson05_nw",0.246086567367481,0.0130882290621185,0.220433638405728,0.271739496329233
"HR_2023","gradient_atkinson05_nwx",0.249941656978677,0.0142182978476271,0.222073793197328,0.277809520760026
"HR_2023","gradient_atkinson05_ratio",0.984576844847429,0.0170081987195136,0.951240775357182,1.01791291433768
"HR_2023","gradient_atkinson05_ok",1,0,1,1
"HR_2023","gradient_atkinson05_keptmin",0.969787557303053,0.00482669355026082,0.960327237944542,0.979247876661565
"HR_2023","gradient_atkinson05_naltmax",0.0302124426969466,0.00482669355026083,0.0207521233384354,0.0396727620554579
"HR_2023","gradient_atkinson1_nw",0.496619142064167,0.0207141885829297,0.456019332441624,0.537218951686709
"HR_2023","gradient_atkinson1_nwx",0.503610576042553,0.0213742181073082,0.461717108552229,0.545504043532877
"HR_2023","gradient_atkinson1_ratio",0.986114162560519,0.0117626020879389,0.963059462468159,1.00916886265288
"HR_2023","gradient_atkinson1_ok",1,0,1,1
"HR_2023","gradient_atkinson1_keptmin",0.969787557303053,0.00482669355026082,0.960327237944542,0.979247876661565
"HR_2023","gradient_atkinson1_naltmax",0.0302124426969466,0.00482669355026083,0.0207521233384354,0.0396727620554579
"HR_2023","gradient_atkinson2_nw",0.997584744595285,0.0129746880930616,0.972154355932884,1.02301513325769
"HR_2023","gradient_atkinson2_nwx",0.997388177933386,0.0134389549624734,0.971047826206938,1.02372852965983
"HR_2023","gradient_atkinson2_ratio",1.00019708143205,0.000612339997686192,0.998996895036586,1.00139726782752
"HR_2023","gradient_atkinson2_ok",1,0,1,1
"HR_2023","gradient_atkinson2_keptmin",0.969787557303053,0.00482669355026082,0.960327237944542,0.979247876661565
"HR_2023","gradient_atkinson2_naltmax",0.0302124426969466,0.00482669355026083,0.0207521233384354,0.0396727620554579
"HR_2023","gradient_ge2_bach1_nw",0.910018687033669,0.146419870044648,0.623035741746158,1.19700163232118
"HR_2023","gradient_ge2_bach1_nwx",0.982869192914742,0.183355453364227,0.623492504320857,1.34224588150863
"HR_2023","gradient_ge2_bach1_ratio",0.925900636720977,0.0477891522301537,0.832233898349876,1.01956737509208
"HR_2023","gradient_ge2_bach1_ok",1,0,1,1
"HR_2023","gradient_ge2_bach1_keptmin",1,0,1,1
"HR_2023","gradient_ge2_bach1_naltmax",0.0302124426969466,0.00482669355026083,0.0207521233384354,0.0396727620554579
"HR_2023","gradient_ge_theil_bach1_nw",0.543597992858318,0.0395995063948904,0.465982960324332,0.621213025392303
"HR_2023","gradient_ge_theil_bach1_nwx",0.570339578017546,0.044587226203497,0.482948614658692,0.6577305413764
"HR_2023","gradient_ge_theil_bach1_ratio",0.953116479843301,0.0215023903580538,0.910971794741516,0.995261164945087
"HR_2023","gradient_ge_theil_bach1_ok",1,0,1,1
"HR_2023","gradient_ge_theil_bach1_keptmin",1,0,1,1
"HR_2023","gradient_ge_theil_bach1_naltmax",0.0302124426969466,0.00482669355026083,0.0207521233384354,0.0396727620554579
"HR_2023","gradient_ge_mld_bach1_nw",0.833522925009235,0.0547697882585584,0.72617414002246,0.940871709996009
"HR_2023","gradient_ge_mld_bach1_nwx",1.01222155482892,0.0648934719068457,0.885030349891503,1.13941275976634
"HR_2023","gradient_ge_mld_bach1_ratio",0.823455635304851,0.0301302539864422,0.764400337491424,0.882510933118278
"HR_2023","gradient_ge_mld_bach1_ok",1,0,1,1
"HR_2023","gradient_ge_mld_bach1_keptmin",1,0,1,1
"HR_2023","gradient_ge_mld_bach1_naltmax",0.0302124426969466,0.00482669355026083,0.0207521233384354,0.0396727620554579
"HR_2023","gradient_atkinson05_bach1_nw",0.256652175027739,0.01329660754062,0.230590824248124,0.282713525807354
"HR_2023","gradient_atkinson05_bach1_nwx",0.272475648451913,0.0142846262744983,0.244477780953896,0.30047351594993
"HR_2023","gradient_atkinson05_bach1_ratio",0.941927792344812,0.0156593288917035,0.911235507717074,0.972620076972551
"HR_2023","gradient_atkinson05_bach1_ok",1,0,1,1
"HR_2023","gradient_atkinson05_bach1_keptmin",1,0,1,1
"HR_2023","gradient_atkinson05_bach1_naltmax",0.0302124426969466,0.00482669355026083,0.0207521233384354,0.0396727620554579
"HR_2023","gradient_atkinson1_bach1_nw",0.565468338394851,0.0237861647734662,0.518847455438857,0.612089221350845
"HR_2023","gradient_atkinson1_bach1_nwx",0.636574624090213,0.0236312713454751,0.590257332253082,0.682891915927344
"HR_2023","gradient_atkinson1_bach1_ratio",0.888294708963948,0.0203007579548152,0.84850522337251,0.928084194555386
"HR_2023","gradient_atkinson1_bach1_ok",1,0,1,1
"HR_2023","gradient_atkinson1_bach1_keptmin",1,0,1,1
"HR_2023","gradient_atkinson1_bach1_naltmax",0.0302124426969466,0.00482669355026083,0.0207521233384354,0.0396727620554579
"HR_2023","gradient_atkinson2_bach1_nw",0.999664395953689,8.84470410006932e-05,0.999491039753327,0.99983775215405
"HR_2023","gradient_atkinson2_bach1_nwx",0.999811421736786,3.19727996792595e-05,0.999748755049415,0.999874088424158
"HR_2023","gradient_atkinson2_bach1_ratio",0.999852946447675,6.89043287528565e-05,0.99971789396332,0.999987998932031
"HR_2023","gradient_atkinson2_bach1_ok",1,0,1,1
"HR_2023","gradient_atkinson2_bach1_keptmin",1,0,1,1
"HR_2023","gradient_atkinson2_bach1_naltmax",0.0302124426969466,0.00482669355026083,0.0207521233384354,0.0396727620554579
"HR_2023","gradient_mu_ratio_nw",0.999052989091292,0.000357603774527042,0.998352085693219,0.999753892489365
"HR_2023","gradient_mu_ratio_nwx",0.994285276423649,0.00170142949569737,0.990950474612082,0.997620078235216
"HU_2023","gradient_gini_nw",0.595984697017222,0.00712077768531086,0.582027972754013,0.609941421280431
"HU_2023","gradient_gini_nwx",0.615776721335998,0.0078560486901032,0.600378865903395,0.6311745767686
"HU_2023","gradient_gini_ratio",0.967858438769941,0.00420223814142497,0.959622052012748,0.976094825527134
"HU_2023","gradient_gini_ok",1,0,1,1
"HU_2023","gradient_gini_keptmin",1,0,1,1
"HU_2023","gradient_gini_naltmax",0,0,0,0
"HU_2023","gradient_gini_rsv_nw",0.592230378166422,0.00702835161227778,0.578454809006357,0.606005947326486
"HU_2023","gradient_gini_rsv_nwx",0.60364999796891,0.00750346957646537,0.588943197599038,0.618356798338782
"HU_2023","gradient_gini_rsv_ratio",0.981082379942309,0.00297219619174202,0.975256875406495,0.986907884478124
"HU_2023","gradient_gini_rsv_ok",1,0,1,1
"HU_2023","gradient_gini_rsv_keptmin",1,0,1,1
"HU_2023","gradient_gini_rsv_naltmax",0,0,0,0
"HU_2023","gradient_cv_nw",1.77851874731252,0.0910103517364385,1.6001384579091,1.95689903671594
"HU_2023","gradient_cv_nwx",1.88962014778781,0.102627861116197,1.68846954000007,2.09077075557556
"HU_2023","gradient_cv_ratio",0.941204391203945,0.00607000987353456,0.929307171851817,0.953101610556073
"HU_2023","gradient_cv_ok",1,0,1,1
"HU_2023","gradient_cv_keptmin",1,0,1,1
"HU_2023","gradient_cv_naltmax",0,0,0,0
"HU_2023","gradient_top10_nw",0.4476411006004,0.00916105994413375,0.429685423109897,0.465596778090902
"HU_2023","gradient_top10_nwx",0.457107869912929,0.00999945179251873,0.437508944399592,0.476706795426266
"HU_2023","gradient_top10_ratio",0.979289867805814,0.00520787876605982,0.969082425424337,0.989497310187291
"HU_2023","gradient_top10_ok",1,0,1,1
"HU_2023","gradient_top10_keptmin",1,0,1,1
"HU_2023","gradient_top10_naltmax",0,0,0,0
"HU_2023","gradient_top1_nw",0.1321050031955,0.00836318576851139,0.115713159089217,0.148496847301782
"HU_2023","gradient_top1_nwx",0.140994954872059,0.00901244814234698,0.123330556513059,0.158659353231059
"HU_2023","gradient_top1_ratio",0.93694846949539,0.0095639505238746,0.918203126468596,0.955693812522184
"HU_2023","gradient_top1_ok",1,0,1,1
"HU_2023","gradient_top1_keptmin",1,0,1,1
"HU_2023","gradient_top1_naltmax",0,0,0,0
"HU_2023","gradient_sgini4_nw",0.824924020761041,0.00556302332861971,0.814020495036947,0.835827546485136
"HU_2023","gradient_sgini4_nwx",0.863218589766475,0.00717728826129737,0.849151104774332,0.877286074758618
"HU_2023","gradient_sgini4_ratio",0.955637455923336,0.00542934247788512,0.944995944666682,0.966278967179991
"HU_2023","gradient_sgini4_ok",1,0,1,1
"HU_2023","gradient_sgini4_keptmin",1,0,1,1
"HU_2023","gradient_sgini4_naltmax",0,0,0,0
"HU_2023","gradient_gini_abs_nw",79831.8793866563,2239.38434872453,75442.6860631562,84221.0727101564
"HU_2023","gradient_gini_abs_nwx",74277.9273079392,2225.7025963936,69915.5502190078,78640.3043968707
"HU_2023","gradient_gini_abs_ratio",1.07477259642567,0.0066432338341756,1.06175185811068,1.08779333474065
"HU_2023","gradient_gini_abs_ok",1,0,1,1
"HU_2023","gradient_gini_abs_keptmin",1,0,1,1
"HU_2023","gradient_gini_abs_naltmax",0,0,0,0
"HU_2023","gradient_variance_nw",56754381059.3634,6904895451.75202,43220785973.9294,70287976144.7973
"HU_2023","gradient_variance_nwx",51954361518.8292,6750047216.92883,38724268973.6487,65184454064.0098
"HU_2023","gradient_variance_ratio",1.09238914202315,0.0165663448367749,1.05991910614307,1.12485917790323
"HU_2023","gradient_variance_ok",1,0,1,1
"HU_2023","gradient_variance_keptmin",1,0,1,1
"HU_2023","gradient_variance_naltmax",0,0,0,0
"HU_2023","gradient_kolm0.5_nw",0.119171812444301,0.00683398470589048,0.105777202420755,0.132566422467846
"HU_2023","gradient_kolm0.5_nwx",0.107367068275622,0.00585823940350009,0.0958849190447622,0.118849217506483
"HU_2023","gradient_kolm0.5_ratio",1.10994752382964,0.0138190142067627,1.08286225598438,1.13703279167489
"HU_2023","gradient_kolm0.5_ok",1,0,1,1
"HU_2023","gradient_kolm0.5_keptmin",1,0,1,1
"HU_2023","gradient_kolm0.5_naltmax",0,0,0,0
"HU_2023","gradient_kolm1_nw",0.174410012309882,0.011162764559314,0.152530993773627,0.196289030846137
"HU_2023","gradient_kolm1_nwx",0.15876926857727,0.0102387088585544,0.138701399214503,0.178837137940036
"HU_2023","gradient_kolm1_ratio",1.09851241138631,0.0149378320465422,1.06923426057508,1.12779056219753
"HU_2023","gradient_kolm1_ok",1,0,1,1
"HU_2023","gradient_kolm1_keptmin",1,0,1,1
"HU_2023","gradient_kolm1_naltmax",0,0,0,0
"HU_2023","gradient_p75_p25_nw",119354.396177547,3039.20942766581,113397.545699322,125311.246655772
"HU_2023","gradient_p75_p25_nwx",111905.914467335,2418.02666528529,107166.582203376,116645.246731294
"HU_2023","gradient_p75_p25_ratio",1.06656716209069,0.0163911020206306,1.03444060213025,1.09869372205112
"HU_2023","gradient_p75_p25_ok",1,0,1,1
"HU_2023","gradient_p75_p25_keptmin",1,0,1,1
"HU_2023","gradient_p75_p25_naltmax",0,0,0,0
"HU_2023","gradient_p90_p10_nw",284564.826809792,7930.29297815305,269021.452572612,300108.201046972
"HU_2023","gradient_p90_p10_nwx",256522.799252539,6704.67976461347,243381.626913897,269663.971591182
"HU_2023","gradient_p90_p10_ratio",1.10931561651352,0.0164829256192388,1.07700908229981,1.14162215072723
"HU_2023","gradient_p90_p10_ok",1,0,1,1
"HU_2023","gradient_p90_p10_keptmin",1,0,1,1
"HU_2023","gradient_p90_p10_naltmax",0,0,0,0
"HU_2023","gradient_inter1_nw",0.097161070013668,0.0527632637638749,-0.00625492696352688,0.200577066990863
"HU_2023","gradient_inter1_nwx",0.0181002142913183,0.0246346687365333,-0.0301837364322868,0.0663841650149235
"HU_2023","gradient_inter1_ratio",5.36795153849007,3.12260320311318,-0.752350739611766,11.4882538165919
"HU_2023","gradient_inter1_ok",1,0,1,1
"HU_2023","gradient_inter1_keptmin",1,0,1,1
"HU_2023","gradient_inter1_naltmax",0,0,0,0
"HU_2023","gradient_inter2_nw",0.173117662938839,0.113780310380278,-0.0498917454065063,0.396127071284184
"HU_2023","gradient_inter2_nwx",0.0263471052491717,0.0451286384337223,-0.0621050260809239,0.114799236579267
"HU_2023","gradient_inter2_ratio",6.5706522125137,4.45566810457294,-2.16245727244927,15.3037616974767
"HU_2023","gradient_inter2_ok",1,0,1,1
"HU_2023","gradient_inter2_keptmin",1,0,1,1
"HU_2023","gradient_inter2_naltmax",0,0,0,0
"HU_2023","gradient_ge2_nw",1.47893215367713,0.151507475801786,1.18197750110563,1.77588680624863
"HU_2023","gradient_ge2_nwx",1.59059348881006,0.17506184729169,1.24747226811834,1.93371470950177
"HU_2023","gradient_ge2_ratio",0.9297991416117,0.0120910316532863,0.906100719571258,0.953497563652141
"HU_2023","gradient_ge2_ok",1,0,1,1
"HU_2023","gradient_ge2_keptmin",0.935125603732368,0.00382635560058071,0.927625946755229,0.942625260709506
"HU_2023","gradient_ge2_naltmax",0.0648743962676325,0.00382635560058071,0.0573747392904943,0.0723740532447707
"HU_2023","gradient_ge_theil_nw",0.656567764914938,0.0256696702579278,0.606255211209399,0.706880318620476
"HU_2023","gradient_ge_theil_nwx",0.666704833167647,0.0283972440305213,0.611046234867826,0.722363431467469
"HU_2023","gradient_ge_theil_ratio",0.984795383415721,0.00725926163258739,0.97056723061585,0.999023536215593
"HU_2023","gradient_ge_theil_ok",1,0,1,1
"HU_2023","gradient_ge_theil_keptmin",0.935125603732368,0.00382635560058071,0.927625946755229,0.942625260709506
"HU_2023","gradient_ge_theil_naltmax",0.0648743962676325,0.00382635560058071,0.0573747392904943,0.0723740532447707
"HU_2023","gradient_ge_mld_nw",0.776164477966389,0.0219029086476725,0.733234777016951,0.819094178915827
"HU_2023","gradient_ge_mld_nwx",0.779298208756736,0.0227237756478669,0.734759608486917,0.823836809026556
"HU_2023","gradient_ge_mld_ratio",0.995979663315879,0.00756103980595813,0.981160025296201,1.01079930133556
"HU_2023","gradient_ge_mld_ok",1,0,1,1
"HU_2023","gradient_ge_mld_keptmin",0.935125603732368,0.00382635560058071,0.927625946755229,0.942625260709506
"HU_2023","gradient_ge_mld_naltmax",0.0648743962676325,0.00382635560058071,0.0573747392904943,0.0723740532447707
"HU_2023","gradient_atkinson05_nw",0.285713622014749,0.00742246710297098,0.271165586492925,0.300261657536572
"HU_2023","gradient_atkinson05_nwx",0.287520217820706,0.00807278149830865,0.271697566084021,0.303342869557391
"HU_2023","gradient_atkinson05_ratio",0.993716816588801,0.0058260800145231,0.982297699760336,1.00513593341727
"HU_2023","gradient_atkinson05_ok",1,0,1,1
"HU_2023","gradient_atkinson05_keptmin",0.935125603732368,0.00382635560058071,0.927625946755229,0.942625260709506
"HU_2023","gradient_atkinson05_naltmax",0.0648743962676325,0.00382635560058071,0.0573747392904943,0.0723740532447707
"HU_2023","gradient_atkinson1_nw",0.539831870858461,0.0100289116021582,0.520175204118231,0.559488537598691
"HU_2023","gradient_atkinson1_nwx",0.541271448128063,0.0103722812524972,0.520941776873169,0.561601119382958
"HU_2023","gradient_atkinson1_ratio",0.997340761253229,0.0049956669204404,0.987549254089166,1.00713226841729
"HU_2023","gradient_atkinson1_ok",1,0,1,1
"HU_2023","gradient_atkinson1_keptmin",0.935125603732368,0.00382635560058071,0.927625946755229,0.942625260709506
"HU_2023","gradient_atkinson1_naltmax",0.0648743962676325,0.00382635560058071,0.0573747392904943,0.0723740532447707
"HU_2023","gradient_atkinson2_nw",0.989451725611648,0.00944180733511616,0.97094578323482,1.00795766798848
"HU_2023","gradient_atkinson2_nwx",0.988716293750437,0.0102614084401901,0.968603933207665,1.00882865429321
"HU_2023","gradient_atkinson2_ratio",1.00074382515993,0.00104976661210885,0.998686282600193,1.00280136771966
"HU_2023","gradient_atkinson2_ok",1,0,1,1
"HU_2023","gradient_atkinson2_keptmin",0.935125603732368,0.00382635560058071,0.927625946755229,0.942625260709506
"HU_2023","gradient_atkinson2_naltmax",0.0648743962676325,0.00382635560058071,0.0573747392904943,0.0723740532447707
"HU_2023","gradient_ge2_bach1_nw",1.56771551136026,0.158191815166872,1.25765955363319,1.87777146908733
"HU_2023","gradient_ge2_bach1_nwx",1.73562596882401,0.187022785917567,1.36906130842558,2.10219062922244
"HU_2023","gradient_ge2_bach1_ratio",0.903256620553307,0.011267033777114,0.881173234350163,0.92534000675645
"HU_2023","gradient_ge2_bach1_ok",1,0,1,1
"HU_2023","gradient_ge2_bach1_keptmin",1,0,1,1
"HU_2023","gradient_ge2_bach1_naltmax",0.0648743962676325,0.00382635560058071,0.0573747392904943,0.0723740532447707
"HU_2023","gradient_ge_theil_bach1_nw",0.700451230407311,0.0257645262619874,0.649952758933815,0.750949701880806
"HU_2023","gradient_ge_theil_bach1_nwx",0.733772209361082,0.0285385126301068,0.677836724606072,0.789707694116091
"HU_2023","gradient_ge_theil_bach1_ratio",0.954589494395047,0.00636427748777222,0.942115510519014,0.967063478271081
"HU_2023","gradient_ge_theil_bach1_ok",1,0,1,1
"HU_2023","gradient_ge_theil_bach1_keptmin",1,0,1,1
"HU_2023","gradient_ge_theil_bach1_naltmax",0.0648743962676325,0.00382635560058071,0.0573747392904943,0.0723740532447707
"HU_2023","gradient_ge_mld_bach1_nw",1.20786994526806,0.0369830519538126,1.13538316343859,1.28035672709753
"HU_2023","gradient_ge_mld_bach1_nwx",1.42572755239852,0.0428504867741585,1.34174059832117,1.50971450647587
"HU_2023","gradient_ge_mld_bach1_ratio",0.84719549386509,0.0131227827962929,0.821474839584356,0.872916148145824
"HU_2023","gradient_ge_mld_bach1_ok",1,0,1,1
"HU_2023","gradient_ge_mld_bach1_keptmin",1,0,1,1
"HU_2023","gradient_ge_mld_bach1_naltmax",0.0648743962676325,0.00382635560058071,0.0573747392904943,0.0723740532447707
"HU_2023","gradient_atkinson05_bach1_nw",0.316190635058134,0.00734883235948995,0.301786923633534,0.330594346482735
"HU_2023","gradient_atkinson05_bach1_nwx",0.333438926044665,0.00791242961619201,0.317930563996928,0.348947288092401
"HU_2023","gradient_atkinson05_bach1_ratio",0.948271520616655,0.00554619475967356,0.937400978887694,0.959142062345615
"HU_2023","gradient_atkinson05_bach1_ok",1,0,1,1
"HU_2023","gradient_atkinson05_bach1_keptmin",1,0,1,1
"HU_2023","gradient_atkinson05_bach1_naltmax",0.0648743962676325,0.00382635560058071,0.0573747392904943,0.0723740532447707
"HU_2023","gradient_atkinson1_bach1_nw",0.70116575309233,0.0109692811825776,0.679665961974478,0.722665544210182
"HU_2023","gradient_atkinson1_bach1_nwx",0.759665467394837,0.0101717017522544,0.739728931960418,0.779602002829256
"HU_2023","gradient_atkinson1_bach1_ratio",0.922992690091436,0.00718649909318478,0.908907151868794,0.937078228314078
"HU_2023","gradient_atkinson1_bach1_ok",1,0,1,1
"HU_2023","gradient_atkinson1_bach1_keptmin",1,0,1,1
"HU_2023","gradient_atkinson1_bach1_naltmax",0.0648743962676325,0.00382635560058071,0.0573747392904943,0.0723740532447707
"HU_2023","gradient_atkinson2_bach1_nw",0.999829240053314,1.26488215758236e-05,0.999804448363025,0.999854031743602
"HU_2023","gradient_atkinson2_bach1_nwx",0.999874705384374,7.35777408596822e-06,0.999860284147165,0.999889126621582
"HU_2023","gradient_atkinson2_bach1_ratio",0.999954528971118,7.78168110351103e-06,0.999939276876155,0.999969781066081
"HU_2023","gradient_atkinson2_bach1_ok",1,0,1,1
"HU_2023","gradient_atkinson2_bach1_keptmin",1,0,1,1
"HU_2023","gradient_atkinson2_bach1_naltmax",0.0648743962676325,0.00382635560058071,0.0573747392904943,0.0723740532447707
"HU_2023","gradient_mu_ratio_nw",0.993700654841243,0.00105045470145876,0.991641763626384,0.995759546056102
"HU_2023","gradient_mu_ratio_nwx",0.980306632103803,0.00242207846597127,0.9755593583105,0.985053905897107
"LT_2023","gradient_gini_nw",0.58164379175969,0.0461830192181396,0.491125074092136,0.672162509427243
"LT_2023","gradient_gini_nwx",0.631516007764694,0.0453732859663777,0.542584367270593,0.720447648258794
"LT_2023","gradient_gini_ratio",0.921013844384357,0.0155776998864766,0.890481552606862,0.951546136161851
"LT_2023","gradient_gini_ok",1,0,1,1
"LT_2023","gradient_gini_keptmin",1,0,1,1
"LT_2023","gradient_gini_naltmax",0,0,0,0
"LT_2023","gradient_gini_rsv_nw",0.580762735690019,0.0462947063241115,0.49002511129476,0.671500360085277
"LT_2023","gradient_gini_rsv_nwx",0.61613209698012,0.0464835047953285,0.525024427581276,0.707239766378964
"LT_2023","gradient_gini_rsv_ratio",0.942585923886761,0.0104523536332323,0.922099310765625,0.963072537007896
"LT_2023","gradient_gini_rsv_ok",1,0,1,1
"LT_2023","gradient_gini_rsv_keptmin",1,0,1,1
"LT_2023","gradient_gini_rsv_naltmax",0,0,0,0
"LT_2023","gradient_cv_nw",3.61281867349581,0.832702091956843,1.9807225732604,5.24491477373123
"LT_2023","gradient_cv_nwx",3.97883397837824,0.944716513325311,2.12718961226063,5.83047834449584
"LT_2023","gradient_cv_ratio",0.908028399543483,0.0262539000983999,0.85657075535062,0.959486043736347
"LT_2023","gradient_cv_ok",1,0,1,1
"LT_2023","gradient_cv_keptmin",1,0,1,1
"LT_2023","gradient_cv_naltmax",0,0,0,0
"LT_2023","gradient_top10_nw",0.47777110470884,0.0574241957425756,0.365219681053392,0.590322528364288
"LT_2023","gradient_top10_nwx",0.50274570189352,0.0612643912205919,0.38266749510116,0.622823908685881
"LT_2023","gradient_top10_ratio",0.950336232334376,0.00932891527305387,0.932051558399191,0.968620906269562
"LT_2023","gradient_top10_ok",1,0,1,1
"LT_2023","gradient_top10_keptmin",1,0,1,1
"LT_2023","gradient_top10_naltmax",0,0,0,0
"LT_2023","gradient_top1_nw",0.247482339007115,0.0692587063962057,0.111735274470552,0.383229403543678
"LT_2023","gradient_top1_nwx",0.264169510335747,0.076337103426751,0.114548787619315,0.413790233052179
"LT_2023","gradient_top1_ratio",0.936996212454666,0.0197942872156849,0.898199409511923,0.975793015397408
"LT_2023","gradient_top1_ok",1,0,1,1
"LT_2023","gradient_top1_keptmin",1,0,1,1
"LT_2023","gradient_top1_naltmax",0,0,0,0
"LT_2023","gradient_sgini4_nw",0.764594837602607,0.0286407636872911,0.708458940775517,0.820730734429698
"LT_2023","gradient_sgini4_nwx",0.849431972916866,0.0234483373597683,0.80347323169172,0.895390714142011
"LT_2023","gradient_sgini4_ratio",0.90011621476776,0.0214859141902482,0.858003822954873,0.942228606580646
"LT_2023","gradient_sgini4_ok",1,0,1,1
"LT_2023","gradient_sgini4_keptmin",1,0,1,1
"LT_2023","gradient_sgini4_naltmax",0,0,0,0
"LT_2023","gradient_gini_abs_nw",73276.5054816541,15960.9571723863,41993.0294237769,104559.981539531
"LT_2023","gradient_gini_abs_nwx",70813.7072230836,16024.8451351121,39405.0107582639,102222.403687903
"LT_2023","gradient_gini_abs_ratio",1.03482899795109,0.013525447808465,1.0083191202465,1.06133887565568
"LT_2023","gradient_gini_abs_ok",1,0,1,1
"LT_2023","gradient_gini_abs_keptmin",1,0,1,1
"LT_2023","gradient_gini_abs_naltmax",0,0,0,0
"LT_2023","gradient_variance_nw",208232772069.272,140549591919.348,-67244428092.6513,483709972231.195
"LT_2023","gradient_variance_nwx",200201762432.967,141060249379.456,-76276326350.7667,476679851216.702
"LT_2023","gradient_variance_ratio",1.04090390760996,0.0855935012822874,0.873140645096676,1.20866717012324
"LT_2023","gradient_variance_ok",1,0,1,1
"LT_2023","gradient_variance_keptmin",1,0,1,1
"LT_2023","gradient_variance_naltmax",0,0,0,0
"LT_2023","gradient_kolm0.5_nw",0.0596884269244798,0.0146694336337139,0.0309363370024006,0.088440516846559
"LT_2023","gradient_kolm0.5_nwx",0.056319787788303,0.0131493764120595,0.0305470100206664,0.0820925655559395
"LT_2023","gradient_kolm0.5_ratio",1.05985343236597,0.0296306856612714,1.00177728846988,1.11792957626207
"LT_2023","gradient_kolm0.5_ok",1,0,1,1
"LT_2023","gradient_kolm0.5_keptmin",1,0,1,1
"LT_2023","gradient_kolm0.5_naltmax",0,0,0,0
"LT_2023","gradient_kolm1_nw",0.0750081709673227,0.0253112607272594,0.0253980999418943,0.124618241992751
"LT_2023","gradient_kolm1_nwx",0.070979700553019,0.0238969893105485,0.024141601504344,0.117817799601694
"LT_2023","gradient_kolm1_ratio",1.05672241896071,0.0232456226091286,1.01116099864682,1.10228383927461
"LT_2023","gradient_kolm1_ok",1,0,1,1
"LT_2023","gradient_kolm1_keptmin",1,0,1,1
"LT_2023","gradient_kolm1_naltmax",0,0,0,0
"LT_2023","gradient_p75_p25_nw",84458,4138.23998653936,76347.0496263828,92568.9503736171
"LT_2023","gradient_p75_p25_nwx",81536.4054195485,4166.94238816548,73369.1983387442,89703.6125003528
"LT_2023","gradient_p75_p25_ratio",1.03584798969454,0.0331833489613603,0.970808625730271,1.1008873536588
"LT_2023","gradient_p75_p25_ok",1,0,1,1
"LT_2023","gradient_p75_p25_keptmin",1,0,1,1
"LT_2023","gradient_p75_p25_naltmax",0,0,0,0
"LT_2023","gradient_p90_p10_nw",186540,9882.02878113852,167171.223588969,205908.776411031
"LT_2023","gradient_p90_p10_nwx",177917.579121541,9000.56608026198,160276.469604227,195558.688638854
"LT_2023","gradient_p90_p10_ratio",1.04847047599005,0.0265790279245538,0.99637558125792,1.10056537072217
"LT_2023","gradient_p90_p10_ok",1,0,1,1
"LT_2023","gradient_p90_p10_keptmin",1,0,1,1
"LT_2023","gradient_p90_p10_naltmax",0,0,0,0
"LT_2023","gradient_inter1_nw",0.473042238246482,0.169421036346322,0.14097700700769,0.805107469485274
"LT_2023","gradient_inter1_nwx",0.21872431085767,0.125211606575675,-0.0266904380306533,0.464139059745993
"LT_2023","gradient_inter1_ratio",2.17006459870141,0.458427750044278,1.27154620861462,3.06858298878819
"LT_2023","gradient_inter1_ok",1,0,1,1
"LT_2023","gradient_inter1_keptmin",1,0,1,1
"LT_2023","gradient_inter1_naltmax",0,0,0,0
"LT_2023","gradient_inter2_nw",2.62698633993568,1.2304600775251,0.215284587986477,5.03868809188488
"LT_2023","gradient_inter2_nwx",0.976112361322945,0.725068195946076,-0.445021302731365,2.39724602537725
"LT_2023","gradient_inter2_ratio",2.70494748959402,0.696539207788611,1.33973064232834,4.07016433685969
"LT_2023","gradient_inter2_ok",1,0,1,1
"LT_2023","gradient_inter2_keptmin",1,0,1,1
"LT_2023","gradient_inter2_naltmax",0,0,0,0
"LT_2023","gradient_ge2_nw",6.47912576006496,2.53163465007447,1.517121845919,11.4411296742109
"LT_2023","gradient_ge2_nwx",7.29955371104298,2.90802188654369,1.59983081341735,12.9992766086686
"LT_2023","gradient_ge2_ratio",0.887752530395213,0.0713998929897613,0.747808740135281,1.02769632065514
"LT_2023","gradient_ge2_ok",1,0,1,1
"LT_2023","gradient_ge2_keptmin",0.948614855761725,0.00751333442634674,0.933888720286085,0.963340991237364
"LT_2023","gradient_ge2_naltmax",0.0513851442382752,0.00751333442634674,0.0366590087626356,0.0661112797139148
"LT_2023","gradient_ge_theil_nw",0.961020739740486,0.250562759700372,0.469917730727756,1.45212374875322
"LT_2023","gradient_ge_theil_nwx",1.01803343728554,0.279180309960817,0.470840029762341,1.56522684480874
"LT_2023","gradient_ge_theil_ratio",0.944158138078617,0.0229816280282255,0.899114147143295,0.989202129013939
"LT_2023","gradient_ge_theil_ok",1,0,1,1
"LT_2023","gradient_ge_theil_keptmin",0.948614855761725,0.00751333442634674,0.933888720286085,0.963340991237364
"LT_2023","gradient_ge_theil_naltmax",0.0513851442382752,0.00751333442634674,0.0366590087626356,0.0661112797139148
"LT_2023","gradient_ge_mld_nw",0.715461486681712,0.10958020077659,0.500684293159595,0.930238680203828
"LT_2023","gradient_ge_mld_nwx",0.754016891014462,0.126132615361191,0.506796964906527,1.0012368171224
"LT_2023","gradient_ge_mld_ratio",0.948917131352297,0.0181947822090514,0.913255358222557,0.984578904482038
"LT_2023","gradient_ge_mld_ok",1,0,1,1
"LT_2023","gradient_ge_mld_keptmin",0.948614855761725,0.00751333442634674,0.933888720286085,0.963340991237364
"LT_2023","gradient_ge_mld_naltmax",0.0513851442382752,0.00751333442634674,0.0366590087626356,0.0661112797139148
"LT_2023","gradient_atkinson05_nw",0.315905983636608,0.0558858361314871,0.206369744818894,0.425442222454323
"LT_2023","gradient_atkinson05_nwx",0.330308967806493,0.0618476551450201,0.209087563722254,0.451530371890732
"LT_2023","gradient_atkinson05_ratio",0.956457835539418,0.0153624286623118,0.926347475361287,0.986568195717549
"LT_2023","gradient_atkinson05_ok",1,0,1,1
"LT_2023","gradient_atkinson05_keptmin",0.948614855761725,0.00751333442634674,0.933888720286085,0.963340991237364
"LT_2023","gradient_atkinson05_naltmax",0.0513851442382752,0.00751333442634674,0.0366590087626356,0.0661112797139148
"LT_2023","gradient_atkinson1_nw",0.510925996355707,0.0535784237377892,0.40591228582964,0.615939706881773
"LT_2023","gradient_atkinson1_nwx",0.529398483713746,0.0590054155762195,0.413747869184356,0.645049098243136
"LT_2023","gradient_atkinson1_ratio",0.965121333246212,0.0111710584492358,0.94322605868571,0.987016607806714
"LT_2023","gradient_atkinson1_ok",1,0,1,1
"LT_2023","gradient_atkinson1_keptmin",0.948614855761725,0.00751333442634674,0.933888720286085,0.963340991237364
"LT_2023","gradient_atkinson1_naltmax",0.0513851442382752,0.00751333442634674,0.0366590087626356,0.0661112797139148
"LT_2023","gradient_atkinson2_nw",0.989502406505697,0.00213328673535415,0.985321164504403,0.993683648506991
"LT_2023","gradient_atkinson2_nwx",0.989450484346537,0.00223067736602253,0.985078356709133,0.993822611983941
"LT_2023","gradient_atkinson2_ratio",1.00005248324733,0.00023733825542798,0.999587300266686,1.00051766622796
"LT_2023","gradient_atkinson2_ok",1,0,1,1
"LT_2023","gradient_atkinson2_keptmin",0.948614855761725,0.00751333442634674,0.933888720286085,0.963340991237364
"LT_2023","gradient_atkinson2_naltmax",0.0513851442382752,0.00751333442634674,0.0366590087626356,0.0661112797139148
"LT_2023","gradient_ge2_bach1_nw",6.5284137131389,2.54758679991837,1.53514358529889,11.5216838409789
"LT_2023","gradient_ge2_bach1_nwx",7.7220497809338,3.05621734253673,1.73186378956181,13.7122357723058
"LT_2023","gradient_ge2_bach1_ratio",0.845546908571826,0.0587157495759225,0.730464039403017,0.960629777740634
"LT_2023","gradient_ge2_bach1_ok",1,0,1,1
"LT_2023","gradient_ge2_bach1_keptmin",1,0,1,1
"LT_2023","gradient_ge2_bach1_naltmax",0.0513851442382752,0.00751333442634674,0.0366590087626356,0.0661112797139148
"LT_2023","gradient_ge_theil_bach1_nw",0.968060454220366,0.250188754332794,0.477690495728089,1.45843041271264
"LT_2023","gradient_ge_theil_bach1_nwx",1.07077994372292,0.276569180518052,0.528704349907535,1.6128555375383
"LT_2023","gradient_ge_theil_bach1_ratio",0.90409621286362,0.0130449407464793,0.87852812900052,0.929664296726719
"LT_2023","gradient_ge_theil_bach1_ok",1,0,1,1
"LT_2023","gradient_ge_theil_bach1_keptmin",1,0,1,1
"LT_2023","gradient_ge_theil_bach1_naltmax",0.0513851442382752,0.00751333442634674,0.0366590087626356,0.0661112797139148
"LT_2023","gradient_ge_mld_bach1_nw",0.785843924787833,0.107590825144918,0.574965907503794,0.996721942071873
"LT_2023","gradient_ge_mld_bach1_nwx",1.26331854447306,0.123015701608729,1.02220776931995,1.50442931962616
"LT_2023","gradient_ge_mld_bach1_ratio",0.62196680746181,0.0508680565768042,0.522265416571273,0.721668198352346
"LT_2023","gradient_ge_mld_bach1_ok",1,0,1,1
"LT_2023","gradient_ge_mld_bach1_keptmin",1,0,1,1
"LT_2023","gradient_ge_mld_bach1_naltmax",0.0513851442382752,0.00751333442634674,0.0366590087626356,0.0661112797139148
"LT_2023","gradient_atkinson05_bach1_nw",0.320673666013811,0.0552540747627357,0.212375679478849,0.428971652548773
"LT_2023","gradient_atkinson05_bach1_nwx",0.364478316273412,0.0570611338466857,0.252638493933908,0.476318138612916
"LT_2023","gradient_atkinson05_bach1_ratio",0.879745285033544,0.0236671464274509,0.83335767803574,0.926132892031348
"LT_2023","gradient_atkinson05_bach1_ok",1,0,1,1
"LT_2023","gradient_atkinson05_bach1_keptmin",1,0,1,1
"LT_2023","gradient_atkinson05_bach1_naltmax",0.0513851442382752,0.00751333442634674,0.0366590087626356,0.0661112797139148
"LT_2023","gradient_atkinson1_bach1_nw",0.544168356078559,0.0491163722716497,0.447900266426126,0.640436445730992
"LT_2023","gradient_atkinson1_bach1_nwx",0.717203787195775,0.0340892866952686,0.650388785273048,0.784018789118501
"LT_2023","gradient_atkinson1_bach1_ratio",0.758681390640975,0.0455138358789993,0.669474272318136,0.847888508963813
"LT_2023","gradient_atkinson1_bach1_ok",1,0,1,1
"LT_2023","gradient_atkinson1_bach1_keptmin",1,0,1,1
"LT_2023","gradient_atkinson1_bach1_naltmax",0.0513851442382752,0.00751333442634674,0.0366590087626356,0.0661112797139148
"LT_2023","gradient_atkinson2_bach1_nw",0.998972677167731,0.000313794237295377,0.998357640462632,0.99958771387283
"LT_2023","gradient_atkinson2_bach1_nwx",0.999830893631069,2.72700975096886e-05,0.99977744423995,0.999884343022188
"LT_2023","gradient_atkinson2_bach1_ratio",0.999141638231563,0.000305407694649441,0.99854303915005,0.999740237313076
"LT_2023","gradient_atkinson2_bach1_ok",1,0,1,1
"LT_2023","gradient_atkinson2_bach1_keptmin",1,0,1,1
"LT_2023","gradient_atkinson2_bach1_naltmax",0.0513851442382752,0.00751333442634674,0.0366590087626356,0.0661112797139148
"LT_2023","gradient_mu_ratio_nw",0.998485674029406,0.000850723834141285,0.996818255314489,1.00015309274432
"LT_2023","gradient_mu_ratio_nwx",0.975633898325975,0.0066587320295747,0.962582783548009,0.988685013103942
"LU_2023","gradient_gini_nw",0.630562437872272,0.0186649569178916,0.593979122313204,0.667145753431339
"LU_2023","gradient_gini_nwx",0.645547523500744,0.0201631829085981,0.606027684999891,0.685067362001596
"LU_2023","gradient_gini_ratio",0.976788976956316,0.0111871638590119,0.954862135792652,0.998715818119979
"LU_2023","gradient_gini_ok",1,0,1,1
"LU_2023","gradient_gini_keptmin",1,0,1,1
"LU_2023","gradient_gini_naltmax",0,0,0,0
"LU_2023","gradient_gini_rsv_nw",0.626504237873765,0.0185636495964134,0.590119484664794,0.662888991082735
"LU_2023","gradient_gini_rsv_nwx",0.630469727956485,0.019702999757062,0.591851848432644,0.669087607480327
"LU_2023","gradient_gini_rsv_ratio",0.993710274372233,0.00866623567360974,0.976724452451957,1.01069609629251
"LU_2023","gradient_gini_rsv_ok",1,0,1,1
"LU_2023","gradient_gini_rsv_keptmin",1,0,1,1
"LU_2023","gradient_gini_rsv_naltmax",0,0,0,0
"LU_2023","gradient_cv_nw",2.0274125694751,0.334531578693134,1.37173067523655,2.68309446371364
"LU_2023","gradient_cv_nwx",2.19184868305175,0.406632997870109,1.39484800722634,2.98884935887716
"LU_2023","gradient_cv_ratio",0.924987051872024,0.0295269515518752,0.867114226830348,0.982859876913699
"LU_2023","gradient_cv_ok",1,0,1,1
"LU_2023","gradient_cv_keptmin",1,0,1,1
"LU_2023","gradient_cv_naltmax",0,0,0,0
"LU_2023","gradient_top10_nw",0.466462370156213,0.0258126100097179,0.415869654537166,0.51705508577526
"LU_2023","gradient_top10_nwx",0.467625766746922,0.0281795826282876,0.412393784795479,0.522857748698366
"LU_2023","gradient_top10_ratio",0.997515400807944,0.0182293781508212,0.961785819632335,1.03324498198355
"LU_2023","gradient_top10_ok",1,0,1,1
"LU_2023","gradient_top10_keptmin",1,0,1,1
"LU_2023","gradient_top10_naltmax",0,0,0,0
"LU_2023","gradient_top1_nw",0.132858319170966,0.0274315563067307,0.0790924688097741,0.186624169532159
"LU_2023","gradient_top1_nwx",0.142630486447902,0.0308272093280711,0.0822091561648828,0.203051816730922
"LU_2023","gradient_top1_ratio",0.931499379243137,0.0387077814543684,0.855632127592575,1.0073666308937
"LU_2023","gradient_top1_ok",1,0,1,1
"LU_2023","gradient_top1_keptmin",1,0,1,1
"LU_2023","gradient_top1_naltmax",0,0,0,0
"LU_2023","gradient_sgini4_nw",0.871978927956351,0.0117794989171079,0.84889111007882,0.895066745833883
"LU_2023","gradient_sgini4_nwx",0.908341103360797,0.0163010346385639,0.876391075469211,0.940291131252382
"LU_2023","gradient_sgini4_ratio",0.959971559168901,0.0130964449066349,0.934302527151896,0.985640591185905
"LU_2023","gradient_sgini4_ok",1,0,1,1
"LU_2023","gradient_sgini4_keptmin",1,0,1,1
"LU_2023","gradient_sgini4_naltmax",0,0,0,0
"LU_2023","gradient_gini_abs_nw",730235.197125758,66473.2698416733,599947.588236078,860522.806015437
"LU_2023","gradient_gini_abs_nwx",646575.243769159,63058.2188981274,522981.134728829,770169.352809488
"LU_2023","gradient_gini_abs_ratio",1.12940504839976,0.0284744789324725,1.07359506969212,1.18521502710741
"LU_2023","gradient_gini_abs_ok",1,0,1,1
"LU_2023","gradient_gini_abs_keptmin",1,0,1,1
"LU_2023","gradient_gini_abs_naltmax",0,0,0,0
"LU_2023","gradient_variance_nw",5512460582324.39,2593801792181.67,428609069648.321,10596312095000.5
"LU_2023","gradient_variance_nwx",4819307682491.2,2560272301715.09,-198826028870.38,9837441393852.78
"LU_2023","gradient_variance_ratio",1.1438349879323,0.0907717718646972,0.965922315077495,1.32174766078711
"LU_2023","gradient_variance_ok",1,0,1,1
"LU_2023","gradient_variance_keptmin",1,0,1,1
"LU_2023","gradient_variance_naltmax",0,0,0,0
"LU_2023","gradient_kolm0.5_nw",0.105284271300122,0.0208830880953933,0.0643534186331511,0.146215123967093
"LU_2023","gradient_kolm0.5_nwx",0.0878603523828537,0.0188452345719996,0.0509236926217345,0.124797012143973
"LU_2023","gradient_kolm0.5_ratio",1.19835350009141,0.074985482542818,1.05138195430748,1.34532504587533
"LU_2023","gradient_kolm0.5_ok",1,0,1,1
"LU_2023","gradient_kolm0.5_keptmin",1,0,1,1
"LU_2023","gradient_kolm0.5_naltmax",0,0,0,0
"LU_2023","gradient_kolm1_nw",0.155374562512711,0.0337044206567191,0.0893138980255417,0.22143522699988
"LU_2023","gradient_kolm1_nwx",0.14012547471048,0.246804986961594,-0.343612299734244,0.623863249155204
"LU_2023","gradient_kolm1_ratio",1.12352080949357,0.244006620942724,0.64526783244583,1.60177378654131
"LU_2023","gradient_kolm1_ok",1,0,1,1
"LU_2023","gradient_kolm1_keptmin",1,0,1,1
"LU_2023","gradient_kolm1_naltmax",0,0,0,0
"LU_2023","gradient_p75_p25_nw",1221760,58619.5927423707,1106865.59822495,1336654.40177505
"LU_2023","gradient_p75_p25_nwx",1096792,51652.1375747456,995553.810353499,1198030.1896465
"LU_2023","gradient_p75_p25_ratio",1.1139520857087,0.0343608680041178,1.04660478442063,1.18129938699677
"LU_2023","gradient_p75_p25_ok",1,0,1,1
"LU_2023","gradient_p75_p25_keptmin",1,0,1,1
"LU_2023","gradient_p75_p25_naltmax",0,0,0,0
"LU_2023","gradient_p90_p10_nw",2468142,192373.515856254,2091089.90892174,2845194.09107826
"LU_2023","gradient_p90_p10_nwx",2125864.28473946,169874.384679956,1792910.49076675,2458818.07871218
"LU_2023","gradient_p90_p10_ratio",1.16119365308305,0.0551159779042207,1.05316633639077,1.26922096977532
"LU_2023","gradient_p90_p10_ok",1,0,1,1
"LU_2023","gradient_p90_p10_keptmin",1,0,1,1
"LU_2023","gradient_p90_p10_naltmax",0,0,0,0
"LU_2023","gradient_inter1_nw",0.197603696205233,0.0526909942644591,0.0943293474468932,0.300878044963573
"LU_2023","gradient_inter1_nwx",0.0228549101051942,0.0428676389624545,-0.0611656622612166,0.106875482471605
"LU_2023","gradient_inter1_ratio",17.4681608520629,23.3838033447394,-28.3640937036263,63.3004154077521
"LU_2023","gradient_inter1_ok",1,0,1,1
"LU_2023","gradient_inter1_keptmin",1,0,1,1
"LU_2023","gradient_inter1_naltmax",0,0,0,0
"LU_2023","gradient_inter2_nw",0.445638753893213,0.208783238299162,0.0364236068268544,0.854853900959571
"LU_2023","gradient_inter2_nwx",0.041080866172805,0.101465478051232,-0.15779147080761,0.23995320315322
"LU_2023","gradient_inter2_ratio",26.2262709634696,38.0778193016295,-48.4062548677241,100.858796794663
"LU_2023","gradient_inter2_ok",1,0,1,1
"LU_2023","gradient_inter2_keptmin",1,0,1,1
"LU_2023","gradient_inter2_naltmax",0,0,0,0
"LU_2023","gradient_ge2_nw",1.94524408005681,0.682910293606892,0.606739904587304,3.28374825552632
"LU_2023","gradient_ge2_nwx",2.16109078406787,0.859860100693603,0.475764986708404,3.84641658142733
"LU_2023","gradient_ge2_ratio",0.900134720333281,0.0635810696395184,0.775515823839825,1.02475361682674
"LU_2023","gradient_ge2_ok",1,0,1,1
"LU_2023","gradient_ge2_keptmin",0.9413186486768,0.00949808226569369,0.92270240743604,0.95993488991756
"LU_2023","gradient_ge2_naltmax",0.0586813513232001,0.00949808226569368,0.0400651100824405,0.0772975925639597
"LU_2023","gradient_ge_theil_nw",0.757635454903739,0.0823614320876466,0.596207048011952,0.919063861795527
"LU_2023","gradient_ge_theil_nwx",0.75379353367801,0.0949193694446056,0.567751569566583,0.939835497789437
"LU_2023","gradient_ge_theil_ratio",1.00509845433178,0.0266464130260494,0.952871484800726,1.05732542386284
"LU_2023","gradient_ge_theil_ok",1,0,1,1
"LU_2023","gradient_ge_theil_keptmin",0.9413186486768,0.00949808226569369,0.92270240743604,0.95993488991756
"LU_2023","gradient_ge_theil_naltmax",0.0586813513232001,0.00949808226569368,0.0400651100824405,0.0772975925639597
"LU_2023","gradient_ge_mld_nw",1.05252215581962,0.0718360752219733,0.911723448384553,1.19332086325469
"LU_2023","gradient_ge_mld_nwx",1.01967596790904,0.0748740768700411,0.872922777243758,1.16642915857432
"LU_2023","gradient_ge_mld_ratio",1.03224222123721,0.0157873141448845,1.00129908551323,1.06318535696118
"LU_2023","gradient_ge_mld_ok",1,0,1,1
"LU_2023","gradient_ge_mld_keptmin",0.9413186486768,0.00949808226569369,0.92270240743604,0.95993488991756
"LU_2023","gradient_ge_mld_naltmax",0.0586813513232001,0.00949808226569368,0.0400651100824405,0.0772975925639597
"LU_2023","gradient_atkinson05_nw",0.339082482637648,0.0208335109407183,0.29824880119384,0.379916164081456
"LU_2023","gradient_atkinson05_nwx",0.332651545213313,0.023100110023478,0.287375329567296,0.37792776085933
"LU_2023","gradient_atkinson05_ratio",1.01934153652919,0.0169084988716335,0.986200878740786,1.05248219431759
"LU_2023","gradient_atkinson05_ok",1,0,1,1
"LU_2023","gradient_atkinson05_keptmin",0.9413186486768,0.00949808226569369,0.92270240743604,0.95993488991756
"LU_2023","gradient_atkinson05_naltmax",0.0586813513232001,0.00949808226569368,0.0400651100824405,0.0772975925639597
"LU_2023","gradient_atkinson1_nw",0.650904090738167,0.0248476666415447,0.602202664120739,0.699605517355594
"LU_2023","gradient_atkinson1_nwx",0.639239955411209,0.0267163671081842,0.586875875879168,0.69160403494325
"LU_2023","gradient_atkinson1_ratio",1.01825796837204,0.00919475801885769,1.00023624265508,1.036279694089
"LU_2023","gradient_atkinson1_ok",1,0,1,1
"LU_2023","gradient_atkinson1_keptmin",0.9413186486768,0.00949808226569369,0.92270240743604,0.95993488991756
"LU_2023","gradient_atkinson1_naltmax",0.0586813513232001,0.00949808226569368,0.0400651100824405,0.0772975925639597
"LU_2023","gradient_atkinson2_nw",0.999714300403361,0.00552424943995605,0.988886771501047,1.01054182930567
"LU_2023","gradient_atkinson2_nwx",0.999687333319741,0.00604832658632653,0.987832613210541,1.01154205342894
"LU_2023","gradient_atkinson2_ratio",1.00002697586338,0.000571793324006701,0.998906260948331,1.00114769077844
"LU_2023","gradient_atkinson2_ok",1,0,1,1
"LU_2023","gradient_atkinson2_keptmin",0.9413186486768,0.00949808226569369,0.92270240743604,0.95993488991756
"LU_2023","gradient_atkinson2_naltmax",0.0586813513232001,0.00949808226569368,0.0400651100824405,0.0772975925639597
"LU_2023","gradient_ge2_bach1_nw",2.03804377994669,0.709290553812013,0.64783429447514,3.42825326541823
"LU_2023","gradient_ge2_bach1_nwx",2.32699727304204,0.914430092708159,0.534714291334053,4.11928025475004
"LU_2023","gradient_ge2_bach1_ratio",0.875849327697457,0.0597620295161592,0.758715749845785,0.992982905549129
"LU_2023","gradient_ge2_bach1_ok",1,0,1,1
"LU_2023","gradient_ge2_bach1_keptmin",1,0,1,1
"LU_2023","gradient_ge2_bach1_naltmax",0.0586813513232001,0.00949808226569368,0.0400651100824405,0.0772975925639597
"LU_2023","gradient_ge_theil_bach1_nw",0.794887319028186,0.0827041209941999,0.632787241879554,0.956987396176818
"LU_2023","gradient_ge_theil_bach1_nwx",0.814271686544327,0.0953047933274568,0.627474291622512,1.00106908146614
"LU_2023","gradient_ge_theil_bach1_ratio",0.976193476147005,0.0230971242437662,0.930923112629224,1.02146383966479
"LU_2023","gradient_ge_theil_bach1_ok",1,0,1,1
"LU_2023","gradient_ge_theil_bach1_keptmin",1,0,1,1
"LU_2023","gradient_ge_theil_bach1_naltmax",0.0586813513232001,0.00949808226569368,0.0400651100824405,0.0772975925639597
"LU_2023","gradient_ge_mld_bach1_nw",1.4887807974923,0.118338798651274,1.2568367521358,1.7207248428488
"LU_2023","gradient_ge_mld_bach1_nwx",1.71445283632608,0.127646648053952,1.46426540614034,1.96464026651183
"LU_2023","gradient_ge_mld_bach1_ratio",0.868330299166243,0.033867666681957,0.801949672469607,0.934710925862879
"LU_2023","gradient_ge_mld_bach1_ok",1,0,1,1
"LU_2023","gradient_ge_mld_bach1_keptmin",1,0,1,1
"LU_2023","gradient_ge_mld_bach1_naltmax",0.0586813513232001,0.00949808226569368,0.0400651100824405,0.0772975925639597
"LU_2023","gradient_atkinson05_bach1_nw",0.363194324930465,0.0206815313003269,0.322658523581824,0.403730126279106
"LU_2023","gradient_atkinson05_bach1_nwx",0.371724326560492,0.0223664205762302,0.327886142231081,0.415562510889904
"LU_2023","gradient_atkinson05_bach1_ratio",0.977047685226128,0.0149174483252286,0.94780948650868,1.00628588394358
"LU_2023","gradient_atkinson05_bach1_ok",1,0,1,1
"LU_2023","gradient_atkinson05_bach1_keptmin",1,0,1,1
"LU_2023","gradient_atkinson05_bach1_naltmax",0.0586813513232001,0.00949808226569368,0.0400651100824405,0.0772975925639597
"LU_2023","gradient_atkinson1_bach1_nw",0.774211580240367,0.0266626315186336,0.721952822463845,0.826470338016888
"LU_2023","gradient_atkinson1_bach1_nwx",0.819855304487242,0.0230588516222527,0.774659955307627,0.865050653666857
"LU_2023","gradient_atkinson1_bach1_ratio",0.944312652761942,0.0160525073098157,0.912849738434704,0.975775567089181
"LU_2023","gradient_atkinson1_bach1_ok",1,0,1,1
"LU_2023","gradient_atkinson1_bach1_keptmin",1,0,1,1
"LU_2023","gradient_atkinson1_bach1_naltmax",0.0586813513232001,0.00949808226569368,0.0400651100824405,0.0772975925639597
"LU_2023","gradient_atkinson2_bach1_nw",0.999978076651847,5.34931260488727e-06,0.999967591999141,0.999988561304552
"LU_2023","gradient_atkinson2_bach1_nwx",0.99998394105286,2.80203479722174e-06,0.999978449064657,0.999989433041062
"LU_2023","gradient_atkinson2_bach1_ratio",0.999994135504313,3.35133066030778e-06,0.999987566896218,1.00000070411241
"LU_2023","gradient_atkinson2_bach1_ok",1,0,1,1
"LU_2023","gradient_atkinson2_bach1_keptmin",1,0,1,1
"LU_2023","gradient_atkinson2_bach1_naltmax",0.0586813513232001,0.00949808226569368,0.0400651100824405,0.0772975925639597
"LU_2023","gradient_mu_ratio_nw",0.993564415103566,0.00206210732011395,0.989522684756143,0.997606145450989
"LU_2023","gradient_mu_ratio_nwx",0.976645273812013,0.00621196600265669,0.964469820446806,0.98882072717722
"LV_2023","gradient_gini_nw",0.689475911192955,0.0437484076984383,0.603729032104016,0.775222790281894
"LV_2023","gradient_gini_nwx",0.69804630586845,0.0450862368579465,0.609677281626875,0.786415330110025
"LV_2023","gradient_gini_ratio",0.987717905259723,0.00583180765293215,0.976287562259976,0.99914824825947
"LV_2023","gradient_gini_ok",1,0,1,1
"LV_2023","gradient_gini_keptmin",1,0,1,1
"LV_2023","gradient_gini_naltmax",0,0,0,0
"LV_2023","gradient_gini_rsv_nw",0.6865041333136,0.0439909785066123,0.60028181544064,0.77272645118656
"LV_2023","gradient_gini_rsv_nwx",0.691673625658542,0.0458190002132533,0.601868385240566,0.781478866076519
"LV_2023","gradient_gini_rsv_ratio",0.992527464620822,0.00521772352639208,0.982300726509094,1.00275420273255
"LV_2023","gradient_gini_rsv_ok",1,0,1,1
"LV_2023","gradient_gini_rsv_keptmin",1,0,1,1
"LV_2023","gradient_gini_rsv_naltmax",0,0,0,0
"LV_2023","gradient_cv_nw",2.76062731826376,0.330606364691243,2.11263884346892,3.40861579305859
"LV_2023","gradient_cv_nwx",2.85968892256978,0.346683449898156,2.1801893607694,3.53918848437017
"LV_2023","gradient_cv_ratio",0.965336399089455,0.0168146900254687,0.932379606639537,0.998293191539374
"LV_2023","gradient_cv_ok",1,0,1,1
"LV_2023","gradient_cv_keptmin",1,0,1,1
"LV_2023","gradient_cv_naltmax",0,0,0,0
"LV_2023","gradient_top10_nw",0.574182856105121,0.0642478659000607,0.448257038941003,0.70010867326924
"LV_2023","gradient_top10_nwx",0.581353989981469,0.0672501596839131,0.449543677000999,0.713164302961938
"LV_2023","gradient_top10_ratio",0.98766861349203,0.00920914996962772,0.96961867955156,1.0057185474325
"LV_2023","gradient_top10_ok",1,0,1,1
"LV_2023","gradient_top10_keptmin",1,0,1,1
"LV_2023","gradient_top10_naltmax",0,0,0,0
"LV_2023","gradient_top1_nw",0.232937628419028,0.0451081464888635,0.144525661300855,0.3213495955372
"LV_2023","gradient_top1_nwx",0.242951194200576,0.0478406347813084,0.149183550029212,0.33671883837194
"LV_2023","gradient_top1_ratio",0.958820572400051,0.0189955563149105,0.921589282022826,0.996051862777276
"LV_2023","gradient_top1_ok",1,0,1,1
"LV_2023","gradient_top1_keptmin",1,0,1,1
"LV_2023","gradient_top1_naltmax",0,0,0,0
"LV_2023","gradient_sgini4_nw",0.878437540564144,0.0229265424041871,0.833501517451937,0.923373563676351
"LV_2023","gradient_sgini4_nwx",0.890445360025495,0.0225975773112235,0.846154108495497,0.934736611555493
"LV_2023","gradient_sgini4_ratio",0.986514402464831,0.00758677407337558,0.971644325281015,1.00138447964865
"LV_2023","gradient_sgini4_ok",1,0,1,1
"LV_2023","gradient_sgini4_keptmin",1,0,1,1
"LV_2023","gradient_sgini4_naltmax",0,0,0,0
"LV_2023","gradient_gini_abs_nw",68199.8268867355,16431.1202071383,35994.8312807443,100404.822492727
"LV_2023","gradient_gini_abs_nwx",65690.8665072773,16541.198069529,33270.1182910005,98111.6147235542
"LV_2023","gradient_gini_abs_ratio",1.03828869977216,0.0186920012504573,1.00165237732126,1.07492502222305
"LV_2023","gradient_gini_abs_ok",1,0,1,1
"LV_2023","gradient_gini_abs_keptmin",1,0,1,1
"LV_2023","gradient_gini_abs_naltmax",0,0,0,0
"LV_2023","gradient_variance_nw",74607912459.7845,35156735514.6152,5700710851.13876,143515114068.43
"LV_2023","gradient_variance_nwx",72457401164.3278,34892409287.3634,4068278961.09546,140846523367.56
"LV_2023","gradient_variance_ratio",1.02971600198859,0.0447554300412171,0.941995359107801,1.11743664486937
"LV_2023","gradient_variance_ok",1,0,1,1
"LV_2023","gradient_variance_keptmin",1,0,1,1
"LV_2023","gradient_variance_naltmax",0,0,0,0
"LV_2023","gradient_kolm0.5_nw",0.10291316674861,0.0145829598920729,0.0743305653601474,0.131495768137073
"LV_2023","gradient_kolm0.5_nwx",0.099426256563111,0.0153051502930562,0.0694281619887208,0.129424351137501
"LV_2023","gradient_kolm0.5_ratio",1.03515979362656,0.0348014341857348,0.966948982622524,1.1033706046306
"LV_2023","gradient_kolm0.5_ok",1,0,1,1
"LV_2023","gradient_kolm0.5_keptmin",1,0,1,1
"LV_2023","gradient_kolm0.5_naltmax",0,0,0,0
"LV_2023","gradient_kolm1_nw",0.135070764101177,0.0205599249042982,0.0947733112887525,0.175368216913602
"LV_2023","gradient_kolm1_nwx",0.129735426256944,0.0207609959316419,0.0890438742309261,0.170426978282962
"LV_2023","gradient_kolm1_ratio",1.04121099091035,0.0328162953874535,0.97689105195094,1.10553092986976
"LV_2023","gradient_kolm1_ok",1,0,1,1
"LV_2023","gradient_kolm1_keptmin",1,0,1,1
"LV_2023","gradient_kolm1_naltmax",0,0,0,0
"LV_2023","gradient_p75_p25_nw",73064.2014,4457.08087609346,64328.3228828568,81800.0799171432
"LV_2023","gradient_p75_p25_nwx",70572.1005345285,4662.36462164236,61433.8658761094,79710.3351929475
"LV_2023","gradient_p75_p25_ratio",1.03576688627889,0.0509027175596468,0.935997559861977,1.13553621269579
"LV_2023","gradient_p75_p25_ok",1,0,1,1
"LV_2023","gradient_p75_p25_keptmin",1,0,1,1
"LV_2023","gradient_p75_p25_naltmax",0,0,0,0
"LV_2023","gradient_p90_p10_nw",167251.618918,20520.0275241714,127032.364970624,207470.872865376
"LV_2023","gradient_p90_p10_nwx",157570.227216,19388.8733150033,119568.035518593,195572.418913407
"LV_2023","gradient_p90_p10_ratio",1.06188405226223,0.0579410433113788,0.948319607371923,1.17544849715253
"LV_2023","gradient_p90_p10_ok",1,0,1,1
"LV_2023","gradient_p90_p10_keptmin",1,0,1,1
"LV_2023","gradient_p90_p10_naltmax",0,0,0,0
"LV_2023","gradient_inter1_nw",0.395902796691328,0.114129057917236,0.172209843173546,0.619595750209111
"LV_2023","gradient_inter1_nwx",0.397451562940713,0.118752666587956,0.16469633642832,0.630206789453106
"LV_2023","gradient_inter1_ratio",0.996135977396491,0.0245040377156174,0.948108063473881,1.0441638913191
"LV_2023","gradient_inter1_ok",1,0,1,1
"LV_2023","gradient_inter1_keptmin",1,0,1,1
"LV_2023","gradient_inter1_naltmax",0,0,0,0
"LV_2023","gradient_inter2_nw",1.10572487631325,0.336096585801905,0.446975568141513,1.76447418448498
"LV_2023","gradient_inter2_nwx",1.1326617195333,0.35121264815725,0.444284929145087,1.82103850992151
"LV_2023","gradient_inter2_ratio",0.976388239332989,0.0371598096684331,0.90355501238286,1.04922146628312
"LV_2023","gradient_inter2_ok",1,0,1,1
"LV_2023","gradient_inter2_keptmin",1,0,1,1
"LV_2023","gradient_inter2_naltmax",0,0,0,0
"LV_2023","gradient_ge2_nw",3.6137114226925,0.808037715216582,2.029957500868,5.197465344517
"LV_2023","gradient_ge2_nwx",3.80390707806144,0.855967088870792,2.12621158387468,5.48160257224819
"LV_2023","gradient_ge2_ratio",0.94994767181738,0.0338772900631118,0.883548183293681,1.01634716034108
"LV_2023","gradient_ge2_ok",1,0,1,1
"LV_2023","gradient_ge2_keptmin",0.946554517723573,0.0099991464278881,0.926956190724913,0.966152844722234
"LV_2023","gradient_ge2_naltmax",0.0534454822764267,0.00999914642788808,0.0338471552777661,0.0730438092750873
"LV_2023","gradient_ge_theil_nw",1.08153277671035,0.178515877592507,0.731641656629036,1.43142389679166
"LV_2023","gradient_ge_theil_nwx",1.10210010342021,0.189786861896041,0.730117854103966,1.47408235273645
"LV_2023","gradient_ge_theil_ratio",0.981364284146055,0.0174278037936587,0.947205788710484,1.01552277958163
"LV_2023","gradient_ge_theil_ok",1,0,1,1
"LV_2023","gradient_ge_theil_keptmin",0.946554517723573,0.0099991464278881,0.926956190724913,0.966152844722234
"LV_2023","gradient_ge_theil_naltmax",0.0534454822764267,0.00999914642788808,0.0338471552777661,0.0730438092750873
"LV_2023","gradient_ge_mld_nw",1.17579716820702,0.165455167719576,0.851505039476653,1.50008929693739
"LV_2023","gradient_ge_mld_nwx",1.15878304621259,0.171389589460533,0.822859450869946,1.49470664155523
"LV_2023","gradient_ge_mld_ratio",1.01472969951504,0.0214390622115382,0.97270913758043,1.05675026144966
"LV_2023","gradient_ge_mld_ok",1,0,1,1
"LV_2023","gradient_ge_mld_keptmin",0.946554517723573,0.0099991464278881,0.926956190724913,0.966152844722234
"LV_2023","gradient_ge_mld_naltmax",0.0534454822764267,0.00999914642788808,0.0338471552777661,0.0730438092750873
"LV_2023","gradient_atkinson05_nw",0.406331121490444,0.0516847107671192,0.30502908838689,0.507633154593997
"LV_2023","gradient_atkinson05_nwx",0.407932087926443,0.0549051628445937,0.300317968751039,0.515546207101847
"LV_2023","gradient_atkinson05_ratio",0.996110630526298,0.0143376021802851,0.968008930252939,1.02421233079966
"LV_2023","gradient_atkinson05_ok",1,0,1,1
"LV_2023","gradient_atkinson05_keptmin",0.946554517723573,0.0099991464278881,0.926956190724913,0.966152844722234
"LV_2023","gradient_atkinson05_naltmax",0.0534454822764267,0.00999914642788808,0.0338471552777661,0.0730438092750873
"LV_2023","gradient_atkinson1_nw",0.691353967666902,0.0506629003933029,0.592054682896028,0.790653252437775
"LV_2023","gradient_atkinson1_nwx",0.686041865281031,0.0537357448561301,0.580719805363016,0.791363925199046
"LV_2023","gradient_atkinson1_ratio",1.0077573721126,0.012081242693997,0.984078136432362,1.03143660779283
"LV_2023","gradient_atkinson1_ok",1,0,1,1
"LV_2023","gradient_atkinson1_keptmin",0.946554517723573,0.0099991464278881,0.926956190724913,0.966152844722234
"LV_2023","gradient_atkinson1_naltmax",0.0534454822764267,0.00999914642788808,0.0338471552777661,0.0730438092750873
"LV_2023","gradient_atkinson2_nw",0.997689901351381,0.00536067228113219,0.987182983680362,1.0081968190224
"LV_2023","gradient_atkinson2_nwx",0.997603046303906,0.00588044862843612,0.986077366992171,1.00912872561564
"LV_2023","gradient_atkinson2_ratio",1.00008706415197,0.000719594494052473,0.998676658943627,1.00149746936031
"LV_2023","gradient_atkinson2_ok",1,0,1,1
"LV_2023","gradient_atkinson2_keptmin",0.946554517723573,0.0099991464278881,0.926956190724913,0.966152844722234
"LV_2023","gradient_atkinson2_naltmax",0.0534454822764267,0.00999914642788808,0.0338471552777661,0.0730438092750873
"LV_2023","gradient_ge2_bach1_nw",3.79253069205052,0.844547962391169,2.13721668576383,5.44784469833721
"LV_2023","gradient_ge2_bach1_nwx",4.04685762639176,0.904971529659365,2.27311342825941,5.82060182452412
"LV_2023","gradient_ge2_bach1_ratio",0.937083596260579,0.0327413498479023,0.87291055055869,1.00125664196247
"LV_2023","gradient_ge2_bach1_ok",1,0,1,1
"LV_2023","gradient_ge2_bach1_keptmin",1,0,1,1
"LV_2023","gradient_ge2_bach1_naltmax",0.0534454822764267,0.00999914642788808,0.0338471552777661,0.0730438092750873
"LV_2023","gradient_ge_theil_bach1_nw",1.12407616009319,0.179521137630936,0.772214730336553,1.47593758984982
"LV_2023","gradient_ge_theil_bach1_nwx",1.15702011623144,0.190374302521382,0.783886483289534,1.53015374917335
"LV_2023","gradient_ge_theil_bach1_ratio",0.971525234694002,0.0142111410831715,0.943671398170985,0.999379071217018
"LV_2023","gradient_ge_theil_bach1_ok",1,0,1,1
"LV_2023","gradient_ge_theil_bach1_keptmin",1,0,1,1
"LV_2023","gradient_ge_theil_bach1_naltmax",0.0534454822764267,0.00999914642788808,0.0338471552777661,0.0730438092750873
"LV_2023","gradient_ge_mld_bach1_nw",1.56520355921786,0.188314350051742,1.19610743311645,1.93429968531928
"LV_2023","gradient_ge_mld_bach1_nwx",1.65712054502896,0.192969501915191,1.27890032127518,2.03534076878273
"LV_2023","gradient_ge_mld_bach1_ratio",0.944499747054892,0.0228066561921892,0.899798700918201,0.989200793191583
"LV_2023","gradient_ge_mld_bach1_ok",1,0,1,1
"LV_2023","gradient_ge_mld_bach1_keptmin",1,0,1,1
"LV_2023","gradient_ge_mld_bach1_naltmax",0.0534454822764267,0.00999914642788808,0.0338471552777661,0.0730438092750873
"LV_2023","gradient_atkinson05_bach1_nw",0.430861149564793,0.0503826860915178,0.332111084825418,0.529611214304168
"LV_2023","gradient_atkinson05_bach1_nwx",0.439322344517921,0.0525941853180825,0.336237741294479,0.542406947741363
"LV_2023","gradient_atkinson05_bach1_ratio",0.980738004752938,0.00900484740737959,0.963088503834474,0.998387505671402
"LV_2023","gradient_atkinson05_bach1_ok",1,0,1,1
"LV_2023","gradient_atkinson05_bach1_keptmin",1,0,1,1
"LV_2023","gradient_atkinson05_bach1_naltmax",0.0534454822764267,0.00999914642788808,0.0338471552777661,0.0730438092750873
"LV_2023","gradient_atkinson1_bach1_nw",0.790887104066613,0.0418972824116165,0.708768430539845,0.873005777593382
"LV_2023","gradient_atkinson1_bach1_nwx",0.809275041167984,0.0392457894541701,0.732353293837811,0.886196788498157
"LV_2023","gradient_atkinson1_bach1_ratio",0.977271606059,0.0109457911190588,0.955817855465644,0.998725356652355
"LV_2023","gradient_atkinson1_bach1_ok",1,0,1,1
"LV_2023","gradient_atkinson1_bach1_keptmin",1,0,1,1
"LV_2023","gradient_atkinson1_bach1_naltmax",0.0534454822764267,0.00999914642788808,0.0338471552777661,0.0730438092750873
"LV_2023","gradient_atkinson2_bach1_nw",0.999778777677928,9.00815760319688e-05,0.999602217788905,0.999955337566951
"LV_2023","gradient_atkinson2_bach1_nwx",0.99981546236353,6.23655259810205e-05,0.999693225932607,0.999937698794452
"LV_2023","gradient_atkinson2_bach1_ratio",0.999963308548803,4.13823104213033e-05,0.999882199220377,1.00004441787723
"LV_2023","gradient_atkinson2_bach1_ok",1,0,1,1
"LV_2023","gradient_atkinson2_bach1_keptmin",1,0,1,1
"LV_2023","gradient_atkinson2_bach1_naltmax",0.0534454822764267,0.00999914642788808,0.0338471552777661,0.0730438092750873
"LV_2023","gradient_mu_ratio_nw",0.99568939313107,0.00179712839843875,0.99216702147013,0.99921176479201
"LV_2023","gradient_mu_ratio_nwx",0.990864859877858,0.00407361082900258,0.982880582653013,0.998849137102703
"MT_2023","gradient_gini_nw",0.516881964185969,0.0446726743307427,0.429323522497713,0.604440405874224
"MT_2023","gradient_gini_nwx",0.541240580813576,0.0494083927830475,0.444400130958802,0.638081030668349
"MT_2023","gradient_gini_ratio",0.954994844268714,0.00511100765992463,0.944977269255262,0.965012419282166
"MT_2023","gradient_gini_ok",1,0,1,1
"MT_2023","gradient_gini_keptmin",1,0,1,1
"MT_2023","gradient_gini_naltmax",0,0,0,0
"MT_2023","gradient_gini_rsv_nw",0.516876101906809,0.0446839037539923,0.429295650548984,0.604456553264634
"MT_2023","gradient_gini_rsv_nwx",0.531756276266643,0.0440562762655262,0.445405974786212,0.618106577747074
"MT_2023","gradient_gini_rsv_ratio",0.972016927634019,0.00381844312072041,0.964532779117407,0.979501076150632
"MT_2023","gradient_gini_rsv_ok",1,0,1,1
"MT_2023","gradient_gini_rsv_keptmin",1,0,1,1
"MT_2023","gradient_gini_rsv_naltmax",0,0,0,0
"MT_2023","gradient_cv_nw",1.10086925305979,0.0753044183084152,0.953272593175296,1.24846591294428
"MT_2023","gradient_cv_nwx",1.16985307423575,0.0849472639983188,1.00335643679905,1.33634971167245
"MT_2023","gradient_cv_ratio",0.941032064029898,0.00427731380598312,0.932648528970172,0.949415599089625
"MT_2023","gradient_cv_ok",1,0,1,1
"MT_2023","gradient_cv_keptmin",1,0,1,1
"MT_2023","gradient_cv_naltmax",0,0,0,0
"MT_2023","gradient_top10_nw",0.345136377662249,0.0250834033077616,0.295972907179036,0.394299848145461
"MT_2023","gradient_top10_nwx",0.357781092705145,0.0293481051190668,0.300258806671774,0.415303378738515
"MT_2023","gradient_top10_ratio",0.964657956217612,0.00982919924667214,0.945392725694134,0.983923186741089
"MT_2023","gradient_top10_ok",1,0,1,1
"MT_2023","gradient_top10_keptmin",1,0,1,1
"MT_2023","gradient_top10_naltmax",0,0,0,0
"MT_2023","gradient_top1_nw",0.0704535508558342,0.00141506813930383,0.0676800173027987,0.0732270844088697
"MT_2023","gradient_top1_nwx",0.0748144125705738,0.00345946744125309,0.0680338563857178,0.0815949687554299
"MT_2023","gradient_top1_ratio",0.941710940914948,0.0258802077934656,0.890985733639755,0.992436148190141
"MT_2023","gradient_top1_ok",1,0,1,1
"MT_2023","gradient_top1_keptmin",1,0,1,1
"MT_2023","gradient_top1_naltmax",0,0,0,0
"MT_2023","gradient_sgini4_nw",0.778888760409312,0.0527770969646565,0.675445650358585,0.882331870460039
"MT_2023","gradient_sgini4_nwx",0.825966269352128,0.0645312944002026,0.699484932327731,0.952447606376525
"MT_2023","gradient_sgini4_ratio",0.943003109582498,0.0106080009361976,0.922211427747551,0.963794791417446
"MT_2023","gradient_sgini4_ok",1,0,1,1
"MT_2023","gradient_sgini4_keptmin",1,0,1,1
"MT_2023","gradient_sgini4_naltmax",0,0,0,0
"MT_2023","gradient_gini_abs_nw",263780.967328302,3496.12315467393,256928.565945141,270633.368711463
"MT_2023","gradient_gini_abs_nwx",239763.215858696,1139.06873043361,237530.641147046,241995.790570346
"MT_2023","gradient_gini_abs_ratio",1.10017279499521,0.00944495157682565,1.08166068990464,1.11868490008579
"MT_2023","gradient_gini_abs_ok",1,0,1,1
"MT_2023","gradient_gini_abs_keptmin",1,0,1,1
"MT_2023","gradient_gini_abs_naltmax",0,0,0,0
"MT_2023","gradient_variance_nw",315628085257.676,4022994177.56531,307743016669.648,323513153845.704
"MT_2023","gradient_variance_nwx",268563537352.839,8570055206.21433,251766229148.659,285360845557.019
"MT_2023","gradient_variance_ratio",1.17524548704094,0.0219601277728617,1.13220363660614,1.21828733747575
"MT_2023","gradient_variance_ok",1,0,1,1
"MT_2023","gradient_variance_keptmin",1,0,1,1
"MT_2023","gradient_variance_naltmax",0,0,0,0
"MT_2023","gradient_kolm0.5_nw",0.173056764460646,0.00566408485156464,0.16195515815158,0.184158370769713
"MT_2023","gradient_kolm0.5_nwx",0.148123286321342,0.00367086164896297,0.140928397489374,0.155318175153309
"MT_2023","gradient_kolm0.5_ratio",1.16832922600173,0.00953914320638951,1.14963250531721,1.18702594668626
"MT_2023","gradient_kolm0.5_ok",1,0,1,1
"MT_2023","gradient_kolm0.5_keptmin",1,0,1,1
"MT_2023","gradient_kolm0.5_naltmax",0,0,0,0
"MT_2023","gradient_kolm1_nw",0.278142896452546,0.00725886927159521,0.26391551268022,0.292370280224873
"MT_2023","gradient_kolm1_nwx",0.241150835251467,0.00522682487082118,0.230906258504658,0.251395411998277
"MT_2023","gradient_kolm1_ratio",1.15339802228968,0.00523894957515582,1.14312968112237,1.16366636345698
"MT_2023","gradient_kolm1_ok",1,0,1,1
"MT_2023","gradient_kolm1_keptmin",1,0,1,1
"MT_2023","gradient_kolm1_naltmax",0,0,0,0
"MT_2023","gradient_p75_p25_nw",544768.38,19068.8342888456,507393.464793863,582143.295206137
"MT_2023","gradient_p75_p25_nwx",498400,29395.8030831246,440784.225957076,556015.774042924
"MT_2023","gradient_p75_p25_ratio",1.09303447030498,0.0282868528136466,1.03759223879023,1.14847670181972
"MT_2023","gradient_p75_p25_ok",1,0,1,1
"MT_2023","gradient_p75_p25_keptmin",1,0,1,1
"MT_2023","gradient_p75_p25_naltmax",0,0,0,0
"MT_2023","gradient_p90_p10_nw",1121395.88,389.295301725447,1120632.86120862,1122158.89879138
"MT_2023","gradient_p90_p10_nwx",940364.77756262,45685.1525063099,850821.878650253,1029907.67647499
"MT_2023","gradient_p90_p10_ratio",1.19251157290961,0.0556194300776272,1.08349748995746,1.30152565586176
"MT_2023","gradient_p90_p10_ok",1,0,1,1
"MT_2023","gradient_p90_p10_keptmin",1,0,1,1
"MT_2023","gradient_p90_p10_naltmax",0,0,0,0
"MT_2023","gradient_inter1_nw",0.461930048421979,0.0699459207343222,0.324836043782707,0.599024053061251
"MT_2023","gradient_inter1_nwx",0.136900072823563,0.0126140803502272,0.112176475337118,0.161623670310009
"MT_2023","gradient_inter1_ratio",3.374213314096,0.220360869605512,2.94230600966919,3.8061206185228
"MT_2023","gradient_inter1_ok",1,0,1,1
"MT_2023","gradient_inter1_keptmin",1,0,1,1
"MT_2023","gradient_inter1_naltmax",0,0,0,0
"MT_2023","gradient_inter2_nw",0.591268126689614,0.0771939982510763,0.439967890117505,0.742568363261724
"MT_2023","gradient_inter2_nwx",0.178888015203024,0.0110737885894878,0.157183389567628,0.200592640838421
"MT_2023","gradient_inter2_ratio",3.30524169558575,0.241997927482489,2.83092575772007,3.77955763345143
"MT_2023","gradient_inter2_ok",1,0,1,1
"MT_2023","gradient_inter2_keptmin",1,0,1,1
"MT_2023","gradient_inter2_naltmax",0,0,0,0
"MT_2023","gradient_ge2_nw",0.605410541388804,0.0812609597499335,0.446139060278935,0.764682022498674
"MT_2023","gradient_ge2_nwx",0.623916579068723,0.0714020659786433,0.483968529750582,0.763864628386863
"MT_2023","gradient_ge2_ratio",0.970338923021502,0.0216901940847773,0.927826142615339,1.01285170342767
"MT_2023","gradient_ge2_ok",1,0,1,1
"MT_2023","gradient_ge2_keptmin",0.968164922002982,0.00765039830308142,0.953170141328943,0.983159702677022
"MT_2023","gradient_ge2_naltmax",0.0318350779970177,0.00765039830308142,0.0168402973229781,0.0468298586710573
"MT_2023","gradient_ge_theil_nw",0.476170190870514,0.074595182621195,0.329963632932972,0.622376748808056
"MT_2023","gradient_ge_theil_nwx",0.473113841867438,0.0652228910816509,0.345276975347402,0.600950708387474
"MT_2023","gradient_ge_theil_ratio",1.00646007098632,0.0219471274844078,0.963443701116885,1.04947644085576
"MT_2023","gradient_ge_theil_ok",1,0,1,1
"MT_2023","gradient_ge_theil_keptmin",0.968164922002982,0.00765039830308142,0.953170141328943,0.983159702677022
"MT_2023","gradient_ge_theil_naltmax",0.0318350779970177,0.00765039830308142,0.0168402973229781,0.0468298586710573
"MT_2023","gradient_ge_mld_nw",0.807803060394238,0.161001679070815,0.492239769415441,1.12336635137303
"MT_2023","gradient_ge_mld_nwx",0.8086598179818,0.150884237851949,0.51292671179198,1.10439292417162
"MT_2023","gradient_ge_mld_ratio",0.99894052162787,0.0156271882405538,0.968311232676385,1.02956981057936
"MT_2023","gradient_ge_mld_ok",1,0,1,1
"MT_2023","gradient_ge_mld_keptmin",0.968164922002982,0.00765039830308142,0.953170141328943,0.983159702677022
"MT_2023","gradient_ge_mld_naltmax",0.0318350779970177,0.00765039830308142,0.0168402973229781,0.0468298586710573
"MT_2023","gradient_atkinson05_nw",0.250925456060367,0.0402272024402342,0.172080139277508,0.329770772843226
"MT_2023","gradient_atkinson05_nwx",0.247346593025098,0.0344896207773957,0.179746936301402,0.314946249748794
"MT_2023","gradient_atkinson05_ratio",1.01446902094546,0.0246120991952482,0.966229306522777,1.06270873536815
"MT_2023","gradient_atkinson05_ok",1,0,1,1
"MT_2023","gradient_atkinson05_keptmin",0.968164922002982,0.00765039830308142,0.953170141328943,0.983159702677022
"MT_2023","gradient_atkinson05_naltmax",0.0318350779970177,0.00765039830308142,0.0168402973229781,0.0468298586710573
"MT_2023","gradient_atkinson1_nw",0.554163533122381,0.0778819546556181,0.40151490199737,0.706812164247392
"MT_2023","gradient_atkinson1_nwx",0.554545343315445,0.0725478125751726,0.412351630668107,0.696739055962783
"MT_2023","gradient_atkinson1_ratio",0.999311489677686,0.0111724169922232,0.977413552372928,1.02120942698244
"MT_2023","gradient_atkinson1_ok",1,0,1,1
"MT_2023","gradient_atkinson1_keptmin",0.968164922002982,0.00765039830308142,0.953170141328943,0.983159702677022
"MT_2023","gradient_atkinson1_naltmax",0.0318350779970177,0.00765039830308142,0.0168402973229781,0.0468298586710573
"MT_2023","gradient_atkinson2_nw",0.982441018295137,0.0158244089699697,0.951425176713996,1.01345685987628
"MT_2023","gradient_atkinson2_nwx",0.997238229607021,0.0102185300099334,0.977209910787551,1.01726654842649
"MT_2023","gradient_atkinson2_ratio",0.985161809011559,0.00583570974909764,0.973723817903327,0.99659980011979
"MT_2023","gradient_atkinson2_ok",1,0,1,1
"MT_2023","gradient_atkinson2_keptmin",0.968164922002982,0.00765039830308142,0.953170141328943,0.983159702677022
"MT_2023","gradient_atkinson2_naltmax",0.0318350779970177,0.00765039830308142,0.0168402973229781,0.0468298586710573
"MT_2023","gradient_ge2_bach1_nw",0.605943977364321,0.0800888293470244,0.448969871844153,0.762918082884489
"MT_2023","gradient_ge2_bach1_nwx",0.660872898216885,0.0822711501271167,0.499621443967736,0.822124352466033
"MT_2023","gradient_ge2_bach1_ratio",0.916884288944563,0.00806585394226524,0.901075215217723,0.932693362671403
"MT_2023","gradient_ge2_bach1_ok",1,0,1,1
"MT_2023","gradient_ge2_bach1_keptmin",1,0,1,1
"MT_2023","gradient_ge2_bach1_naltmax",0.0318350779970177,0.00765039830308142,0.0168402973229781,0.0468298586710573
"MT_2023","gradient_ge_theil_bach1_nw",0.47665263074502,0.07341361183444,0.332761951549517,0.620543309940522
"MT_2023","gradient_ge_theil_bach1_nwx",0.505465640177796,0.0730929104437134,0.362203535708118,0.648727744647475
"MT_2023","gradient_ge_theil_bach1_ratio",0.942997095860676,0.0103832807218435,0.922645865645863,0.96334832607549
"MT_2023","gradient_ge_theil_bach1_ok",1,0,1,1
"MT_2023","gradient_ge_theil_bach1_keptmin",1,0,1,1
"MT_2023","gradient_ge_theil_bach1_naltmax",0.0318350779970177,0.00765039830308142,0.0168402973229781,0.0468298586710573
"MT_2023","gradient_ge_mld_bach1_nw",0.813270479863441,0.147225626068062,0.52470825277004,1.10183270695684
"MT_2023","gradient_ge_mld_bach1_nwx",1.16577325967027,0.231056053770081,0.712903394280914,1.61864312505963
"MT_2023","gradient_ge_mld_bach1_ratio",0.697623206843385,0.0149596395071426,0.668302313409385,0.726944100277384
"MT_2023","gradient_ge_mld_bach1_ok",1,0,1,1
"MT_2023","gradient_ge_mld_bach1_keptmin",1,0,1,1
"MT_2023","gradient_ge_mld_bach1_naltmax",0.0318350779970177,0.00765039830308142,0.0168402973229781,0.0468298586710573
"MT_2023","gradient_atkinson05_bach1_nw",0.251285594929675,0.0392789635244591,0.174298826421735,0.328272363437615
"MT_2023","gradient_atkinson05_bach1_nwx",0.271226123792665,0.0393926755238112,0.194016479765995,0.348435767819334
"MT_2023","gradient_atkinson05_bach1_ratio",0.926480058100036,0.0120064651883754,0.90294738633082,0.950012729869251
"MT_2023","gradient_atkinson05_bach1_ok",1,0,1,1
"MT_2023","gradient_atkinson05_bach1_keptmin",1,0,1,1
"MT_2023","gradient_atkinson05_bach1_naltmax",0.0318350779970177,0.00765039830308142,0.0168402973229781,0.0468298586710573
"MT_2023","gradient_atkinson1_bach1_nw",0.556594456606711,0.0703310960429013,0.418745508362624,0.694443404850798
"MT_2023","gradient_atkinson1_bach1_nwx",0.68831844195214,0.081015753407454,0.52952756527353,0.847109318630749
"MT_2023","gradient_atkinson1_bach1_ratio",0.808629295225846,0.00795499642012517,0.793037502242401,0.824221088209291
"MT_2023","gradient_atkinson1_bach1_ok",1,0,1,1
"MT_2023","gradient_atkinson1_bach1_keptmin",1,0,1,1
"MT_2023","gradient_atkinson1_bach1_naltmax",0.0318350779970177,0.00765039830308142,0.0168402973229781,0.0468298586710573
"MT_2023","gradient_atkinson2_bach1_nw",0.996700205181292,0.00224298245382323,0.992303959571798,1.00109645079079
"MT_2023","gradient_atkinson2_bach1_nwx",0.999931355131,1.56919368422753e-05,0.999900598934789,0.999962111327211
"MT_2023","gradient_atkinson2_bach1_ratio",0.996768628233201,0.00225881086408915,0.992341358939586,1.00119589752682
"MT_2023","gradient_atkinson2_bach1_ok",1,0,1,1
"MT_2023","gradient_atkinson2_bach1_keptmin",1,0,1,1
"MT_2023","gradient_atkinson2_bach1_naltmax",0.0318350779970177,0.00765039830308142,0.0168402973229781,0.0468298586710573
"MT_2023","gradient_mu_ratio_nw",0.999988658379348,2.48590349169101e-05,0.999939934670911,1.00003738208779
"MT_2023","gradient_mu_ratio_nwx",0.982476730527715,0.0091217803672358,0.964598041007933,1.0003554200475
"NL_2023","gradient_gini_nw",0.650168469176985,0.00938738708540641,0.631769190489588,0.668567747864381
"NL_2023","gradient_gini_nwx",0.666490772224482,0.015680439893488,0.635757110033246,0.697224434415718
"NL_2023","gradient_gini_ratio",0.975569674272497,0.0168584508230485,0.942527110659322,1.00861223788567
"NL_2023","gradient_gini_ok",1,0,1,1
"NL_2023","gradient_gini_keptmin",1,0,1,1
"NL_2023","gradient_gini_naltmax",0,0,0,0
"NL_2023","gradient_gini_rsv_nw",0.640753362429716,0.00886872112496355,0.623370669024787,0.658136055834645
"NL_2023","gradient_gini_rsv_nwx",0.644656380009898,0.00973101700975778,0.625583586670772,0.663729173349023
"NL_2023","gradient_gini_rsv_ratio",0.993958570012734,0.00506648909658758,0.984028251383422,1.00388888864205
"NL_2023","gradient_gini_rsv_ok",1,0,1,1
"NL_2023","gradient_gini_rsv_keptmin",1,0,1,1
"NL_2023","gradient_gini_rsv_naltmax",0,0,0,0
"NL_2023","gradient_cv_nw",1.728902222473,0.104096808089936,1.52487247861672,1.93293196632927
"NL_2023","gradient_cv_nwx",1.78718562747354,0.135704054501639,1.52120568065033,2.05316557429675
"NL_2023","gradient_cv_ratio",0.967523513260931,0.0391962222631632,0.890698917625131,1.04434810889673
"NL_2023","gradient_cv_ok",1,0,1,1
"NL_2023","gradient_cv_keptmin",1,0,1,1
"NL_2023","gradient_cv_naltmax",0,0,0,0
"NL_2023","gradient_top10_nw",0.447042017536303,0.0134121715183247,0.420754161360386,0.473329873712219
"NL_2023","gradient_top10_nwx",0.449811360235404,0.014898291072554,0.420610709733198,0.47901201073761
"NL_2023","gradient_top10_ratio",0.993896423801964,0.00935623538320727,0.975558202450878,1.01223464515305
"NL_2023","gradient_top10_ok",1,0,1,1
"NL_2023","gradient_top10_keptmin",1,0,1,1
"NL_2023","gradient_top10_naltmax",0,0,0,0
"NL_2023","gradient_top1_nw",0.127149503987757,0.0123743226022392,0.102895831687368,0.151403176288146
"NL_2023","gradient_top1_nwx",0.124104433569956,0.0127444680941211,0.0991252761054785,0.149083591034433
"NL_2023","gradient_top1_ratio",1.02466826355867,0.0339062179544557,0.958212076367934,1.0911244507494
"NL_2023","gradient_top1_ok",1,0,1,1
"NL_2023","gradient_top1_keptmin",1,0,1,1
"NL_2023","gradient_top1_naltmax",0,0,0,0
"NL_2023","gradient_sgini4_nw",0.914889392059491,0.00913934521844041,0.896976275431348,0.932802508687634
"NL_2023","gradient_sgini4_nwx",0.953950676231843,0.0282526822369589,0.898575419047404,1.00932593341628
"NL_2023","gradient_sgini4_ratio",0.959143689750387,0.0273704154343461,0.905497675499069,1.01278970400171
"NL_2023","gradient_sgini4_ok",1,0,1,1
"NL_2023","gradient_sgini4_keptmin",1,0,1,1
"NL_2023","gradient_sgini4_naltmax",0,0,0,0
"NL_2023","gradient_gini_abs_nw",168392.959644216,6614.57170363983,155428.399105082,181357.52018335
"NL_2023","gradient_gini_abs_nwx",161555.996682026,6624.18041038383,148572.603077674,174539.390286379
"NL_2023","gradient_gini_abs_ratio",1.04234294149311,0.00967698783638927,1.02337604533378,1.06130983765243
"NL_2023","gradient_gini_abs_ok",1,0,1,1
"NL_2023","gradient_gini_abs_keptmin",1,0,1,1
"NL_2023","gradient_gini_abs_naltmax",0,0,0,0
"NL_2023","gradient_variance_nw",200584016981.752,32638618766.5917,136612324199.232,264555709764.272
"NL_2023","gradient_variance_nwx",187725747752.413,33454368952.6311,122155184605.256,253296310899.57
"NL_2023","gradient_variance_ratio",1.06863008685247,0.0725039099202137,0.926522423408849,1.21073775029609
"NL_2023","gradient_variance_ok",1,0,1,1
"NL_2023","gradient_variance_keptmin",1,0,1,1
"NL_2023","gradient_variance_naltmax",0,0,0,0
"NL_2023","gradient_kolm0.5_nw",0.133661021906249,0.00837734710662452,0.117241421577265,0.150080622235233
"NL_2023","gradient_kolm0.5_nwx",4.18679649457375,2.88136089269308,-1.46067085510468,9.83426384425218
"NL_2023","gradient_kolm0.5_ratio",0.0320685811355274,0.652597737413728,-1.24702298419538,1.31116014646643
"NL_2023","gradient_kolm0.5_ok",1,0,1,1
"NL_2023","gradient_kolm0.5_keptmin",1,0,1,1
"NL_2023","gradient_kolm0.5_naltmax",0,0,0,0
"NL_2023","gradient_kolm1_nw",0.202320983165182,0.0153911807216106,0.172154268950826,0.232487697379539
"NL_2023","gradient_kolm1_nwx",12.6659099133848,6.22858504472065,0.457883225732377,24.8739366010373
"NL_2023","gradient_kolm1_ratio",0.0159794937906021,0.066900591339197,-0.115145665234224,0.147104652815428
"NL_2023","gradient_kolm1_ok",1,0,1,1
"NL_2023","gradient_kolm1_keptmin",1,0,1,1
"NL_2023","gradient_kolm1_naltmax",0,0,0,0
"NL_2023","gradient_p75_p25_nw",330647.3569688,8227.1457315405,314522.151334981,346772.562602619
"NL_2023","gradient_p75_p25_nwx",320336.032126367,9221.9897406037,302260.932234783,338411.13201795
"NL_2023","gradient_p75_p25_ratio",1.03225346050485,0.0158370043603297,1.0012129319586,1.06329398905109
"NL_2023","gradient_p75_p25_ok",1,0,1,1
"NL_2023","gradient_p75_p25_keptmin",1,0,1,1
"NL_2023","gradient_p75_p25_naltmax",0,0,0,0
"NL_2023","gradient_p90_p10_nw",615457.625566,20436.2290818581,575402.616565558,655512.634566442
"NL_2023","gradient_p90_p10_nwx",584452.79168,19922.3481993738,545404.989209227,623500.594150773
"NL_2023","gradient_p90_p10_ratio",1.05307217932056,0.0194531371932526,1.01494403042179,1.09120032821934
"NL_2023","gradient_p90_p10_ok",1,0,1,1
"NL_2023","gradient_p90_p10_keptmin",1,0,1,1
"NL_2023","gradient_p90_p10_naltmax",0,0,0,0
"NL_2023","gradient_inter1_nw",0.140127518238534,0.0792840369131611,-0.0152691941112615,0.29552423058833
"NL_2023","gradient_inter1_nwx",0.000919318716536182,0.000180133499177034,0.000566257058149196,0.00127238037492317
"NL_2023","gradient_inter1_ratio",151.2693587285,84.428692070093,-14.2108777288828,316.749595185882
"NL_2023","gradient_inter1_ok",1,0,1,1
"NL_2023","gradient_inter1_keptmin",1,0,1,1
"NL_2023","gradient_inter1_naltmax",0,0,0,0
"NL_2023","gradient_inter2_nw",0.237912397710516,0.153123888660303,-0.0622104240636778,0.53803521948471
"NL_2023","gradient_inter2_nwx",0.000927218452307212,0.000164424251264442,0.000604946919828906,0.00124948998478552
"NL_2023","gradient_inter2_ratio",253.942264658518,153.078453043505,-46.0915033067513,553.976032623787
"NL_2023","gradient_inter2_ok",1,0,1,1
"NL_2023","gradient_inter2_keptmin",1,0,1,1
"NL_2023","gradient_inter2_naltmax",0,0,0,0
"NL_2023","gradient_ge2_nw",1.36023661117607,0.168585118444775,1.02980977902431,1.69066344332783
"NL_2023","gradient_ge2_nwx",1.28953343249778,0.173879662534605,0.948729293929956,1.63033757106561
"NL_2023","gradient_ge2_ratio",1.05512270368694,0.0541314200774071,0.949025120335217,1.16122028703865
"NL_2023","gradient_ge2_ok",1,0,1,1
"NL_2023","gradient_ge2_keptmin",0.936284960182553,0.00679934666567396,0.922958240717832,0.949611679647274
"NL_2023","gradient_ge2_naltmax",0.0637150398174471,0.00679934666567395,0.0503883203527262,0.0770417592821681
"NL_2023","gradient_ge_theil_nw",0.737696006020623,0.0342558273747152,0.670554584366181,0.804837427675065
"NL_2023","gradient_ge_theil_nwx",0.724081621314788,0.0353913091739395,0.654714655333867,0.793448587295709
"NL_2023","gradient_ge_theil_ratio",1.01884804642044,0.014628741581376,0.990175712920941,1.04752037991994
"NL_2023","gradient_ge_theil_ok",1,0,1,1
"NL_2023","gradient_ge_theil_keptmin",0.936284960182553,0.00679934666567396,0.922958240717832,0.949611679647274
"NL_2023","gradient_ge_theil_naltmax",0.0637150398174471,0.00679934666567395,0.0503883203527262,0.0770417592821681
"NL_2023","gradient_ge_mld_nw",1.18654418023248,0.0385333057351951,1.1110189009915,1.26206945947346
"NL_2023","gradient_ge_mld_nwx",1.17751754682834,0.0390964735320521,1.10088845870552,1.25414663495116
"NL_2023","gradient_ge_mld_ratio",1.00767901742741,0.00689641194360292,0.994162050017951,1.02119598483687
"NL_2023","gradient_ge_mld_ok",1,0,1,1
"NL_2023","gradient_ge_mld_keptmin",0.936284960182553,0.00679934666567396,0.922958240717832,0.949611679647274
"NL_2023","gradient_ge_mld_naltmax",0.0637150398174471,0.00679934666567395,0.0503883203527262,0.0770417592821681
"NL_2023","gradient_atkinson05_nw",0.354767672398782,0.00985491661514092,0.335452035833106,0.374083308964458
"NL_2023","gradient_atkinson05_nwx",0.350983370889767,0.0101969286730166,0.330997390690655,0.37096935108888
"NL_2023","gradient_atkinson05_ratio",1.01080088542273,0.0077705340415501,0.995570638701288,1.02603113214416
"NL_2023","gradient_atkinson05_ok",1,0,1,1
"NL_2023","gradient_atkinson05_keptmin",0.936284960182553,0.00679934666567396,0.922958240717832,0.949611679647274
"NL_2023","gradient_atkinson05_naltmax",0.0637150398174471,0.00679934666567395,0.0503883203527262,0.0770417592821681
"NL_2023","gradient_atkinson1_nw",0.694692686397486,0.0117467416587145,0.671669072746406,0.717716300048566
"NL_2023","gradient_atkinson1_nwx",0.691919770653148,0.0120218265928503,0.668356990531161,0.715482550775134
"NL_2023","gradient_atkinson1_ratio",1.00401150741013,0.00360766543095217,0.996940483165465,1.0110825316548
"NL_2023","gradient_atkinson1_ok",1,0,1,1
"NL_2023","gradient_atkinson1_keptmin",0.936284960182553,0.00679934666567396,0.922958240717832,0.949611679647274
"NL_2023","gradient_atkinson1_naltmax",0.0637150398174471,0.00679934666567395,0.0503883203527262,0.0770417592821681
"NL_2023","gradient_atkinson2_nw",0.995042138647129,0.00421949711684753,0.986771924298108,1.00331235299615
"NL_2023","gradient_atkinson2_nwx",0.99491701116773,0.00423495650741026,0.986616496413206,1.00321752592225
"NL_2023","gradient_atkinson2_ratio",1.00012577174672,0.000143514055560566,0.999844484197826,1.00040705929562
"NL_2023","gradient_atkinson2_ok",1,0,1,1
"NL_2023","gradient_atkinson2_keptmin",0.936284960182553,0.00679934666567396,0.922958240717832,0.949611679647274
"NL_2023","gradient_atkinson2_naltmax",0.0637150398174471,0.00679934666567395,0.0503883203527262,0.0770417592821681
"NL_2023","gradient_ge2_bach1_nw",1.46352695608666,0.177548296511937,1.11553229492326,1.81152161725005
"NL_2023","gradient_ge2_bach1_nwx",1.41136502289693,0.186767157969406,1.04530139327689,1.77742865251696
"NL_2023","gradient_ge2_bach1_ratio",1.03731867597509,0.0524353393960647,0.934545410758804,1.14009194119138
"NL_2023","gradient_ge2_bach1_ok",1,0,1,1
"NL_2023","gradient_ge2_bach1_keptmin",1,0,1,1
"NL_2023","gradient_ge2_bach1_naltmax",0.0637150398174471,0.00679934666567395,0.0503883203527262,0.0770417592821681
"NL_2023","gradient_ge_theil_bach1_nw",0.791743172171843,0.0338930291189688,0.725312835098664,0.858173509245022
"NL_2023","gradient_ge_theil_bach1_nwx",0.789917568328734,0.035482541381105,0.720371787221768,0.859463349435699
"NL_2023","gradient_ge_theil_bach1_ratio",1.00236564723361,0.0137869300102693,0.975343264413485,1.02938803005374
"NL_2023","gradient_ge_theil_bach1_ok",1,0,1,1
"NL_2023","gradient_ge_theil_bach1_keptmin",1,0,1,1
"NL_2023","gradient_ge_theil_bach1_naltmax",0.0637150398174471,0.00679934666567395,0.0503883203527262,0.0770417592821681
"NL_2023","gradient_ge_mld_bach1_nw",1.72911626749849,0.0653506313749479,1.60102903000359,1.85720350499339
"NL_2023","gradient_ge_mld_bach1_nwx",1.83190030863641,0.0730532097177055,1.6887160175897,1.97508459968311
"NL_2023","gradient_ge_mld_bach1_ratio",0.94399691238856,0.0173076827876868,0.910073854124694,0.977919970652426
"NL_2023","gradient_ge_mld_bach1_ok",1,0,1,1
"NL_2023","gradient_ge_mld_bach1_keptmin",1,0,1,1
"NL_2023","gradient_ge_mld_bach1_naltmax",0.0637150398174471,0.00679934666567395,0.0503883203527262,0.0770417592821681
"NL_2023","gradient_atkinson05_bach1_nw",0.388559166247691,0.00935112583505112,0.370230959610991,0.406887372884391
"NL_2023","gradient_atkinson05_bach1_nwx",0.392139806148776,0.00981514285969732,0.372902126143769,0.411377486153783
"NL_2023","gradient_atkinson05_bach1_ratio",0.990893173485799,0.00785783777298359,0.975491811450751,1.00629453552085
"NL_2023","gradient_atkinson05_bach1_ok",1,0,1,1
"NL_2023","gradient_atkinson05_bach1_keptmin",1,0,1,1
"NL_2023","gradient_atkinson05_bach1_naltmax",0.0637150398174471,0.00679934666567395,0.0503883203527262,0.0770417592821681
"NL_2023","gradient_atkinson1_bach1_nw",0.822538656602294,0.0115822154505929,0.799837514319132,0.845239798885456
"NL_2023","gradient_atkinson1_bach1_nwx",0.839839838973601,0.011693739111908,0.816920110314261,0.862759567632941
"NL_2023","gradient_atkinson1_bach1_ratio",0.979411983835014,0.00644182246636783,0.966786011800934,0.992037955869095
"NL_2023","gradient_atkinson1_bach1_ok",1,0,1,1
"NL_2023","gradient_atkinson1_bach1_keptmin",1,0,1,1
"NL_2023","gradient_atkinson1_bach1_naltmax",0.0637150398174471,0.00679934666567395,0.0503883203527262,0.0770417592821681
"NL_2023","gradient_atkinson2_bach1_nw",0.99992802907539,8.34306539900485e-06,0.999911676667207,0.999944381483572
"NL_2023","gradient_atkinson2_bach1_nwx",0.999936914649553,6.94597904359118e-06,0.999923300530628,0.999950528768478
"NL_2023","gradient_atkinson2_bach1_ratio",0.999991113866945,3.70898605845446e-06,0.99998384425427,0.999998383479619
"NL_2023","gradient_atkinson2_bach1_ok",1,0,1,1
"NL_2023","gradient_atkinson2_bach1_keptmin",1,0,1,1
"NL_2023","gradient_atkinson2_bach1_naltmax",0.0637150398174471,0.00679934666567395,0.0503883203527262,0.0770417592821681
"NL_2023","gradient_mu_ratio_nw",0.985520939867341,0.00398393398969029,0.977712429247548,0.993329450487134
"NL_2023","gradient_mu_ratio_nwx",0.967266514202718,0.0130319294401076,0.941723932500107,0.992809095905329
"PT_2023","gradient_gini_nw",0.648040190893565,0.00904381812237571,0.630314307373708,0.665766074413421
"PT_2023","gradient_gini_nwx",0.711898572438972,0.0314493789012458,0.65025778979253,0.773539355085413
"PT_2023","gradient_gini_ratio",0.910568347724687,0.0373698511395753,0.83732343949112,0.983813255958255
"PT_2023","gradient_gini_ok",1,0,1,1
"PT_2023","gradient_gini_keptmin",1,0,1,1
"PT_2023","gradient_gini_naltmax",0,0,0,0
"PT_2023","gradient_gini_rsv_nw",0.646872382791025,0.00901627595164653,0.629200481925798,0.664544283656252
"PT_2023","gradient_gini_rsv_nwx",0.661531417174949,0.0101239210800476,0.641688531858056,0.681374302491842
"PT_2023","gradient_gini_rsv_ratio",0.977848048656848,0.00747562376549558,0.963195826076477,0.992500271237219
"PT_2023","gradient_gini_rsv_ok",1,0,1,1
"PT_2023","gradient_gini_rsv_keptmin",1,0,1,1
"PT_2023","gradient_gini_rsv_naltmax",0,0,0,0
"PT_2023","gradient_cv_nw",2.26894258151917,0.199638218517652,1.87765167322457,2.66023348981376
"PT_2023","gradient_cv_nwx",2.73891214968618,0.398163900793544,1.95851090413083,3.51931339524153
"PT_2023","gradient_cv_ratio",0.830117948868893,0.0994641463694605,0.635168221984751,1.02506767575304
"PT_2023","gradient_cv_ok",1,0,1,1
"PT_2023","gradient_cv_keptmin",1,0,1,1
"PT_2023","gradient_cv_naltmax",0,0,0,0
"PT_2023","gradient_top10_nw",0.495918618316762,0.0125897711742517,0.471242666815228,0.520594569818295
"PT_2023","gradient_top10_nwx",0.510418606539442,0.0155312040254908,0.47997744664948,0.540859766429404
"PT_2023","gradient_top10_ratio",0.971617182269182,0.0150534768918021,0.94211236756125,1.00112199697711
"PT_2023","gradient_top10_ok",1,0,1,1
"PT_2023","gradient_top10_keptmin",1,0,1,1
"PT_2023","gradient_top10_naltmax",0,0,0,0
"PT_2023","gradient_top1_nw",0.164465755485292,0.0152718269611228,0.134532974641491,0.194398536329093
"PT_2023","gradient_top1_nwx",0.168593025844501,0.0172656407898733,0.13475236989635,0.202433681792653
"PT_2023","gradient_top1_ratio",0.975771759677729,0.0362013803555869,0.904817054180779,1.04672646517468
"PT_2023","gradient_top1_ok",1,0,1,1
"PT_2023","gradient_top1_keptmin",1,0,1,1
"PT_2023","gradient_top1_naltmax",0,0,0,0
"PT_2023","gradient_sgini4_nw",0.868752889273986,0.00497952902006687,0.858993012394655,0.878512766153317
"PT_2023","gradient_sgini4_nwx",1.01994554775768,0.072908424624914,0.877045035492852,1.16284606002251
"PT_2023","gradient_sgini4_ratio",0.852566302108696,0.0595595579677274,0.73582956849195,0.969303035725442
"PT_2023","gradient_sgini4_ok",1,0,1,1
"PT_2023","gradient_sgini4_keptmin",1,0,1,1
"PT_2023","gradient_sgini4_naltmax",0,0,0,0
"PT_2023","gradient_gini_abs_nw",193613.491186527,14494.5237397121,165204.224656691,222022.757716362
"PT_2023","gradient_gini_abs_nwx",179376.310800906,13639.0631333742,152643.747059493,206108.87454232
"PT_2023","gradient_gini_abs_ratio",1.07938308408048,0.021544478128672,1.03715590694828,1.12161026121268
"PT_2023","gradient_gini_abs_ok",1,0,1,1
"PT_2023","gradient_gini_abs_keptmin",1,0,1,1
"PT_2023","gradient_gini_abs_naltmax",0,0,0,0
"PT_2023","gradient_variance_nw",459699058725.212,134927320501.856,195241510541.575,724156606908.85
"PT_2023","gradient_variance_nwx",476768735592.769,169679911850.667,144196108365.461,809341362820.076
"PT_2023","gradient_variance_ratio",0.970064344426142,0.208332177082092,0.561733277345242,1.37839541150704
"PT_2023","gradient_variance_ok",1,0,1,1
"PT_2023","gradient_variance_keptmin",1,0,1,1
"PT_2023","gradient_variance_naltmax",0,0,0,0
"PT_2023","gradient_kolm0.5_nw",0.0993217302806644,0.00924613836567596,0.0811992990839395,0.117444161477389
"PT_2023","gradient_kolm0.5_nwx",22.0180195089719,17.7005951469231,-12.6751469789974,56.7111859969413
"PT_2023","gradient_kolm0.5_ratio",0.00554172320327444,0.521180743062961,-1.01597253320013,1.02705597960668
"PT_2023","gradient_kolm0.5_ok",1,0,1,1
"PT_2023","gradient_kolm0.5_keptmin",1,0,1,1
"PT_2023","gradient_kolm0.5_naltmax",0,0,0,0
"PT_2023","gradient_kolm1_nw",0.141926387821885,0.014711991599584,0.1130908842867,0.170761891357069
"PT_2023","gradient_kolm1_nwx",31.0522532503565,20.9514711080857,-10.0126301214915,72.1171366222044
"PT_2023","gradient_kolm1_ratio",0.00498496917317669,0.404604351270976,-0.788039559317937,0.798009497664291
"PT_2023","gradient_kolm1_ok",1,0,1,1
"PT_2023","gradient_kolm1_keptmin",1,0,1,1
"PT_2023","gradient_kolm1_naltmax",0,0,0,0
"PT_2023","gradient_p75_p25_nw",280767.8,15499.8872733511,250388.020944232,311147.579055768
"PT_2023","gradient_p75_p25_nwx",260812.294939404,13583.8660784189,234187.917425703,287436.672453105
"PT_2023","gradient_p75_p25_ratio",1.07657053652742,0.020233578740038,1.03691272219695,1.1162283508579
"PT_2023","gradient_p75_p25_ok",1,0,1,1
"PT_2023","gradient_p75_p25_keptmin",1,0,1,1
"PT_2023","gradient_p75_p25_naltmax",0,0,0,0
"PT_2023","gradient_p90_p10_nw",650960.6399994,43879.5850750181,564956.653252365,736964.626746435
"PT_2023","gradient_p90_p10_nwx",576727.213357544,37363.3629713577,503495.021933683,649959.404781405
"PT_2023","gradient_p90_p10_ratio",1.1288841282556,0.028189426777526,1.07363285177165,1.18413540473955
"PT_2023","gradient_p90_p10_ok",1,0,1,1
"PT_2023","gradient_p90_p10_keptmin",1,0,1,1
"PT_2023","gradient_p90_p10_naltmax",0,0,0,0
"PT_2023","gradient_inter1_nw",0.411037864360273,0.098777551079024,0.217433864245386,0.60464186447516
"PT_2023","gradient_inter1_nwx",0.000350549537393345,0.0120040827623871,-0.0231774526768854,0.023878551751672
"PT_2023","gradient_inter1_ratio",1285.24248617466,938.81870384285,-554.842173357325,3125.32714570664
"PT_2023","gradient_inter1_ok",1,0,1,1
"PT_2023","gradient_inter1_keptmin",1,0,1,1
"PT_2023","gradient_inter1_naltmax",0,0,0,0
"PT_2023","gradient_inter2_nw",1.13021729713245,0.407884064911763,0.330764529905395,1.9296700643595
"PT_2023","gradient_inter2_nwx",0.000331384879572022,0.0235213826512067,-0.0457705251167931,0.0464332948759371
"PT_2023","gradient_inter2_ratio",3892.2989729932,3078.08444464021,-2140.7465385016,9925.344484488
"PT_2023","gradient_inter2_ok",1,0,1,1
"PT_2023","gradient_inter2_keptmin",1,0,1,1
"PT_2023","gradient_inter2_naltmax",0,0,0,0
"PT_2023","gradient_ge2_nw",2.44862204762639,0.44435763480026,1.57768108341788,3.3195630118349
"PT_2023","gradient_ge2_nwx",2.3946349732621,0.523697026984336,1.36818880037281,3.4210811461514
"PT_2023","gradient_ge2_ratio",1.02446769122544,0.0976028916456333,0.833166023599997,1.21576935885088
"PT_2023","gradient_ge2_ok",1,0,1,1
"PT_2023","gradient_ge2_keptmin",0.931151525781962,0.0039464529126669,0.923416478073135,0.938886573490789
"PT_2023","gradient_ge2_naltmax",0.0688484742180378,0.00394645291266687,0.0611134265092107,0.0765835219268649
"PT_2023","gradient_ge_theil_nw",0.843966938236894,0.0470115688604777,0.751824263270358,0.93610961320343
"PT_2023","gradient_ge_theil_nwx",0.818676027716633,0.0515605730516378,0.717617304535423,0.919734750897843
"PT_2023","gradient_ge_theil_ratio",1.03105354693371,0.0269635640691983,0.978204961358085,1.08390213250934
"PT_2023","gradient_ge_theil_ok",1,0,1,1
"PT_2023","gradient_ge_theil_keptmin",0.931151525781962,0.0039464529126669,0.923416478073135,0.938886573490789
"PT_2023","gradient_ge_theil_naltmax",0.0688484742180378,0.00394645291266687,0.0611134265092107,0.0765835219268649
"PT_2023","gradient_ge_mld_nw",1.16248816995563,0.0307687938630377,1.10218133398408,1.22279500592718
"PT_2023","gradient_ge_mld_nwx",1.13178251699314,0.0329890167507936,1.06712404416159,1.1964409898247
"PT_2023","gradient_ge_mld_ratio",1.02717425941582,0.0112166369478519,1.00518965099803,1.04915886783361
"PT_2023","gradient_ge_mld_ok",1,0,1,1
"PT_2023","gradient_ge_mld_keptmin",0.931151525781962,0.0039464529126669,0.923416478073135,0.938886573490789
"PT_2023","gradient_ge_mld_naltmax",0.0688484742180378,0.00394645291266687,0.0611134265092107,0.0765835219268649
"PT_2023","gradient_atkinson05_nw",0.36164570318288,0.0107289831468639,0.340616896215027,0.382674510150733
"PT_2023","gradient_atkinson05_nwx",0.35333904407221,0.0117414195620366,0.330325861730618,0.376352226413801
"PT_2023","gradient_atkinson05_ratio",1.02356448050698,0.0136776630961139,0.9967562608386,1.05037270017537
"PT_2023","gradient_atkinson05_ok",1,0,1,1
"PT_2023","gradient_atkinson05_keptmin",0.931151525781962,0.0039464529126669,0.923416478073135,0.938886573490789
"PT_2023","gradient_atkinson05_naltmax",0.0688484742180378,0.00394645291266687,0.0611134265092107,0.0765835219268649
"PT_2023","gradient_atkinson1_nw",0.687285172822164,0.00960433178053915,0.668460682532307,0.706109663112021
"PT_2023","gradient_atkinson1_nwx",0.677521928697948,0.0106366500871717,0.656674094527091,0.698369762868804
"PT_2023","gradient_atkinson1_ratio",1.01442309324403,0.00598894273018404,1.00268476549287,1.02616142099519
"PT_2023","gradient_atkinson1_ok",1,0,1,1
"PT_2023","gradient_atkinson1_keptmin",0.931151525781962,0.0039464529126669,0.923416478073135,0.938886573490789
"PT_2023","gradient_atkinson1_naltmax",0.0688484742180378,0.00394645291266687,0.0611134265092107,0.0765835219268649
"PT_2023","gradient_atkinson2_nw",0.996449258016445,0.000884221795510168,0.994716183297246,0.998182332735645
"PT_2023","gradient_atkinson2_nwx",0.995952451800917,0.00107252357993473,0.993850305584245,0.998054598017589
"PT_2023","gradient_atkinson2_ratio",1.00049884176083,0.000406531924907445,0.999702039188008,1.00129564433364
"PT_2023","gradient_atkinson2_ok",1,0,1,1
"PT_2023","gradient_atkinson2_keptmin",0.931151525781962,0.0039464529126669,0.923416478073135,0.938886573490789
"PT_2023","gradient_atkinson2_naltmax",0.0688484742180378,0.00394645291266687,0.0611134265092107,0.0765835219268649
"PT_2023","gradient_ge2_bach1_nw",2.56965902094326,0.461345091745059,1.66542264112295,3.47389540076358
"PT_2023","gradient_ge2_bach1_nwx",2.60874557207711,0.560997102412204,1.50919125134919,3.70829989280503
"PT_2023","gradient_ge2_bach1_ratio",0.986835179650313,0.0922936720600478,0.80593958241262,1.16773077688801
"PT_2023","gradient_ge2_bach1_ok",1,0,1,1
"PT_2023","gradient_ge2_bach1_keptmin",1,0,1,1
"PT_2023","gradient_ge2_bach1_naltmax",0.0688484742180378,0.00394645291266687,0.0611134265092107,0.0765835219268649
"PT_2023","gradient_ge_theil_bach1_nw",0.88419562326299,0.0469417078987807,0.79218987578138,0.9762013707446
"PT_2023","gradient_ge_theil_bach1_nwx",0.890006740196291,0.0515033747658564,0.789060125655213,0.99095335473737
"PT_2023","gradient_ge_theil_bach1_ratio",0.993592373793758,0.0235702567771823,0.947394670510481,1.03979007707704
"PT_2023","gradient_ge_theil_bach1_ok",1,0,1,1
"PT_2023","gradient_ge_theil_bach1_keptmin",1,0,1,1
"PT_2023","gradient_ge_theil_bach1_naltmax",0.0688484742180378,0.00394645291266687,0.0611134265092107,0.0765835219268649
"PT_2023","gradient_ge_mld_bach1_nw",1.5751758974385,0.0425434333219916,1.49179076812739,1.6585610267496
"PT_2023","gradient_ge_mld_bach1_nwx",1.84629262128146,0.0508948560641268,1.74653870339577,1.94604653916715
"PT_2023","gradient_ge_mld_bach1_ratio",0.853186217246855,0.0138068678023257,0.826124756354296,0.880247678139413
"PT_2023","gradient_ge_mld_bach1_ok",1,0,1,1
"PT_2023","gradient_ge_mld_bach1_keptmin",1,0,1,1
"PT_2023","gradient_ge_mld_bach1_naltmax",0.0688484742180378,0.00394645291266687,0.0611134265092107,0.0765835219268649
"PT_2023","gradient_atkinson05_bach1_nw",0.386703893165358,0.010432523818329,0.366256146481433,0.407151639849283
"PT_2023","gradient_atkinson05_bach1_nwx",0.397652478189086,0.0111199262027837,0.37585742283163,0.419447533546542
"PT_2023","gradient_atkinson05_bach1_ratio",0.972494854663538,0.0108354332542775,0.951257405485154,0.993732303841922
"PT_2023","gradient_atkinson05_bach1_ok",1,0,1,1
"PT_2023","gradient_atkinson05_bach1_keptmin",1,0,1,1
"PT_2023","gradient_atkinson05_bach1_naltmax",0.0688484742180378,0.00394645291266687,0.0611134265092107,0.0765835219268649
"PT_2023","gradient_atkinson1_bach1_nw",0.793014773019894,0.00887540445814336,0.775618980281933,0.810410565757855
"PT_2023","gradient_atkinson1_bach1_nwx",0.84215943638434,0.00818098387844369,0.826124707982591,0.85819416478609
"PT_2023","gradient_atkinson1_bach1_ratio",0.941647666277954,0.0059257180754923,0.930033258849989,0.953262073705919
"PT_2023","gradient_atkinson1_bach1_ok",1,0,1,1
"PT_2023","gradient_atkinson1_bach1_keptmin",1,0,1,1
"PT_2023","gradient_atkinson1_bach1_naltmax",0.0688484742180378,0.00394645291266687,0.0611134265092107,0.0765835219268649
"PT_2023","gradient_atkinson2_bach1_nw",0.99991696628981,6.60163369909131e-06,0.99990402708776,0.999929905491861
"PT_2023","gradient_atkinson2_bach1_nwx",0.999945107125469,3.46739798464814e-06,0.999938311025419,0.999951903225519
"PT_2023","gradient_atkinson2_bach1_ratio",0.999971857619175,4.4168830151199e-06,0.999963200528465,0.999980514709884
"PT_2023","gradient_atkinson2_bach1_ok",1,0,1,1
"PT_2023","gradient_atkinson2_bach1_keptmin",1,0,1,1
"PT_2023","gradient_atkinson2_bach1_naltmax",0.0688484742180378,0.00394645291266687,0.0611134265092107,0.0765835219268649
"PT_2023","gradient_mu_ratio_nw",0.998198525320075,0.000437822832959505,0.997340392567475,0.999056658072676
"PT_2023","gradient_mu_ratio_nwx",0.929476014163114,0.0322057152614259,0.866352812250719,0.992599216075509
"SI_2023","gradient_gini_nw",0.565665431867465,0.0238408641841213,0.518937338066587,0.612393525668343
"SI_2023","gradient_gini_nwx",0.643372489141051,0.0296718452864999,0.585215672379512,0.701529305902591
"SI_2023","gradient_gini_ratio",0.87936721752619,0.0187746142137868,0.842568973667168,0.916165461385212
"SI_2023","gradient_gini_ok",1,0,1,1
"SI_2023","gradient_gini_keptmin",1,0,1,1
"SI_2023","gradient_gini_naltmax",0,0,0,0
"SI_2023","gradient_gini_rsv_nw",0.564837253432078,0.0238622710453301,0.518067202183231,0.611607304680925
"SI_2023","gradient_gini_rsv_nwx",0.610728842342851,0.0262647349176706,0.559249961904217,0.662207722781485
"SI_2023","gradient_gini_rsv_ratio",0.924921113874192,0.00988681483846044,0.905542956790809,0.944299270957574
"SI_2023","gradient_gini_rsv_ok",1,0,1,1
"SI_2023","gradient_gini_rsv_keptmin",1,0,1,1
"SI_2023","gradient_gini_rsv_naltmax",0,0,0,0
"SI_2023","gradient_cv_nw",1.94670192408606,0.30174182666044,1.35528794383159,2.53811590434052
"SI_2023","gradient_cv_nwx",2.25474003886825,0.370392075713807,1.52877157046919,2.98070850726732
"SI_2023","gradient_cv_ratio",0.864146076970967,0.028951958087141,0.80740023912017,0.920891914821763
"SI_2023","gradient_cv_ok",1,0,1,1
"SI_2023","gradient_cv_keptmin",1,0,1,1
"SI_2023","gradient_cv_naltmax",0,0,0,0
"SI_2023","gradient_top10_nw",0.415232677098733,0.0317896303423837,0.352925001627661,0.477540352569805
"SI_2023","gradient_top10_nwx",0.447871305456989,0.0380221052375547,0.373347979191382,0.522394631722596
"SI_2023","gradient_top10_ratio",0.927529662440575,0.0165317945337371,0.89512734515445,0.9599319797267
"SI_2023","gradient_top10_ok",1,0,1,1
"SI_2023","gradient_top10_keptmin",1,0,1,1
"SI_2023","gradient_top10_naltmax",0,0,0,0
"SI_2023","gradient_top1_nw",0.143364469250465,0.0350235086971998,0.0747183922039537,0.212010546296977
"SI_2023","gradient_top1_nwx",0.159916211931791,0.0427768809211303,0.0760735253263758,0.243758898537207
"SI_2023","gradient_top1_ratio",0.90016986289947,0.0448392300055991,0.812284972088496,0.988054753710445
"SI_2023","gradient_top1_ok",1,0,1,1
"SI_2023","gradient_top1_keptmin",1,0,1,1
"SI_2023","gradient_top1_naltmax",0,0,0,0
"SI_2023","gradient_sgini4_nw",0.803752954357205,0.013041856463705,0.778190915688343,0.829314993026066
"SI_2023","gradient_sgini4_nwx",0.942525181345605,0.030903470395621,0.881954379370188,1.00309598332102
"SI_2023","gradient_sgini4_ratio",0.852950095758209,0.0252897364827677,0.803382212251985,0.902517979264434
"SI_2023","gradient_sgini4_ok",1,0,1,1
"SI_2023","gradient_sgini4_keptmin",1,0,1,1
"SI_2023","gradient_sgini4_naltmax",0,0,0,0
"SI_2023","gradient_gini_abs_nw",133679.39429212,14235.6080332141,105777.60254702,161581.18603722
"SI_2023","gradient_gini_abs_nwx",122187.930000622,14230.8999303458,94295.366137144,150080.4938641
"SI_2023","gradient_gini_abs_ratio",1.09473873175903,0.019151659335768,1.05720147946092,1.13227598405713
"SI_2023","gradient_gini_abs_ok",1,0,1,1
"SI_2023","gradient_gini_abs_keptmin",1,0,1,1
"SI_2023","gradient_gini_abs_naltmax",0,0,0,0
"SI_2023","gradient_variance_nw",216530912887.509,107915159978.635,5017199329.38507,428044626445.634
"SI_2023","gradient_variance_nwx",189331436351.131,105476640436.435,-17402778904.2808,396065651606.543
"SI_2023","gradient_variance_ratio",1.15796940654734,0.0854813377512506,0.990425984554889,1.32551282853979
"SI_2023","gradient_variance_ok",1,0,1,1
"SI_2023","gradient_variance_keptmin",1,0,1,1
"SI_2023","gradient_variance_naltmax",0,0,0,0
"SI_2023","gradient_kolm0.5_nw",0.0971528371871273,0.00868310171545327,0.0801339578248389,0.114171716549416
"SI_2023","gradient_kolm0.5_nwx",0.130735768358771,0.0531785039071492,0.0265059007007587,0.234965636016783
"SI_2023","gradient_kolm0.5_ratio",0.758991812512695,0.185095130043958,0.396205357626537,1.12177826739885
"SI_2023","gradient_kolm0.5_ok",1,0,1,1
"SI_2023","gradient_kolm0.5_keptmin",1,0,1,1
"SI_2023","gradient_kolm0.5_naltmax",0,0,0,0
"SI_2023","gradient_kolm1_nw",0.140525364621755,0.0167210293016401,0.10775214719054,0.173298582052969
"SI_2023","gradient_kolm1_nwx",1.3518759399446,0.923132738215498,-0.457464226957771,3.16121610684698
"SI_2023","gradient_kolm1_ratio",0.144290495254954,0.173541333558906,-0.195850518520502,0.48443150903041
"SI_2023","gradient_kolm1_ok",1,0,1,1
"SI_2023","gradient_kolm1_keptmin",1,0,1,1
"SI_2023","gradient_kolm1_naltmax",0,0,0,0
"SI_2023","gradient_p75_p25_nw",222665.4,9460.00003206142,204123.79993716,241207.00006284
"SI_2023","gradient_p75_p25_nwx",207797.006455605,8918.47116238289,190316.802977334,225277.209933875
"SI_2023","gradient_p75_p25_ratio",1.07168523338571,0.0382547861624137,0.996705852507376,1.14666461426404
"SI_2023","gradient_p75_p25_ok",1,0,1,1
"SI_2023","gradient_p75_p25_keptmin",1,0,1,1
"SI_2023","gradient_p75_p25_naltmax",0,0,0,0
"SI_2023","gradient_p90_p10_nw",474150,19648.6115626067,435638.721337291,512661.278662709
"SI_2023","gradient_p90_p10_nwx",396251.648882166,18298.7118156539,360386.173723484,432117.124040847
"SI_2023","gradient_p90_p10_ratio",1.19717543520389,0.0508017030006523,1.09760409732261,1.29674677308517
"SI_2023","gradient_p90_p10_ok",1,0,1,1
"SI_2023","gradient_p90_p10_keptmin",1,0,1,1
"SI_2023","gradient_p90_p10_naltmax",0,0,0,0
"SI_2023","gradient_inter1_nw",0.453361892962589,0.092878011057666,0.271320991289564,0.635402794635614
"SI_2023","gradient_inter1_nwx",0.00382425563501685,0.00176634297572375,0.000362223402598314,0.0072862878674354
"SI_2023","gradient_inter1_ratio",122.547815601563,22.9444296498495,77.5767334878577,167.518897715268
"SI_2023","gradient_inter1_ok",1,0,1,1
"SI_2023","gradient_inter1_keptmin",1,0,1,1
"SI_2023","gradient_inter1_naltmax",0,0,0,0
"SI_2023","gradient_inter2_nw",1.25673250957162,0.477726934440564,0.320387718068115,2.19307730107513
"SI_2023","gradient_inter2_nwx",0.00496305801497263,0.00271096260662427,-0.000350428694010936,0.0102765447239562
"SI_2023","gradient_inter2_ratio",259.223594651561,32.261070926438,195.991895635743,322.45529366738
"SI_2023","gradient_inter2_ok",1,0,1,1
"SI_2023","gradient_inter2_keptmin",1,0,1,1
"SI_2023","gradient_inter2_naltmax",0,0,0,0
"SI_2023","gradient_ge2_nw",1.85256854001587,0.625818010576201,0.625965239286516,3.07917184074523
"SI_2023","gradient_ge2_nwx",2.14409361253,0.813573690192807,0.5494891797521,3.7386980453079
"SI_2023","gradient_ge2_ratio",0.869938901733169,0.0554800733630273,0.761197957941635,0.978679845524702
"SI_2023","gradient_ge2_ok",1,0,1,1
"SI_2023","gradient_ge2_keptmin",0.927197105934535,0.00910528166156121,0.909350753877875,0.945043457991195
"SI_2023","gradient_ge2_naltmax",0.0728028940654653,0.00910528166156124,0.0549565420088053,0.0906492461221254
"SI_2023","gradient_ge_theil_nw",0.658017186333082,0.0995662742284859,0.46286728884525,0.853167083820914
"SI_2023","gradient_ge_theil_nwx",0.705295977264694,0.12110534404844,0.467929502929751,0.942662451599637
"SI_2023","gradient_ge_theil_ratio",0.934676608555724,0.0287496357718824,0.878327322442835,0.991025894668614
"SI_2023","gradient_ge_theil_ok",1,0,1,1
"SI_2023","gradient_ge_theil_keptmin",0.927197105934535,0.00910528166156121,0.909350753877875,0.945043457991195
"SI_2023","gradient_ge_theil_naltmax",0.0728028940654653,0.00910528166156124,0.0549565420088053,0.0906492461221254
"SI_2023","gradient_ge_mld_nw",0.860344626817878,0.0562039312098905,0.750184921646492,0.970504331989263
"SI_2023","gradient_ge_mld_nwx",0.904272929995788,0.067200068568905,0.772560795600735,1.03598506439084
"SI_2023","gradient_ge_mld_ratio",0.951802486379878,0.0170324752044011,0.918418834979252,0.985186137780504
"SI_2023","gradient_ge_mld_ok",1,0,1,1
"SI_2023","gradient_ge_mld_keptmin",0.927197105934535,0.00910528166156121,0.909350753877875,0.945043457991195
"SI_2023","gradient_ge_mld_naltmax",0.0728028940654653,0.00910528166156124,0.0549565420088053,0.0906492461221254
"SI_2023","gradient_atkinson05_nw",0.28811021967359,0.0249098732166864,0.239286868168885,0.336933571178296
"SI_2023","gradient_atkinson05_nwx",0.30425560983657,0.0297426447960306,0.24596002603635,0.36255119363679
"SI_2023","gradient_atkinson05_ratio",0.947529832272952,0.0177433902233323,0.91275278743522,0.982306877110683
"SI_2023","gradient_atkinson05_ok",1,0,1,1
"SI_2023","gradient_atkinson05_keptmin",0.927197105934535,0.00910528166156121,0.909350753877875,0.945043457991195
"SI_2023","gradient_atkinson05_naltmax",0.0728028940654653,0.00910528166156124,0.0549565420088053,0.0906492461221254
"SI_2023","gradient_atkinson1_nw",0.576799850128372,0.0234167021901067,0.530903113835763,0.622696586420981
"SI_2023","gradient_atkinson1_nwx",0.594851637795774,0.0266916142627715,0.542536073840741,0.647167201750806
"SI_2023","gradient_atkinson1_ratio",0.969783896882149,0.0103095763105849,0.949577127313403,0.989990666450896
"SI_2023","gradient_atkinson1_ok",1,0,1,1
"SI_2023","gradient_atkinson1_keptmin",0.927197105934535,0.00910528166156121,0.909350753877875,0.945043457991195
"SI_2023","gradient_atkinson1_naltmax",0.0728028940654653,0.00910528166156124,0.0549565420088053,0.0906492461221254
"SI_2023","gradient_atkinson2_nw",0.990749412254717,0.0033598586428491,0.984164089314733,0.997334735194702
"SI_2023","gradient_atkinson2_nwx",0.990004060077508,0.00354218597386279,0.983061375568737,0.996946744586279
"SI_2023","gradient_atkinson2_ratio",1.0007530207713,0.00035631743870836,1.00005463859144,1.00145140295117
"SI_2023","gradient_atkinson2_ok",1,0,1,1
"SI_2023","gradient_atkinson2_keptmin",0.927197105934535,0.00910528166156121,0.909350753877875,0.945043457991195
"SI_2023","gradient_atkinson2_naltmax",0.0728028940654653,0.00910528166156124,0.0549565420088053,0.0906492461221254
"SI_2023","gradient_ge2_bach1_nw",1.90957720664048,0.641803618578878,0.65164211422588,3.16751229905508
"SI_2023","gradient_ge2_bach1_nwx",2.3518460490268,0.878202924782442,0.630568316453213,4.07312378160039
"SI_2023","gradient_ge2_bach1_ratio",0.817086382269635,0.0530124694014283,0.713181942242835,0.920990822296434
"SI_2023","gradient_ge2_bach1_ok",1,0,1,1
"SI_2023","gradient_ge2_bach1_keptmin",1,0,1,1
"SI_2023","gradient_ge2_bach1_naltmax",0.0728028940654653,0.00910528166156124,0.0549565420088053,0.0906492461221254
"SI_2023","gradient_ge_theil_bach1_nw",0.681929506127591,0.100137420882172,0.485660161198534,0.878198851056648
"SI_2023","gradient_ge_theil_bach1_nwx",0.780895224611691,0.123004113450831,0.539807162248062,1.02198328697532
"SI_2023","gradient_ge_theil_bach1_ratio",0.874300047496117,0.025498405016526,0.824323173663727,0.924276921328508
"SI_2023","gradient_ge_theil_bach1_ok",1,0,1,1
"SI_2023","gradient_ge_theil_bach1_keptmin",1,0,1,1
"SI_2023","gradient_ge_theil_bach1_naltmax",0.0728028940654653,0.00910528166156124,0.0549565420088053,0.0906492461221254
"SI_2023","gradient_ge_mld_bach1_nw",1.10901926910992,0.0734749352081844,0.965008396101881,1.25303014211796
"SI_2023","gradient_ge_mld_bach1_nwx",1.65497052150151,0.124228847174368,1.41148198103975,1.89845906196327
"SI_2023","gradient_ge_mld_bach1_ratio",0.670733297137309,0.0341299185770281,0.603838656726334,0.737627937548284
"SI_2023","gradient_ge_mld_bach1_ok",1,0,1,1
"SI_2023","gradient_ge_mld_bach1_keptmin",1,0,1,1
"SI_2023","gradient_ge_mld_bach1_naltmax",0.0728028940654653,0.00910528166156124,0.0549565420088053,0.0906492461221254
"SI_2023","gradient_atkinson05_bach1_nw",0.304844360652653,0.0248421645014193,0.256153718229871,0.353535003075435
"SI_2023","gradient_atkinson05_bach1_nwx",0.354611171148079,0.029405276708979,0.29697682879848,0.412245513497678
"SI_2023","gradient_atkinson05_bach1_ratio",0.859906123300694,0.0187423874364788,0.823171043925195,0.896641202676192
"SI_2023","gradient_atkinson05_bach1_ok",1,0,1,1
"SI_2023","gradient_atkinson05_bach1_keptmin",1,0,1,1
"SI_2023","gradient_atkinson05_bach1_naltmax",0.0728028940654653,0.00910528166156124,0.0549565420088053,0.0906492461221254
"SI_2023","gradient_atkinson1_bach1_nw",0.669916866796343,0.0238527397366343,0.62316549691254,0.716668236680146
"SI_2023","gradient_atkinson1_bach1_nwx",0.808344918048506,0.0234342589081815,0.76241377058847,0.854276065508542
"SI_2023","gradient_atkinson1_bach1_ratio",0.82880704675147,0.0199162058429299,0.789771283299327,0.867842810203612
"SI_2023","gradient_atkinson1_bach1_ok",1,0,1,1
"SI_2023","gradient_atkinson1_bach1_keptmin",1,0,1,1
"SI_2023","gradient_atkinson1_bach1_naltmax",0.0728028940654653,0.00910528166156124,0.0549565420088053,0.0906492461221254
"SI_2023","gradient_atkinson2_bach1_nw",0.999823838656185,2.95256734538636e-05,0.999765968336216,0.999881708976155
"SI_2023","gradient_atkinson2_bach1_nwx",0.99992939655378,1.02850293048064e-05,0.999909237896343,0.999949555211217
"SI_2023","gradient_atkinson2_bach1_ratio",0.999894434631334,2.4130560999017e-05,0.999847138731776,0.999941730530892
"SI_2023","gradient_atkinson2_bach1_ok",1,0,1,1
"SI_2023","gradient_atkinson2_bach1_keptmin",1,0,1,1
"SI_2023","gradient_atkinson2_bach1_naltmax",0.0728028940654653,0.00910528166156124,0.0549565420088053,0.0906492461221254
"SI_2023","gradient_mu_ratio_nw",0.998533638310695,0.000452210071169155,0.997647306571204,0.999419970050187
"SI_2023","gradient_mu_ratio_nwx",0.949323226093832,0.0126802861932343,0.924469865155093,0.974176587032571
"SK_2023","gradient_gini_nw",0.473291183150073,0.0135176771212421,0.446796535992439,0.499785830307708
"SK_2023","gradient_gini_nwx",0.519077035499297,0.014979977744018,0.489716279121022,0.548437791877572
"SK_2023","gradient_gini_ratio",0.91180461084065,0.0151321783183917,0.882145541336603,0.941463680344698
"SK_2023","gradient_gini_ok",1,0,1,1
"SK_2023","gradient_gini_keptmin",1,0,1,1
"SK_2023","gradient_gini_naltmax",0,0,0,0
"SK_2023","gradient_gini_rsv_nw",0.472843145607857,0.0135121335736218,0.446359363803558,0.499326927412156
"SK_2023","gradient_gini_rsv_nwx",0.508099205719969,0.0138875621168467,0.480879583970949,0.535318827468988
"SK_2023","gradient_gini_rsv_ratio",0.930615429545599,0.0109026348409524,0.909246265257333,0.951984593833866
"SK_2023","gradient_gini_rsv_ok",1,0,1,1
"SK_2023","gradient_gini_rsv_keptmin",1,0,1,1
"SK_2023","gradient_gini_rsv_naltmax",0,0,0,0
"SK_2023","gradient_cv_nw",1.36463578165224,0.145642892757035,1.07917571184846,1.65009585145603
"SK_2023","gradient_cv_nwx",1.51762687321668,0.176298377878203,1.17208205257541,1.86317169385796
"SK_2023","gradient_cv_ratio",0.899260543637412,0.0164259834231121,0.867065616128112,0.931455471146712
"SK_2023","gradient_cv_ok",1,0,1,1
"SK_2023","gradient_cv_keptmin",1,0,1,1
"SK_2023","gradient_cv_naltmax",0,0,0,0
"SK_2023","gradient_top10_nw",0.35798652306499,0.0154747697599651,0.327655974335458,0.388317071794521
"SK_2023","gradient_top10_nwx",0.373151996852007,0.0167955253477414,0.340232767170434,0.40607122653358
"SK_2023","gradient_top10_ratio",0.959381688146923,0.0135694273577341,0.932785610525764,0.985977765768082
"SK_2023","gradient_top10_ok",1,0,1,1
"SK_2023","gradient_top10_keptmin",1,0,1,1
"SK_2023","gradient_top10_naltmax",0,0,0,0
"SK_2023","gradient_top1_nw",0.0962666188386334,0.0118191209212038,0.073101141833074,0.119432095844193
"SK_2023","gradient_top1_nwx",0.106482941804442,0.0139222029452517,0.0791954240317483,0.133770459577135
"SK_2023","gradient_top1_ratio",0.904574940644093,0.0222149705913686,0.86103359828501,0.948116283003175
"SK_2023","gradient_top1_ok",1,0,1,1
"SK_2023","gradient_top1_keptmin",1,0,1,1
"SK_2023","gradient_top1_naltmax",0,0,0,0
"SK_2023","gradient_sgini4_nw",0.696208725716467,0.0121636091492753,0.672368051783887,0.720049399649046
"SK_2023","gradient_sgini4_nwx",0.778649509046666,0.0176904531209844,0.743976220929536,0.813322797163795
"SK_2023","gradient_sgini4_ratio",0.894131783122244,0.0188169907380458,0.857250481275674,0.931013084968814
"SK_2023","gradient_sgini4_ok",1,0,1,1
"SK_2023","gradient_sgini4_keptmin",1,0,1,1
"SK_2023","gradient_sgini4_naltmax",0,0,0,0
"SK_2023","gradient_gini_abs_nw",79658.7218905662,4423.95891622134,70987.7624147724,88329.68136636
"SK_2023","gradient_gini_abs_nwx",74875.0043607787,4209.64789037353,66624.0944956465,83125.9142259108
"SK_2023","gradient_gini_abs_ratio",1.06391744875043,0.0197571115403827,1.02519351013128,1.10264138736958
"SK_2023","gradient_gini_abs_ok",1,0,1,1
"SK_2023","gradient_gini_abs_keptmin",1,0,1,1
"SK_2023","gradient_gini_abs_naltmax",0,0,0,0
"SK_2023","gradient_variance_nw",52819879918.2894,13097263027.7969,27149244383.8074,78490515452.7714
"SK_2023","gradient_variance_nwx",47996111775.7923,12953627174.4805,22607002513.8105,73385221037.7741
"SK_2023","gradient_variance_ratio",1.10100406951685,0.044092617739214,1.01458253874799,1.18742560028571
"SK_2023","gradient_variance_ok",1,0,1,1
"SK_2023","gradient_variance_keptmin",1,0,1,1
"SK_2023","gradient_variance_naltmax",0,0,0,0
"SK_2023","gradient_kolm0.5_nw",0.119719370628319,0.0165445456736727,0.0872920611079208,0.152146680148718
"SK_2023","gradient_kolm0.5_nwx",0.107977198774797,0.0149167183466687,0.0787404308153261,0.137213966734268
"SK_2023","gradient_kolm0.5_ratio",1.10876679462411,0.0376628184081066,1.03494767054423,1.182585918704
"SK_2023","gradient_kolm0.5_ok",1,0,1,1
"SK_2023","gradient_kolm0.5_keptmin",1,0,1,1
"SK_2023","gradient_kolm0.5_naltmax",0,0,0,0
"SK_2023","gradient_kolm1_nw",0.179645816770221,0.0260365901288469,0.128614100117681,0.230677533422761
"SK_2023","gradient_kolm1_nwx",0.165330146578704,0.0250006358361331,0.116328900339883,0.214331392817525
"SK_2023","gradient_kolm1_ratio",1.08655417394261,0.0378299216985949,1.01240752741336,1.16070082047185
"SK_2023","gradient_kolm1_ok",1,0,1,1
"SK_2023","gradient_kolm1_keptmin",1,0,1,1
"SK_2023","gradient_kolm1_naltmax",0,0,0,0
"SK_2023","gradient_p75_p25_nw",127600,5755.33391976035,116319.54551727,138880.45448273
"SK_2023","gradient_p75_p25_nwx",122636.076625229,5404.96449087673,112042.346223111,133229.807027348
"SK_2023","gradient_p75_p25_ratio",1.0405829876225,0.04318865262823,0.955933228471168,1.12523274677383
"SK_2023","gradient_p75_p25_ok",1,0,1,1
"SK_2023","gradient_p75_p25_keptmin",1,0,1,1
"SK_2023","gradient_p75_p25_naltmax",0,0,0,0
"SK_2023","gradient_p90_p10_nw",280436.1,11984.1796619105,256947.107862655,303925.092137345
"SK_2023","gradient_p90_p10_nwx",256415.748261061,8857.71047657162,239054.635726981,273776.860795142
"SK_2023","gradient_p90_p10_ratio",1.09367770594583,0.0335842781773422,1.02785252071824,1.15950289117342
"SK_2023","gradient_p90_p10_ok",1,0,1,1
"SK_2023","gradient_p90_p10_keptmin",1,0,1,1
"SK_2023","gradient_p90_p10_naltmax",0,0,0,0
"SK_2023","gradient_inter1_nw",0.241691730918182,0.049491363356024,0.144688658740375,0.338694803095989
"SK_2023","gradient_inter1_nwx",0.0227515282563378,0.045866216413939,-0.0671462559149826,0.112649312427658
"SK_2023","gradient_inter1_ratio",10.6453012013867,5.07700885268702,0.694363850120176,20.5962385526533
"SK_2023","gradient_inter1_ok",1,0,1,1
"SK_2023","gradient_inter1_keptmin",1,0,1,1
"SK_2023","gradient_inter1_naltmax",0,0,0,0
"SK_2023","gradient_inter2_nw",0.483209683820319,0.150130559442483,0.188953787313052,0.777465580327587
"SK_2023","gradient_inter2_nwx",0.0347256217270124,0.0907429240542073,-0.143130509419234,0.212581752873259
"SK_2023","gradient_inter2_ratio",13.935414159487,6.97226078477645,0.269783021325159,27.6010452976488
"SK_2023","gradient_inter2_ok",1,0,1,1
"SK_2023","gradient_inter2_keptmin",1,0,1,1
"SK_2023","gradient_inter2_naltmax",0,0,0,0
"SK_2023","gradient_ge2_nw",0.908192812652296,0.19668999719739,0.522680418145411,1.29370520715918
"SK_2023","gradient_ge2_nwx",1.04309492112142,0.251804182823299,0.549558722787753,1.53663111945508
"SK_2023","gradient_ge2_ratio",0.870906459043227,0.0317795991410749,0.80861844472672,0.933194473359734
"SK_2023","gradient_ge2_ok",1,0,1,1
"SK_2023","gradient_ge2_keptmin",0.956636245464826,0.00604023503659553,0.944797384793099,0.968475106136553
"SK_2023","gradient_ge2_naltmax",0.0433637545351738,0.00604023503659554,0.0315248938634465,0.0552026152069011
"SK_2023","gradient_ge_theil_nw",0.436169648423807,0.034841805741392,0.367879709170679,0.504459587676935
"SK_2023","gradient_ge_theil_nwx",0.469619802990138,0.039806579872394,0.391598906440246,0.54764069954003
"SK_2023","gradient_ge_theil_ratio",0.928869800407444,0.0181072830203925,0.893379525687475,0.964360075127413
"SK_2023","gradient_ge_theil_ok",1,0,1,1
"SK_2023","gradient_ge_theil_keptmin",0.956636245464826,0.00604023503659553,0.944797384793099,0.968475106136553
"SK_2023","gradient_ge_theil_naltmax",0.0433637545351738,0.00604023503659554,0.0315248938634465,0.0552026152069011
"SK_2023","gradient_ge_mld_nw",0.515030815946586,0.0307902842456631,0.454681858825087,0.575379773068086
"SK_2023","gradient_ge_mld_nwx",0.550271748501793,0.03348394402361,0.484643218215518,0.615900278788069
"SK_2023","gradient_ge_mld_ratio",0.936026517989246,0.0198192807237336,0.897180727770728,0.974872308207764
"SK_2023","gradient_ge_mld_ok",1,0,1,1
"SK_2023","gradient_ge_mld_keptmin",0.956636245464826,0.00604023503659553,0.944797384793099,0.968475106136553
"SK_2023","gradient_ge_mld_naltmax",0.0433637545351738,0.00604023503659554,0.0315248938634465,0.0552026152069011
"SK_2023","gradient_atkinson05_nw",0.19730827558033,0.011239570480954,0.17527871743766,0.219337833723
"SK_2023","gradient_atkinson05_nwx",0.210862316000526,0.0124399750241864,0.18647996495312,0.235244667047931
"SK_2023","gradient_atkinson05_ratio",0.935766230084268,0.0163722071329383,0.903676704103709,0.967855756064827
"SK_2023","gradient_atkinson05_ok",1,0,1,1
"SK_2023","gradient_atkinson05_keptmin",0.956636245464826,0.00604023503659553,0.944797384793099,0.968475106136553
"SK_2023","gradient_atkinson05_naltmax",0.0433637545351738,0.00604023503659554,0.0315248938634465,0.0552026152069011
"SK_2023","gradient_atkinson1_nw",0.402501032312691,0.0184410316500263,0.366356610278639,0.438645454346742
"SK_2023","gradient_atkinson1_nwx",0.423178896248546,0.0193684177623012,0.385216797434436,0.461140995062656
"SK_2023","gradient_atkinson1_ratio",0.951174371455039,0.0152632115164077,0.92125847688288,0.981090266027198
"SK_2023","gradient_atkinson1_ok",1,0,1,1
"SK_2023","gradient_atkinson1_keptmin",0.956636245464826,0.00604023503659553,0.944797384793099,0.968475106136553
"SK_2023","gradient_atkinson1_naltmax",0.0433637545351738,0.00604023503659554,0.0315248938634465,0.0552026152069011
"SK_2023","gradient_atkinson2_nw",0.977538514678641,0.0282305582707324,0.922206620468006,1.03287040888928
"SK_2023","gradient_atkinson2_nwx",0.974814802375038,0.0333627178581852,0.909423875372995,1.04020572937708
"SK_2023","gradient_atkinson2_ratio",1.0027941296714,0.00858916376435808,0.98595936869326,1.01962889064954
"SK_2023","gradient_atkinson2_ok",1,0,1,1
"SK_2023","gradient_atkinson2_keptmin",0.956636245464826,0.00604023503659553,0.944797384793099,0.968475106136553
"SK_2023","gradient_atkinson2_naltmax",0.0433637545351738,0.00604023503659554,0.0315248938634465,0.0552026152069011
"SK_2023","gradient_ge2_bach1_nw",0.930279670574819,0.20000892546051,0.53826217667222,1.32229716447742
"SK_2023","gradient_ge2_bach1_nwx",1.11307624594306,0.263866325519094,0.59589824792564,1.63025424396049
"SK_2023","gradient_ge2_bach1_ratio",0.835994823937614,0.0288577776578505,0.779433579728227,0.892556068147001
"SK_2023","gradient_ge2_bach1_ok",1,0,1,1
"SK_2023","gradient_ge2_bach1_keptmin",1,0,1,1
"SK_2023","gradient_ge2_bach1_naltmax",0.0433637545351738,0.00604023503659554,0.0315248938634465,0.0552026152069011
"SK_2023","gradient_ge_theil_bach1_nw",0.451730087058073,0.035106284343695,0.382921769744431,0.520538404371715
"SK_2023","gradient_ge_theil_bach1_nwx",0.513949542172291,0.0403198264509727,0.434922682328384,0.592976402016198
"SK_2023","gradient_ge_theil_bach1_ratio",0.878985633279546,0.0172569102638503,0.845162089162399,0.912809177396693
"SK_2023","gradient_ge_theil_bach1_ok",1,0,1,1
"SK_2023","gradient_ge_theil_bach1_keptmin",1,0,1,1
"SK_2023","gradient_ge_theil_bach1_naltmax",0.0433637545351738,0.00604023503659554,0.0315248938634465,0.0552026152069011
"SK_2023","gradient_ge_mld_bach1_nw",0.677575597458596,0.0480502170058452,0.583397172127139,0.771754022790053
"SK_2023","gradient_ge_mld_bach1_nwx",0.999600834119157,0.0686086760430545,0.86512782907477,1.13407383916354
"SK_2023","gradient_ge_mld_bach1_ratio",0.677966945151882,0.0382303351584544,0.603035488241311,0.752898402062452
"SK_2023","gradient_ge_mld_bach1_ok",1,0,1,1
"SK_2023","gradient_ge_mld_bach1_keptmin",1,0,1,1
"SK_2023","gradient_ge_mld_bach1_naltmax",0.0433637545351738,0.00604023503659554,0.0315248938634465,0.0552026152069011
"SK_2023","gradient_atkinson05_bach1_nw",0.209636156543488,0.0114639413635065,0.187166831471015,0.232105481615961
"SK_2023","gradient_atkinson05_bach1_nwx",0.244885308814405,0.012644909164409,0.220101286852163,0.269669330776646
"SK_2023","gradient_atkinson05_bach1_ratio",0.856065962112703,0.0182790277709081,0.820239067681723,0.891892856543683
"SK_2023","gradient_atkinson05_bach1_ok",1,0,1,1
"SK_2023","gradient_atkinson05_bach1_keptmin",1,0,1,1
"SK_2023","gradient_atkinson05_bach1_naltmax",0.0433637545351738,0.00604023503659554,0.0315248938634465,0.0552026152069011
"SK_2023","gradient_atkinson1_bach1_nw",0.492137097013317,0.0245366967853164,0.444045171314097,0.540229022712538
"SK_2023","gradient_atkinson1_bach1_nwx",0.63190480835307,0.0253089132432984,0.582299338396205,0.681510278309935
"SK_2023","gradient_atkinson1_bach1_ratio",0.778851878739875,0.0292021473859322,0.721615669863448,0.836088087616302
"SK_2023","gradient_atkinson1_bach1_ok",1,0,1,1
"SK_2023","gradient_atkinson1_bach1_keptmin",1,0,1,1
"SK_2023","gradient_atkinson1_bach1_naltmax",0.0433637545351738,0.00604023503659554,0.0315248938634465,0.0552026152069011
"SK_2023","gradient_atkinson2_bach1_nw",0.999621216584938,0.00010634122415841,0.999412787785588,0.999829645384289
"SK_2023","gradient_atkinson2_bach1_nwx",0.999842440933626,2.33768088483729e-05,0.999796622388283,0.999888259478968
"SK_2023","gradient_atkinson2_bach1_ratio",0.999778740757931,9.47362036866204e-05,0.999593057798705,0.999964423717157
"SK_2023","gradient_atkinson2_bach1_ok",1,0,1,1
"SK_2023","gradient_atkinson2_bach1_keptmin",1,0,1,1
"SK_2023","gradient_atkinson2_bach1_naltmax",0.0433637545351738,0.00604023503659554,0.0315248938634465,0.0552026152069011
"SK_2023","gradient_mu_ratio_nw",0.999053055978855,0.000302547284006588,0.998460063302202,0.999646048655508
"SK_2023","gradient_mu_ratio_nwx",0.97885854382337,0.00636084029901999,0.966391296837291,0.991325790809449
