"country","regime","allocation","measure","value_nw","value_nwx","ratio","p1","kept_nw","kept_nwx"
"AT_2023","baseline_3pct","actual","atkinson05",0.423186049278165,0.425872796060527,0.994207930524653,-0.171134243717017,0.95517497834344,0.773408570733856
"AT_2023","baseline_3pct","actual","atkinson1",0.747471688509954,0.74277115681332,1.00638130051084,-0.171134243717017,0.95517497834344,0.773408570733856
"AT_2023","baseline_3pct","actual","atkinson2",0.990627978916075,0.984398817473478,1.00632836703399,-0.171134243717017,0.95517497834344,0.773408570733856
"AT_2023","baseline_3pct","actual","cv",2.37374299017505,-150.528499596731,-0.0384435083161929,-0.171134243717017,0.95517497834344,0.773408570733856
"AT_2023","baseline_3pct","actual","ge2",2.73822366556424,3.25698155067791,0.950202980248027,-0.171134243717017,0.95517497834344,0.773408570733856
"AT_2023","baseline_3pct","actual","ge_mld",1.37638701019973,1.35828568915189,1.01357271258934,-0.171134243717017,0.95517497834344,0.773408570733856
"AT_2023","baseline_3pct","actual","ge_theil",0.966720525401035,0.986431707958184,0.983936373587696,-0.171134243717017,0.95517497834344,0.773408570733856
"AT_2023","baseline_3pct","actual","gini",0.699731497952375,-21.7487473639472,-0.0904260671217235,-0.171134243717017,0.95517497834344,0.773408570733856
"AT_2023","baseline_3pct","actual","top1",0.169728318286225,NA,NA,-0.171134243717017,0.95517497834344,0.773408570733856
"AT_2023","baseline_3pct","actual","top10",0.514033503837544,NA,NA,-0.171134243717017,0.95517497834344,0.773408570733856
"AT_2023","baseline_3pct","equal_hh","atkinson05",0.0880364201189487,0.425872796060527,0.205863048991422,-0.171134243717017,0.915451887816335,0.773408570733856
"AT_2023","baseline_3pct","equal_hh","atkinson1",0.155123949372099,0.74277115681332,0.20863954184278,-0.171134243717017,0.915451887816335,0.773408570733856
"AT_2023","baseline_3pct","equal_hh","atkinson2",0.423409723027997,0.984398817473478,0.43005177117565,-0.171134243717017,0.915451887816335,0.773408570733856
"AT_2023","baseline_3pct","equal_hh","cv",8.76671270900373,-150.528499596731,-0.171134243717017,-0.171134243717017,0.915451887816335,0.773408570733856
"AT_2023","baseline_3pct","equal_hh","ge2",0.618305393350865,3.25698155067791,0.179556621306736,-0.171134243717017,0.915451887816335,0.773408570733856
"AT_2023","baseline_3pct","equal_hh","ge_mld",0.168812101334311,1.35828568915189,0.124029910680506,-0.171134243717017,0.915451887816335,0.773408570733856
"AT_2023","baseline_3pct","equal_hh","ge_theil",0.218797679605047,0.986431707958184,0.218920613335611,-0.171134243717017,0.915451887816335,0.773408570733856
"AT_2023","baseline_3pct","equal_hh","gini",1.24028688436221,-21.7487473639472,-0.171134243717017,-0.171134243717017,0.915451887816335,0.773408570733856
"AT_2023","baseline_3pct","equal_hh","top1",0.128614634149329,NA,NA,-0.171134243717017,0.915451887816335,0.773408570733856
"AT_2023","baseline_3pct","equal_hh","top10",0.473785007274225,NA,NA,-0.171134243717017,0.915451887816335,0.773408570733856
"AT_2023","baseline_3pct","equal_pc","atkinson05",0.142081106443325,0.425872796060527,0.333018199736065,-0.171134243717017,0.912838913413623,0.773408570733856
"AT_2023","baseline_3pct","equal_pc","atkinson1",0.259664590157349,0.74277115681332,0.349413876629164,-0.171134243717017,0.912838913413623,0.773408570733856
"AT_2023","baseline_3pct","equal_pc","atkinson2",0.482071278483641,0.984398817473478,0.489720031280583,-0.171134243717017,0.912838913413623,0.773408570733856
"AT_2023","baseline_3pct","equal_pc","cv",8.78895703257584,-150.528499596731,-0.171381948673224,-0.171134243717017,0.912838913413623,0.773408570733856
"AT_2023","baseline_3pct","equal_pc","ge2",0.731590753505971,3.25698155067791,0.226377746354044,-0.171134243717017,0.912838913413623,0.773408570733856
"AT_2023","baseline_3pct","equal_pc","ge_mld",0.300938108649586,1.35828568915189,0.221333383380875,-0.171134243717017,0.912838913413623,0.773408570733856
"AT_2023","baseline_3pct","equal_pc","ge_theil",0.324859437912145,0.986431707958184,0.327773634885386,-0.171134243717017,0.912838913413623,0.773408570733856
"AT_2023","baseline_3pct","equal_pc","gini",1.42203011421425,-21.7487473639472,-0.196900863488151,-0.171134243717017,0.912838913413623,0.773408570733856
"AT_2023","baseline_3pct","equal_pc","top1",0.135428874886232,NA,NA,-0.171134243717017,0.912838913413623,0.773408570733856
"AT_2023","baseline_3pct","equal_pc","top10",0.525770396721146,NA,NA,-0.171134243717017,0.912838913413623,0.773408570733856
"AT_2023","baseline_3pct","mean_nwx","atkinson05",0.523910394938992,0.425872796060527,1.23118529845155,-0.171134243717017,0.298810158087496,0.773408570733856
"AT_2023","baseline_3pct","mean_nwx","atkinson1",0.780994382307808,0.74277115681332,1.05131456429432,-0.171134243717017,0.298810158087496,0.773408570733856
"AT_2023","baseline_3pct","mean_nwx","atkinson2",0.970310323385251,0.984398817473478,0.985688370793037,-0.171134243717017,0.298810158087496,0.773408570733856
"AT_2023","baseline_3pct","mean_nwx","cv",8.92262231768883,-150.528499596731,-0.174958750450567,-0.171134243717017,0.298810158087496,0.773408570733856
"AT_2023","baseline_3pct","mean_nwx","ge2",8.79058294044029,3.25698155067791,3.38185249937427,-0.171134243717017,0.298810158087496,0.773408570733856
"AT_2023","baseline_3pct","mean_nwx","ge_mld",1.52305301510169,1.35828568915189,1.12038440231766,-0.171134243717017,0.298810158087496,0.773408570733856
"AT_2023","baseline_3pct","mean_nwx","ge_theil",1.5147695225297,0.986431707958184,1.55020648919289,-0.171134243717017,0.298810158087496,0.773408570733856
"AT_2023","baseline_3pct","mean_nwx","gini",1.07913929540586,-21.7487473639472,-0.151865028806892,-0.171134243717017,0.298810158087496,0.773408570733856
"AT_2023","baseline_3pct","mean_nwx","top1",0.525462406428404,NA,NA,-0.171134243717017,0.298810158087496,0.773408570733856
"AT_2023","baseline_3pct","mean_nwx","top10",1.0037114841009,NA,NA,-0.171134243717017,0.298810158087496,0.773408570733856
"AT_2023","capped_3pct","actual","atkinson05",0.423186049278165,0.425872796060527,0.994207930524653,0.622822269133604,0.95517497834344,0.773408570733856
"AT_2023","capped_3pct","actual","atkinson1",0.747471688509954,0.74277115681332,1.00638130051084,0.622822269133604,0.95517497834344,0.773408570733856
"AT_2023","capped_3pct","actual","atkinson2",0.990627978916075,0.984398817473478,1.00632836703399,0.622822269133604,0.95517497834344,0.773408570733856
"AT_2023","capped_3pct","actual","cv",2.37374299017505,2.8460165569794,0.856150903417699,0.622822269133604,0.95517497834344,0.773408570733856
"AT_2023","capped_3pct","actual","ge2",2.73822366556424,3.25698155067791,0.950202980248027,0.622822269133604,0.95517497834344,0.773408570733856
"AT_2023","capped_3pct","actual","ge_mld",1.37638701019973,1.35828568915189,1.01357271258934,0.622822269133604,0.95517497834344,0.773408570733856
"AT_2023","capped_3pct","actual","ge_theil",0.966720525401035,0.986431707958184,0.983936373587696,0.622822269133604,0.95517497834344,0.773408570733856
"AT_2023","capped_3pct","actual","gini",0.699731497952375,0.762817145798538,0.917318938980472,0.622822269133604,0.95517497834344,0.773408570733856
"AT_2023","capped_3pct","actual","top1",0.169728318286225,0.187370441417522,0.909873027759976,0.622822269133604,0.95517497834344,0.773408570733856
"AT_2023","capped_3pct","actual","top10",0.514033503837544,0.57249454405654,0.898004273387758,0.622822269133604,0.95517497834344,0.773408570733856
"AT_2023","capped_3pct","equal_hh","atkinson05",0.194851599457399,0.425872796060527,0.456976955128654,0.622822269133604,0.999405566818083,0.773408570733856
"AT_2023","capped_3pct","equal_hh","atkinson1",0.312898776625751,0.74277115681332,0.421112888746902,0.622822269133604,0.999405566818083,0.773408570733856
"AT_2023","capped_3pct","equal_hh","atkinson2",0.44377460090135,0.984398817473478,0.450812272817143,0.622822269133604,0.999405566818083,0.773408570733856
"AT_2023","capped_3pct","equal_hh","cv",1.77876677163111,2.8460165569794,0.622822269133604,0.622822269133604,0.999405566818083,0.773408570733856
"AT_2023","capped_3pct","equal_hh","ge2",1.72750088225527,3.25698155067791,0.527180761514076,0.622822269133604,0.999405566818083,0.773408570733856
"AT_2023","capped_3pct","equal_hh","ge_mld",0.375496803599252,1.35828568915189,0.276262072897785,0.622822269133604,0.999405566818083,0.773408570733856
"AT_2023","capped_3pct","equal_hh","ge_theil",0.509735808061271,0.986431707958184,0.515049282402628,0.622822269133604,0.999405566818083,0.773408570733856
"AT_2023","capped_3pct","equal_hh","gini",0.475158009292289,0.762817145798538,0.622822269133604,0.622822269133604,0.999405566818083,0.773408570733856
"AT_2023","capped_3pct","equal_hh","top1",0.120675069020822,0.187370441417522,0.643334271702554,0.622822269133604,0.999405566818083,0.773408570733856
"AT_2023","capped_3pct","equal_hh","top10",0.394389355989163,0.57249454405654,0.688775638338391,0.622822269133604,0.999405566818083,0.773408570733856
"AT_2023","capped_3pct","equal_pc","atkinson05",0.237193087715544,0.425872796060527,0.556583891115994,0.622822269133604,0.999543537180912,0.773408570733856
"AT_2023","capped_3pct","equal_pc","atkinson1",0.399294060968386,0.74277115681332,0.537464179811027,0.622822269133604,0.999543537180912,0.773408570733856
"AT_2023","capped_3pct","equal_pc","atkinson2",0.671555249889348,0.984398817473478,0.682267860156511,0.622822269133604,0.999543537180912,0.773408570733856
"AT_2023","capped_3pct","equal_pc","cv",1.82543225292395,2.8460165569794,0.641198435240398,0.622822269133604,0.999543537180912,0.773408570733856
"AT_2023","capped_3pct","equal_pc","ge2",1.80597479074553,3.25698155067791,0.559069393904741,0.622822269133604,0.999543537180912,0.773408570733856
"AT_2023","capped_3pct","equal_pc","ge_mld",0.509889120420988,1.35828568915189,0.375255093416507,0.622822269133604,0.999543537180912,0.773408570733856
"AT_2023","capped_3pct","equal_pc","ge_theil",0.585498759585218,0.986431707958184,0.592727928965524,0.622822269133604,0.999543537180912,0.773408570733856
"AT_2023","capped_3pct","equal_pc","gini",0.536066701597193,0.762817145798538,0.702692005500296,0.622822269133604,0.999543537180912,0.773408570733856
"AT_2023","capped_3pct","equal_pc","top1",0.122684035444531,0.187370441417522,0.654207006761962,0.622822269133604,0.999543537180912,0.773408570733856
"AT_2023","capped_3pct","equal_pc","top10",0.405186420855755,0.57249454405654,0.707653115642318,0.622822269133604,0.999543537180912,0.773408570733856
"AT_2023","capped_3pct","mean_nwx","atkinson05",0.125363458489974,0.425872796060527,0.295130361060637,0.622822269133604,1,0.773408570733856
"AT_2023","capped_3pct","mean_nwx","atkinson1",0.194676078718708,0.74277115681332,0.262219670979908,0.622822269133604,1,0.773408570733856
"AT_2023","capped_3pct","mean_nwx","atkinson2",0.263668834720574,0.984398817473478,0.267843511313682,0.622822269133604,1,0.773408570733856
"AT_2023","capped_3pct","mean_nwx","cv",1.36525953550866,2.8460165569794,0.514328496852454,0.622822269133604,1,0.773408570733856
"AT_2023","capped_3pct","mean_nwx","ge2",0.933433565635411,3.25698155067791,0.382255714802338,0.622822269133604,1,0.773408570733856
"AT_2023","capped_3pct","mean_nwx","ge_mld",0.216565786171746,1.35828568915189,0.159663046477787,0.622822269133604,1,0.773408570733856
"AT_2023","capped_3pct","mean_nwx","ge_theil",0.340068705781664,0.986431707958184,0.349428850728849,0.622822269133604,1,0.773408570733856
"AT_2023","capped_3pct","mean_nwx","gini",0.330030896865703,0.762817145798538,0.432780840557741,0.622822269133604,1,0.773408570733856
"AT_2023","capped_3pct","mean_nwx","top1",0.105449248298373,0.187370441417522,0.574352003291974,0.622822269133604,1,0.773408570733856
"AT_2023","capped_3pct","mean_nwx","top10",0.351319078301807,0.57249454405654,0.614281583687733,0.622822269133604,1,0.773408570733856
"AT_2023","gradient","actual","atkinson05",0.423186049278165,0.404684771248197,1.04621662634619,0.652134348496675,0.95517497834344,0.895719874269116
"AT_2023","gradient","actual","atkinson1",0.747471688509954,0.720244655798559,1.03785420239466,0.652134348496675,0.95517497834344,0.895719874269116
"AT_2023","gradient","actual","atkinson2",0.990627978916075,0.981732686943196,1.00906100108491,0.652134348496675,0.95517497834344,0.895719874269116
"AT_2023","gradient","actual","cv",2.37374299017505,3.34572652526368,0.732703583901368,0.652134348496675,0.95517497834344,0.895719874269116
"AT_2023","gradient","actual","ge2",2.73822366556424,3.04931522035793,1.00006324303962,0.652134348496675,0.95517497834344,0.895719874269116
"AT_2023","gradient","actual","ge_mld",1.37638701019973,1.27419988903191,1.08040172668843,0.652134348496675,0.95517497834344,0.895719874269116
"AT_2023","gradient","actual","ge_theil",0.966720525401035,0.931148500872538,1.04196776756947,0.652134348496675,0.95517497834344,0.895719874269116
"AT_2023","gradient","actual","gini",0.699731497952375,0.883030794658295,0.795372279814842,0.652134348496675,0.95517497834344,0.895719874269116
"AT_2023","gradient","actual","top1",0.169728318286225,0.190248579162031,0.896733979329285,0.652134348496675,0.95517497834344,0.895719874269116
"AT_2023","gradient","actual","top10",0.514033503837544,0.567202429993958,0.907054537811906,0.652134348496675,0.95517497834344,0.895719874269116
"AT_2023","gradient","equal_hh","atkinson05",0.194476061860262,0.404684771248197,0.479846782372776,0.652134348496675,0.973724004257506,0.895719874269116
"AT_2023","gradient","equal_hh","atkinson1",0.32268427152534,0.720244655798559,0.447842113297344,0.652134348496675,0.973724004257506,0.895719874269116
"AT_2023","gradient","equal_hh","atkinson2",0.536160208021025,0.981732686943196,0.546136022355896,0.652134348496675,0.973724004257506,0.895719874269116
"AT_2023","gradient","equal_hh","cv",2.17893498602594,3.34572652526368,0.652134348496675,0.652134348496675,0.973724004257506,0.895719874269116
"AT_2023","gradient","equal_hh","ge2",1.60422520904462,3.04931522035793,0.518960036088322,0.652134348496675,0.973724004257506,0.895719874269116
"AT_2023","gradient","equal_hh","ge_mld",0.390119529437751,1.27419988903191,0.305917533535696,0.652134348496675,0.973724004257506,0.895719874269116
"AT_2023","gradient","equal_hh","ge_theil",0.495873011872338,0.931148500872538,0.530272794014534,0.652134348496675,0.973724004257506,0.895719874269116
"AT_2023","gradient","equal_hh","gini",0.574638515453681,0.883030794658295,0.652134348496675,0.652134348496675,0.973724004257506,0.895719874269116
"AT_2023","gradient","equal_hh","top1",0.127804310149674,0.190248579162031,0.670781476397706,0.652134348496675,0.973724004257506,0.895719874269116
"AT_2023","gradient","equal_hh","top10",0.404467153019321,0.567202429993958,0.713477711859739,0.652134348496675,0.973724004257506,0.895719874269116
"AT_2023","gradient","equal_pc","atkinson05",0.231670526436271,0.404684771248197,0.571964212859851,0.652134348496675,0.971758940022012,0.895719874269116
"AT_2023","gradient","equal_pc","atkinson1",0.400748069834834,0.720244655798559,0.556272354633747,0.652134348496675,0.971758940022012,0.895719874269116
"AT_2023","gradient","equal_pc","atkinson2",0.67922001412373,0.981732686943196,0.691846414071174,0.652134348496675,0.971758940022012,0.895719874269116
"AT_2023","gradient","equal_pc","cv",2.21616835328875,3.34572652526368,0.664576311029692,0.652134348496675,0.971758940022012,0.895719874269116
"AT_2023","gradient","equal_pc","ge2",1.66899456781408,3.04931522035793,0.547509685146093,0.652134348496675,0.971758940022012,0.895719874269116
"AT_2023","gradient","equal_pc","ge_mld",0.512500159898276,1.27419988903191,0.402018530806056,0.652134348496675,0.971758940022012,0.895719874269116
"AT_2023","gradient","equal_pc","ge_theil",0.560963315229169,0.931148500872538,0.601055307564057,0.652134348496675,0.971758940022012,0.895719874269116
"AT_2023","gradient","equal_pc","gini",0.623628467074838,0.883030794658295,0.707510009254419,0.652134348496675,0.971758940022012,0.895719874269116
"AT_2023","gradient","equal_pc","top1",0.129830109938607,0.190248579162031,0.681546699703707,0.652134348496675,0.971758940022012,0.895719874269116
"AT_2023","gradient","equal_pc","top10",0.416460502946131,0.567202429993958,0.734617203158107,0.652134348496675,0.971758940022012,0.895719874269116
"AT_2023","gradient","mean_nwx","atkinson05",0.132614170658952,0.404684771248197,0.328711208320317,0.652134348496675,1,0.895719874269116
"AT_2023","gradient","mean_nwx","atkinson1",0.194706972453847,0.720244655798559,0.270494865294296,0.652134348496675,1,0.895719874269116
"AT_2023","gradient","mean_nwx","atkinson2",0.251035709109945,0.981732686943196,0.255710965439502,0.652134348496675,1,0.895719874269116
"AT_2023","gradient","mean_nwx","cv",1.8282797998904,3.34572652526368,0.561780284301425,0.652134348496675,1,0.895719874269116
"AT_2023","gradient","mean_nwx","ge2",1.77997841817224,3.04931522035793,0.771467779750714,0.652134348496675,1,0.895719874269116
"AT_2023","gradient","mean_nwx","ge_mld",0.216997924799801,1.27419988903191,0.170562700931114,0.652134348496675,1,0.895719874269116
"AT_2023","gradient","mean_nwx","ge_theil",0.39799075364805,0.931148500872538,0.433872219424044,0.652134348496675,1,0.895719874269116
"AT_2023","gradient","mean_nwx","gini",0.314137912412702,0.883030794658295,0.355564550862555,0.652134348496675,1,0.895719874269116
"AT_2023","gradient","mean_nwx","top1",0.133335023940715,0.190248579162031,0.714002880951606,0.652134348496675,1,0.895719874269116
"AT_2023","gradient","mean_nwx","top10",0.35446558381448,0.567202429993958,0.625152016153633,0.652134348496675,1,0.895719874269116
"BE_2023","baseline_3pct","actual","atkinson05",0.328994389898795,0.339428487690364,0.969259438066149,0.765505648800785,0.98065265233251,0.904891235987047
"BE_2023","baseline_3pct","actual","atkinson1",0.658107120270895,0.660884749102399,0.995795986911685,0.765505648800785,0.98065265233251,0.904891235987047
"BE_2023","baseline_3pct","actual","atkinson2",0.994678908435482,0.990710825747459,1.00400533734429,0.765505648800785,0.98065265233251,0.904891235987047
"BE_2023","baseline_3pct","actual","cv",1.79371225497678,2.44837487318763,0.732614392578498,0.765505648800785,0.98065265233251,0.904891235987047
"BE_2023","baseline_3pct","actual","ge2",1.56368718379424,1.90918978966735,0.819031410557091,0.765505648800785,0.98065265233251,0.904891235987047
"BE_2023","baseline_3pct","actual","ge_mld",1.07328593653289,1.08143550864229,0.992460721858902,0.765505648800785,0.98065265233251,0.904891235987047
"BE_2023","baseline_3pct","actual","ge_theil",0.700773885124947,0.749163035870611,0.935410241308621,0.765505648800785,0.98065265233251,0.904891235987047
"BE_2023","baseline_3pct","actual","gini",0.603788573368038,0.769565574886265,0.784584131476083,0.765505648800785,0.98065265233251,0.904891235987047
"BE_2023","baseline_3pct","actual","top1",0.127402300978549,0.161327702185492,0.789717770566007,0.765505648800785,0.98065265233251,0.904891235987047
"BE_2023","baseline_3pct","actual","top10",0.426573201237233,0.497847662636429,0.856835287074168,0.765505648800785,0.98065265233251,0.904891235987047
"BE_2023","baseline_3pct","equal_hh","atkinson05",0.210847654104685,0.339428487690364,0.62118459737574,0.765505648800785,0.963235277197341,0.904891235987047
"BE_2023","baseline_3pct","equal_hh","atkinson1",0.366605977923133,0.660884749102399,0.554718111676414,0.765505648800785,0.963235277197341,0.904891235987047
"BE_2023","baseline_3pct","equal_hh","atkinson2",0.636633458703132,0.990710825747459,0.642601329457229,0.765505648800785,0.963235277197341,0.904891235987047
"BE_2023","baseline_3pct","equal_hh","cv",1.87423895787368,2.44837487318763,0.765505648800785,0.765505648800785,0.963235277197341,0.904891235987047
"BE_2023","baseline_3pct","equal_hh","ge2",1.28769979104628,1.90918978966735,0.674479504305551,0.765505648800785,0.963235277197341,0.904891235987047
"BE_2023","baseline_3pct","equal_hh","ge_mld",0.456665823545035,1.08143550864229,0.422278528117966,0.765505648800785,0.963235277197341,0.904891235987047
"BE_2023","baseline_3pct","equal_hh","ge_theil",0.50955903412137,0.749163035870611,0.680174290255517,0.765505648800785,0.963235277197341,0.904891235987047
"BE_2023","baseline_3pct","equal_hh","gini",0.589105737611053,0.769565574886265,0.765505648800785,0.765505648800785,0.963235277197341,0.904891235987047
"BE_2023","baseline_3pct","equal_hh","top1",0.125842077331442,0.161327702185492,0.780041175005757,0.765505648800785,0.963235277197341,0.904891235987047
"BE_2023","baseline_3pct","equal_hh","top10",0.404553310899934,0.497847662636429,0.81260807505243,0.765505648800785,0.963235277197341,0.904891235987047
"BE_2023","baseline_3pct","equal_pc","atkinson05",0.229740974443856,0.339428487690364,0.67685014650234,0.765505648800785,0.953986323689581,0.904891235987047
"BE_2023","baseline_3pct","equal_pc","atkinson1",0.409335102673488,0.660884749102399,0.619381467912164,0.765505648800785,0.953986323689581,0.904891235987047
"BE_2023","baseline_3pct","equal_pc","atkinson2",0.667416891264651,0.990710825747459,0.673674609201335,0.765505648800785,0.953986323689581,0.904891235987047
"BE_2023","baseline_3pct","equal_pc","cv",1.90127687438856,2.44837487318763,0.776548958687655,0.765505648800785,0.953986323689581,0.904891235987047
"BE_2023","baseline_3pct","equal_pc","ge2",1.30540966396899,1.90918978966735,0.683754932179135,0.765505648800785,0.953986323689581,0.904891235987047
"BE_2023","baseline_3pct","equal_pc","ge_mld",0.526507764366033,1.08143550864229,0.486877762063388,0.765505648800785,0.953986323689581,0.904891235987047
"BE_2023","baseline_3pct","equal_pc","ge_theil",0.538637848848531,0.749163035870611,0.718989924771067,0.765505648800785,0.953986323689581,0.904891235987047
"BE_2023","baseline_3pct","equal_pc","gini",0.615092136128718,0.769565574886265,0.79927346592106,0.765505648800785,0.953986323689581,0.904891235987047
"BE_2023","baseline_3pct","equal_pc","top1",0.127438944835071,0.161327702185492,0.789940304556172,0.765505648800785,0.953986323689581,0.904891235987047
"BE_2023","baseline_3pct","equal_pc","top10",0.410208052974342,0.497847662636429,0.82396724826359,0.765505648800785,0.953986323689581,0.904891235987047
"BE_2023","baseline_3pct","mean_nwx","atkinson05",0.0625060226246469,0.339428487690364,0.184151581838702,0.765505648800785,1,0.904891235987047
"BE_2023","baseline_3pct","mean_nwx","atkinson1",0.0983256545697877,0.660884749102399,0.148779685148115,0.765505648800785,1,0.904891235987047
"BE_2023","baseline_3pct","mean_nwx","atkinson2",0.138390353968544,0.990710825747459,0.139687855860905,0.765505648800785,1,0.904891235987047
"BE_2023","baseline_3pct","mean_nwx","cv",1.01567365087904,2.44837487318763,0.414837894738298,0.765505648800785,1,0.904891235987047
"BE_2023","baseline_3pct","mean_nwx","ge2",0.515800333141142,1.90918978966735,0.270171951014437,0.765505648800785,1,0.904891235987047
"BE_2023","baseline_3pct","mean_nwx","ge_mld",0.103501958727016,1.08143550864229,0.0957103642598797,0.765505648800785,1,0.904891235987047
"BE_2023","baseline_3pct","mean_nwx","ge_theil",0.171169823127192,0.749163035870611,0.228484253824648,0.765505648800785,1,0.904891235987047
"BE_2023","baseline_3pct","mean_nwx","gini",0.205819788196214,0.769565574886265,0.267449324890124,0.765505648800785,1,0.904891235987047
"BE_2023","baseline_3pct","mean_nwx","top1",0.0750281886526267,0.161327702185492,0.46507884596029,0.765505648800785,1,0.904891235987047
"BE_2023","baseline_3pct","mean_nwx","top10",0.256388691644356,0.497847662636429,0.515006390486869,0.765505648800785,1,0.904891235987047
"BE_2023","capped_3pct","actual","atkinson05",0.328994389898795,0.339428487690364,0.969259438066149,0.824665931621853,0.98065265233251,0.904891235987047
"BE_2023","capped_3pct","actual","atkinson1",0.658107120270895,0.660884749102399,0.995795986911685,0.824665931621853,0.98065265233251,0.904891235987047
"BE_2023","capped_3pct","actual","atkinson2",0.994678908435481,0.990710825747459,1.00400533734429,0.824665931621853,0.98065265233251,0.904891235987047
"BE_2023","capped_3pct","actual","cv",1.79371225497678,2.08279089529684,0.861206844362235,0.824665931621853,0.98065265233251,0.904891235987047
"BE_2023","capped_3pct","actual","ge2",1.56368718379424,1.90918978966735,0.819031410557091,0.824665931621853,0.98065265233251,0.904891235987047
"BE_2023","capped_3pct","actual","ge_mld",1.07328593653289,1.08143550864229,0.992460721858902,0.824665931621853,0.98065265233251,0.904891235987047
"BE_2023","capped_3pct","actual","ge_theil",0.700773885124947,0.749163035870611,0.935410241308621,0.824665931621853,0.98065265233251,0.904891235987047
"BE_2023","capped_3pct","actual","gini",0.603788573368038,0.644117395311363,0.937388683189599,0.824665931621853,0.98065265233251,0.904891235987047
"BE_2023","capped_3pct","actual","top1",0.127402300978549,0.149754343369199,0.850749102279305,0.824665931621853,0.98065265233251,0.904891235987047
"BE_2023","capped_3pct","actual","top10",0.426573201237233,0.462132463871897,0.923054022183951,0.824665931621853,0.98065265233251,0.904891235987047
"BE_2023","capped_3pct","equal_hh","atkinson05",0.234441321055662,0.339428487690364,0.690696790091004,0.824665931621853,0.997997404367722,0.904891235987047
"BE_2023","capped_3pct","equal_hh","atkinson1",0.399190029862773,0.660884749102399,0.60402923231127,0.824665931621853,0.997997404367722,0.904891235987047
"BE_2023","capped_3pct","equal_hh","atkinson2",0.600700023498649,0.990710825747459,0.606332457295499,0.824665931621853,0.997997404367722,0.904891235987047
"BE_2023","capped_3pct","equal_hh","cv",1.71760299254993,2.08279089529684,0.824665931621853,0.824665931621853,0.997997404367722,0.904891235987047
"BE_2023","capped_3pct","equal_hh","ge2",1.46974661117218,1.90918978966735,0.769830142960941,0.824665931621853,0.997997404367722,0.904891235987047
"BE_2023","capped_3pct","equal_hh","ge_mld",0.509477296323222,1.08143550864229,0.471126750142174,0.824665931621853,0.997997404367722,0.904891235987047
"BE_2023","capped_3pct","equal_hh","ge_theil",0.569271064530735,0.749163035870611,0.759879093266563,0.824665931621853,0.997997404367722,0.904891235987047
"BE_2023","capped_3pct","equal_hh","gini",0.531181012663714,0.644117395311363,0.824665931621853,0.824665931621853,0.997997404367722,0.904891235987047
"BE_2023","capped_3pct","equal_hh","top1",0.125250474503231,0.149754343369199,0.836374216152858,0.824665931621853,0.997997404367722,0.904891235987047
"BE_2023","capped_3pct","equal_hh","top10",0.398637282617827,0.462132463871897,0.862606693122757,0.824665931621853,0.997997404367722,0.904891235987047
"BE_2023","capped_3pct","equal_pc","atkinson05",0.257021511892945,0.339428487690364,0.757220806362349,0.824665931621853,0.997606011882184,0.904891235987047
"BE_2023","capped_3pct","equal_pc","atkinson1",0.45311495426142,0.660884749102399,0.685624141762694,0.824665931621853,0.997606011882184,0.904891235987047
"BE_2023","capped_3pct","equal_pc","atkinson2",0.701742343914027,0.990710825747459,0.708322085803384,0.824665931621853,0.997606011882184,0.904891235987047
"BE_2023","capped_3pct","equal_pc","cv",1.73719910475461,2.08279089529684,0.83407459663234,0.824665931621853,0.997606011882184,0.904891235987047
"BE_2023","capped_3pct","equal_pc","ge2",1.50238636881775,1.90918978966735,0.786926335185251,0.824665931621853,0.997606011882184,0.904891235987047
"BE_2023","capped_3pct","equal_pc","ge_mld",0.603517134512794,1.08143550864229,0.558085908366321,0.824665931621853,0.997606011882184,0.904891235987047
"BE_2023","capped_3pct","equal_pc","ge_theil",0.60346845856763,0.749163035870611,0.805526681447909,0.824665931621853,0.997606011882184,0.904891235987047
"BE_2023","capped_3pct","equal_pc","gini",0.55059287570541,0.644117395311363,0.854803066603857,0.824665931621853,0.997606011882184,0.904891235987047
"BE_2023","capped_3pct","equal_pc","top1",0.126441586006683,0.149754343369199,0.844328528765739,0.824665931621853,0.997606011882184,0.904891235987047
"BE_2023","capped_3pct","equal_pc","top10",0.40271502202676,0.462132463871897,0.871430984056792,0.824665931621853,0.997606011882184,0.904891235987047
"BE_2023","capped_3pct","mean_nwx","atkinson05",0.0319093855054379,0.339428487690364,0.0940088568344641,0.824665931621853,1,0.904891235987047
"BE_2023","capped_3pct","mean_nwx","atkinson1",0.0549138901154711,0.660884749102399,0.0830914642939019,0.824665931621853,1,0.904891235987047
"BE_2023","capped_3pct","mean_nwx","atkinson2",0.0852793339131388,0.990710825747459,0.086078851935701,0.824665931621853,1,0.904891235987047
"BE_2023","capped_3pct","mean_nwx","cv",0.491773444230612,2.08279089529684,0.236113591048193,0.824665931621853,1,0.904891235987047
"BE_2023","capped_3pct","mean_nwx","ge2",0.120921408312364,1.90918978966735,0.0633369144086805,0.824665931621853,1,0.904891235987047
"BE_2023","capped_3pct","mean_nwx","ge_mld",0.0564792749103409,1.08143550864229,0.0522269678113703,0.824665931621853,1,0.904891235987047
"BE_2023","capped_3pct","mean_nwx","ge_theil",0.0756935119410792,0.749163035870611,0.101037574167652,0.824665931621853,1,0.904891235987047
"BE_2023","capped_3pct","mean_nwx","gini",0.150734781438383,0.644117395311363,0.234017296808362,0.824665931621853,1,0.904891235987047
"BE_2023","capped_3pct","mean_nwx","top1",0.0430185245136785,0.149754343369199,0.28726667078721,0.824665931621853,1,0.904891235987047
"BE_2023","capped_3pct","mean_nwx","top10",0.209701678457307,0.462132463871897,0.453780264218473,0.824665931621853,1,0.904891235987047
"BE_2023","gradient","actual","atkinson05",0.328994389898795,0.325551788495891,1.01058202368224,0.850894796908608,0.98065265233251,0.951775648444912
"BE_2023","gradient","actual","atkinson1",0.658107120270895,0.644342371597862,1.02136999167104,0.850894796908608,0.98065265233251,0.951775648444912
"BE_2023","gradient","actual","atkinson2",0.994678908435482,0.990004390345516,1.00472174808011,0.850894796908608,0.98065265233251,0.951775648444912
"BE_2023","gradient","actual","cv",1.79371225497678,1.98754004296928,0.902480649379938,0.850894796908608,0.98065265233251,0.951775648444912
"BE_2023","gradient","actual","ge2",1.56368718379424,1.81819577827706,0.860035200061414,0.850894796908608,0.98065265233251,0.951775648444912
"BE_2023","gradient","actual","ge_mld",1.07328593653289,1.03383108262825,1.0381858560865,0.850894796908608,0.98065265233251,0.951775648444912
"BE_2023","gradient","actual","ge_theil",0.700773885124947,0.712290995475255,0.983839182563817,0.850894796908608,0.98065265233251,0.951775648444912
"BE_2023","gradient","actual","gini",0.603788573368038,0.619805006818132,0.974158556507076,0.850894796908608,0.98065265233251,0.951775648444912
"BE_2023","gradient","actual","top1",0.127402300978549,0.142191180453616,0.89600879835381,0.850894796908608,0.98065265233251,0.951775648444912
"BE_2023","gradient","actual","top10",0.426573201237233,0.438836958265704,0.972056121282001,0.850894796908608,0.98065265233251,0.951775648444912
"BE_2023","gradient","equal_hh","atkinson05",0.227206040203869,0.325551788495891,0.697917978294566,0.850894796908608,0.989332945906126,0.951775648444912
"BE_2023","gradient","equal_hh","atkinson1",0.395780847557384,0.644342371597862,0.614250482055908,0.850894796908608,0.989332945906126,0.951775648444912
"BE_2023","gradient","equal_hh","atkinson2",0.618334494871239,0.990004390345516,0.624577604164759,0.850894796908608,0.989332945906126,0.951775648444912
"BE_2023","gradient","equal_hh","cv",1.6911798479695,1.98754004296928,0.850894796908608,0.850894796908608,0.989332945906126,0.951775648444912
"BE_2023","gradient","equal_hh","ge2",1.39446194458041,1.81819577827706,0.766963856175662,0.850894796908608,0.989332945906126,0.951775648444912
"BE_2023","gradient","equal_hh","ge_mld",0.50382126825218,1.03383108262825,0.487363640374717,0.850894796908608,0.989332945906126,0.951775648444912
"BE_2023","gradient","equal_hh","ge_theil",0.543265129260257,0.712290995475255,0.762709552276533,0.850894796908608,0.989332945906126,0.951775648444912
"BE_2023","gradient","equal_hh","gini",0.527388288742759,0.619805006818132,0.850894796908608,0.850894796908608,0.989332945906126,0.951775648444912
"BE_2023","gradient","equal_hh","top1",0.122480273772527,0.142191180453616,0.861381136911547,0.850894796908608,0.989332945906126,0.951775648444912
"BE_2023","gradient","equal_hh","top10",0.388313049147151,0.438836958265704,0.884872375846649,0.850894796908608,0.989332945906126,0.951775648444912
"BE_2023","gradient","equal_pc","atkinson05",0.244484416847797,0.325551788495891,0.750996171722986,0.850894796908608,0.98764904165395,0.951775648444912
"BE_2023","gradient","equal_pc","atkinson1",0.440406548430686,0.644342371597862,0.683515695624539,0.850894796908608,0.98764904165395,0.951775648444912
"BE_2023","gradient","equal_pc","atkinson2",0.71858971156682,0.990004390345516,0.725846014777763,0.850894796908608,0.98764904165395,0.951775648444912
"BE_2023","gradient","equal_pc","cv",1.70694812051111,1.98754004296928,0.85882839219794,0.850894796908608,0.98764904165395,0.951775648444912
"BE_2023","gradient","equal_pc","ge2",1.41746156361442,1.81819577827706,0.779613567229349,0.850894796908608,0.98764904165395,0.951775648444912
"BE_2023","gradient","equal_pc","ge_mld",0.580546641862524,1.03383108262825,0.561594470195586,0.850894796908608,0.98764904165395,0.951775648444912
"BE_2023","gradient","equal_pc","ge_theil",0.568180208407727,0.712290995475255,0.797689613946371,0.850894796908608,0.98764904165395,0.951775648444912
"BE_2023","gradient","equal_pc","gini",0.54123685168929,0.619805006818132,0.873238365359228,0.850894796908608,0.98764904165395,0.951775648444912
"BE_2023","gradient","equal_pc","top1",0.123496804758253,0.142191180453616,0.868530439803934,0.850894796908608,0.98764904165395,0.951775648444912
"BE_2023","gradient","equal_pc","top10",0.391589538754852,0.438836958265704,0.892339239081247,0.850894796908608,0.98764904165395,0.951775648444912
"BE_2023","gradient","mean_nwx","atkinson05",0.0271660318842411,0.325551788495891,0.0834485324306694,0.850894796908608,1,0.951775648444912
"BE_2023","gradient","mean_nwx","atkinson1",0.0459561570165875,0.644342371597862,0.0713257903745352,0.850894796908608,1,0.951775648444912
"BE_2023","gradient","mean_nwx","atkinson2",0.0702544589336945,0.990004390345516,0.0709637456927039,0.850894796908608,1,0.951775648444912
"BE_2023","gradient","mean_nwx","cv",0.49541352311216,1.98754004296928,0.249254162005178,0.850894796908608,1,0.951775648444912
"BE_2023","gradient","mean_nwx","ge2",0.122786833480862,1.81819577827706,0.0675277127569596,0.850894796908608,1,0.951775648444912
"BE_2023","gradient","mean_nwx","ge_mld",0.0470460704002076,1.03383108262825,0.0455117863371435,0.850894796908608,1,0.951775648444912
"BE_2023","gradient","mean_nwx","ge_theil",0.0663944878645305,0.712290995475255,0.0932129056188181,0.850894796908608,1,0.951775648444912
"BE_2023","gradient","mean_nwx","gini",0.129757899267135,0.619805006818132,0.2093524840161,0.850894796908608,1,0.951775648444912
"BE_2023","gradient","mean_nwx","top1",0.0437419890198679,0.142191180453616,0.307621365740963,0.850894796908608,1,0.951775648444912
"BE_2023","gradient","mean_nwx","top10",0.197839098133864,0.438836958265704,0.450833317622395,0.850894796908608,1,0.951775648444912
"CY_2023","baseline_3pct","actual","atkinson05",0.30726717291181,0.325237444004957,0.944811228729587,0.707449857534265,0.958320523284272,0.844002258424334
"CY_2023","baseline_3pct","actual","atkinson1",0.638041658642446,0.662802547034717,0.962638283909396,0.707449857534265,0.958320523284272,0.844002258424334
"CY_2023","baseline_3pct","actual","atkinson2",0.991211220080988,0.991413947265258,0.99979405477979,0.707449857534265,0.958320523284272,0.844002258424334
"CY_2023","baseline_3pct","actual","cv",1.51200702222615,2.09504278014611,0.721571491124364,0.707449857534265,0.958320523284272,0.844002258424334
"CY_2023","baseline_3pct","actual","ge2",1.04231228379803,1.15346480953389,0.906187666034799,0.707449857534265,0.958320523284272,0.844002258424334
"CY_2023","baseline_3pct","actual","ge_mld",1.01636160586677,1.08722179040018,0.93482196877846,0.707449857534265,0.958320523284272,0.844002258424334
"CY_2023","baseline_3pct","actual","ge_theil",0.630215585277387,0.672578491285177,0.937317619886287,0.707449857534265,0.958320523284272,0.844002258424334
"CY_2023","baseline_3pct","actual","gini",0.610119338682465,0.866307399021542,0.704329850008606,0.707449857534265,0.958320523284272,0.844002258424334
"CY_2023","baseline_3pct","actual","top1",0.107481902738078,0.140828617713762,0.763604314100936,0.707449857534265,0.958320523284272,0.844002258424334
"CY_2023","baseline_3pct","actual","top10",0.427257137411708,0.529481926838457,0.806876920719375,0.707449857534265,0.958320523284272,0.844002258424334
"CY_2023","baseline_3pct","equal_hh","atkinson05",0.189614042058031,0.325237444004957,0.582895719605829,0.707449857534265,0.92001731575328,0.844002258424334
"CY_2023","baseline_3pct","equal_hh","atkinson1",0.339455332350799,0.662802547034717,0.512262076315421,0.707449857534265,0.92001731575328,0.844002258424334
"CY_2023","baseline_3pct","equal_hh","atkinson2",0.615318836933274,0.991413947265258,0.620716292863061,0.707449857534265,0.92001731575328,0.844002258424334
"CY_2023","baseline_3pct","equal_hh","cv",1.48253779094715,2.09504278014611,0.707449857534265,0.707449857534265,0.92001731575328,0.844002258424334
"CY_2023","baseline_3pct","equal_hh","ge2",0.746806469854411,1.15346480953389,0.647133156027889,0.707449857534265,0.92001731575328,0.844002258424334
"CY_2023","baseline_3pct","equal_hh","ge_mld",0.414779398141488,1.08722179040018,0.381716983378963,0.707449857534265,0.92001731575328,0.844002258424334
"CY_2023","baseline_3pct","equal_hh","ge_theil",0.43181820166598,0.672578491285177,0.641782873755727,0.707449857534265,0.92001731575328,0.844002258424334
"CY_2023","baseline_3pct","equal_hh","gini",0.612841020090367,0.866307399021542,0.707449857534265,0.707449857534265,0.92001731575328,0.844002258424334
"CY_2023","baseline_3pct","equal_hh","top1",0.102618030380033,0.140828617713762,0.728381669751065,0.707449857534265,0.92001731575328,0.844002258424334
"CY_2023","baseline_3pct","equal_hh","top10",0.40389333696977,0.529481926838457,0.762743249792095,0.707449857534265,0.92001731575328,0.844002258424334
"CY_2023","baseline_3pct","equal_pc","atkinson05",0.212464774891853,0.325237444004957,0.653195024495551,0.707449857534265,0.915146987199418,0.844002258424334
"CY_2023","baseline_3pct","equal_pc","atkinson1",0.391317277227558,0.662802547034717,0.590516580843382,0.707449857534265,0.915146987199418,0.844002258424334
"CY_2023","baseline_3pct","equal_pc","atkinson2",0.696565808388019,0.991413947265258,0.702658682121461,0.707449857534265,0.915146987199418,0.844002258424334
"CY_2023","baseline_3pct","equal_pc","cv",1.51574913860653,2.09504278014611,0.723363990331093,0.707449857534265,0.915146987199418,0.844002258424334
"CY_2023","baseline_3pct","equal_pc","ge2",0.773085980517118,1.15346480953389,0.670167367104625,0.707449857534265,0.915146987199418,0.844002258424334
"CY_2023","baseline_3pct","equal_pc","ge_mld",0.496528265615837,1.08722179040018,0.456939011960242,0.707449857534265,0.915146987199418,0.844002258424334
"CY_2023","baseline_3pct","equal_pc","ge_theil",0.467961364015855,0.672578491285177,0.695621173333369,0.707449857534265,0.915146987199418,0.844002258424334
"CY_2023","baseline_3pct","equal_pc","gini",0.642195328030189,0.866307399021542,0.741325063326552,0.707449857534265,0.915146987199418,0.844002258424334
"CY_2023","baseline_3pct","equal_pc","top1",0.103391048931755,0.140828617713762,0.733938121047024,0.707449857534265,0.915146987199418,0.844002258424334
"CY_2023","baseline_3pct","equal_pc","top10",0.411221072055131,0.529481926838457,0.776597725239945,0.707449857534265,0.915146987199418,0.844002258424334
"CY_2023","baseline_3pct","mean_nwx","atkinson05",0.0695278426777273,0.325237444004957,0.213923440639707,0.707449857534265,1,0.844002258424334
"CY_2023","baseline_3pct","mean_nwx","atkinson1",0.11689146837433,0.662802547034717,0.176341637457887,0.707449857534265,1,0.844002258424334
"CY_2023","baseline_3pct","mean_nwx","atkinson2",0.174464640713036,0.991413947265258,0.175943460681567,0.707449857534265,1,0.844002258424334
"CY_2023","baseline_3pct","mean_nwx","cv",0.771924510305814,2.09504278014611,0.369109277775382,0.707449857534265,1,0.844002258424334
"CY_2023","baseline_3pct","mean_nwx","ge2",0.298051475747615,1.15346480953389,0.262333915759614,0.707449857534265,1,0.844002258424334
"CY_2023","baseline_3pct","mean_nwx","ge_mld",0.12431874407975,1.08722179040018,0.114334073516283,0.707449857534265,1,0.844002258424334
"CY_2023","baseline_3pct","mean_nwx","ge_theil",0.16901837220233,0.672578491285177,0.251952690719373,0.707449857534265,1,0.844002258424334
"CY_2023","baseline_3pct","mean_nwx","gini",0.247062780282663,0.866307399021542,0.285180740898418,0.707449857534265,1,0.844002258424334
"CY_2023","baseline_3pct","mean_nwx","top1",0.0627302837062907,0.140828617713762,0.448547395273621,0.707449857534265,1,0.844002258424334
"CY_2023","baseline_3pct","mean_nwx","top10",0.269028389045568,0.529481926838457,0.508408787060114,0.707449857534265,1,0.844002258424334
"CY_2023","capped_3pct","actual","atkinson05",0.30726717291181,0.325237444004957,0.944811228729587,0.790876983253513,0.958320523284272,0.844002258424334
"CY_2023","capped_3pct","actual","atkinson1",0.638041658642446,0.662802547034717,0.962638283909396,0.790876983253513,0.958320523284272,0.844002258424334
"CY_2023","capped_3pct","actual","atkinson2",0.991211220080988,0.991413947265258,0.99979405477979,0.790876983253513,0.958320523284272,0.844002258424334
"CY_2023","capped_3pct","actual","cv",1.51200702222615,1.73789178267671,0.870332746586336,0.790876983253513,0.958320523284272,0.844002258424334
"CY_2023","capped_3pct","actual","ge2",1.04231228379803,1.15346480953389,0.906187666034799,0.790876983253513,0.958320523284272,0.844002258424334
"CY_2023","capped_3pct","actual","ge_mld",1.01636160586677,1.08722179040018,0.93482196877846,0.790876983253513,0.958320523284272,0.844002258424334
"CY_2023","capped_3pct","actual","ge_theil",0.630215585277387,0.672578491285177,0.937317619886287,0.790876983253513,0.958320523284272,0.844002258424334
"CY_2023","capped_3pct","actual","gini",0.610119338682465,0.676152575484942,0.902341539370395,0.790876983253513,0.958320523284272,0.844002258424334
"CY_2023","capped_3pct","actual","top1",0.107481902738078,0.126002204311352,0.853685425275088,0.790876983253513,0.958320523284272,0.844002258424334
"CY_2023","capped_3pct","actual","top10",0.427257137411708,0.473645328384497,0.902040724412668,0.790876983253513,0.958320523284272,0.844002258424334
"CY_2023","capped_3pct","equal_hh","atkinson05",0.221363323535194,0.325237444004957,0.680509542810408,0.790876983253513,0.988416301784529,0.844002258424334
"CY_2023","capped_3pct","equal_hh","atkinson1",0.384537689857268,0.662802547034717,0.580251344476097,0.790876983253513,0.988416301784529,0.844002258424334
"CY_2023","capped_3pct","equal_hh","atkinson2",0.584621494631604,0.991413947265258,0.589747142204823,0.790876983253513,0.988416301784529,0.844002258424334
"CY_2023","capped_3pct","equal_hh","cv",1.37479322622916,1.73789178267671,0.790876983253513,0.790876983253513,0.988416301784529,0.844002258424334
"CY_2023","capped_3pct","equal_hh","ge2",0.911627233716694,1.15346480953389,0.790324008315121,0.790876983253513,0.988416301784529,0.844002258424334
"CY_2023","capped_3pct","equal_hh","ge_mld",0.485448582135529,1.08722179040018,0.446680650363103,0.790876983253513,0.988416301784529,0.844002258424334
"CY_2023","capped_3pct","equal_hh","ge_theil",0.5101360371231,0.672578491285177,0.758291005836031,0.790876983253513,0.988416301784529,0.844002258424334
"CY_2023","capped_3pct","equal_hh","gini",0.534770490987424,0.676152575484942,0.790876983253513,0.790876983253513,0.988416301784529,0.844002258424334
"CY_2023","capped_3pct","equal_hh","top1",0.10178375912284,0.126002204311352,0.807608960892895,0.790876983253513,0.988416301784529,0.844002258424334
"CY_2023","capped_3pct","equal_hh","top10",0.395550624397845,0.473645328384497,0.835070751332343,0.790876983253513,0.988416301784529,0.844002258424334
"CY_2023","capped_3pct","equal_pc","atkinson05",0.248670352458854,0.325237444004957,0.764555021966481,0.790876983253513,0.989520936739823,0.844002258424334
"CY_2023","capped_3pct","equal_pc","atkinson1",0.449436727872837,0.662802547034717,0.678163756333709,0.790876983253513,0.989520936739823,0.844002258424334
"CY_2023","capped_3pct","equal_pc","atkinson2",0.717190032834721,0.991413947265258,0.723426864843382,0.790876983253513,0.989520936739823,0.844002258424334
"CY_2023","capped_3pct","equal_pc","cv",1.39753955484593,1.73789178267671,0.804050757493472,0.790876983253513,0.989520936739823,0.844002258424334
"CY_2023","capped_3pct","equal_pc","ge2",0.94551833425422,1.15346480953389,0.820279470688324,0.790876983253513,0.989520936739823,0.844002258424334
"CY_2023","capped_3pct","equal_pc","ge_mld",0.596836700084065,1.08722179040018,0.54914329701172,0.790876983253513,0.989520936739823,0.844002258424334
"CY_2023","capped_3pct","equal_pc","ge_theil",0.551509839752854,0.672578491285177,0.8200324171703,0.790876983253513,0.989520936739823,0.844002258424334
"CY_2023","capped_3pct","equal_pc","gini",0.557772881758838,0.676152575484942,0.824906509686889,0.790876983253513,0.989520936739823,0.844002258424334
"CY_2023","capped_3pct","equal_pc","top1",0.102334633612172,0.126002204311352,0.812039278885683,0.790876983253513,0.989520936739823,0.844002258424334
"CY_2023","capped_3pct","equal_pc","top10",0.400531910620989,0.473645328384497,0.845604134212981,0.790876983253513,0.989520936739823,0.844002258424334
"CY_2023","capped_3pct","mean_nwx","atkinson05",0.0390515143582242,0.325237444004957,0.120151079593387,0.790876983253513,1,0.844002258424334
"CY_2023","capped_3pct","mean_nwx","atkinson1",0.0678476474566651,0.662802547034717,0.102368625094753,0.790876983253513,1,0.844002258424334
"CY_2023","capped_3pct","mean_nwx","atkinson2",0.106228754598237,0.991413947265258,0.107136403264868,0.790876983253513,1,0.844002258424334
"CY_2023","capped_3pct","mean_nwx","cv",0.524547118467687,1.73789178267671,0.302673886615942,0.790876983253513,1,0.844002258424334
"CY_2023","capped_3pct","mean_nwx","ge2",0.137600301609239,1.15346480953389,0.120929988916753,0.790876983253513,1,0.844002258424334
"CY_2023","capped_3pct","mean_nwx","ge_mld",0.0702611776548115,1.08722179040018,0.0646353774181915,0.790876983253513,1,0.844002258424334
"CY_2023","capped_3pct","mean_nwx","ge_theil",0.091160924979459,0.672578491285177,0.135858105125589,0.790876983253513,1,0.844002258424334
"CY_2023","capped_3pct","mean_nwx","gini",0.176925050082449,0.676152575484942,0.261711640634215,0.790876983253513,1,0.844002258424334
"CY_2023","capped_3pct","mean_nwx","top1",0.0431396806055788,0.126002204311352,0.344299815179756,0.790876983253513,1,0.844002258424334
"CY_2023","capped_3pct","mean_nwx","top10",0.220888248379609,0.473645328384497,0.46670118849733,0.790876983253513,1,0.844002258424334
"CY_2023","gradient","actual","atkinson05",0.30726717291181,0.295161496790804,1.04110928536529,0.810916122716708,0.958320523284272,0.934966378327706
"CY_2023","gradient","actual","atkinson1",0.638041658642446,0.621917307295628,1.02592896070908,0.810916122716708,0.958320523284272,0.934966378327706
"CY_2023","gradient","actual","atkinson2",0.991211220080988,0.989942261902151,1.00129188741667,0.810916122716708,0.958320523284272,0.934966378327706
"CY_2023","gradient","actual","cv",1.51200702222615,1.59801640273991,0.947085841051378,0.810916122716708,0.958320523284272,0.934966378327706
"CY_2023","gradient","actual","ge2",1.04231228379803,0.992226556294814,1.05720627546801,0.810916122716708,0.958320523284272,0.934966378327706
"CY_2023","gradient","actual","ge_mld",1.01636160586677,0.972756523474067,1.04482695880239,0.810916122716708,0.958320523284272,0.934966378327706
"CY_2023","gradient","actual","ge_theil",0.630215585277387,0.599812352081699,1.05122372058839,0.810916122716708,0.958320523284272,0.934966378327706
"CY_2023","gradient","actual","gini",0.610119338682465,0.644112045576531,0.947257200713148,0.810916122716708,0.958320523284272,0.934966378327706
"CY_2023","gradient","actual","top1",0.107481902738078,0.114981680646254,0.937350091882597,0.810916122716708,0.958320523284272,0.934966378327706
"CY_2023","gradient","actual","top10",0.427257137411708,0.427410482888484,0.999746490662905,0.810916122716708,0.958320523284272,0.934966378327706
"CY_2023","gradient","equal_hh","atkinson05",0.189836365383748,0.295161496790804,0.643067033484768,0.810916122716708,0.975097435032353,0.934966378327706
"CY_2023","gradient","equal_hh","atkinson1",0.344068263205624,0.621917307295628,0.553375464156048,0.810916122716708,0.975097435032353,0.934966378327706
"CY_2023","gradient","equal_hh","atkinson2",0.577713608218802,0.989942261902151,0.583675809717833,0.810916122716708,0.975097435032353,0.934966378327706
"CY_2023","gradient","equal_hh","cv",1.29604509371983,1.59801640273991,0.810916122716708,0.810916122716708,0.975097435032353,0.934966378327706
"CY_2023","gradient","equal_hh","ge2",0.715274707785601,0.992226556294814,0.720588874884198,0.810916122716708,0.975097435032353,0.934966378327706
"CY_2023","gradient","equal_hh","ge_mld",0.42177024226596,0.972756523474067,0.433837043794791,0.810916122716708,0.975097435032353,0.934966378327706
"CY_2023","gradient","equal_hh","ge_theil",0.424892299560819,0.599812352081699,0.708120374484921,0.810916122716708,0.975097435032353,0.934966378327706
"CY_2023","gradient","equal_hh","gini",0.522317294165256,0.644112045576531,0.810916122716708,0.810916122716708,0.975097435032353,0.934966378327706
"CY_2023","gradient","equal_hh","top1",0.0951608438634711,0.114981680646254,0.827544509732216,0.810916122716708,0.975097435032353,0.934966378327706
"CY_2023","gradient","equal_hh","top10",0.365530181068071,0.427410482888484,0.85520375098665,0.810916122716708,0.975097435032353,0.934966378327706
"CY_2023","gradient","equal_pc","atkinson05",0.209865878352441,0.295161496790804,0.710939498539366,0.810916122716708,0.972563125199096,0.934966378327706
"CY_2023","gradient","equal_pc","atkinson1",0.39605598906725,0.621917307295628,0.636883593855086,0.810916122716708,0.972563125199096,0.934966378327706
"CY_2023","gradient","equal_pc","atkinson2",0.739316910349916,0.989942261902151,0.746527348800321,0.810916122716708,0.972563125199096,0.934966378327706
"CY_2023","gradient","equal_pc","cv",1.31543787496318,1.59801640273991,0.823152911595791,0.810916122716708,0.972563125199096,0.934966378327706
"CY_2023","gradient","equal_pc","ge2",0.737512646965372,0.992226556294814,0.743375849282675,0.810916122716708,0.972563125199096,0.934966378327706
"CY_2023","gradient","equal_pc","ge_mld",0.504301641260571,0.972756523474067,0.51854925920073,0.810916122716708,0.972563125199096,0.934966378327706
"CY_2023","gradient","equal_pc","ge_theil",0.454011939246211,0.599812352081699,0.756771173063091,0.810916122716708,0.972563125199096,0.934966378327706
"CY_2023","gradient","equal_pc","gini",0.539641843612909,0.644112045576531,0.83781741293561,0.810916122716708,0.972563125199096,0.934966378327706
"CY_2023","gradient","equal_pc","top1",0.0956783164652152,0.114981680646254,0.832169234583089,0.810916122716708,0.972563125199096,0.934966378327706
"CY_2023","gradient","equal_pc","top10",0.369747935420841,0.427410482888484,0.865087324836022,0.810916122716708,0.972563125199096,0.934966378327706
"CY_2023","gradient","mean_nwx","atkinson05",0.053854679010072,0.295161496790804,0.18255246445612,0.810916122716708,1,0.934966378327706
"CY_2023","gradient","mean_nwx","atkinson1",0.0836327527566942,0.621917307295628,0.134441322737034,0.810916122716708,1,0.934966378327706
"CY_2023","gradient","mean_nwx","atkinson2",0.114818097292503,0.989942261902151,0.115958583112545,0.810916122716708,1,0.934966378327706
"CY_2023","gradient","mean_nwx","cv",0.868588033488011,1.59801640273991,0.545682268016266,0.810916122716708,1,0.934966378327706
"CY_2023","gradient","mean_nwx","ge2",0.377464683700291,0.992226556294814,0.388223581868647,0.810916122716708,1,0.934966378327706
"CY_2023","gradient","mean_nwx","ge_mld",0.0873466309102653,0.972756523474067,0.0897606540755273,0.810916122716708,1,0.934966378327706
"CY_2023","gradient","mean_nwx","ge_theil",0.147503137052321,0.599812352081699,0.246533532843972,0.810916122716708,1,0.934966378327706
"CY_2023","gradient","mean_nwx","gini",0.171744329864111,0.644112045576531,0.266654827119378,0.810916122716708,1,0.934966378327706
"CY_2023","gradient","mean_nwx","top1",0.0772912873646678,0.114981680646254,0.679615007166208,0.810916122716708,1,0.934966378327706
"CY_2023","gradient","mean_nwx","top10",0.240372240854965,0.427410482888484,0.562916438062573,0.810916122716708,1,0.934966378327706
"DE_2023","baseline_3pct","actual","atkinson05",0.43198781385549,0.449729807127018,0.960568910684699,0.686179108556547,0.936325845264877,0.866533990379965
"DE_2023","baseline_3pct","actual","atkinson1",0.77472430400646,0.784464706690341,0.987586761316592,0.686179108556547,0.936325845264877,0.866533990379965
"DE_2023","baseline_3pct","actual","atkinson2",0.994411909416684,0.99395570369531,1.00045921257642,0.686179108556547,0.936325845264877,0.866533990379965
"DE_2023","baseline_3pct","actual","cv",2.07871528858129,3.9956876509174,0.520690463971077,0.686179108556547,0.936325845264877,0.866533990379965
"DE_2023","baseline_3pct","actual","ge2",1.94017080730194,2.17796036725427,0.891120669919185,0.686179108556547,0.936325845264877,0.866533990379965
"DE_2023","baseline_3pct","actual","ge_mld",1.49047726698876,1.53471494830376,0.971195624792435,0.686179108556547,0.936325845264877,0.866533990379965
"DE_2023","baseline_3pct","actual","ge_theil",0.953076451253532,1.01522166770309,0.938841966956189,0.686179108556547,0.936325845264877,0.866533990379965
"DE_2023","baseline_3pct","actual","gini",0.723788804903286,1.12470950627349,0.643919160264318,0.686179108556547,0.936325845264877,0.866533990379965
"DE_2023","baseline_3pct","actual","top1",0.157528849130383,0.217397181775815,0.724628900000315,0.686179108556547,0.936325845264877,0.866533990379965
"DE_2023","baseline_3pct","actual","top10",0.535743094184087,0.696521615316116,0.769272351140614,0.686179108556547,0.936325845264877,0.866533990379965
"DE_2023","baseline_3pct","equal_hh","atkinson05",0.249905960179053,0.449729807127018,0.55565143651762,0.686179108556547,0.958571957376417,0.866533990379965
"DE_2023","baseline_3pct","equal_hh","atkinson1",0.409473301232903,0.784464706690341,0.521970651840448,0.686179108556547,0.958571957376417,0.866533990379965
"DE_2023","baseline_3pct","equal_hh","atkinson2",0.624527831059108,0.99395570369531,0.628331490069552,0.686179108556547,0.958571957376417,0.866533990379965
"DE_2023","baseline_3pct","equal_hh","cv",2.74081849222723,3.9956876509174,0.686179108556547,0.686179108556547,0.958571957376417,0.866533990379965
"DE_2023","baseline_3pct","equal_hh","ge2",1.35224519756548,2.17796036725427,0.62071536897752,0.686179108556547,0.958571957376417,0.866533990379965
"DE_2023","baseline_3pct","equal_hh","ge_mld",0.526813147705251,1.53471494830376,0.343260531974099,0.686179108556547,0.958571957376417,0.866533990379965
"DE_2023","baseline_3pct","equal_hh","ge_theil",0.620711754377779,1.01522166770309,0.611343101298411,0.686179108556547,0.958571957376417,0.866533990379965
"DE_2023","baseline_3pct","equal_hh","gini",0.77150815637495,1.12470950627349,0.686179108556547,0.686179108556547,0.958571957376417,0.866533990379965
"DE_2023","baseline_3pct","equal_hh","top1",0.152313070248003,0.217397181775815,0.700620186934701,0.686179108556547,0.958571957376417,0.866533990379965
"DE_2023","baseline_3pct","equal_hh","top10",0.509261393551417,0.696521615316116,0.731229083297039,0.686179108556547,0.958571957376417,0.866533990379965
"DE_2023","baseline_3pct","equal_pc","atkinson05",0.273001867001714,0.449729807127018,0.607014877045702,0.686179108556547,0.955059677541152,0.866533990379965
"DE_2023","baseline_3pct","equal_pc","atkinson1",0.459391154048758,0.784464706690341,0.585606818520919,0.686179108556547,0.955059677541152,0.866533990379965
"DE_2023","baseline_3pct","equal_pc","atkinson2",0.704310343803706,0.99395570369531,0.708591651075343,0.686179108556547,0.955059677541152,0.866533990379965
"DE_2023","baseline_3pct","equal_pc","cv",2.75520183489034,3.9956876509174,0.689776477976297,0.686179108556547,0.955059677541152,0.866533990379965
"DE_2023","baseline_3pct","equal_pc","ge2",1.37289491239261,2.17796036725427,0.630244483225218,0.686179108556547,0.955059677541152,0.866533990379965
"DE_2023","baseline_3pct","equal_pc","ge_mld",0.615103594067458,1.53471494830376,0.400796087221727,0.686179108556547,0.955059677541152,0.866533990379965
"DE_2023","baseline_3pct","equal_pc","ge_theil",0.656464230545973,1.01522166770309,0.646576957791679,0.686179108556547,0.955059677541152,0.866533990379965
"DE_2023","baseline_3pct","equal_pc","gini",0.804725548461823,1.12470950627349,0.715705348113301,0.686179108556547,0.955059677541152,0.866533990379965
"DE_2023","baseline_3pct","equal_pc","top1",0.152890025716771,0.217397181775815,0.703283688804232,0.686179108556547,0.955059677541152,0.866533990379965
"DE_2023","baseline_3pct","equal_pc","top10",0.513552323513821,0.696521615316116,0.737389485074802,0.686179108556547,0.955059677541152,0.866533990379965
"DE_2023","baseline_3pct","mean_nwx","atkinson05",0.137351410840688,0.449729807127018,0.305480036377791,0.686179108556547,1,0.866533990379965
"DE_2023","baseline_3pct","mean_nwx","atkinson1",0.193897658176792,0.784464706690341,0.247186146921953,0.686179108556547,1,0.866533990379965
"DE_2023","baseline_3pct","mean_nwx","atkinson2",0.242242324267927,0.99395570369531,0.243715667327455,0.686179108556547,1,0.866533990379965
"DE_2023","baseline_3pct","mean_nwx","cv",2.48273039742051,3.9956876509174,0.621425964155688,0.686179108556547,1,0.866533990379965
"DE_2023","baseline_3pct","mean_nwx","ge2",3.0839132199895,2.17796036725427,1.41967730279844,0.686179108556547,1,0.866533990379965
"DE_2023","baseline_3pct","mean_nwx","ge_mld",0.215602093891448,1.53471494830376,0.140510387462603,0.686179108556547,1,0.866533990379965
"DE_2023","baseline_3pct","mean_nwx","ge_theil",0.448476371970366,1.01522166770309,0.442021986411942,0.686179108556547,1,0.866533990379965
"DE_2023","baseline_3pct","mean_nwx","gini",0.293986877629809,1.12470950627349,0.261359322431321,0.686179108556547,1,0.866533990379965
"DE_2023","baseline_3pct","mean_nwx","top1",0.150102642260728,0.217397181775815,0.690484203066136,0.686179108556547,1,0.866533990379965
"DE_2023","baseline_3pct","mean_nwx","top10",0.355426012432115,0.696521615316116,0.510258275057478,0.686179108556547,1,0.866533990379965
"DE_2023","capped_3pct","actual","atkinson05",0.43198781385549,0.449729807127018,0.960568910684699,0.828374611616505,0.936325845264877,0.866533990379965
"DE_2023","capped_3pct","actual","atkinson1",0.77472430400646,0.784464706690341,0.987586761316592,0.828374611616505,0.936325845264877,0.866533990379965
"DE_2023","capped_3pct","actual","atkinson2",0.994411909416684,0.99395570369531,1.00045921257642,0.828374611616505,0.936325845264877,0.866533990379965
"DE_2023","capped_3pct","actual","cv",2.07871528858129,2.31016988389455,0.899860249712222,0.828374611616505,0.936325845264877,0.866533990379965
"DE_2023","capped_3pct","actual","ge2",1.94017080730194,2.17796036725427,0.891120669919185,0.828374611616505,0.936325845264877,0.866533990379965
"DE_2023","capped_3pct","actual","ge_mld",1.49047726698876,1.53471494830376,0.971195624792435,0.828374611616505,0.936325845264877,0.866533990379965
"DE_2023","capped_3pct","actual","ge_theil",0.953076451253532,1.01522166770309,0.938841966956189,0.828374611616505,0.936325845264877,0.866533990379965
"DE_2023","capped_3pct","actual","gini",0.723788804903286,0.762775597517975,0.948888946253093,0.828374611616505,0.936325845264877,0.866533990379965
"DE_2023","capped_3pct","actual","top1",0.157528849130383,0.180076710961297,0.874815825027551,0.828374611616505,0.936325845264877,0.866533990379965
"DE_2023","capped_3pct","actual","top10",0.535743094184087,0.576882854428754,0.928695289848915,0.828374611616505,0.936325845264877,0.866533990379965
"DE_2023","capped_3pct","equal_hh","atkinson05",0.317695674097135,0.449729807127018,0.706410682449658,0.828374611616505,0.994467251307601,0.866533990379965
"DE_2023","capped_3pct","equal_hh","atkinson1",0.510047911223867,0.784464706690341,0.650182879925069,0.828374611616505,0.994467251307601,0.866533990379965
"DE_2023","capped_3pct","equal_hh","atkinson2",0.693413654257205,0.99395570369531,0.697632248847391,0.828374611616505,0.994467251307601,0.866533990379965
"DE_2023","capped_3pct","equal_hh","cv",1.91371987628116,2.31016988389455,0.828374611616505,0.828374611616505,0.994467251307601,0.866533990379965
"DE_2023","capped_3pct","equal_hh","ge2",1.78263964636992,2.17796036725427,0.818541734293302,0.828374611616505,0.994467251307601,0.866533990379965
"DE_2023","capped_3pct","equal_hh","ge_mld",0.713463161705575,1.53471494830376,0.464888447171737,0.828374611616505,0.994467251307601,0.866533990379965
"DE_2023","capped_3pct","equal_hh","ge_theil",0.789028404882265,1.01522166770309,0.777199297983826,0.828374611616505,0.994467251307601,0.866533990379965
"DE_2023","capped_3pct","equal_hh","gini",0.631866061904525,0.762775597517975,0.828374611616505,0.828374611616505,0.994467251307601,0.866533990379965
"DE_2023","capped_3pct","equal_hh","top1",0.150891115217403,0.180076710961297,0.837911402434943,0.828374611616505,0.994467251307601,0.866533990379965
"DE_2023","capped_3pct","equal_hh","top10",0.495041843245421,0.576882854428754,0.858127927783674,0.828374611616505,0.994467251307601,0.866533990379965
"DE_2023","capped_3pct","equal_pc","atkinson05",0.335001117485027,0.449729807127018,0.744890955150602,0.828374611616505,0.990786343291983,0.866533990379965
"DE_2023","capped_3pct","equal_pc","atkinson1",0.548908700497563,0.784464706690341,0.699720452624922,0.828374611616505,0.990786343291983,0.866533990379965
"DE_2023","capped_3pct","equal_pc","atkinson2",0.753420848088835,0.99395570369531,0.758005848946928,0.828374611616505,0.990786343291983,0.866533990379965
"DE_2023","capped_3pct","equal_pc","cv",1.9248022919732,2.31016988389455,0.833176085247912,0.828374611616505,0.990786343291983,0.866533990379965
"DE_2023","capped_3pct","equal_pc","ge2",1.79389006990357,2.17796036725427,0.823716387848195,0.828374611616505,0.990786343291983,0.866533990379965
"DE_2023","capped_3pct","equal_pc","ge_mld",0.796106705007738,1.53471494830376,0.518736587880282,0.828374611616505,0.990786343291983,0.866533990379965
"DE_2023","capped_3pct","equal_pc","ge_theil",0.813173999212007,1.01522166770309,0.800985521649253,0.828374611616505,0.990786343291983,0.866533990379965
"DE_2023","capped_3pct","equal_pc","gini",0.64867242877935,0.762775597517975,0.850408213255895,0.828374611616505,0.990786343291983,0.866533990379965
"DE_2023","capped_3pct","equal_pc","top1",0.151205572559458,0.180076710961297,0.839665115374664,0.828374611616505,0.990786343291983,0.866533990379965
"DE_2023","capped_3pct","equal_pc","top10",0.497074370076512,0.576882854428754,0.861650604029252,0.828374611616505,0.990786343291983,0.866533990379965
"DE_2023","capped_3pct","mean_nwx","atkinson05",0.0443525390345418,0.449729807127018,0.0986376206870413,0.828374611616505,1,0.866533990379965
"DE_2023","capped_3pct","mean_nwx","atkinson1",0.0716828864256057,0.784464706690341,0.0913825241371608,0.828374611616505,1,0.866533990379965
"DE_2023","capped_3pct","mean_nwx","atkinson2",0.103228890292134,0.99395570369531,0.103857743055178,0.828374611616505,1,0.866533990379965
"DE_2023","capped_3pct","mean_nwx","cv",0.771592688075859,2.31016988389455,0.334144081510611,0.828374611616505,1,0.866533990379965
"DE_2023","capped_3pct","mean_nwx","ge2",0.297711384862415,2.17796036725427,0.1369850253658,0.828374611616505,1,0.866533990379965
"DE_2023","capped_3pct","mean_nwx","ge_mld",0.0743827442799275,1.53471494830376,0.0484745641312832,0.828374611616505,1,0.866533990379965
"DE_2023","capped_3pct","mean_nwx","ge_theil",0.116057607732013,1.01522166770309,0.114369252007724,0.828374611616505,1,0.866533990379965
"DE_2023","capped_3pct","mean_nwx","gini",0.156969335129216,0.762775597517975,0.20579218767607,0.828374611616505,1,0.866533990379965
"DE_2023","capped_3pct","mean_nwx","top1",0.0576882307400373,0.180076710961297,0.320619188448457,0.828374611616505,1,0.866533990379965
"DE_2023","capped_3pct","mean_nwx","top10",0.234574401025097,0.576882854428754,0.406657535273938,0.828374611616505,1,0.866533990379965
"DE_2023","gradient","actual","atkinson05",0.43198781385549,0.434087310100523,0.99517122726267,0.865190235514238,0.936325845264877,0.913193477100228
"DE_2023","gradient","actual","atkinson1",0.77472430400646,0.7684974122239,1.00810450119862,0.865190235514238,0.936325845264877,0.913193477100228
"DE_2023","gradient","actual","atkinson2",0.994411909416684,0.993628688559364,1.00078860044508,0.865190235514238,0.936325845264877,0.913193477100228
"DE_2023","gradient","actual","cv",2.07871528858129,2.26532539791274,0.917637115139351,0.865190235514238,0.936325845264877,0.913193477100228
"DE_2023","gradient","actual","ge2",1.94017080730194,2.14458512341991,0.904843974917482,0.865190235514238,0.936325845264877,0.913193477100228
"DE_2023","gradient","actual","ge_mld",1.49047726698876,1.4632250443947,1.0186334551978,0.865190235514238,0.936325845264877,0.913193477100228
"DE_2023","gradient","actual","ge_theil",0.953076451253532,0.978789472751712,0.97375462219595,0.865190235514238,0.936325845264877,0.913193477100228
"DE_2023","gradient","actual","gini",0.723788804903286,0.757085227069029,0.956027812807934,0.865190235514238,0.936325845264877,0.913193477100228
"DE_2023","gradient","actual","top1",0.157528849130383,0.176982478171037,0.890110827379479,0.865190235514238,0.936325845264877,0.913193477100228
"DE_2023","gradient","actual","top10",0.535743094184087,0.556261886876532,0.963114125539717,0.865190235514238,0.936325845264877,0.913193477100228
"DE_2023","gradient","equal_hh","atkinson05",0.323489347274075,0.434087310100523,0.745215355284553,0.865190235514238,0.981209533874461,0.913193477100228
"DE_2023","gradient","equal_hh","atkinson1",0.529793807274218,0.7684974122239,0.689389911793778,0.865190235514238,0.981209533874461,0.913193477100228
"DE_2023","gradient","equal_hh","atkinson2",0.739150134862117,0.993628688559364,0.743889780502322,0.865190235514238,0.981209533874461,0.913193477100228
"DE_2023","gradient","equal_hh","cv",1.95996392274143,2.26532539791274,0.865190235514238,0.865190235514238,0.981209533874461,0.913193477100228
"DE_2023","gradient","equal_hh","ge2",1.78034000297151,2.14458512341991,0.830165096728991,0.865190235514238,0.981209533874461,0.913193477100228
"DE_2023","gradient","equal_hh","ge_mld",0.754604203118143,1.4632250443947,0.515724852960401,0.865190235514238,0.981209533874461,0.913193477100228
"DE_2023","gradient","equal_hh","ge_theil",0.789557706424897,0.978789472751712,0.806663069282748,0.865190235514238,0.981209533874461,0.913193477100228
"DE_2023","gradient","equal_hh","gini",0.655020565450268,0.757085227069029,0.865190235514238,0.865190235514238,0.981209533874461,0.913193477100228
"DE_2023","gradient","equal_hh","top1",0.154475494331879,0.176982478171037,0.872812495585878,0.865190235514238,0.981209533874461,0.913193477100228
"DE_2023","gradient","equal_hh","top10",0.494755007579427,0.556261886876532,0.889426634289132,0.865190235514238,0.981209533874461,0.913193477100228
"DE_2023","gradient","equal_pc","atkinson05",0.336225989655114,0.434087310100523,0.774556920549092,0.865190235514238,0.977569692900354,0.913193477100228
"DE_2023","gradient","equal_pc","atkinson1",0.560046137843868,0.7684974122239,0.728755035490499,0.865190235514238,0.977569692900354,0.913193477100228
"DE_2023","gradient","equal_pc","atkinson2",0.782229570818432,0.993628688559364,0.787242298771471,0.865190235514238,0.977569692900354,0.913193477100228
"DE_2023","gradient","equal_pc","cv",1.96888380862084,2.26532539791274,0.869130662998626,0.865190235514238,0.977569692900354,0.913193477100228
"DE_2023","gradient","equal_pc","ge2",1.78588148109808,2.14458512341991,0.832753700453161,0.865190235514238,0.977569692900354,0.913193477100228
"DE_2023","gradient","equal_pc","ge_mld",0.82110499473295,1.4632250443947,0.561171959404934,0.865190235514238,0.977569692900354,0.913193477100228
"DE_2023","gradient","equal_pc","ge_theil",0.805930420532061,0.978789472751712,0.823392351235016,0.865190235514238,0.977569692900354,0.913193477100228
"DE_2023","gradient","equal_pc","gini",0.666335784743264,0.757085227069029,0.880135633319744,0.865190235514238,0.977569692900354,0.913193477100228
"DE_2023","gradient","equal_pc","top1",0.154762377724571,0.176982478171037,0.874439523879324,0.865190235514238,0.977569692900354,0.913193477100228
"DE_2023","gradient","equal_pc","top10",0.496218720943836,0.556261886876532,0.89205776384285,0.865190235514238,0.977569692900354,0.913193477100228
"DE_2023","gradient","mean_nwx","atkinson05",0.0330620519777369,0.434087310100523,0.0761715366878648,0.865190235514238,1,0.913193477100228
"DE_2023","gradient","mean_nwx","atkinson1",0.0535952158400066,0.7684974122239,0.0697413498506416,0.865190235514238,1,0.913193477100228
"DE_2023","gradient","mean_nwx","atkinson2",0.0771911589159633,0.993628688559364,0.0776866964795798,0.865190235514238,1,0.913193477100228
"DE_2023","gradient","mean_nwx","cv",0.607230302490721,2.26532539791274,0.268124833237552,0.865190235514238,1,0.913193477100228
"DE_2023","gradient","mean_nwx","ge2",0.184443082958239,2.14458512341991,0.0861372506291292,0.865190235514238,1,0.913193477100228
"DE_2023","gradient","mean_nwx","ge_mld",0.0550859031035057,1.4632250443947,0.0376494428613184,0.865190235514238,1,0.913193477100228
"DE_2023","gradient","mean_nwx","ge_theil",0.0853144294683398,0.978789472751712,0.0871882992746749,0.865190235514238,1,0.913193477100228
"DE_2023","gradient","mean_nwx","gini",0.12458603942077,0.757085227069029,0.164558503895904,0.865190235514238,1,0.913193477100228
"DE_2023","gradient","mean_nwx","top1",0.053978586936317,0.176982478171037,0.305193077746524,0.865190235514238,1,0.913193477100228
"DE_2023","gradient","mean_nwx","top10",0.208083832226015,0.556261886876532,0.374094034286003,0.865190235514238,1,0.913193477100228
"EE_2023","baseline_3pct","actual","atkinson05",0.370933440921204,0.383084503230057,0.968286387567639,0.902036701199661,0.969252375654767,0.934186799003196
"EE_2023","baseline_3pct","actual","atkinson1",0.643975642404763,0.654385855283312,0.984093516387965,0.902036701199661,0.969252375654767,0.934186799003196
"EE_2023","baseline_3pct","actual","atkinson2",0.994899420024385,0.994775465916541,1.00012460552524,0.902036701199661,0.969252375654767,0.934186799003196
"EE_2023","baseline_3pct","actual","cv",3.12425427703479,3.44221855736348,0.907627998935566,0.902036701199661,0.969252375654767,0.934186799003196
"EE_2023","baseline_3pct","actual","ge2",4.70157265762369,5.00767414823735,0.938895669598494,0.902036701199661,0.969252375654767,0.934186799003196
"EE_2023","baseline_3pct","actual","ge_mld",1.03279131297506,1.06247695591026,0.972067074396571,0.902036701199661,0.969252375654767,0.934186799003196
"EE_2023","baseline_3pct","actual","ge_theil",0.988058638023483,1.03316985906015,0.956345265897878,0.902036701199661,0.969252375654767,0.934186799003196
"EE_2023","baseline_3pct","actual","gini",0.654767209834333,0.73128281822491,0.895367838137175,0.902036701199661,0.969252375654767,0.934186799003196
"EE_2023","baseline_3pct","actual","top1",0.221605439224239,0.24284057976466,0.912563154142005,0.902036701199661,0.969252375654767,0.934186799003196
"EE_2023","baseline_3pct","actual","top10",0.516351013088587,0.553860954904939,0.932276010123789,0.902036701199661,0.969252375654767,0.934186799003196
"EE_2023","baseline_3pct","equal_hh","atkinson05",0.318211696305435,0.383084503230057,0.830630276932482,0.902036701199661,0.966033643460814,0.934186799003196
"EE_2023","baseline_3pct","equal_hh","atkinson1",0.49944108730787,0.654385855283312,0.763202664206323,0.902036701199661,0.966033643460814,0.934186799003196
"EE_2023","baseline_3pct","equal_hh","atkinson2",0.73142923513953,0.994775465916541,0.735269947838846,0.902036701199661,0.966033643460814,0.934186799003196
"EE_2023","baseline_3pct","equal_hh","cv",3.1050245440736,3.44221855736348,0.902036701199661,0.902036701199661,0.966033643460814,0.934186799003196
"EE_2023","baseline_3pct","equal_hh","ge2",4.28888379893845,5.00767414823735,0.856449890054849,0.902036701199661,0.966033643460814,0.934186799003196
"EE_2023","baseline_3pct","equal_hh","ge_mld",0.692080039455666,1.06247695591026,0.651353119533178,0.902036701199661,0.966033643460814,0.934186799003196
"EE_2023","baseline_3pct","equal_hh","ge_theil",0.893959652493029,1.03316985906015,0.865230440804159,0.902036701199661,0.966033643460814,0.934186799003196
"EE_2023","baseline_3pct","equal_hh","gini",0.659646881015455,0.73128281822491,0.902036701199661,0.902036701199661,0.966033643460814,0.934186799003196
"EE_2023","baseline_3pct","equal_hh","top1",0.220036438235375,0.24284057976466,0.906074868739881,0.902036701199661,0.966033643460814,0.934186799003196
"EE_2023","baseline_3pct","equal_hh","top10",0.509403583541337,0.553860954904939,0.919726712120736,0.902036701199661,0.966033643460814,0.934186799003196
"EE_2023","baseline_3pct","equal_pc","atkinson05",0.333106088578911,0.383084503230057,0.869519099566976,0.902036701199661,0.965066807149799,0.934186799003196
"EE_2023","baseline_3pct","equal_pc","atkinson1",0.536924800325127,0.654385855283312,0.820486339685002,0.902036701199661,0.965066807149799,0.934186799003196
"EE_2023","baseline_3pct","equal_pc","atkinson2",0.833220038091145,0.994775465916541,0.837594057328808,0.902036701199661,0.965066807149799,0.934186799003196
"EE_2023","baseline_3pct","equal_pc","cv",3.11153511645037,3.44221855736348,0.903928715226494,0.902036701199661,0.965066807149799,0.934186799003196
"EE_2023","baseline_3pct","equal_pc","ge2",4.29892519320965,5.00767414823735,0.858461453128288,0.902036701199661,0.965066807149799,0.934186799003196
"EE_2023","baseline_3pct","equal_pc","ge_mld",0.769921110326155,1.06247695591026,0.724619592362696,0.902036701199661,0.965066807149799,0.934186799003196
"EE_2023","baseline_3pct","equal_pc","ge_theil",0.915103362452302,1.03316985906015,0.885706016513725,0.902036701199661,0.965066807149799,0.934186799003196
"EE_2023","baseline_3pct","equal_pc","gini",0.671932663354068,0.73128281822491,0.918837935254791,0.902036701199661,0.965066807149799,0.934186799003196
"EE_2023","baseline_3pct","equal_pc","top1",0.220157487151924,0.24284057976466,0.906573023741795,0.902036701199661,0.965066807149799,0.934186799003196
"EE_2023","baseline_3pct","equal_pc","top10",0.513202480887456,0.553860954904939,0.926586595387652,0.902036701199661,0.965066807149799,0.934186799003196
"EE_2023","baseline_3pct","mean_nwx","atkinson05",0.0251304512700487,0.383084503230057,0.0656171030244456,0.902036701199661,1,0.934186799003196
"EE_2023","baseline_3pct","mean_nwx","atkinson1",0.0397900890935176,0.654385855283312,0.0608108694988998,0.902036701199661,1,0.934186799003196
"EE_2023","baseline_3pct","mean_nwx","atkinson2",0.0561746502346723,0.994775465916541,0.0564697232243885,0.902036701199661,1,0.934186799003196
"EE_2023","baseline_3pct","mean_nwx","cv",0.602991103970097,3.44221855736348,0.175213630633415,0.902036701199661,1,0.934186799003196
"EE_2023","baseline_3pct","mean_nwx","ge2",0.181817396474463,5.00767414823735,0.0363424775055182,0.902036701199661,1,0.934186799003196
"EE_2023","baseline_3pct","mean_nwx","ge_mld",0.0406035393858692,1.06247695591026,0.0382236497332965,0.902036701199661,1,0.934186799003196
"EE_2023","baseline_3pct","mean_nwx","ge_theil",0.0678458666477102,1.03316985906015,0.0657007924827924,0.902036701199661,1,0.934186799003196
"EE_2023","baseline_3pct","mean_nwx","gini",0.0925286825509612,0.73128281822491,0.126536952743392,0.902036701199661,1,0.934186799003196
"EE_2023","baseline_3pct","mean_nwx","top1",0.0503560532023047,0.24284057976466,0.207563871249147,0.902036701199661,1,0.934186799003196
"EE_2023","baseline_3pct","mean_nwx","top10",0.183331571313704,0.553860954904939,0.331041865726558,0.902036701199661,1,0.934186799003196
"EE_2023","capped_3pct","actual","atkinson05",0.370933440921204,0.383084503230057,0.968286387567639,0.93089034706235,0.969252375654767,0.934186799003196
"EE_2023","capped_3pct","actual","atkinson1",0.643975642404763,0.654385855283312,0.984093516387965,0.93089034706235,0.969252375654767,0.934186799003196
"EE_2023","capped_3pct","actual","atkinson2",0.994899420024385,0.994775465916541,1.00012460552524,0.93089034706235,0.969252375654767,0.934186799003196
"EE_2023","capped_3pct","actual","cv",3.12425427703479,3.29001655144767,0.949622387587411,0.93089034706235,0.969252375654767,0.934186799003196
"EE_2023","capped_3pct","actual","ge2",4.70157265762369,5.00767414823735,0.938895669598494,0.93089034706235,0.969252375654767,0.934186799003196
"EE_2023","capped_3pct","actual","ge_mld",1.03279131297506,1.06247695591026,0.972067074396571,0.93089034706235,0.969252375654767,0.934186799003196
"EE_2023","capped_3pct","actual","ge_theil",0.988058638023483,1.03316985906015,0.956345265897878,0.93089034706235,0.969252375654767,0.934186799003196
"EE_2023","capped_3pct","actual","gini",0.654767209834333,0.678064931285904,0.965641158790961,0.93089034706235,0.969252375654767,0.934186799003196
"EE_2023","capped_3pct","actual","top1",0.221605439224239,0.235313776243556,0.941753053229979,0.93089034706235,0.969252375654767,0.934186799003196
"EE_2023","capped_3pct","actual","top10",0.516351013088587,0.536693940796965,0.96209673076641,0.93089034706235,0.969252375654767,0.934186799003196
"EE_2023","capped_3pct","equal_hh","atkinson05",0.343831495100233,0.383084503230057,0.897515544459492,0.93089034706235,0.993526334956217,0.934186799003196
"EE_2023","capped_3pct","equal_hh","atkinson1",0.542593512954293,0.654385855283312,0.82915102041969,0.93089034706235,0.993526334956217,0.934186799003196
"EE_2023","capped_3pct","equal_hh","atkinson2",0.763645463607288,0.994775465916541,0.767655854954352,0.93089034706235,0.993526334956217,0.934186799003196
"EE_2023","capped_3pct","equal_hh","cv",3.06266453060209,3.29001655144767,0.93089034706235,0.93089034706235,0.993526334956217,0.934186799003196
"EE_2023","capped_3pct","equal_hh","ge2",4.65136463421136,5.00767414823735,0.928829339789065,0.93089034706235,0.993526334956217,0.934186799003196
"EE_2023","capped_3pct","equal_hh","ge_mld",0.782230978962609,1.06247695591026,0.736209821470851,0.93089034706235,0.993526334956217,0.934186799003196
"EE_2023","capped_3pct","equal_hh","ge_theil",0.956673161411004,1.03316985906015,0.925938441483031,0.93089034706235,0.993526334956217,0.934186799003196
"EE_2023","capped_3pct","equal_hh","gini",0.631206983845543,0.678064931285904,0.93089034706235,0.93089034706235,0.993526334956217,0.934186799003196
"EE_2023","capped_3pct","equal_hh","top1",0.219747901776748,0.235313776243556,0.93383055119029,0.93089034706235,0.993526334956217,0.934186799003196
"EE_2023","capped_3pct","equal_hh","top10",0.506518218955069,0.536693940796965,0.943769597917142,0.93089034706235,0.993526334956217,0.934186799003196
"EE_2023","capped_3pct","equal_pc","atkinson05",0.356070411960741,0.383084503230057,0.929471696510626,0.93089034706235,0.992058612439286,0.934186799003196
"EE_2023","capped_3pct","equal_pc","atkinson1",0.574906569429712,0.654385855283312,0.878534397877686,0.93089034706235,0.992058612439286,0.934186799003196
"EE_2023","capped_3pct","equal_pc","atkinson2",0.827560492826595,0.994775465916541,0.831906672158131,0.93089034706235,0.992058612439286,0.934186799003196
"EE_2023","capped_3pct","equal_pc","cv",3.06723514894733,3.29001655144767,0.932280129940287,0.93089034706235,0.992058612439286,0.934186799003196
"EE_2023","capped_3pct","equal_pc","ge2",4.65664551436845,5.00767414823735,0.929890284867895,0.93089034706235,0.992058612439286,0.934186799003196
"EE_2023","capped_3pct","equal_pc","ge_mld",0.855493128635256,1.06247695591026,0.805170713658438,0.93089034706235,0.992058612439286,0.934186799003196
"EE_2023","capped_3pct","equal_pc","ge_theil",0.97284393287117,1.03316985906015,0.941599042314945,0.93089034706235,0.992058612439286,0.934186799003196
"EE_2023","capped_3pct","equal_pc","gini",0.639766178400074,0.678064931285904,0.943514324026258,0.93089034706235,0.992058612439286,0.934186799003196
"EE_2023","capped_3pct","equal_pc","top1",0.219833056366107,0.235313776243556,0.934192227084679,0.93089034706235,0.992058612439286,0.934186799003196
"EE_2023","capped_3pct","equal_pc","top10",0.509164590176075,0.536693940796965,0.948701359364431,0.93089034706235,0.992058612439286,0.934186799003196
"EE_2023","capped_3pct","mean_nwx","atkinson05",0.0119592914278735,0.383084503230057,0.031230715065015,0.93089034706235,1,0.934186799003196
"EE_2023","capped_3pct","mean_nwx","atkinson1",0.0205745183504556,0.654385855283312,0.0314459168222367,0.93089034706235,1,0.934186799003196
"EE_2023","capped_3pct","mean_nwx","atkinson2",0.0319258330676598,0.994775465916541,0.0320935520317277,0.93089034706235,1,0.934186799003196
"EE_2023","capped_3pct","mean_nwx","cv",0.295020712150101,3.29001655144767,0.089699620696922,0.93089034706235,1,0.934186799003196
"EE_2023","capped_3pct","mean_nwx","ge2",0.0435350340471927,5.00767414823735,0.00870480323493387,0.93089034706235,1,0.934186799003196
"EE_2023","capped_3pct","mean_nwx","ge_mld",0.0207893026557245,1.06247695591026,0.0195730525107351,0.93089034706235,1,0.934186799003196
"EE_2023","capped_3pct","mean_nwx","ge_theil",0.0283548234868254,1.03316985906015,0.0274646727915351,0.93089034706235,1,0.934186799003196
"EE_2023","capped_3pct","mean_nwx","gini",0.0646604397896251,0.678064931285904,0.0953682954941387,0.93089034706235,1,0.934186799003196
"EE_2023","capped_3pct","mean_nwx","top1",0.0321539890162679,0.235313776243556,0.13680418147363,0.93089034706235,1,0.934186799003196
"EE_2023","capped_3pct","mean_nwx","top10",0.158090122490148,0.536693940796965,0.294596009863572,0.93089034706235,1,0.934186799003196
"EE_2023","gradient","actual","atkinson05",0.370933440921204,0.374295392638357,0.991031978394744,0.933451657889657,0.969252375654767,0.954522304787095
"EE_2023","gradient","actual","atkinson1",0.643975642404763,0.645340671100009,0.997889372119887,0.933451657889657,0.969252375654767,0.954522304787095
"EE_2023","gradient","actual","atkinson2",0.994899420024385,0.994589476261116,1.00031163012963,0.933451657889657,0.969252375654767,0.954522304787095
"EE_2023","gradient","actual","cv",3.12425427703479,3.13024887874665,0.998113453833318,0.933451657889657,0.969252375654767,0.954522304787095
"EE_2023","gradient","actual","ge2",4.70157265762369,4.59110197628029,1.02422137504006,0.933451657889657,0.969252375654767,0.954522304787095
"EE_2023","gradient","actual","ge_mld",1.03279131297506,1.03664649952047,0.996295295273282,0.933451657889657,0.969252375654767,0.954522304787095
"EE_2023","gradient","actual","ge_theil",0.988058638023483,0.998842702739456,0.9892355616984,0.933451657889657,0.969252375654767,0.954522304787095
"EE_2023","gradient","actual","gini",0.654767209834333,0.670988497807798,0.975823458047052,0.933451657889657,0.969252375654767,0.954522304787095
"EE_2023","gradient","actual","top1",0.221605439224239,0.228369145605691,0.970418002287953,0.933451657889657,0.969252375654767,0.954522304787095
"EE_2023","gradient","actual","top10",0.516351013088587,0.52682497701215,0.980122197893526,0.933451657889657,0.969252375654767,0.954522304787095
"EE_2023","gradient","equal_hh","atkinson05",0.328166145544045,0.374295392638357,0.876731444232119,0.933451657889657,0.981733248016364,0.954522304787095
"EE_2023","gradient","equal_hh","atkinson1",0.522105955775998,0.645340671100009,0.809021676970843,0.933451657889657,0.981733248016364,0.954522304787095
"EE_2023","gradient","equal_hh","atkinson2",0.75403368926102,0.994589476261116,0.758135510293561,0.933451657889657,0.981733248016364,0.954522304787095
"EE_2023","gradient","equal_hh","cv",2.92196416963924,3.13024887874665,0.933451657889657,0.933451657889657,0.981733248016364,0.954522304787095
"EE_2023","gradient","equal_hh","ge2",4.14412315094356,4.59110197628029,0.902614945852167,0.933451657889657,0.981733248016364,0.954522304787095
"EE_2023","gradient","equal_hh","ge_mld",0.738419428717358,1.03664649952047,0.712285592103601,0.933451657889657,0.981733248016364,0.954522304787095
"EE_2023","gradient","equal_hh","ge_theil",0.905755695174117,0.998842702739456,0.906776125304357,0.933451657889657,0.981733248016364,0.954522304787095
"EE_2023","gradient","equal_hh","gini",0.626337982138648,0.670988497807798,0.933451657889657,0.933451657889657,0.981733248016364,0.954522304787095
"EE_2023","gradient","equal_hh","top1",0.213842866061268,0.228369145605691,0.936369277747516,0.933451657889657,0.981733248016364,0.954522304787095
"EE_2023","gradient","equal_hh","top10",0.498424724991379,0.52682497701215,0.946086120103465,0.933451657889657,0.981733248016364,0.954522304787095
"EE_2023","gradient","equal_pc","atkinson05",0.339785045833182,0.374295392638357,0.907785408204813,0.933451657889657,0.980839590702212,0.954522304787095
"EE_2023","gradient","equal_pc","atkinson1",0.553573256065363,0.645340671100009,0.857788512774984,0.933451657889657,0.980839590702212,0.954522304787095
"EE_2023","gradient","equal_pc","atkinson2",0.830249161591362,0.994589476261116,0.83476538343571,0.933451657889657,0.980839590702212,0.954522304787095
"EE_2023","gradient","equal_pc","cv",2.92655943657187,3.13024887874665,0.934920422999732,0.933451657889657,0.980839590702212,0.954522304787095
"EE_2023","gradient","equal_pc","ge2",4.15148483784419,4.59110197628029,0.904230283656911,0.933451657889657,0.980839590702212,0.954522304787095
"EE_2023","gradient","equal_pc","ge_mld",0.806528240616152,1.03664649952047,0.777997290163523,0.933451657889657,0.980839590702212,0.954522304787095
"EE_2023","gradient","equal_pc","ge_theil",0.921229432398065,0.998842702739456,0.922281592469763,0.933451657889657,0.980839590702212,0.954522304787095
"EE_2023","gradient","equal_pc","gini",0.634597512322728,0.670988497807798,0.945762132313399,0.933451657889657,0.980839590702212,0.954522304787095
"EE_2023","gradient","equal_pc","top1",0.213924444146377,0.228369145605691,0.93672642447747,0.933451657889657,0.980839590702212,0.954522304787095
"EE_2023","gradient","equal_pc","top10",0.500948937224507,0.52682497701215,0.950878494947455,0.933451657889657,0.980839590702212,0.954522304787095
"EE_2023","gradient","mean_nwx","atkinson05",0.0145437536146964,0.374295392638357,0.0388745027829943,0.933451657889657,1,0.954522304787095
"EE_2023","gradient","mean_nwx","atkinson1",0.0229915813055893,0.645340671100009,0.0356335359265905,0.933451657889657,1,0.954522304787095
"EE_2023","gradient","mean_nwx","atkinson2",0.0329715952982376,0.994589476261116,0.0331510023499332,0.933451657889657,1,0.954522304787095
"EE_2023","gradient","mean_nwx","cv",0.487379804714158,3.13024887874665,0.155782486891755,0.933451657889657,1,0.954522304787095
"EE_2023","gradient","mean_nwx","ge2",0.118848073805274,4.59110197628029,0.0259465791112869,0.933451657889657,1,0.954522304787095
"EE_2023","gradient","mean_nwx","ge_mld",0.0232602456388315,1.03664649952047,0.022446096158079,0.933451657889657,1,0.954522304787095
"EE_2023","gradient","mean_nwx","ge_theil",0.0399962678453019,0.998842702739456,0.0400803289081896,0.933451657889657,1,0.954522304787095
"EE_2023","gradient","mean_nwx","gini",0.0627813995400821,0.670988497807798,0.0935728694517753,0.933451657889657,1,0.954522304787095
"EE_2023","gradient","mean_nwx","top1",0.0370185969552162,0.228369145605691,0.162304222771997,0.933451657889657,1,0.954522304787095
"EE_2023","gradient","mean_nwx","top10",0.156579058507168,0.52682497701215,0.297248865884942,0.933451657889657,1,0.954522304787095
"ES_2023","baseline_3pct","actual","atkinson05",0.38273965498881,0.383733443575404,0.997409046469265,0.555551506427765,0.942252446333247,0.840932617729071
"ES_2023","baseline_3pct","actual","atkinson1",0.668878553337739,0.665080131117058,1.00571163723926,0.555551506427765,0.942252446333247,0.840932617729071
"ES_2023","baseline_3pct","actual","atkinson2",0.993737376782946,0.991515233933158,1.00224117093051,0.555551506427765,0.942252446333247,0.840932617729071
"ES_2023","baseline_3pct","actual","cv",4.92024659712279,9.78828732378495,0.502724778422653,0.555551506427765,0.942252446333247,0.840932617729071
"ES_2023","baseline_3pct","actual","ge2",11.3274633661306,16.9282710354129,0.669152218812461,0.555551506427765,0.942252446333247,0.840932617729071
"ES_2023","baseline_3pct","actual","ge_mld",1.10528095959208,1.09387391772584,1.01042937958714,0.555551506427765,0.942252446333247,0.840932617729071
"ES_2023","baseline_3pct","actual","ge_theil",1.04735657230443,1.09537067359971,0.956160607831339,0.555551506427765,0.942252446333247,0.840932617729071
"ES_2023","baseline_3pct","actual","gini",0.673579341439977,1.22294253657568,0.550905302009318,0.555551506427765,0.942252446333247,0.840932617729071
"ES_2023","baseline_3pct","actual","top1",0.207084949064217,0.290198755500593,0.713675549552845,0.555551506427765,0.942252446333247,0.840932617729071
"ES_2023","baseline_3pct","actual","top10",0.527307572950475,0.715243261741304,0.737289415068176,0.555551506427765,0.942252446333247,0.840932617729071
"ES_2023","baseline_3pct","equal_hh","atkinson05",0.18835826996404,0.383733443575404,0.490851690360257,0.555551506427765,0.960832648757228,0.840932617729071
"ES_2023","baseline_3pct","equal_hh","atkinson1",0.296522319345409,0.665080131117058,0.445837613343884,0.555551506427765,0.960832648757228,0.840932617729071
"ES_2023","baseline_3pct","equal_hh","atkinson2",0.619758165438628,0.991515233933158,0.625043657814185,0.555551506427765,0.960832648757228,0.840932617729071
"ES_2023","baseline_3pct","equal_hh","cv",5.43760531809122,9.78828732378495,0.555551506427765,0.555551506427765,0.960832648757228,0.840932617729071
"ES_2023","baseline_3pct","equal_hh","ge2",7.85751609555154,16.9282710354129,0.464114150974132,0.555551506427765,0.960832648757228,0.840932617729071
"ES_2023","baseline_3pct","equal_hh","ge_mld",0.351731129974087,1.09387391772584,0.321537320357284,0.555551506427765,0.960832648757228,0.840932617729071
"ES_2023","baseline_3pct","equal_hh","ge_theil",0.58131808494825,1.09537067359971,0.530694042120861,0.555551506427765,0.960832648757228,0.840932617729071
"ES_2023","baseline_3pct","equal_hh","gini",0.679328343647461,1.22294253657568,0.555551506427765,0.555551506427765,0.960832648757228,0.840932617729071
"ES_2023","baseline_3pct","equal_hh","top1",0.16565458954251,0.290198755500593,0.570867084870593,0.555551506427765,0.960832648757228,0.840932617729071
"ES_2023","baseline_3pct","equal_hh","top10",0.441775624117986,0.715243261741304,0.617689846286033,0.555551506427765,0.960832648757228,0.840932617729071
"ES_2023","baseline_3pct","equal_pc","atkinson05",0.208925756517078,0.383733443575404,0.544451856936293,0.555551506427765,0.952067769944289,0.840932617729071
"ES_2023","baseline_3pct","equal_pc","atkinson1",0.345114493733611,0.665080131117058,0.518907246782869,0.555551506427765,0.952067769944289,0.840932617729071
"ES_2023","baseline_3pct","equal_pc","atkinson2",0.716577949645006,0.991515233933158,0.722717016662544,0.555551506427765,0.952067769944289,0.840932617729071
"ES_2023","baseline_3pct","equal_pc","cv",5.44573024286962,9.78828732378495,0.556381677262329,0.555551506427765,0.952067769944289,0.840932617729071
"ES_2023","baseline_3pct","equal_pc","ge2",7.78785694792166,16.9282710354129,0.459999481895594,0.555551506427765,0.952067769944289,0.840932617729071
"ES_2023","baseline_3pct","equal_pc","ge_mld",0.423297078710601,1.09387391772584,0.386973685118591,0.555551506427765,0.952067769944289,0.840932617729071
"ES_2023","baseline_3pct","equal_pc","ge_theil",0.612380305069885,1.09537067359971,0.559052132436234,0.555551506427765,0.952067769944289,0.840932617729071
"ES_2023","baseline_3pct","equal_pc","gini",0.720237771596599,1.22294253657568,0.589003220753822,0.555551506427765,0.952067769944289,0.840932617729071
"ES_2023","baseline_3pct","equal_pc","top1",0.165816257185494,0.290198755500593,0.571422997147,0.555551506427765,0.952067769944289,0.840932617729071
"ES_2023","baseline_3pct","equal_pc","top10",0.447453552922108,0.715243261741304,0.6256291847218,0.555551506427765,0.952067769944289,0.840932617729071
"ES_2023","baseline_3pct","mean_nwx","atkinson05",0.203683235684205,0.383733443575404,0.530810694084066,0.555551506427765,1,0.840932617729071
"ES_2023","baseline_3pct","mean_nwx","atkinson1",0.278658513525515,0.665080131117058,0.418998697395317,0.555551506427765,1,0.840932617729071
"ES_2023","baseline_3pct","mean_nwx","atkinson2",0.340983253448111,0.991515233933158,0.343901291986971,0.555551506427765,1,0.840932617729071
"ES_2023","baseline_3pct","mean_nwx","cv",3.82095537320023,9.78828732378495,0.390395581374574,0.555551506427765,1,0.840932617729071
"ES_2023","baseline_3pct","mean_nwx","ge2",7.30172777920411,16.9282710354129,0.43202604816418,0.555551506427765,1,0.840932617729071
"ES_2023","baseline_3pct","mean_nwx","ge_mld",0.326661766486838,1.09387391772584,0.298651272511911,0.555551506427765,1,0.840932617729071
"ES_2023","baseline_3pct","mean_nwx","ge_theil",0.713868297370432,1.09537067359971,0.651758724582692,0.555551506427765,1,0.840932617729071
"ES_2023","baseline_3pct","mean_nwx","gini",0.401746827769244,1.22294253657568,0.328525534498456,0.555551506427765,1,0.840932617729071
"ES_2023","baseline_3pct","mean_nwx","top1",0.20226364864211,0.290198755500593,0.696965229421266,0.555551506427765,1,0.840932617729071
"ES_2023","baseline_3pct","mean_nwx","top10",0.424018422258946,0.715243261741304,0.592824658442937,0.555551506427765,1,0.840932617729071
"ES_2023","capped_3pct","actual","atkinson05",0.38273965498881,0.383733443575404,0.997409046469265,0.724794760971735,0.942252446333247,0.840932617729071
"ES_2023","capped_3pct","actual","atkinson1",0.668878553337739,0.665080131117058,1.00571163723926,0.724794760971735,0.942252446333247,0.840932617729071
"ES_2023","capped_3pct","actual","atkinson2",0.993737376782946,0.991515233933158,1.00224117093051,0.724794760971735,0.942252446333247,0.840932617729071
"ES_2023","capped_3pct","actual","cv",4.92024659712279,6.37894998065275,0.771324371834371,0.724794760971735,0.942252446333247,0.840932617729071
"ES_2023","capped_3pct","actual","ge2",11.3274633661306,16.9282710354129,0.669152218812461,0.724794760971735,0.942252446333247,0.840932617729071
"ES_2023","capped_3pct","actual","ge_mld",1.10528095959208,1.09387391772584,1.01042937958714,0.724794760971735,0.942252446333247,0.840932617729071
"ES_2023","capped_3pct","actual","ge_theil",1.04735657230443,1.09537067359971,0.956160607831339,0.724794760971735,0.942252446333247,0.840932617729071
"ES_2023","capped_3pct","actual","gini",0.673579341439977,0.708098910115335,0.9512504759413,0.724794760971735,0.942252446333247,0.840932617729071
"ES_2023","capped_3pct","actual","top1",0.207084949064217,0.222420658734058,0.931057938124113,0.724794760971735,0.942252446333247,0.840932617729071
"ES_2023","capped_3pct","actual","top10",0.527307572950475,0.548197597021845,0.961893678297474,0.724794760971735,0.942252446333247,0.840932617729071
"ES_2023","capped_3pct","equal_hh","atkinson05",0.234727206404399,0.383733443575404,0.611693862068924,0.724794760971735,0.99890815720098,0.840932617729071
"ES_2023","capped_3pct","equal_hh","atkinson1",0.359997236660264,0.665080131117058,0.541287075335224,0.724794760971735,0.99890815720098,0.840932617729071
"ES_2023","capped_3pct","equal_hh","atkinson2",0.505039408066271,0.991515233933158,0.509361223505043,0.724794760971735,0.99890815720098,0.840932617729071
"ES_2023","capped_3pct","equal_hh","cv",4.62347756567026,6.37894998065275,0.724794760971735,0.724794760971735,0.99890815720098,0.840932617729071
"ES_2023","capped_3pct","equal_hh","ge2",10.6749196282411,16.9282710354129,0.630590767283162,0.724794760971735,0.99890815720098,0.840932617729071
"ES_2023","capped_3pct","equal_hh","ge_mld",0.446283615823008,1.09387391772584,0.407991878452547,0.724794760971735,0.99890815720098,0.840932617729071
"ES_2023","capped_3pct","equal_hh","ge_theil",0.727299991973905,1.09537067359971,0.663973269865073,0.724794760971735,0.99890815720098,0.840932617729071
"ES_2023","capped_3pct","equal_hh","gini",0.513226370823915,0.708098910115335,0.724794760971735,0.724794760971735,0.99890815720098,0.840932617729071
"ES_2023","capped_3pct","equal_hh","top1",0.16396215699707,0.222420658734058,0.737168407921836,0.724794760971735,0.99890815720098,0.840932617729071
"ES_2023","capped_3pct","equal_hh","top10",0.424851298663589,0.548197597021845,0.77499668243544,0.724794760971735,0.99890815720098,0.840932617729071
"ES_2023","capped_3pct","equal_pc","atkinson05",0.254377983443472,0.383733443575404,0.662903345155085,0.724794760971735,0.998042814686031,0.840932617729071
"ES_2023","capped_3pct","equal_pc","atkinson1",0.406662521196833,0.665080131117058,0.611452751513308,0.724794760971735,0.998042814686031,0.840932617729071
"ES_2023","capped_3pct","equal_pc","atkinson2",0.613831437602101,0.991515233933158,0.619083981098539,0.724794760971735,0.998042814686031,0.840932617729071
"ES_2023","capped_3pct","equal_pc","cv",4.63101851749454,6.37894998065275,0.725977470628714,0.724794760971735,0.998042814686031,0.840932617729071
"ES_2023","capped_3pct","equal_pc","ge2",10.6996626419832,16.9282710354129,0.632053984616908,0.724794760971735,0.998042814686031,0.840932617729071
"ES_2023","capped_3pct","equal_pc","ge_mld",0.521993464947343,1.09387391772584,0.477206441398902,0.724794760971735,0.998042814686031,0.840932617729071
"ES_2023","capped_3pct","equal_pc","ge_theil",0.757223617015942,1.09537067359971,0.691291748835828,0.724794760971735,0.998042814686031,0.840932617729071
"ES_2023","capped_3pct","equal_pc","gini",0.535862527147194,0.708098910115335,0.756762249296256,0.724794760971735,0.998042814686031,0.840932617729071
"ES_2023","capped_3pct","equal_pc","top1",0.164056400493112,0.222420658734058,0.737591836483478,0.724794760971735,0.998042814686031,0.840932617729071
"ES_2023","capped_3pct","equal_pc","top10",0.42797395579064,0.548197597021845,0.780692893938108,0.724794760971735,0.998042814686031,0.840932617729071
"ES_2023","capped_3pct","mean_nwx","atkinson05",0.082100320317452,0.383733443575404,0.213950666033659,0.724794760971735,1,0.840932617729071
"ES_2023","capped_3pct","mean_nwx","atkinson1",0.125372438273351,0.665080131117058,0.188506759790246,0.724794760971735,1,0.840932617729071
"ES_2023","capped_3pct","mean_nwx","atkinson2",0.170832974250906,0.991515233933158,0.172294896593406,0.724794760971735,1,0.840932617729071
"ES_2023","capped_3pct","mean_nwx","cv",1.40213918554385,6.37894998065275,0.21980134559098,0.724794760971735,1,0.840932617729071
"ES_2023","capped_3pct","mean_nwx","ge2",0.984118873336746,16.9282710354129,0.0581281085109717,0.724794760971735,1,0.840932617729071
"ES_2023","capped_3pct","mean_nwx","ge_mld",0.133957598340672,1.09387391772584,0.122461839621801,0.724794760971735,1,0.840932617729071
"ES_2023","capped_3pct","mean_nwx","ge_theil",0.236914384411366,1.09537067359971,0.216285330953273,0.724794760971735,1,0.840932617729071
"ES_2023","capped_3pct","mean_nwx","gini",0.240702789499707,0.708098910115335,0.339928341372633,0.724794760971735,1,0.840932617729071
"ES_2023","capped_3pct","mean_nwx","top1",0.0935194510466106,0.222420658734058,0.420480029987117,0.724794760971735,1,0.840932617729071
"ES_2023","capped_3pct","mean_nwx","top10",0.284190511198206,0.548197597021845,0.518410673512485,0.724794760971735,1,0.840932617729071
"ES_2023","gradient","actual","atkinson05",0.38273965498881,0.359752113697283,1.06390122393233,0.745327395932117,0.942252446333247,0.914942603785907
"ES_2023","gradient","actual","atkinson1",0.668878553337739,0.635917175193679,1.05183401714068,0.745327395932117,0.942252446333247,0.914942603785907
"ES_2023","gradient","actual","atkinson2",0.993737376782946,0.990570649889738,1.0031968738747,0.745327395932117,0.942252446333247,0.914942603785907
"ES_2023","gradient","actual","cv",4.92024659712279,6.32301864214254,0.7784697124939,0.745327395932117,0.942252446333247,0.914942603785907
"ES_2023","gradient","actual","ge2",11.3274633661306,15.694082965989,0.721901648798361,0.745327395932117,0.942252446333247,0.914942603785907
"ES_2023","gradient","actual","ge_mld",1.10528095959208,1.01038450887274,1.09392378001308,0.745327395932117,0.942252446333247,0.914942603785907
"ES_2023","gradient","actual","ge_theil",1.04735657230443,1.02232328345914,1.02450669388772,0.745327395932117,0.942252446333247,0.914942603785907
"ES_2023","gradient","actual","gini",0.673579341439977,0.728291080048891,0.925249833078183,0.745327395932117,0.942252446333247,0.914942603785907
"ES_2023","gradient","actual","top1",0.207084949064217,0.214925541325965,0.963639010497667,0.745327395932117,0.942252446333247,0.914942603785907
"ES_2023","gradient","actual","top10",0.527307572950475,0.527015189632604,1.00061256465318,0.745327395932117,0.942252446333247,0.914942603785907
"ES_2023","gradient","equal_hh","atkinson05",0.222871239074299,0.359752113697283,0.619500360497166,0.745327395932117,0.991373885046805,0.914942603785907
"ES_2023","gradient","equal_hh","atkinson1",0.348263349873837,0.635917175193679,0.547643766097612,0.745327395932117,0.991373885046805,0.914942603785907
"ES_2023","gradient","equal_hh","atkinson2",0.521049965191865,0.990570649889738,0.526009845658915,0.745327395932117,0.991373885046805,0.914942603785907
"ES_2023","gradient","equal_hh","cv",4.71176512106121,6.32301864214254,0.745327395932117,0.745327395932117,0.991373885046805,0.914942603785907
"ES_2023","gradient","equal_hh","ge2",9.77938500069229,15.694082965989,0.623180224014182,0.745327395932117,0.991373885046805,0.914942603785907
"ES_2023","gradient","equal_hh","ge_mld",0.428147164303049,1.01038450887274,0.42373016065385,0.745327395932117,0.991373885046805,0.914942603785907
"ES_2023","gradient","equal_hh","ge_theil",0.685102971283631,1.02232328345914,0.670135597232747,0.745327395932117,0.991373885046805,0.914942603785907
"ES_2023","gradient","equal_hh","gini",0.542705673275787,0.728291080048891,0.745327395932117,0.745327395932117,0.991373885046805,0.914942603785907
"ES_2023","gradient","equal_hh","top1",0.162722071195772,0.214925541325965,0.757175758406259,0.745327395932117,0.991373885046805,0.914942603785907
"ES_2023","gradient","equal_hh","top10",0.418236475392924,0.527015189632604,0.793643098095366,0.745327395932117,0.991373885046805,0.914942603785907
"ES_2023","gradient","equal_pc","atkinson05",0.236515603661805,0.359752113697283,0.6574308465921,0.745327395932117,0.987151389404695,0.914942603785907
"ES_2023","gradient","equal_pc","atkinson1",0.382338299882795,0.635917175193679,0.601230694494633,0.745327395932117,0.987151389404695,0.914942603785907
"ES_2023","gradient","equal_pc","atkinson2",0.658926044600516,0.990570649889738,0.665194382345592,0.745327395932117,0.987151389404695,0.914942603785907
"ES_2023","gradient","equal_pc","cv",4.71940876018279,6.32301864214254,0.746536265603087,0.745327395932117,0.987151389404695,0.914942603785907
"ES_2023","gradient","equal_pc","ge2",9.75441561862966,15.694082965989,0.621601623281237,0.745327395932117,0.987151389404695,0.914942603785907
"ES_2023","gradient","equal_pc","ge_mld",0.481842147762176,1.01038450887274,0.476877556321403,0.745327395932117,0.987151389404695,0.914942603785907
"ES_2023","gradient","equal_pc","ge_theil",0.70502289463297,1.02232328345914,0.6896251328744,0.745327395932117,0.987151389404695,0.914942603785907
"ES_2023","gradient","equal_pc","gini",0.560527229319861,0.728291080048891,0.769784855056878,0.745327395932117,0.987151389404695,0.914942603785907
"ES_2023","gradient","equal_pc","top1",0.162908205851899,0.214925541325965,0.758041151273106,0.745327395932117,0.987151389404695,0.914942603785907
"ES_2023","gradient","equal_pc","top10",0.421371606056713,0.527015189632604,0.79959059064633,0.745327395932117,0.987151389404695,0.914942603785907
"ES_2023","gradient","mean_nwx","atkinson05",0.0913861564182303,0.359752113697283,0.254058521909309,0.745327395932117,1,0.914942603785907
"ES_2023","gradient","mean_nwx","atkinson1",0.131431804322834,0.635917175193679,0.206700826473311,0.745327395932117,1,0.914942603785907
"ES_2023","gradient","mean_nwx","atkinson2",0.16848128251887,0.990570649889738,0.170084876409989,0.745327395932117,1,0.914942603785907
"ES_2023","gradient","mean_nwx","cv",1.90201558390271,6.32301864214254,0.30049077613063,0.745327395932117,1,0.914942603785907
"ES_2023","gradient","mean_nwx","ge2",1.8233254018657,15.694082965989,0.116300119412091,0.745327395932117,1,0.914942603785907
"ES_2023","gradient","mean_nwx","ge_mld",0.140948111050072,1.01038450887274,0.139525878801105,0.745327395932117,1,0.914942603785907
"ES_2023","gradient","mean_nwx","ge_theil",0.290201658681807,1.02232328345914,0.283925324976442,0.745327395932117,1,0.914942603785907
"ES_2023","gradient","mean_nwx","gini",0.230146715579106,0.728291080048891,0.315931529972713,0.745327395932117,1,0.914942603785907
"ES_2023","gradient","mean_nwx","top1",0.118278265946432,0.214925541325965,0.550147144285227,0.745327395932117,1,0.914942603785907
"ES_2023","gradient","mean_nwx","top10",0.286291600876128,0.527015189632604,0.543166381475942,0.745327395932117,1,0.914942603785907
"FR_2023","baseline_3pct","actual","atkinson05",0.404220683594294,0.415383796228792,0.973125786956913,0.553588312872193,0.982232772210396,0.878781455629698
"FR_2023","baseline_3pct","actual","atkinson1",0.721151882429161,0.725185859298221,0.994437320009295,0.553588312872193,0.982232772210396,0.878781455629698
"FR_2023","baseline_3pct","actual","atkinson2",0.994341642904182,0.994128863879763,1.0002140356569,0.553588312872193,0.982232772210396,0.878781455629698
"FR_2023","baseline_3pct","actual","cv",2.75862526929077,9.56638582464482,0.288366507462414,0.553588312872193,0.982232772210396,0.878781455629698
"FR_2023","baseline_3pct","actual","ge2",3.71826359689623,4.8053400192561,0.773777418870734,0.553588312872193,0.982232772210396,0.878781455629698
"FR_2023","baseline_3pct","actual","ge_mld",1.27708802685668,1.29166026180001,0.988718213779357,0.553588312872193,0.982232772210396,0.878781455629698
"FR_2023","baseline_3pct","actual","ge_theil",0.935294682172396,0.991518492616431,0.943295247781339,0.553588312872193,0.982232772210396,0.878781455629698
"FR_2023","baseline_3pct","actual","gini",0.677710245115626,1.39102412070724,0.48720236768508,0.553588312872193,0.982232772210396,0.878781455629698
"FR_2023","baseline_3pct","actual","top1",0.164699411197244,0.264250873820745,0.623269126099346,0.553588312872193,0.982232772210396,0.878781455629698
"FR_2023","baseline_3pct","actual","top10",0.506182854430138,0.761462707101101,0.66475068274477,0.553588312872193,0.982232772210396,0.878781455629698
"FR_2023","baseline_3pct","equal_hh","atkinson05",0.187459787778675,0.415383796228792,0.451292971658006,0.553588312872193,0.956790844467323,0.878781455629698
"FR_2023","baseline_3pct","equal_hh","atkinson1",0.30697839470308,0.725185859298221,0.423309956705651,0.553588312872193,0.956790844467323,0.878781455629698
"FR_2023","baseline_3pct","equal_hh","atkinson2",0.497182818081482,0.994128863879763,0.500119085307652,0.553588312872193,0.956790844467323,0.878781455629698
"FR_2023","baseline_3pct","equal_hh","cv",5.29583938894959,9.56638582464482,0.553588312872193,0.553588312872193,0.956790844467323,0.878781455629698
"FR_2023","baseline_3pct","equal_hh","ge2",2.22815110669496,4.8053400192561,0.463682298810542,0.553588312872193,0.956790844467323,0.878781455629698
"FR_2023","baseline_3pct","equal_hh","ge_mld",0.366694103803579,1.29166026180001,0.283893617113038,0.553588312872193,0.956790844467323,0.878781455629698
"FR_2023","baseline_3pct","equal_hh","ge_theil",0.490270620476726,0.991518492616431,0.49446442414099,0.553588312872193,0.956790844467323,0.878781455629698
"FR_2023","baseline_3pct","equal_hh","gini",0.77005469614685,1.39102412070724,0.553588312872193,0.553588312872193,0.956790844467323,0.878781455629698
"FR_2023","baseline_3pct","equal_hh","top1",0.150750312284707,0.264250873820745,0.570481792945627,0.553588312872193,0.956790844467323,0.878781455629698
"FR_2023","baseline_3pct","equal_hh","top10",0.466178024051972,0.761462707101101,0.612213861170849,0.553588312872193,0.956790844467323,0.878781455629698
"FR_2023","baseline_3pct","equal_pc","atkinson05",0.217954137684749,0.415383796228792,0.524705440278417,0.553588312872193,0.949334850307051,0.878781455629698
"FR_2023","baseline_3pct","equal_pc","atkinson1",0.376366731757042,0.725185859298221,0.518993478611484,0.553588312872193,0.949334850307051,0.878781455629698
"FR_2023","baseline_3pct","equal_pc","atkinson2",0.745267986896259,0.994128863879763,0.749669397976958,0.553588312872193,0.949334850307051,0.878781455629698
"FR_2023","baseline_3pct","equal_pc","cv",5.31472762725231,9.56638582464482,0.555562751144802,0.553588312872193,0.949334850307051,0.878781455629698
"FR_2023","baseline_3pct","equal_pc","ge2",2.23748209010704,4.8053400192561,0.465624093433749,0.553588312872193,0.949334850307051,0.878781455629698
"FR_2023","baseline_3pct","equal_pc","ge_mld",0.472192794531708,1.29166026180001,0.365570427841201,0.553588312872193,0.949334850307051,0.878781455629698
"FR_2023","baseline_3pct","equal_pc","ge_theil",0.538676502102612,0.991518492616431,0.543284372519514,0.553588312872193,0.949334850307051,0.878781455629698
"FR_2023","baseline_3pct","equal_pc","gini",0.827509964803465,1.39102412070724,0.5948926064508,0.553588312872193,0.949334850307051,0.878781455629698
"FR_2023","baseline_3pct","equal_pc","top1",0.151981987829526,0.264250873820745,0.575142801354076,0.553588312872193,0.949334850307051,0.878781455629698
"FR_2023","baseline_3pct","equal_pc","top10",0.474730914675302,0.761462707101101,0.623446046993698,0.553588312872193,0.949334850307051,0.878781455629698
"FR_2023","baseline_3pct","mean_nwx","atkinson05",0.200571971140744,0.415383796228792,0.482859401261453,0.553588312872193,1,0.878781455629698
"FR_2023","baseline_3pct","mean_nwx","atkinson1",0.277814830607875,0.725185859298221,0.383094660556016,0.553588312872193,1,0.878781455629698
"FR_2023","baseline_3pct","mean_nwx","atkinson2",0.341449312504694,0.994128863879763,0.343465847246531,0.553588312872193,1,0.878781455629698
"FR_2023","baseline_3pct","mean_nwx","cv",4.85733212422201,9.56638582464482,0.50774997091468,0.553588312872193,1,0.878781455629698
"FR_2023","baseline_3pct","mean_nwx","ge2",11.7968376824995,4.8053400192561,2.45494338282555,0.553588312872193,1,0.878781455629698
"FR_2023","baseline_3pct","mean_nwx","ge_mld",0.325473705669313,1.29166026180001,0.251980892572901,0.553588312872193,1,0.878781455629698
"FR_2023","baseline_3pct","mean_nwx","ge_theil",0.686370455870792,0.991518492616431,0.692241709037205,0.553588312872193,1,0.878781455629698
"FR_2023","baseline_3pct","mean_nwx","gini",0.402497238015041,1.39102412070724,0.289353169383143,0.553588312872193,1,0.878781455629698
"FR_2023","baseline_3pct","mean_nwx","top1",0.200691466022206,0.264250873820745,0.759473235113481,0.553588312872193,1,0.878781455629698
"FR_2023","baseline_3pct","mean_nwx","top10",0.425386295840897,0.761462707101101,0.558643636613995,0.553588312872193,1,0.878781455629698
"FR_2023","capped_3pct","actual","atkinson05",0.404220683594294,0.415383796228792,0.973125786956913,0.771064087379885,0.982232772210396,0.878781455629698
"FR_2023","capped_3pct","actual","atkinson1",0.721151882429161,0.725185859298221,0.994437320009295,0.771064087379885,0.982232772210396,0.878781455629698
"FR_2023","capped_3pct","actual","atkinson2",0.994341642904182,0.994128863879763,1.0002140356569,0.771064087379885,0.982232772210396,0.878781455629698
"FR_2023","capped_3pct","actual","cv",2.75862526929077,3.33351544638027,0.82754236890855,0.771064087379885,0.982232772210396,0.878781455629698
"FR_2023","capped_3pct","actual","ge2",3.71826359689623,4.8053400192561,0.773777418870734,0.771064087379885,0.982232772210396,0.878781455629698
"FR_2023","capped_3pct","actual","ge_mld",1.27708802685668,1.29166026180001,0.988718213779357,0.771064087379885,0.982232772210396,0.878781455629698
"FR_2023","capped_3pct","actual","ge_theil",0.935294682172396,0.991518492616431,0.943295247781339,0.771064087379885,0.982232772210396,0.878781455629698
"FR_2023","capped_3pct","actual","gini",0.677710245115626,0.721559040955343,0.939230481012806,0.771064087379885,0.982232772210396,0.878781455629698
"FR_2023","capped_3pct","actual","top1",0.164699411197244,0.189719892039736,0.868118832593206,0.771064087379885,0.982232772210396,0.878781455629698
"FR_2023","capped_3pct","actual","top10",0.506182854430138,0.546694966395848,0.925896314296085,0.771064087379885,0.982232772210396,0.878781455629698
"FR_2023","capped_3pct","equal_hh","atkinson05",0.257589039427047,0.415383796228792,0.620122984492076,0.771064087379885,0.998336744245853,0.878781455629698
"FR_2023","capped_3pct","equal_hh","atkinson1",0.412071664503584,0.725185859298221,0.568229039797267,0.771064087379885,0.998336744245853,0.878781455629698
"FR_2023","capped_3pct","equal_hh","atkinson2",0.571967700717079,0.994128863879763,0.575345633246051,0.771064087379885,0.998336744245853,0.878781455629698
"FR_2023","capped_3pct","equal_hh","cv",2.57035404542995,3.33351544638027,0.771064087379885,0.771064087379885,0.998336744245853,0.878781455629698
"FR_2023","capped_3pct","equal_hh","ge2",3.29428672731865,4.8053400192561,0.685547061002486,0.771064087379885,0.998336744245853,0.878781455629698
"FR_2023","capped_3pct","equal_hh","ge_mld",0.531150216918744,1.29166026180001,0.411215110216793,0.771064087379885,0.998336744245853,0.878781455629698
"FR_2023","capped_3pct","equal_hh","ge_theil",0.676568336923954,0.991518492616431,0.682355742189555,0.771064087379885,0.998336744245853,0.878781455629698
"FR_2023","capped_3pct","equal_hh","gini",0.556368263404937,0.721559040955343,0.771064087379885,0.771064087379885,0.998336744245853,0.878781455629698
"FR_2023","capped_3pct","equal_hh","top1",0.14857555453963,0.189719892039736,0.783131135814225,0.771064087379885,0.998336744245853,0.878781455629698
"FR_2023","capped_3pct","equal_hh","top10",0.444430446601203,0.546694966395848,0.812940440134585,0.771064087379885,0.998336744245853,0.878781455629698
"FR_2023","capped_3pct","equal_pc","atkinson05",0.283452391849601,0.415383796228792,0.682386733481236,0.771064087379885,0.998959006904779,0.878781455629698
"FR_2023","capped_3pct","equal_pc","atkinson1",0.469847303794097,0.725185859298221,0.647899152706562,0.771064087379885,0.998959006904779,0.878781455629698
"FR_2023","capped_3pct","equal_pc","atkinson2",0.678888634096207,0.994128863879763,0.68289802133571,0.771064087379885,0.998959006904779,0.878781455629698
"FR_2023","capped_3pct","equal_pc","cv",2.58222696453703,3.33351544638027,0.774625768523428,0.771064087379885,0.998959006904779,0.878781455629698
"FR_2023","capped_3pct","equal_pc","ge2",3.32738599220533,4.8053400192561,0.692435078240401,0.771064087379885,0.998959006904779,0.878781455629698
"FR_2023","capped_3pct","equal_pc","ge_mld",0.634590207881673,1.29166026180001,0.491298080965448,0.771064087379885,0.998959006904779,0.878781455629698
"FR_2023","capped_3pct","equal_pc","ge_theil",0.716569010011216,0.991518492616431,0.722698583382268,0.771064087379885,0.998959006904779,0.878781455629698
"FR_2023","capped_3pct","equal_pc","gini",0.582540699145453,0.721559040955343,0.807336151417589,0.771064087379885,0.998959006904779,0.878781455629698
"FR_2023","capped_3pct","equal_pc","top1",0.149188473378591,0.189719892039736,0.786361787236019,0.771064087379885,0.998959006904779,0.878781455629698
"FR_2023","capped_3pct","equal_pc","top10",0.448000996872176,0.546694966395848,0.819471596429132,0.771064087379885,0.998959006904779,0.878781455629698
"FR_2023","capped_3pct","mean_nwx","atkinson05",0.0510785393030462,0.415383796228792,0.122967096373957,0.771064087379886,1,0.878781455629698
"FR_2023","capped_3pct","mean_nwx","atkinson1",0.0841305128928399,0.725185859298221,0.116012346096013,0.771064087379886,1,0.878781455629698
"FR_2023","capped_3pct","mean_nwx","atkinson2",0.123890677629409,0.994128863879763,0.124622352424115,0.771064087379886,1,0.878781455629698
"FR_2023","capped_3pct","mean_nwx","cv",0.774388591895043,3.33351544638027,0.23230388589797,0.771064087379886,1,0.878781455629698
"FR_2023","capped_3pct","mean_nwx","ge2",0.299838845628594,4.8053400192561,0.0623970092495163,0.771064087379886,1,0.878781455629698
"FR_2023","capped_3pct","mean_nwx","ge_mld",0.0878814057834957,1.29166026180001,0.0680375547522282,0.771064087379886,1,0.878781455629698
"FR_2023","capped_3pct","mean_nwx","ge_theil",0.129699820023137,0.991518492616431,0.130809279896418,0.771064087379886,1,0.878781455629698
"FR_2023","capped_3pct","mean_nwx","gini",0.195362389642419,0.721559040955343,0.270750387083723,0.771064087379886,1,0.878781455629698
"FR_2023","capped_3pct","mean_nwx","top1",0.0583313862104163,0.189719892039736,0.307460570334919,0.771064087379886,1,0.878781455629698
"FR_2023","capped_3pct","mean_nwx","top10",0.243745403516788,0.546694966395848,0.445852657330482,0.771064087379886,1,0.878781455629698
"FR_2023","gradient","actual","atkinson05",0.404220683594294,0.39003862831529,1.03636064289391,0.779448321141265,0.982232772210396,0.941174969878264
"FR_2023","gradient","actual","atkinson1",0.721151882429161,0.698417292819167,1.03255158462389,0.779448321141265,0.982232772210396,0.941174969878264
"FR_2023","gradient","actual","atkinson2",0.994341642904182,0.993495908563569,1.00085127108559,0.779448321141265,0.982232772210396,0.941174969878264
"FR_2023","gradient","actual","cv",2.75862526929077,3.36312975711372,0.820255377734297,0.779448321141265,0.982232772210396,0.941174969878264
"FR_2023","gradient","actual","ge2",3.71826359689623,4.62497851089474,0.803952621214861,0.779448321141265,0.982232772210396,0.941174969878264
"FR_2023","gradient","actual","ge_mld",1.27708802685668,1.19871098142574,1.06538443932308,0.779448321141265,0.982232772210396,0.941174969878264
"FR_2023","gradient","actual","ge_theil",0.935294682172396,0.923013513861009,1.01330551300383,0.779448321141265,0.982232772210396,0.941174969878264
"FR_2023","gradient","actual","gini",0.677710245115626,0.721263409177191,0.939615453234692,0.779448321141265,0.982232772210396,0.941174969878264
"FR_2023","gradient","actual","top1",0.164699411197244,0.181478553198801,0.907542011406845,0.779448321141265,0.982232772210396,0.941174969878264
"FR_2023","gradient","actual","top10",0.506182854430138,0.516018738218098,0.980938901905141,0.779448321141265,0.982232772210396,0.941174969878264
"FR_2023","gradient","equal_hh","atkinson05",0.237474328961238,0.39003862831529,0.608848231230251,0.779448321141265,0.987637911641563,0.941174969878264
"FR_2023","gradient","equal_hh","atkinson1",0.38978217097574,0.698417292819167,0.558093528014435,0.779448321141265,0.987637911641563,0.941174969878264
"FR_2023","gradient","equal_hh","atkinson2",0.575277644459096,0.993495908563569,0.579043798268734,0.779448321141265,0.987637911641563,0.941174969878264
"FR_2023","gradient","equal_hh","cv",2.62138584296252,3.36312975711372,0.779448321141265,0.779448321141265,0.987637911641563,0.941174969878264
"FR_2023","gradient","equal_hh","ge2",3.02953034281075,4.62497851089474,0.65503663112689,0.779448321141265,0.987637911641563,0.941174969878264
"FR_2023","gradient","equal_hh","ge_mld",0.493939288797573,1.19871098142574,0.412058700096402,0.779448321141265,0.987637911641563,0.941174969878264
"FR_2023","gradient","equal_hh","ge_theil",0.61475695950276,0.923013513861009,0.666032458106928,0.779448321141265,0.987637911641563,0.941174969878264
"FR_2023","gradient","equal_hh","gini",0.562187553383787,0.721263409177191,0.779448321141265,0.779448321141265,0.987637911641563,0.941174969878264
"FR_2023","gradient","equal_hh","top1",0.143658670402539,0.181478553198801,0.791601364846498,0.779448321141265,0.987637911641563,0.941174969878264
"FR_2023","gradient","equal_hh","top10",0.424265107067404,0.516018738218098,0.822189342449976,0.779448321141265,0.987637911641563,0.941174969878264
"FR_2023","gradient","equal_pc","atkinson05",0.257259811977113,0.39003862831529,0.659575214609654,0.779448321141265,0.984729888323526,0.941174969878264
"FR_2023","gradient","equal_pc","atkinson1",0.437941926068872,0.698417292819167,0.627049087374563,0.779448321141265,0.984729888323526,0.941174969878264
"FR_2023","gradient","equal_pc","atkinson2",0.696659651997058,0.993495908563569,0.701220453946622,0.779448321141265,0.984729888323526,0.941174969878264
"FR_2023","gradient","equal_pc","cv",2.63123245836389,3.36312975711372,0.782376134253602,0.779448321141265,0.984729888323526,0.941174969878264
"FR_2023","gradient","equal_pc","ge2",3.03978084908043,4.62497851089474,0.657252967104566,0.779448321141265,0.984729888323526,0.941174969878264
"FR_2023","gradient","equal_pc","ge_mld",0.576150100030053,1.19871098142574,0.480641379746754,0.779448321141265,0.984729888323526,0.941174969878264
"FR_2023","gradient","equal_pc","ge_theil",0.643342774829972,0.923013513861009,0.697002552149902,0.779448321141265,0.984729888323526,0.941174969878264
"FR_2023","gradient","equal_pc","gini",0.583008907021613,0.721263409177191,0.808316212362281,0.779448321141265,0.984729888323526,0.941174969878264
"FR_2023","gradient","equal_pc","top1",0.144250480591432,0.181478553198801,0.794862412383308,0.779448321141265,0.984729888323526,0.941174969878264
"FR_2023","gradient","equal_pc","top10",0.427542650899663,0.516018738218098,0.828540940927924,0.779448321141265,0.984729888323526,0.941174969878264
"FR_2023","gradient","mean_nwx","atkinson05",0.0615489010274668,0.39003862831529,0.15780206512703,0.779448321141265,1,0.941174969878264
"FR_2023","gradient","mean_nwx","atkinson1",0.0940727793807066,0.698417292819167,0.134694229865044,0.779448321141265,1,0.941174969878264
"FR_2023","gradient","mean_nwx","atkinson2",0.128765035956651,0.993495908563569,0.129608018358952,0.779448321141265,1,0.941174969878264
"FR_2023","gradient","mean_nwx","cv",1.27490878946224,3.36312975711372,0.379084032296267,0.779448321141265,1,0.941174969878264
"FR_2023","gradient","mean_nwx","ge2",0.812696210724032,4.62497851089474,0.175718916057582,0.779448321141265,1,0.941174969878264
"FR_2023","gradient","mean_nwx","ge_mld",0.0987963066081017,1.19871098142574,0.0824187882975712,0.779448321141265,1,0.941174969878264
"FR_2023","gradient","mean_nwx","ge_theil",0.178289517706463,0.923013513861009,0.193160246333415,0.779448321141265,1,0.941174969878264
"FR_2023","gradient","mean_nwx","gini",0.193915803555503,0.721263409177191,0.268855734379649,0.779448321141265,1,0.941174969878264
"FR_2023","gradient","mean_nwx","top1",0.0802601211305729,0.181478553198801,0.442256783051668,0.779448321141265,1,0.941174969878264
"FR_2023","gradient","mean_nwx","top10",0.250426759528165,0.516018738218098,0.485305553811732,0.779448321141265,1,0.941174969878264
"GR_2023","baseline_3pct","actual","atkinson05",0.304609693004952,0.339741739876649,0.897967539012018,0.492459213566908,0.991385614266428,0.833688355500632
"GR_2023","baseline_3pct","actual","atkinson1",0.616252174229776,0.66102827552551,0.932858193359845,0.492459213566908,0.991385614266428,0.833688355500632
"GR_2023","baseline_3pct","actual","atkinson2",0.99784337827472,0.997949405448244,0.999893769709009,0.492459213566908,0.991385614266428,0.833688355500632
"GR_2023","baseline_3pct","actual","cv",1.55922319082321,9.19070461111313,0.382860548469739,0.492459213566908,0.991385614266428,0.833688355500632
"GR_2023","baseline_3pct","actual","ge2",1.2000447216836,1.52991319347806,0.791197584537184,0.492459213566908,0.991385614266428,0.833688355500632
"GR_2023","baseline_3pct","actual","ge_mld",0.957773488015867,1.08315836149988,0.886110666348741,0.492459213566908,0.991385614266428,0.833688355500632
"GR_2023","baseline_3pct","actual","ge_theil",0.642206724759889,0.73305018457056,0.878114638736336,0.492459213566908,0.991385614266428,0.833688355500632
"GR_2023","baseline_3pct","actual","gini",0.584137606119118,2.29422253135763,0.416595613028924,0.492459213566908,0.991385614266428,0.833688355500632
"GR_2023","baseline_3pct","actual","top1",0.106293722507934,0.285246413567424,0.51767335058777,0.492459213566908,0.991385614266428,0.833688355500632
"GR_2023","baseline_3pct","actual","top10",0.422141666191569,0.999860064735051,0.566856313337559,0.492459213566908,0.991385614266428,0.833688355500632
"GR_2023","baseline_3pct","equal_hh","atkinson05",0.151721767804937,0.339741739876649,0.449749088390629,0.492459213566908,0.91044221530672,0.833688355500632
"GR_2023","baseline_3pct","equal_hh","atkinson1",0.273960627128772,0.66102827552551,0.41585874313817,0.492459213566908,0.91044221530672,0.833688355500632
"GR_2023","baseline_3pct","equal_hh","atkinson2",0.673698470350311,0.997949405448244,0.675080810598167,0.492459213566908,0.91044221530672,0.833688355500632
"GR_2023","baseline_3pct","equal_hh","cv",2.5030666039995,9.19070461111313,0.492459213566908,0.492459213566908,0.91044221530672,0.833688355500632
"GR_2023","baseline_3pct","equal_hh","ge2",0.691886442033216,1.52991319347806,0.465876259160628,0.492459213566908,0.91044221530672,0.833688355500632
"GR_2023","baseline_3pct","equal_hh","ge_mld",0.321025216059768,1.08315836149988,0.298738058495775,0.492459213566908,0.91044221530672,0.833688355500632
"GR_2023","baseline_3pct","equal_hh","ge_theil",0.353090553424558,0.73305018457056,0.486603170745895,0.492459213566908,0.91044221530672,0.833688355500632
"GR_2023","baseline_3pct","equal_hh","gini",0.74214630618138,2.29422253135763,0.492459213566908,0.492459213566908,0.91044221530672,0.833688355500632
"GR_2023","baseline_3pct","equal_hh","top1",0.105873410728185,0.285246413567424,0.513314074889268,0.492459213566908,0.91044221530672,0.833688355500632
"GR_2023","baseline_3pct","equal_hh","top10",0.413364071060806,0.999860064735051,0.550049177502241,0.492459213566908,0.91044221530672,0.833688355500632
"GR_2023","baseline_3pct","equal_pc","atkinson05",0.175176640332074,0.339741739876649,0.518460940529989,0.492459213566908,0.904421590418341,0.833688355500632
"GR_2023","baseline_3pct","equal_pc","atkinson1",0.323175121681299,0.66102827552551,0.490173545449093,0.492459213566908,0.904421590418341,0.833688355500632
"GR_2023","baseline_3pct","equal_pc","atkinson2",0.701225250526817,0.997949405448244,0.702669088055475,0.492459213566908,0.904421590418341,0.833688355500632
"GR_2023","baseline_3pct","equal_pc","cv",2.53153331763893,9.19070461111313,0.498718614293301,0.492459213566908,0.904421590418341,0.833688355500632
"GR_2023","baseline_3pct","equal_pc","ge2",0.722249884032343,1.52991319347806,0.48560454544045,0.492459213566908,0.904421590418341,0.833688355500632
"GR_2023","baseline_3pct","equal_pc","ge_mld",0.390993000421369,1.08315836149988,0.363306768137784,0.492459213566908,0.904421590418341,0.833688355500632
"GR_2023","baseline_3pct","equal_pc","ge_theil",0.393333455785392,0.73305018457056,0.541071713142272,0.492459213566908,0.904421590418341,0.833688355500632
"GR_2023","baseline_3pct","equal_pc","gini",0.789019356765053,2.29422253135763,0.518197122707471,0.492459213566908,0.904421590418341,0.833688355500632
"GR_2023","baseline_3pct","equal_pc","top1",0.106760841687902,0.285246413567424,0.517174492340239,0.492459213566908,0.904421590418341,0.833688355500632
"GR_2023","baseline_3pct","equal_pc","top10",0.425483649633457,0.999860064735051,0.56305447241401,0.492459213566908,0.904421590418341,0.833688355500632
"GR_2023","baseline_3pct","mean_nwx","atkinson05",0.212562034521565,0.339741739876649,0.612712343755276,0.492459213566908,1,0.833688355500632
"GR_2023","baseline_3pct","mean_nwx","atkinson1",0.322496790668122,0.66102827552551,0.481713081847974,0.492459213566908,1,0.833688355500632
"GR_2023","baseline_3pct","mean_nwx","atkinson2",0.412804121288332,0.997949405448244,0.413626980902057,0.492459213566908,1,0.833688355500632
"GR_2023","baseline_3pct","mean_nwx","cv",2.09288039530812,9.19070461111313,0.371576877897038,0.492459213566908,1,0.833688355500632
"GR_2023","baseline_3pct","mean_nwx","ge2",2.98376544972164,1.52991319347806,1.71918128826165,0.492459213566908,1,0.833688355500632
"GR_2023","baseline_3pct","mean_nwx","ge_mld",0.435696697759738,1.08315836149988,0.390740526197935,0.492459213566908,1,0.833688355500632
"GR_2023","baseline_3pct","mean_nwx","ge_theil",0.578021928591354,0.73305018457056,0.766783937542375,0.492459213566908,1,0.833688355500632
"GR_2023","baseline_3pct","mean_nwx","gini",0.439040274929204,2.29422253135763,0.259290938009504,0.492459213566908,1,0.833688355500632
"GR_2023","baseline_3pct","mean_nwx","top1",0.13149843160307,0.285246413567424,0.564917072987172,0.492459213566908,1,0.833688355500632
"GR_2023","baseline_3pct","mean_nwx","top10",0.427207808252995,0.999860064735051,0.521957184147232,0.492459213566908,1,0.833688355500632
"GR_2023","capped_3pct","actual","atkinson05",0.304609693004952,0.339741739876649,0.897967539012018,0.747112646906992,0.991385614266428,0.833688355500632
"GR_2023","capped_3pct","actual","atkinson1",0.616252174229776,0.66102827552551,0.932858193359845,0.747112646906992,0.991385614266428,0.833688355500632
"GR_2023","capped_3pct","actual","atkinson2",0.99784337827472,0.997949405448244,0.999893769709009,0.747112646906992,0.991385614266428,0.833688355500632
"GR_2023","capped_3pct","actual","cv",1.55922319082321,1.9728530206318,0.796566020667442,0.747112646906992,0.991385614266428,0.833688355500632
"GR_2023","capped_3pct","actual","ge2",1.2000447216836,1.52991319347806,0.791197584537184,0.747112646906992,0.991385614266428,0.833688355500632
"GR_2023","capped_3pct","actual","ge_mld",0.957773488015867,1.08315836149988,0.886110666348741,0.747112646906992,0.991385614266428,0.833688355500632
"GR_2023","capped_3pct","actual","ge_theil",0.642206724759889,0.73305018457056,0.878114638736336,0.747112646906992,0.991385614266428,0.833688355500632
"GR_2023","capped_3pct","actual","gini",0.584137606119118,0.67718931769316,0.864543448949025,0.747112646906992,0.991385614266428,0.833688355500632
"GR_2023","capped_3pct","actual","top1",0.106293722507934,0.135965424219829,0.787282654302571,0.747112646906992,0.991385614266428,0.833688355500632
"GR_2023","capped_3pct","actual","top10",0.422141666191569,0.487771784715598,0.868261665888273,0.747112646906992,0.991385614266428,0.833688355500632
"GR_2023","capped_3pct","equal_hh","atkinson05",0.208280350402868,0.339741739876649,0.615603398222937,0.747112646906992,0.999152750702724,0.833688355500632
"GR_2023","capped_3pct","equal_hh","atkinson1",0.353121464900107,0.66102827552551,0.535606725131147,0.747112646906992,0.999152750702724,0.833688355500632
"GR_2023","capped_3pct","equal_hh","atkinson2",0.521729020741505,0.997949405448244,0.522807021310181,0.747112646906992,0.999152750702724,0.833688355500632
"GR_2023","capped_3pct","equal_hh","cv",1.46144042361845,1.9728530206318,0.747112646906992,0.747112646906992,0.999152750702724,0.833688355500632
"GR_2023","capped_3pct","equal_hh","ge2",1.06683256740995,1.52991319347806,0.704453482614246,0.747112646906992,0.999152750702724,0.833688355500632
"GR_2023","capped_3pct","equal_hh","ge_mld",0.43644380803492,1.08315836149988,0.405602790665411,0.747112646906992,0.999152750702724,0.833688355500632
"GR_2023","capped_3pct","equal_hh","ge_theil",0.498691722405593,0.73305018457056,0.683551355897728,0.747112646906992,0.999152750702724,0.833688355500632
"GR_2023","capped_3pct","equal_hh","gini",0.503895955199107,0.67718931769316,0.747112646906992,0.747112646906992,0.999152750702724,0.833688355500632
"GR_2023","capped_3pct","equal_hh","top1",0.103326876394784,0.135965424219829,0.765473875885119,0.747112646906992,0.999152750702724,0.833688355500632
"GR_2023","capped_3pct","equal_hh","top10",0.387898727726798,0.487771784715598,0.798402307427251,0.747112646906992,0.999152750702724,0.833688355500632
"GR_2023","capped_3pct","equal_pc","atkinson05",0.230824690550111,0.339741739876649,0.681535826418143,0.747112646906993,0.999415318405021,0.833688355500632
"GR_2023","capped_3pct","equal_pc","atkinson1",0.405285967343046,0.66102827552551,0.614252864608289,0.747112646906993,0.999415318405021,0.833688355500632
"GR_2023","capped_3pct","equal_pc","atkinson2",0.628264121927354,0.997949405448244,0.629559323910583,0.747112646906993,0.999415318405021,0.833688355500632
"GR_2023","capped_3pct","equal_pc","cv",1.48080841630992,1.9728530206318,0.756815765835883,0.747112646906993,0.999415318405021,0.833688355500632
"GR_2023","capped_3pct","equal_pc","ge2",1.09592903283717,1.52991319347806,0.723264747404745,0.747112646906993,0.999415318405021,0.833688355500632
"GR_2023","capped_3pct","equal_pc","ge_mld",0.520156447603444,1.08315836149988,0.482626758063621,0.747112646906993,0.999415318405021,0.833688355500632
"GR_2023","capped_3pct","equal_pc","ge_theil",0.534149372402059,0.73305018457056,0.731458319767714,0.747112646906993,0.999415318405021,0.833688355500632
"GR_2023","capped_3pct","equal_pc","gini",0.528641871342192,0.67718931769316,0.783088557060679,0.747112646906993,0.999415318405021,0.833688355500632
"GR_2023","capped_3pct","equal_pc","top1",0.103664051143412,0.135965424219829,0.767999154594051,0.747112646906993,0.999415318405021,0.833688355500632
"GR_2023","capped_3pct","equal_pc","top10",0.393013802502733,0.487771784715598,0.808763059334441,0.747112646906993,0.999415318405021,0.833688355500632
"GR_2023","capped_3pct","mean_nwx","atkinson05",0.0548447676153282,0.339741739876649,0.160250244187774,0.747112646906992,1,0.833688355500632
"GR_2023","capped_3pct","mean_nwx","atkinson1",0.0940415990680421,0.66102827552551,0.141532652446099,0.747112646906992,1,0.833688355500632
"GR_2023","capped_3pct","mean_nwx","atkinson2",0.143551760474178,0.997949405448244,0.143842502084079,0.747112646906992,1,0.833688355500632
"GR_2023","capped_3pct","mean_nwx","cv",0.629967073799677,1.9728530206318,0.319688640307775,0.747112646906992,1,0.833688355500632
"GR_2023","capped_3pct","mean_nwx","ge2",0.200210662912519,1.52991319347806,0.129917734681977,0.747112646906992,1,0.833688355500632
"GR_2023","capped_3pct","mean_nwx","ge_mld",0.0990393944558027,1.08315836149988,0.0906234464030162,0.747112646906992,1,0.833688355500632
"GR_2023","capped_3pct","mean_nwx","ge_theil",0.129416259434364,0.73305018457056,0.175082328541937,0.747112646906992,1,0.833688355500632
"GR_2023","capped_3pct","mean_nwx","gini",0.212843531511447,0.67718931769316,0.312120128288003,0.747112646906992,1,0.833688355500632
"GR_2023","capped_3pct","mean_nwx","top1",0.0505128079868149,0.135965424219829,0.373366316039453,0.747112646906992,1,0.833688355500632
"GR_2023","capped_3pct","mean_nwx","top10",0.249370975027125,0.487771784715598,0.511474233813401,0.747112646906992,1,0.833688355500632
"GR_2023","gradient","actual","atkinson05",0.304609693004952,0.314176503434402,0.969798606698327,0.817335045924821,0.991385614266428,0.955270725426018
"GR_2023","gradient","actual","atkinson1",0.616252174229776,0.621872543540234,0.991036371925082,0.817335045924821,0.991385614266428,0.955270725426018
"GR_2023","gradient","actual","atkinson2",0.99784337827472,0.997582871395066,1.00026113900255,0.817335045924821,0.991385614266428,0.955270725426018
"GR_2023","gradient","actual","cv",1.55922319082321,1.8224314902175,0.861541682231352,0.817335045924821,0.991385614266428,0.955270725426018
"GR_2023","gradient","actual","ge2",1.2000447216836,1.41521955842419,0.851346829565199,0.817335045924821,0.991385614266428,0.955270725426018
"GR_2023","gradient","actual","ge_mld",0.957773488015867,0.972646640082578,0.984921029831836,0.817335045924821,0.991385614266428,0.955270725426018
"GR_2023","gradient","actual","ge_theil",0.642206724759889,0.677133161548153,0.94891653004259,0.817335045924821,0.991385614266428,0.955270725426018
"GR_2023","gradient","actual","gini",0.584137606119118,0.638180982976496,0.917930606808831,0.817335045924821,0.991385614266428,0.955270725426018
"GR_2023","gradient","actual","top1",0.106293722507934,0.12332018248724,0.864429600729822,0.817335045924821,0.991385614266428,0.955270725426018
"GR_2023","gradient","actual","top10",0.422141666191569,0.443885037022929,0.952065242166759,0.817335045924821,0.991385614266428,0.955270725426018
"GR_2023","gradient","equal_hh","atkinson05",0.204160385492316,0.314176503434402,0.650624854920706,0.817335045924821,0.98144130623618,0.955270725426018
"GR_2023","gradient","equal_hh","atkinson1",0.359427290781318,0.621872543540234,0.578301543017454,0.817335045924821,0.98144130623618,0.955270725426018
"GR_2023","gradient","equal_hh","atkinson2",0.604468210866324,0.997582871395066,0.605933080421743,0.817335045924821,0.98144130623618,0.955270725426018
"GR_2023","gradient","equal_hh","cv",1.48177630985366,1.8224314902175,0.817335045924821,0.817335045924821,0.98144130623618,0.955270725426018
"GR_2023","gradient","equal_hh","ge2",0.993288900908342,1.41521955842419,0.706817565871375,0.817335045924821,0.98144130623618,0.955270725426018
"GR_2023","gradient","equal_hh","ge_mld",0.445793169849547,0.972646640082578,0.458907720448241,0.817335045924821,0.98144130623618,0.955270725426018
"GR_2023","gradient","equal_hh","ge_theil",0.476332741138871,0.677133161548153,0.70478210043743,0.817335045924821,0.98144130623618,0.955270725426018
"GR_2023","gradient","equal_hh","gini",0.520086278621577,0.638180982976496,0.817335045924822,0.817335045924821,0.98144130623618,0.955270725426018
"GR_2023","gradient","equal_hh","top1",0.102272352665237,0.12332018248724,0.831994290868853,0.817335045924821,0.98144130623618,0.955270725426018
"GR_2023","gradient","equal_hh","top10",0.380359894454079,0.443885037022929,0.85818966065158,0.817335045924821,0.98144130623618,0.955270725426018
"GR_2023","gradient","equal_pc","atkinson05",0.218552969183931,0.314176503434402,0.696301500145966,0.817335045924821,0.978878292235958,0.955270725426018
"GR_2023","gradient","equal_pc","atkinson1",0.394735623057453,0.621872543540234,0.63500352906782,0.817335045924821,0.978878292235958,0.955270725426018
"GR_2023","gradient","equal_pc","atkinson2",0.659798444163714,0.997582871395066,0.661396584478323,0.817335045924821,0.978878292235958,0.955270725426018
"GR_2023","gradient","equal_pc","cv",1.4954304662915,1.8224314902175,0.824752293339055,0.817335045924821,0.978878292235958,0.955270725426018
"GR_2023","gradient","equal_pc","ge2",1.00701228349608,1.41521955842419,0.716403452182957,0.817335045924821,0.978878292235958,0.955270725426018
"GR_2023","gradient","equal_pc","ge_mld",0.502359172410157,0.972646640082578,0.516964281138296,0.817335045924821,0.978878292235958,0.955270725426018
"GR_2023","gradient","equal_pc","ge_theil",0.497571340665957,0.677133161548153,0.735980269647914,0.817335045924821,0.978878292235958,0.955270725426018
"GR_2023","gradient","equal_pc","gini",0.535274274780286,0.638180982976496,0.840834867342265,0.817335045924821,0.978878292235958,0.955270725426018
"GR_2023","gradient","equal_pc","top1",0.102476210160249,0.12332018248724,0.833689885463747,0.817335045924821,0.978878292235958,0.955270725426018
"GR_2023","gradient","equal_pc","top10",0.383986013195788,0.443885037022929,0.866285302649196,0.817335045924821,0.978878292235958,0.955270725426018
"GR_2023","gradient","mean_nwx","atkinson05",0.0404100275713716,0.314176503434402,0.128085931070013,0.817335045924821,1,0.955270725426018
"GR_2023","gradient","mean_nwx","atkinson1",0.0661844321293203,0.621872543540234,0.10620113686493,0.817335045924821,1,0.955270725426018
"GR_2023","gradient","mean_nwx","atkinson2",0.0974651113604214,0.997582871395066,0.0977008277489123,0.817335045924821,1,0.955270725426018
"GR_2023","gradient","mean_nwx","cv",0.689172113932523,1.8224314902175,0.375473288235463,0.817335045924821,1,0.955270725426018
"GR_2023","gradient","mean_nwx","ge2",0.245163280612676,1.41521955842419,0.16878584068119,0.817335045924821,1,0.955270725426018
"GR_2023","gradient","mean_nwx","ge_mld",0.0686173523073889,0.972646640082578,0.0702901492073048,0.817335045924821,1,0.955270725426018
"GR_2023","gradient","mean_nwx","ge_theil",0.103935386877916,0.677133161548153,0.15246341183202,0.817335045924821,1,0.955270725426018
"GR_2023","gradient","mean_nwx","gini",0.159170003977437,0.638180982976496,0.247493617746931,0.817335045924821,1,0.955270725426018
"GR_2023","gradient","mean_nwx","top1",0.0553150519031362,0.12332018248724,0.447294503486626,0.817335045924821,1,0.955270725426018
"GR_2023","gradient","mean_nwx","top10",0.219756933140727,0.443885037022929,0.494536714338391,0.817335045924821,1,0.955270725426018
"HR_2023","baseline_3pct","actual","atkinson05",0.246086567367481,0.264555174907097,0.930191833941869,0.796726615826621,0.985910958782183,0.880790956074145
"HR_2023","baseline_3pct","actual","atkinson1",0.496619142064167,0.533698433900647,0.930520206937518,0.796726615826621,0.985910958782183,0.880790956074145
"HR_2023","baseline_3pct","actual","atkinson2",0.997584744595285,0.997719652449263,0.999864783805741,0.796726615826621,0.985910958782183,0.880790956074145
"HR_2023","baseline_3pct","actual","cv",1.35008219529306,1.68169471924997,0.802811525420788,0.796726615826621,0.985910958782183,0.880790956074145
"HR_2023","baseline_3pct","actual","ge2",0.89015324600854,0.981837843865292,0.906631919544915,0.796726615826621,0.985910958782183,0.880790956074145
"HR_2023","baseline_3pct","actual","ge_mld",0.686429365933838,0.762944618602298,0.899705718327075,0.796726615826621,0.985910958782183,0.880790956074145
"HR_2023","baseline_3pct","actual","ge_theil",0.529409472284122,0.568982250377957,0.930454052989843,0.796726615826621,0.985910958782183,0.880790956074145
"HR_2023","baseline_3pct","actual","gini",0.539250849793568,0.688506006099934,0.783218931576561,0.796726615826621,0.985910958782183,0.880790956074145
"HR_2023","baseline_3pct","actual","top1",0.0996977170955114,0.117818481629448,0.846204814750758,0.796726615826621,0.985910958782183,0.880790956074145
"HR_2023","baseline_3pct","actual","top10",0.390927296616491,0.452599318170665,0.863740423201025,0.796726615826621,0.985910958782183,0.880790956074145
"HR_2023","baseline_3pct","equal_hh","atkinson05",0.188065458839913,0.264555174907097,0.710885836892425,0.796726615826621,0.937747999842484,0.880790956074145
"HR_2023","baseline_3pct","equal_hh","atkinson1",0.343428249036482,0.533698433900647,0.643498747199409,0.796726615826621,0.937747999842484,0.880790956074145
"HR_2023","baseline_3pct","equal_hh","atkinson2",0.814789861539089,0.997719652449263,0.816652270716198,0.796726615826621,0.937747999842484,0.880790956074145
"HR_2023","baseline_3pct","equal_hh","cv",1.33984983279617,1.68169471924997,0.796726615826621,0.796726615826621,0.937747999842484,0.880790956074145
"HR_2023","baseline_3pct","equal_hh","ge2",0.725731300324006,0.981837843865292,0.739159489577518,0.796726615826621,0.937747999842484,0.880790956074145
"HR_2023","baseline_3pct","equal_hh","ge_mld",0.420724632967697,0.762944618602298,0.55147356117636,0.796726615826621,0.937747999842484,0.880790956074145
"HR_2023","baseline_3pct","equal_hh","ge_theil",0.424428652016802,0.568982250377957,0.745950299248035,0.796726615826621,0.937747999842484,0.880790956074145
"HR_2023","baseline_3pct","equal_hh","gini",0.548550222802592,0.688506006099934,0.796726615826621,0.796726615826621,0.937747999842484,0.880790956074145
"HR_2023","baseline_3pct","equal_hh","top1",0.0959019934332423,0.117818481629448,0.81398096998732,0.796726615826621,0.937747999842484,0.880790956074145
"HR_2023","baseline_3pct","equal_hh","top10",0.380924659776806,0.452599318170665,0.841640229405135,0.796726615826621,0.937747999842484,0.880790956074145
"HR_2023","baseline_3pct","equal_pc","atkinson05",0.197319452069865,0.264555174907097,0.745855278031928,0.796726615826621,0.935457530844771,0.880790956074145
"HR_2023","baseline_3pct","equal_pc","atkinson1",0.364000934966799,0.533698433900647,0.682032364988339,0.796726615826621,0.935457530844771,0.880790956074145
"HR_2023","baseline_3pct","equal_pc","atkinson2",0.654410038230057,0.997719652449263,0.655905720893275,0.796726615826621,0.935457530844771,0.880790956074145
"HR_2023","baseline_3pct","equal_pc","cv",1.35179865857795,1.68169471924997,0.803831960814584,0.796726615826621,0.935457530844771,0.880790956074145
"HR_2023","baseline_3pct","equal_pc","ge2",0.734048161901377,0.981837843865292,0.747624343303429,0.796726615826621,0.935457530844771,0.880790956074145
"HR_2023","baseline_3pct","equal_pc","ge_mld",0.452565860572173,0.762944618602298,0.593185957337096,0.796726615826621,0.935457530844771,0.880790956074145
"HR_2023","baseline_3pct","equal_pc","ge_theil",0.438373930311165,0.568982250377957,0.770452693704224,0.796726615826621,0.935457530844771,0.880790956074145
"HR_2023","baseline_3pct","equal_pc","gini",0.560430413520146,0.688506006099934,0.813981573102066,0.796726615826621,0.935457530844771,0.880790956074145
"HR_2023","baseline_3pct","equal_pc","top1",0.0961104162195231,0.117818481629448,0.815747140748071,0.796726615826621,0.935457530844771,0.880790956074145
"HR_2023","baseline_3pct","equal_pc","top10",0.383860300162699,0.452599318170665,0.848123759984311,0.796726615826621,0.935457530844771,0.880790956074145
"HR_2023","baseline_3pct","mean_nwx","atkinson05",0.0406053928791451,0.264555174907097,0.153497028515306,0.796726615826621,1,0.880790956074145
"HR_2023","baseline_3pct","mean_nwx","atkinson1",0.0699803427370828,0.533698433900647,0.131130829675415,0.796726615826621,1,0.880790956074145
"HR_2023","baseline_3pct","mean_nwx","atkinson2",0.108123834505329,0.997719652449263,0.108370958569757,0.796726615826621,1,0.880790956074145
"HR_2023","baseline_3pct","mean_nwx","cv",0.542756988804476,1.68169471924997,0.322752083068672,0.796726615826621,1,0.880790956074145
"HR_2023","baseline_3pct","mean_nwx","ge2",0.147296198893288,0.981837843865292,0.150043128969599,0.796726615826621,1,0.880790956074145
"HR_2023","baseline_3pct","mean_nwx","ge_mld",0.0725497507147255,0.762944618602298,0.0951023765153961,0.796726615826621,1,0.880790956074145
"HR_2023","baseline_3pct","mean_nwx","ge_theil",0.095615258520817,0.568982250377957,0.168057964150597,0.796726615826621,1,0.880790956074145
"HR_2023","baseline_3pct","mean_nwx","gini",0.175506480814034,0.688506006099934,0.254910164115657,0.796726615826621,1,0.880790956074145
"HR_2023","baseline_3pct","mean_nwx","top1",0.0451419314926092,0.117818481629448,0.383174502290958,0.796726615826621,1,0.880790956074145
"HR_2023","baseline_3pct","mean_nwx","top10",0.226777218378701,0.452599318170665,0.501070756504333,0.796726615826621,1,0.880790956074145
"HR_2023","capped_3pct","actual","atkinson05",0.246086567367481,0.264555174907097,0.930191833941869,0.840307899277568,0.985910958782183,0.880790956074145
"HR_2023","capped_3pct","actual","atkinson1",0.496619142064167,0.533698433900647,0.930520206937518,0.840307899277568,0.985910958782183,0.880790956074145
"HR_2023","capped_3pct","actual","atkinson2",0.997584744595285,0.997719652449263,0.999864783805741,0.840307899277568,0.985910958782183,0.880790956074145
"HR_2023","capped_3pct","actual","cv",1.35008219529306,1.53902518133392,0.877233637392726,0.840307899277568,0.985910958782183,0.880790956074145
"HR_2023","capped_3pct","actual","ge2",0.89015324600854,0.981837843865292,0.906631919544915,0.840307899277568,0.985910958782183,0.880790956074145
"HR_2023","capped_3pct","actual","ge_mld",0.686429365933838,0.762944618602298,0.899705718327075,0.840307899277568,0.985910958782183,0.880790956074145
"HR_2023","capped_3pct","actual","ge_theil",0.529409472284122,0.568982250377957,0.930454052989843,0.840307899277568,0.985910958782183,0.880790956074145
"HR_2023","capped_3pct","actual","gini",0.539250849793568,0.603547444629485,0.893468180086968,0.840307899277568,0.985910958782183,0.880790956074145
"HR_2023","capped_3pct","actual","top1",0.0996977170955114,0.111707930806655,0.892492834736014,0.840307899277568,0.985910958782183,0.880790956074145
"HR_2023","capped_3pct","actual","top10",0.390927296616491,0.429125366466976,0.910987612917171,0.840307899277568,0.985910958782183,0.880790956074145
"HR_2023","capped_3pct","equal_hh","atkinson05",0.210445732621229,0.264555174907097,0.79547790980565,0.840307899277568,0.999296333530674,0.880790956074145
"HR_2023","capped_3pct","equal_hh","atkinson1",0.371749713654241,0.533698433900647,0.696556907708673,0.840307899277568,0.999296333530674,0.880790956074145
"HR_2023","capped_3pct","equal_hh","atkinson2",0.579462213218057,0.997719652449263,0.580786602632836,0.840307899277568,0.999296333530674,0.880790956074145
"HR_2023","capped_3pct","equal_hh","cv",1.29325603288213,1.53902518133392,0.840307899277568,0.840307899277568,0.999296333530674,0.880790956074145
"HR_2023","capped_3pct","equal_hh","ge2",0.835202951741432,0.981837843865292,0.850654896823138,0.840307899277568,0.999296333530674,0.880790956074145
"HR_2023","capped_3pct","equal_hh","ge_mld",0.46482126775948,0.762944618602298,0.609258368470688,0.840307899277568,0.999296333530674,0.880790956074145
"HR_2023","capped_3pct","equal_hh","ge_theil",0.479084631896278,0.568982250377957,0.84200763595239,0.840307899277568,0.999296333530674,0.880790956074145
"HR_2023","capped_3pct","equal_hh","gini",0.507165760107221,0.603547444629485,0.840307899277568,0.840307899277568,0.999296333530674,0.880790956074145
"HR_2023","capped_3pct","equal_hh","top1",0.0954661805987329,0.111707930806655,0.854604516045583,0.840307899277568,0.999296333530674,0.880790956074145
"HR_2023","capped_3pct","equal_hh","top10",0.376566531431711,0.429125366466976,0.877522381993543,0.840307899277568,0.999296333530674,0.880790956074145
"HR_2023","capped_3pct","equal_pc","atkinson05",0.222359967326103,0.264555174907097,0.840513150682397,0.840307899277568,0.999569203942365,0.880790956074145
"HR_2023","capped_3pct","equal_pc","atkinson1",0.403118765542475,0.533698433900647,0.755333088097469,0.840307899277568,0.999569203942365,0.880790956074145
"HR_2023","capped_3pct","equal_pc","atkinson2",0.658098510077849,0.997719652449263,0.659602626753832,0.840307899277568,0.999569203942365,0.880790956074145
"HR_2023","capped_3pct","equal_pc","cv",1.3023636905429,1.53902518133392,0.846225844586337,0.840307899277568,0.999569203942365,0.880790956074145
"HR_2023","capped_3pct","equal_pc","ge2",0.847263173264887,0.981837843865292,0.862938874016491,0.840307899277568,0.999569203942365,0.880790956074145
"HR_2023","capped_3pct","equal_pc","ge_mld",0.516043810965412,0.762944618602298,0.676395151920971,0.840307899277568,0.999569203942365,0.880790956074145
"HR_2023","capped_3pct","equal_pc","ge_theil",0.495972850741151,0.568982250377957,0.871689571176076,0.840307899277568,0.999569203942365,0.880790956074145
"HR_2023","capped_3pct","equal_pc","gini",0.517003569727555,0.603547444629485,0.856607947215021,0.840307899277568,0.999569203942365,0.880790956074145
"HR_2023","capped_3pct","equal_pc","top1",0.0956232113431335,0.111707930806655,0.85600763331889,0.840307899277568,0.999569203942365,0.880790956074145
"HR_2023","capped_3pct","equal_pc","top10",0.378804801412133,0.429125366466976,0.88273612868425,0.840307899277568,0.999569203942365,0.880790956074145
"HR_2023","capped_3pct","mean_nwx","atkinson05",0.0275993999104953,0.264555174907097,0.104332241555156,0.840307899277568,1,0.880790956074145
"HR_2023","capped_3pct","mean_nwx","atkinson1",0.0481576480379584,0.533698433900647,0.0902392368588658,0.840307899277568,1,0.880790956074145
"HR_2023","capped_3pct","mean_nwx","atkinson2",0.0760106183782718,0.997719652449263,0.0761843459455526,0.840307899277568,1,0.880790956074145
"HR_2023","capped_3pct","mean_nwx","cv",0.433918620546432,1.53902518133392,0.28195388362107,0.840307899277568,1,0.880790956074145
"HR_2023","capped_3pct","mean_nwx","ge2",0.0941451027106123,0.981837843865292,0.0959032988943213,0.840307899277568,1,0.880790956074145
"HR_2023","capped_3pct","mean_nwx","ge_mld",0.0493559427054633,0.762944618602298,0.0646988960398809,0.840307899277568,1,0.880790956074145
"HR_2023","capped_3pct","mean_nwx","ge_theil",0.0641356036596456,0.568982250377957,0.112728908582455,0.840307899277568,1,0.880790956074145
"HR_2023","capped_3pct","mean_nwx","gini",0.138321053548222,0.603547444629485,0.229182184247542,0.840307899277568,1,0.880790956074145
"HR_2023","capped_3pct","mean_nwx","top1",0.0383014470592916,0.111707930806655,0.342901553848558,0.840307899277568,1,0.880790956074145
"HR_2023","capped_3pct","mean_nwx","top10",0.20074351975124,0.429125366466976,0.467811580336189,0.840307899277568,1,0.880790956074145
"HR_2023","gradient","actual","atkinson05",0.246086567367481,0.249941656978677,0.984576844847429,0.89015522719543,0.985910958782183,0.969787557303053
"HR_2023","gradient","actual","atkinson1",0.496619142064167,0.503610576042553,0.986114162560519,0.89015522719543,0.985910958782183,0.969787557303053
"HR_2023","gradient","actual","atkinson2",0.997584744595285,0.997388177933386,1.00019708143205,0.89015522719543,0.985910958782183,0.969787557303053
"HR_2023","gradient","actual","cv",1.35008219529306,1.40907950441511,0.958135810538554,0.89015522719543,0.985910958782183,0.969787557303053
"HR_2023","gradient","actual","ge2",0.89015324600854,0.938068884279459,0.948943409226791,0.89015522719543,0.985910958782183,0.969787557303053
"HR_2023","gradient","actual","ge_mld",0.686429365933838,0.700412678529834,0.980029511974199,0.89015522719543,0.985910958782183,0.969787557303053
"HR_2023","gradient","actual","ge_theil",0.529409472284122,0.539663537084938,0.981003643738278,0.89015522719543,0.985910958782183,0.969787557303053
"HR_2023","gradient","actual","gini",0.539250849793568,0.552705367766835,0.975657757914404,0.89015522719543,0.985910958782183,0.969787557303053
"HR_2023","gradient","actual","top1",0.0996977170955114,0.103679022574505,0.961612105156162,0.89015522719543,0.985910958782183,0.969787557303053
"HR_2023","gradient","actual","top10",0.390927296616491,0.397460846765911,0.98356277835269,0.89015522719543,0.985910958782183,0.969787557303053
"HR_2023","gradient","equal_hh","atkinson05",0.197323328973751,0.249941656978677,0.789478637105961,0.89015522719543,0.993218243027437,0.969787557303053
"HR_2023","gradient","equal_hh","atkinson1",0.356698014867655,0.503610576042553,0.708281287403815,0.89015522719543,0.993218243027437,0.969787557303053
"HR_2023","gradient","equal_hh","atkinson2",0.608406661349662,0.997388177933386,0.609999849739491,0.89015522719543,0.993218243027437,0.969787557303053
"HR_2023","gradient","equal_hh","cv",1.25429972181925,1.40907950441511,0.89015522719543,0.89015522719543,0.993218243027437,0.969787557303053
"HR_2023","gradient","equal_hh","ge2",0.774307245603407,0.938068884279459,0.825429918241452,0.89015522719543,0.993218243027437,0.969787557303053
"HR_2023","gradient","equal_hh","ge_mld",0.441147502139524,0.700412678529834,0.629845366104373,0.89015522719543,0.993218243027437,0.969787557303053
"HR_2023","gradient","equal_hh","ge_theil",0.445342957084843,0.539663537084938,0.825223947633972,0.89015522719543,0.993218243027437,0.969787557303053
"HR_2023","gradient","equal_hh","gini",0.491994121994303,0.552705367766835,0.89015522719543,0.89015522719543,0.993218243027437,0.969787557303053
"HR_2023","gradient","equal_hh","top1",0.0933889229126009,0.103679022574505,0.900750754201283,0.89015522719543,0.993218243027437,0.969787557303053
"HR_2023","gradient","equal_hh","top10",0.364786767488918,0.397460846765911,0.917792923942514,0.89015522719543,0.993218243027437,0.969787557303053
"HR_2023","gradient","equal_pc","atkinson05",0.204657453058493,0.249941656978677,0.818815998104892,0.89015522719543,0.992789568578351,0.969787557303053
"HR_2023","gradient","equal_pc","atkinson1",0.377644659450283,0.503610576042553,0.749861230215162,0.89015522719543,0.992789568578351,0.969787557303053
"HR_2023","gradient","equal_pc","atkinson2",0.675255472945501,0.997388177933386,0.677023719377689,0.89015522719543,0.992789568578351,0.969787557303053
"HR_2023","gradient","equal_pc","cv",1.26031281641656,1.40907950441511,0.89442266193171,0.89015522719543,0.992789568578351,0.969787557303053
"HR_2023","gradient","equal_pc","ge2",0.781050187430026,0.938068884279459,0.832614721278062,0.89015522719543,0.992789568578351,0.969787557303053
"HR_2023","gradient","equal_pc","ge_mld",0.474259343326391,0.700412678529834,0.677098009168284,0.89015522719543,0.992789568578351,0.969787557303053
"HR_2023","gradient","equal_pc","ge_theil",0.455413197590287,0.539663537084938,0.843880894118749,0.89015522719543,0.992789568578351,0.969787557303053
"HR_2023","gradient","equal_pc","gini",0.498232944682879,0.552705367766835,0.901443334964764,0.89015522719543,0.992789568578351,0.969787557303053
"HR_2023","gradient","equal_pc","top1",0.0934904066087954,0.103679022574505,0.901728888245801,0.89015522719543,0.992789568578351,0.969787557303053
"HR_2023","gradient","equal_pc","top10",0.36624062830621,0.397460846765911,0.921448872146624,0.89015522719543,0.992789568578351,0.969787557303053
"HR_2023","gradient","mean_nwx","atkinson05",0.0200440525798119,0.249941656978677,0.0802039488403451,0.89015522719543,1,0.969787557303053
"HR_2023","gradient","mean_nwx","atkinson1",0.0337951409896956,0.503610576042553,0.067112033187467,0.89015522719543,1,0.969787557303053
"HR_2023","gradient","mean_nwx","atkinson2",0.0513686096833504,0.997388177933386,0.0515031307904992,0.89015522719543,1,0.969787557303053
"HR_2023","gradient","mean_nwx","cv",0.415387992376113,1.40907950441511,0.294806361075345,0.89015522719543,1,0.969787557303053
"HR_2023","gradient","mean_nwx","ge2",0.0862788676797213,0.938068884279459,0.0919920024119404,0.89015522719543,1,0.969787557303053
"HR_2023","gradient","mean_nwx","ge_mld",0.0343795094664702,0.700412678529834,0.0490925531040222,0.89015522719543,1,0.969787557303053
"HR_2023","gradient","mean_nwx","ge_theil",0.0490576231563111,0.539663537084938,0.0909136852538166,0.89015522719543,1,0.969787557303053
"HR_2023","gradient","mean_nwx","gini",0.0988999177964474,0.552705367766835,0.178941613057332,0.89015522719543,1,0.969787557303053
"HR_2023","gradient","mean_nwx","top1",0.0401613115088435,0.103679022574505,0.387393341013511,0.89015522719543,1,0.969787557303053
"HR_2023","gradient","mean_nwx","top10",0.179763363452688,0.397460846765911,0.452294999004961,0.89015522719543,1,0.969787557303053
"HU_2023","baseline_3pct","actual","atkinson05",0.285713622014749,0.293694986896405,0.972825261824826,0.844488223146471,0.957061433115545,0.886760656701398
"HU_2023","baseline_3pct","actual","atkinson1",0.539831870858461,0.553088648816421,0.976032844394666,0.844488223146471,0.957061433115545,0.886760656701398
"HU_2023","baseline_3pct","actual","atkinson2",0.989451725611648,0.989823781755033,0.999624124106517,0.844488223146471,0.957061433115545,0.886760656701398
"HU_2023","baseline_3pct","actual","cv",1.77851874731252,2.14970498805167,0.827331547388035,0.844488223146471,0.957061433115545,0.886760656701398
"HU_2023","baseline_3pct","actual","ge2",1.47893215367713,1.60109659423737,0.923700180849686,0.844488223146471,0.957061433115545,0.886760656701398
"HU_2023","baseline_3pct","actual","ge_mld",0.776164477966389,0.805396447473127,0.963708316485201,0.844488223146471,0.957061433115545,0.886760656701398
"HU_2023","baseline_3pct","actual","ge_theil",0.656567764914938,0.680123221360545,0.965366551052987,0.844488223146471,0.957061433115545,0.886760656701398
"HU_2023","baseline_3pct","actual","gini",0.595984697017222,0.717566573756698,0.830563627131053,0.844488223146471,0.957061433115545,0.886760656701398
"HU_2023","baseline_3pct","actual","top1",0.1321050031955,0.152810743418879,0.864500772690535,0.844488223146471,0.957061433115545,0.886760656701398
"HU_2023","baseline_3pct","actual","top10",0.4476411006004,0.497235455271435,0.900259818604498,0.844488223146471,0.957061433115545,0.886760656701398
"HU_2023","baseline_3pct","equal_hh","atkinson05",0.231288182688347,0.293694986896405,0.787512585087086,0.844488223146471,0.948337248200946,0.886760656701398
"HU_2023","baseline_3pct","equal_hh","atkinson1",0.400773291877404,0.553088648816421,0.724611502321799,0.844488223146471,0.948337248200946,0.886760656701398
"HU_2023","baseline_3pct","equal_hh","atkinson2",0.733229027257,0.989823781755033,0.74076742463781,0.844488223146471,0.948337248200946,0.886760656701398
"HU_2023","baseline_3pct","equal_hh","cv",1.81540053937769,2.14970498805167,0.844488223146471,0.844488223146471,0.948337248200946,0.886760656701398
"HU_2023","baseline_3pct","equal_hh","ge2",1.29549983943976,1.60109659423737,0.809133665784789,0.844488223146471,0.948337248200946,0.886760656701398
"HU_2023","baseline_3pct","equal_hh","ge_mld",0.512115444252378,0.805396447473127,0.635859042319555,0.844488223146471,0.948337248200946,0.886760656701398
"HU_2023","baseline_3pct","equal_hh","ge_theil",0.556788975678624,0.680123221360545,0.818659645026654,0.844488223146471,0.948337248200946,0.886760656701398
"HU_2023","baseline_3pct","equal_hh","gini",0.60597652436816,0.717566573756698,0.844488223146471,0.844488223146471,0.948337248200946,0.886760656701398
"HU_2023","baseline_3pct","equal_hh","top1",0.130601989624271,0.152810743418879,0.854664980957625,0.844488223146471,0.948337248200946,0.886760656701398
"HU_2023","baseline_3pct","equal_hh","top10",0.435460668050801,0.497235455271435,0.875763507181617,0.844488223146471,0.948337248200946,0.886760656701398
"HU_2023","baseline_3pct","equal_pc","atkinson05",0.239648959711949,0.293694986896405,0.815980198383406,0.844488223146471,0.942670197105074,0.886760656701398
"HU_2023","baseline_3pct","equal_pc","atkinson1",0.422536899481644,0.553088648816421,0.76395978086747,0.844488223146471,0.942670197105074,0.886760656701398
"HU_2023","baseline_3pct","equal_pc","atkinson2",0.779179910012246,0.989823781755033,0.787192030168587,0.844488223146471,0.942670197105074,0.886760656701398
"HU_2023","baseline_3pct","equal_pc","cv",1.826761177619,2.14970498805167,0.849772966937849,0.844488223146471,0.942670197105074,0.886760656701398
"HU_2023","baseline_3pct","equal_pc","ge2",1.29906433318418,1.60109659423737,0.811360033122877,0.844488223146471,0.942670197105074,0.886760656701398
"HU_2023","baseline_3pct","equal_pc","ge_mld",0.549110845124087,0.805396447473127,0.681791828290845,0.844488223146471,0.942670197105074,0.886760656701398
"HU_2023","baseline_3pct","equal_pc","ge_theil",0.568265452624461,0.680123221360545,0.835533855765795,0.844488223146471,0.942670197105074,0.886760656701398
"HU_2023","baseline_3pct","equal_pc","gini",0.616906939450039,0.717566573756698,0.859720838878977,0.844488223146471,0.942670197105074,0.886760656701398
"HU_2023","baseline_3pct","equal_pc","top1",0.130858442989531,0.152810743418879,0.856343223192099,0.844488223146471,0.942670197105074,0.886760656701398
"HU_2023","baseline_3pct","equal_pc","top10",0.438630154733269,0.497235455271435,0.882137727559652,0.844488223146471,0.942670197105074,0.886760656701398
"HU_2023","baseline_3pct","mean_nwx","atkinson05",0.0353636745493974,0.293694986896405,0.120409656172725,0.844488223146471,1,0.886760656701398
"HU_2023","baseline_3pct","mean_nwx","atkinson1",0.0577358344662839,0.553088648816421,0.104388208243133,0.844488223146471,1,0.886760656701398
"HU_2023","baseline_3pct","mean_nwx","atkinson2",0.0845677761201987,0.989823781755033,0.0854372047644738,0.844488223146471,1,0.886760656701398
"HU_2023","baseline_3pct","mean_nwx","cv",0.654695726319161,2.14970498805167,0.304551438020983,0.844488223146471,1,0.886760656701398
"HU_2023","baseline_3pct","mean_nwx","ge2",0.214313256142532,1.60109659423737,0.133854232746651,0.844488223146471,1,0.886760656701398
"HU_2023","baseline_3pct","mean_nwx","ge_mld",0.0594696133976277,0.805396447473127,0.0738392382296531,0.844488223146471,1,0.886760656701398
"HU_2023","baseline_3pct","mean_nwx","ge_theil",0.091307387159391,0.680123221360545,0.134251352037947,0.844488223146471,1,0.886760656701398
"HU_2023","baseline_3pct","mean_nwx","gini",0.140083003946811,0.717566573756698,0.195219538083295,0.844488223146471,1,0.886760656701398
"HU_2023","baseline_3pct","mean_nwx","top1",0.0519245357969202,0.152810743418879,0.339796407484049,0.844488223146471,1,0.886760656701398
"HU_2023","baseline_3pct","mean_nwx","top10",0.214183273458687,0.497235455271435,0.430748247900719,0.844488223146471,1,0.886760656701398
"HU_2023","capped_3pct","actual","atkinson05",0.285713622014749,0.293694986896405,0.972825261824826,0.889459688586967,0.957061433115545,0.886760656701398
"HU_2023","capped_3pct","actual","atkinson1",0.539831870858461,0.553088648816421,0.976032844394666,0.889459688586967,0.957061433115545,0.886760656701398
"HU_2023","capped_3pct","actual","atkinson2",0.989451725611648,0.989823781755033,0.999624124106517,0.889459688586967,0.957061433115545,0.886760656701398
"HU_2023","capped_3pct","actual","cv",1.77851874731252,1.94279803803703,0.915441912723487,0.889459688586967,0.957061433115545,0.886760656701398
"HU_2023","capped_3pct","actual","ge2",1.47893215367713,1.60109659423737,0.923700180849686,0.889459688586967,0.957061433115545,0.886760656701398
"HU_2023","capped_3pct","actual","ge_mld",0.776164477966389,0.805396447473127,0.963708316485201,0.889459688586967,0.957061433115545,0.886760656701398
"HU_2023","capped_3pct","actual","ge_theil",0.656567764914938,0.680123221360545,0.965366551052987,0.889459688586967,0.957061433115545,0.886760656701398
"HU_2023","capped_3pct","actual","gini",0.595984697017222,0.632232463460864,0.94266702517592,0.889459688586967,0.957061433115545,0.886760656701398
"HU_2023","capped_3pct","actual","top1",0.1321050031955,0.145084566134812,0.910537965318742,0.889459688586967,0.957061433115545,0.886760656701398
"HU_2023","capped_3pct","actual","top10",0.4476411006004,0.472095013736412,0.948201285452902,0.889459688586967,0.957061433115545,0.886760656701398
"HU_2023","capped_3pct","equal_hh","atkinson05",0.260514812224879,0.293694986896405,0.887026156923808,0.889459688586967,0.992705841912415,0.886760656701398
"HU_2023","capped_3pct","equal_hh","atkinson1",0.44781962196218,0.553088648816421,0.80967222541263,0.889459688586967,0.992705841912415,0.886760656701398
"HU_2023","capped_3pct","equal_hh","atkinson2",0.71226651054566,0.989823781755033,0.719589327546046,0.889459688586967,0.992705841912415,0.886760656701398
"HU_2023","capped_3pct","equal_hh","cv",1.72804053457841,1.94279803803703,0.889459688586967,0.889459688586967,0.992705841912415,0.886760656701398
"HU_2023","capped_3pct","equal_hh","ge2",1.47184203785354,1.60109659423737,0.919272260940773,0.889459688586967,0.992705841912415,0.886760656701398
"HU_2023","capped_3pct","equal_hh","ge_mld",0.593880644770044,0.805396447473127,0.737380238213228,0.889459688586967,0.992705841912415,0.886760656701398
"HU_2023","capped_3pct","equal_hh","ge_theil",0.624211993706878,0.680123221360545,0.917793263354813,0.889459688586967,0.992705841912415,0.886760656701398
"HU_2023","capped_3pct","equal_hh","gini",0.562345292683568,0.632232463460864,0.889459688586967,0.889459688586967,0.992705841912415,0.886760656701398
"HU_2023","capped_3pct","equal_hh","top1",0.130152274969866,0.145084566134812,0.897078715424015,0.889459688586967,0.992705841912415,0.886760656701398
"HU_2023","capped_3pct","equal_hh","top10",0.430963521506751,0.472095013736412,0.912874537610445,0.889459688586967,0.992705841912415,0.886760656701398
"HU_2023","capped_3pct","equal_pc","atkinson05",0.270736655531716,0.293694986896405,0.921830604550771,0.889459688586967,0.990789939745081,0.886760656701398
"HU_2023","capped_3pct","equal_pc","atkinson1",0.476640948108584,0.553088648816421,0.861782489857659,0.889459688586967,0.990789939745081,0.886760656701398
"HU_2023","capped_3pct","equal_pc","atkinson2",0.765026899320167,0.989823781755033,0.772892034498177,0.889459688586967,0.990789939745081,0.886760656701398
"HU_2023","capped_3pct","equal_pc","cv",1.73578789147828,1.94279803803703,0.893447420652187,0.889459688586967,0.990789939745081,0.886760656701398
"HU_2023","capped_3pct","equal_pc","ge2",1.48116275398855,1.60109659423737,0.925093683506063,0.889459688586967,0.990789939745081,0.886760656701398
"HU_2023","capped_3pct","equal_pc","ge_mld",0.647487713061566,0.805396447473127,0.803941181627733,0.889459688586967,0.990789939745081,0.886760656701398
"HU_2023","capped_3pct","equal_pc","ge_theil",0.63755885901249,0.680123221360545,0.937417509135862,0.889459688586967,0.990789939745081,0.886760656701398
"HU_2023","capped_3pct","equal_pc","gini",0.569930052382601,0.632232463460864,0.901456478921852,0.889459688586967,0.990789939745081,0.886760656701398
"HU_2023","capped_3pct","equal_pc","top1",0.130334141044771,0.145084566134812,0.898332233521612,0.889459688586967,0.990789939745081,0.886760656701398
"HU_2023","capped_3pct","equal_pc","top10",0.433138970093592,0.472095013736412,0.917482614289412,0.889459688586967,0.990789939745081,0.886760656701398
"HU_2023","capped_3pct","mean_nwx","atkinson05",0.0174892797188319,0.293694986896405,0.059549170495416,0.889459688586967,1,0.886760656701398
"HU_2023","capped_3pct","mean_nwx","atkinson1",0.0306054047779807,0.553088648816421,0.0553355248458978,0.889459688586967,1,0.886760656701398
"HU_2023","capped_3pct","mean_nwx","atkinson2",0.0486258985770502,0.989823781755033,0.0491258149738686,0.889459688586967,1,0.886760656701398
"HU_2023","capped_3pct","mean_nwx","cv",0.343344407771069,1.94279803803703,0.176726751258638,0.889459688586967,1,0.886760656701398
"HU_2023","capped_3pct","mean_nwx","ge2",0.0589427475751034,1.60109659423737,0.0368139858327513,0.889459688586967,1,0.886760656701398
"HU_2023","capped_3pct","mean_nwx","ge_mld",0.0310835313650406,0.805396447473127,0.0385942233205134,0.889459688586967,1,0.886760656701398
"HU_2023","capped_3pct","mean_nwx","ge_theil",0.0405678602943627,0.680123221360545,0.059647837636053,0.889459688586967,1,0.886760656701398
"HU_2023","capped_3pct","mean_nwx","gini",0.0984554040095044,0.632232463460864,0.155726600575848,0.889459688586967,1,0.886760656701398
"HU_2023","capped_3pct","mean_nwx","top1",0.0337186865046801,0.145084566134812,0.232407136586341,0.889459688586967,1,0.886760656701398
"HU_2023","capped_3pct","mean_nwx","top10",0.178326673885836,0.472095013736412,0.377734766190288,0.889459688586967,1,0.886760656701398
"HU_2023","gradient","actual","atkinson05",0.285713622014749,0.287520217820706,0.993716816588801,0.900523928088535,0.957061433115545,0.935125603732368
"HU_2023","gradient","actual","atkinson1",0.539831870858461,0.541271448128063,0.997340761253229,0.900523928088535,0.957061433115545,0.935125603732368
"HU_2023","gradient","actual","atkinson2",0.989451725611648,0.988716293750437,1.00074382515993,0.900523928088535,0.957061433115545,0.935125603732368
"HU_2023","gradient","actual","cv",1.77851874731252,1.88962014778781,0.941204391203945,0.900523928088535,0.957061433115545,0.935125603732368
"HU_2023","gradient","actual","ge2",1.47893215367713,1.59059348881006,0.9297991416117,0.900523928088535,0.957061433115545,0.935125603732368
"HU_2023","gradient","actual","ge_mld",0.776164477966389,0.779298208756736,0.995979663315879,0.900523928088535,0.957061433115545,0.935125603732368
"HU_2023","gradient","actual","ge_theil",0.656567764914938,0.666704833167647,0.984795383415721,0.900523928088535,0.957061433115545,0.935125603732368
"HU_2023","gradient","actual","gini",0.595984697017222,0.615776721335998,0.967858438769941,0.900523928088535,0.957061433115545,0.935125603732368
"HU_2023","gradient","actual","top1",0.1321050031955,0.140994954872059,0.93694846949539,0.900523928088535,0.957061433115545,0.935125603732368
"HU_2023","gradient","actual","top10",0.4476411006004,0.457107869912929,0.979289867805814,0.900523928088535,0.957061433115545,0.935125603732368
"HU_2023","gradient","equal_hh","atkinson05",0.243516454588854,0.287520217820706,0.846955330013353,0.900523928088535,0.979473074595042,0.935125603732368
"HU_2023","gradient","equal_hh","atkinson1",0.424036589158497,0.541271448128063,0.783411346060512,0.900523928088535,0.979473074595042,0.935125603732368
"HU_2023","gradient","equal_hh","atkinson2",0.712186629022238,0.988716293750437,0.720314510749337,0.900523928088535,0.979473074595042,0.935125603732368
"HU_2023","gradient","equal_hh","cv",1.7016481367504,1.88962014778781,0.900523928088535,0.900523928088535,0.979473074595042,0.935125603732368
"HU_2023","gradient","equal_hh","ge2",1.38278896233599,1.59059348881006,0.869354834337627,0.900523928088535,0.979473074595042,0.935125603732368
"HU_2023","gradient","equal_hh","ge_mld",0.551711520370764,0.779298208756736,0.707965286200014,0.900523928088535,0.979473074595042,0.935125603732368
"HU_2023","gradient","equal_hh","ge_theil",0.583381953401455,0.666704833167647,0.87502338641685,0.900523928088535,0.979473074595042,0.935125603732368
"HU_2023","gradient","equal_hh","gini",0.554521674194054,0.615776721335998,0.900523928088535,0.900523928088535,0.979473074595042,0.935125603732368
"HU_2023","gradient","equal_hh","top1",0.127964088856235,0.140994954872059,0.907579221097786,0.900523928088535,0.979473074595042,0.935125603732368
"HU_2023","gradient","equal_hh","top10",0.42158418232797,0.457107869912929,0.922285987013094,0.900523928088535,0.979473074595042,0.935125603732368
"HU_2023","gradient","equal_pc","atkinson05",0.249639146504521,0.287520217820706,0.8682497408991,0.900523928088535,0.97603164441876,0.935125603732368
"HU_2023","gradient","equal_pc","atkinson1",0.441678685250282,0.541271448128063,0.81600386141306,0.900523928088535,0.97603164441876,0.935125603732368
"HU_2023","gradient","equal_pc","atkinson2",0.762740756149522,0.988716293750437,0.771445410153683,0.900523928088535,0.97603164441876,0.935125603732368
"HU_2023","gradient","equal_pc","cv",1.70852613663527,1.88962014778781,0.90416381340985,0.900523928088535,0.97603164441876,0.935125603732368
"HU_2023","gradient","equal_pc","ge2",1.38611825361517,1.59059348881006,0.871447902694681,0.900523928088535,0.97603164441876,0.935125603732368
"HU_2023","gradient","equal_pc","ge_mld",0.58282166315506,0.779298208756736,0.747883712007155,0.900523928088535,0.97603164441876,0.935125603732368
"HU_2023","gradient","equal_pc","ge_theil",0.591298706946733,0.666704833167647,0.886897691153403,0.900523928088535,0.97603164441876,0.935125603732368
"HU_2023","gradient","equal_pc","gini",0.560846944280707,0.615776721335998,0.910795947787293,0.900523928088535,0.97603164441876,0.935125603732368
"HU_2023","gradient","equal_pc","top1",0.128123873283383,0.140994954872059,0.908712484573071,0.900523928088535,0.97603164441876,0.935125603732368
"HU_2023","gradient","equal_pc","top10",0.423549117637465,0.457107869912929,0.926584614986965,0.900523928088535,0.97603164441876,0.935125603732368
"HU_2023","gradient","mean_nwx","atkinson05",0.0180222488546817,0.287520217820706,0.0626817077291677,0.900523928088535,1,0.935125603732368
"HU_2023","gradient","mean_nwx","atkinson1",0.0304646389434356,0.541271448128063,0.0562835794418668,0.900523928088535,1,0.935125603732368
"HU_2023","gradient","mean_nwx","atkinson2",0.0464403196062486,0.988716293750437,0.046970318509925,0.900523928088535,1,0.935125603732368
"HU_2023","gradient","mean_nwx","cv",0.391921910823705,1.88962014778781,0.207407782693992,0.900523928088535,1,0.935125603732368
"HU_2023","gradient","mean_nwx","ge2",0.0768013985232272,1.59059348881006,0.0482847828733553,0.900523928088535,1,0.935125603732368
"HU_2023","gradient","mean_nwx","ge_mld",0.0309383316126814,0.779298208756736,0.0397004265335958,0.900523928088535,1,0.935125603732368
"HU_2023","gradient","mean_nwx","ge_theil",0.0439636997495795,0.666704833167647,0.0659417858698993,0.900523928088535,1,0.935125603732368
"HU_2023","gradient","mean_nwx","gini",0.0904365999680091,0.615776721335998,0.146865907563534,0.900523928088535,1,0.935125603732368
"HU_2023","gradient","mean_nwx","top1",0.0382943042008534,0.140994954872059,0.271600585612342,0.900523928088535,1,0.935125603732368
"HU_2023","gradient","mean_nwx","top10",0.175235423593982,0.457107869912929,0.383356873376582,0.900523928088535,1,0.935125603732368
"LT_2023","baseline_3pct","actual","atkinson05",0.315905983636608,0.345069478385767,0.915501907710357,0.784269162374533,0.992984392203161,0.88567196347901
"LT_2023","baseline_3pct","actual","atkinson1",0.510925996355707,0.554377874959481,0.921603987962965,0.784269162374533,0.992984392203161,0.88567196347901
"LT_2023","baseline_3pct","actual","atkinson2",0.989502406505697,0.990303898184011,0.999190665314296,0.784269162374533,0.992984392203161,0.88567196347901
"LT_2023","baseline_3pct","actual","cv",3.61281867349581,4.55738818482512,0.792624024418339,0.784269162374533,0.992984392203161,0.88567196347901
"LT_2023","baseline_3pct","actual","ge2",6.47912576006496,7.52566664398998,0.860900703807354,0.784269162374533,0.992984392203161,0.88567196347901
"LT_2023","baseline_3pct","actual","ge_mld",0.715461486681712,0.80856737898805,0.884854420069365,0.784269162374533,0.992984392203161,0.88567196347901
"LT_2023","baseline_3pct","actual","ge_theil",0.961020739740486,1.05732983991183,0.90902089935063,0.784269162374533,0.992984392203161,0.88567196347901
"LT_2023","baseline_3pct","actual","gini",0.58164379175969,0.797534495463101,0.729262576020147,0.784269162374533,0.992984392203161,0.88567196347901
"LT_2023","baseline_3pct","actual","top1",0.247482339007115,0.296206048657654,0.83556127187381,0.784269162374533,0.992984392203161,0.88567196347901
"LT_2023","baseline_3pct","actual","top10",0.47777110470884,0.565475897215381,0.844865830302007,0.784269162374533,0.992984392203161,0.88567196347901
"LT_2023","baseline_3pct","equal_hh","atkinson05",0.252804971940635,0.345069478385767,0.732394198433744,0.784269162374533,0.927231003503701,0.88567196347901
"LT_2023","baseline_3pct","equal_hh","atkinson1",0.3857952678912,0.554377874959481,0.695768771228818,0.784269162374533,0.927231003503701,0.88567196347901
"LT_2023","baseline_3pct","equal_hh","atkinson2",0.709542727517556,0.990303898184011,0.716488245239286,0.784269162374533,0.927231003503701,0.88567196347901
"LT_2023","baseline_3pct","equal_hh","cv",3.57499709887355,4.55738818482512,0.784269162374533,0.784269162374533,0.927231003503701,0.88567196347901
"LT_2023","baseline_3pct","equal_hh","ge2",5.24008047213463,7.52566664398998,0.695805579020566,0.784269162374533,0.927231003503701,0.88567196347901
"LT_2023","baseline_3pct","equal_hh","ge_mld",0.487598179827178,0.80856737898805,0.602889192586088,0.784269162374533,0.927231003503701,0.88567196347901
"LT_2023","baseline_3pct","equal_hh","ge_theil",0.791103420954459,1.05732983991183,0.747893989260814,0.784269162374533,0.927231003503701,0.88567196347901
"LT_2023","baseline_3pct","equal_hh","gini",0.625505655758384,0.797534495463101,0.784269162374533,0.784269162374533,0.927231003503701,0.88567196347901
"LT_2023","baseline_3pct","equal_hh","top1",0.234536387057716,0.296206048657654,0.791586962220211,0.784269162374533,0.927231003503701,0.88567196347901
"LT_2023","baseline_3pct","equal_hh","top10",0.465107364896702,0.565475897215381,0.82245088835206,0.784269162374533,0.927231003503701,0.88567196347901
"LT_2023","baseline_3pct","equal_pc","atkinson05",0.260056128382799,0.345069478385767,0.753443935606452,0.784269162374533,0.91911367889812,0.88567196347901
"LT_2023","baseline_3pct","equal_pc","atkinson1",0.397606540045004,0.554377874959481,0.717086506923906,0.784269162374533,0.91911367889812,0.88567196347901
"LT_2023","baseline_3pct","equal_pc","atkinson2",0.631102947068233,0.990303898184011,0.637279672687272,0.784269162374533,0.91911367889812,0.88567196347901
"LT_2023","baseline_3pct","equal_pc","cv",3.58682533359408,4.55738818482512,0.786852182940893,0.784269162374533,0.91911367889812,0.88567196347901
"LT_2023","baseline_3pct","equal_pc","ge2",5.22097337622244,7.52566664398998,0.693219011572546,0.784269162374533,0.91911367889812,0.88567196347901
"LT_2023","baseline_3pct","equal_pc","ge_mld",0.507018525485856,0.80856737898805,0.626922773919125,0.784269162374533,0.91911367889812,0.88567196347901
"LT_2023","baseline_3pct","equal_pc","ge_theil",0.804548461476626,1.05732983991183,0.760660276752298,0.784269162374533,0.91911367889812,0.88567196347901
"LT_2023","baseline_3pct","equal_pc","gini",0.641343001097366,0.797534495463101,0.804130296757995,0.784269162374533,0.91911367889812,0.88567196347901
"LT_2023","baseline_3pct","equal_pc","top1",0.235103442979165,0.296206048657654,0.793508800558228,0.784269162374533,0.91911367889812,0.88567196347901
"LT_2023","baseline_3pct","equal_pc","top10",0.47327249708107,0.565475897215381,0.836900982066994,0.784269162374533,0.91911367889812,0.88567196347901
"LT_2023","baseline_3pct","mean_nwx","atkinson05",0.0528485990997447,0.345069478385767,0.153521543522092,0.784269162374533,1,0.88567196347901
"LT_2023","baseline_3pct","mean_nwx","atkinson1",0.0847492350132817,0.554377874959481,0.153017984717312,0.784269162374533,1,0.88567196347901
"LT_2023","baseline_3pct","mean_nwx","atkinson2",0.123129251379202,0.990303898184011,0.124335758645021,0.784269162374533,1,0.88567196347901
"LT_2023","baseline_3pct","mean_nwx","cv",0.994214144229617,4.55738818482512,0.218707157715171,0.784269162374533,1,0.88567196347901
"LT_2023","baseline_3pct","mean_nwx","ge2",0.494424411117991,7.52566664398998,0.0664629992528933,0.784269162374533,1,0.88567196347901
"LT_2023","baseline_3pct","mean_nwx","ge_mld",0.0885610658002082,0.80856737898805,0.109726340052766,0.784269162374533,1,0.88567196347901
"LT_2023","baseline_3pct","mean_nwx","ge_theil",0.143576322524409,1.05732983991183,0.136492060409957,0.784269162374533,1,0.88567196347901
"LT_2023","baseline_3pct","mean_nwx","gini",0.189085947097623,0.797534495463101,0.23713339844321,0.784269162374533,1,0.88567196347901
"LT_2023","baseline_3pct","mean_nwx","top1",0.0605145104277538,0.296206048657654,0.205231032793785,0.784269162374533,1,0.88567196347901
"LT_2023","baseline_3pct","mean_nwx","top10",0.242282261916601,0.565475897215381,0.428738472766226,0.784269162374533,1,0.88567196347901
"LT_2023","capped_3pct","actual","atkinson05",0.315905983636608,0.345069478385767,0.915501907710357,0.855693211295063,0.992984392203161,0.88567196347901
"LT_2023","capped_3pct","actual","atkinson1",0.510925996355707,0.554377874959481,0.921603987962965,0.855693211295063,0.992984392203161,0.88567196347901
"LT_2023","capped_3pct","actual","atkinson2",0.989502406505697,0.990303898184011,0.999190665314296,0.855693211295063,0.992984392203161,0.88567196347901
"LT_2023","capped_3pct","actual","cv",3.61281867349581,4.13796551837354,0.873074521289087,0.855693211295063,0.992984392203161,0.88567196347901
"LT_2023","capped_3pct","actual","ge2",6.47912576006496,7.52566664398998,0.860900703807354,0.855693211295063,0.992984392203161,0.88567196347901
"LT_2023","capped_3pct","actual","ge_mld",0.715461486681712,0.80856737898805,0.884854420069365,0.855693211295063,0.992984392203161,0.88567196347901
"LT_2023","capped_3pct","actual","ge_theil",0.961020739740486,1.05732983991183,0.90902089935063,0.855693211295063,0.992984392203161,0.88567196347901
"LT_2023","capped_3pct","actual","gini",0.58164379175969,0.651705622422285,0.892471947086245,0.855693211295063,0.992984392203161,0.88567196347901
"LT_2023","capped_3pct","actual","top1",0.247482339007115,0.271511771865058,0.911668618424985,0.855693211295063,0.992984392203161,0.88567196347901
"LT_2023","capped_3pct","actual","top10",0.47777110470884,0.518293520060549,0.921814700368824,0.855693211295063,0.992984392203161,0.88567196347901
"LT_2023","capped_3pct","equal_hh","atkinson05",0.287770838253226,0.345069478385767,0.833819805932484,0.855693211295063,0.997927691441026,0.88567196347901
"LT_2023","capped_3pct","equal_hh","atkinson1",0.432656416608517,0.554377874959481,0.780319167208071,0.855693211295063,0.997927691441026,0.88567196347901
"LT_2023","capped_3pct","equal_hh","atkinson2",0.627590379529629,0.990303898184011,0.633727716490971,0.855693211295063,0.997927691441026,0.88567196347901
"LT_2023","capped_3pct","equal_hh","cv",3.5413553135723,4.13796551837354,0.855693211295063,0.855693211295063,0.997927691441026,0.88567196347901
"LT_2023","capped_3pct","equal_hh","ge2",6.26566878235519,7.52566664398998,0.832119463111837,0.855693211295063,0.997927691441026,0.88567196347901
"LT_2023","capped_3pct","equal_hh","ge_mld",0.567005129082563,0.80856737898805,0.701107135614848,0.855693211295063,0.997927691441026,0.88567196347901
"LT_2023","capped_3pct","equal_hh","ge_theil",0.898601204883578,1.05732983991183,0.84971624204709,0.855693211295063,0.997927691441026,0.88567196347901
"LT_2023","capped_3pct","equal_hh","gini",0.557684743834162,0.651705622422285,0.855693211295063,0.855693211295063,0.997927691441026,0.88567196347901
"LT_2023","capped_3pct","equal_hh","top1",0.233822146568511,0.271511771865058,0.861035158737677,0.855693211295063,0.997927691441026,0.88567196347901
"LT_2023","capped_3pct","equal_hh","top10",0.457964960004649,0.518293520060549,0.883562708692519,0.855693211295063,0.997927691441026,0.88567196347901
"LT_2023","capped_3pct","equal_pc","atkinson05",0.297941530419118,0.345069478385767,0.863359529821344,0.855693211295063,0.997705115663096,0.88567196347901
"LT_2023","capped_3pct","equal_pc","atkinson1",0.456046368347734,0.554377874959481,0.822557907587674,0.855693211295063,0.997705115663096,0.88567196347901
"LT_2023","capped_3pct","equal_pc","atkinson2",0.660496769995049,0.990303898184011,0.666961702030452,0.855693211295063,0.997705115663096,0.88567196347901
"LT_2023","capped_3pct","equal_pc","cv",3.54891280912581,4.13796551837354,0.857509447045917,0.855693211295063,0.997705115663096,0.88567196347901
"LT_2023","capped_3pct","equal_pc","ge2",6.29037956141371,7.52566664398998,0.835377257574729,0.855693211295063,0.997705115663096,0.88567196347901
"LT_2023","capped_3pct","equal_pc","ge_mld",0.609086422252524,0.80856737898805,0.75322599425045,0.855693211295063,0.997705115663096,0.88567196347901
"LT_2023","capped_3pct","equal_pc","ge_theil",0.915543718283918,1.05732983991183,0.865810199373357,0.855693211295063,0.997705115663096,0.88567196347901
"LT_2023","capped_3pct","equal_pc","gini",0.568072265813294,0.651705622422285,0.871638038480011,0.855693211295063,0.997705115663096,0.88567196347901
"LT_2023","capped_3pct","equal_pc","top1",0.234196616989783,0.271511771865058,0.862419485125571,0.855693211295063,0.997705115663096,0.88567196347901
"LT_2023","capped_3pct","equal_pc","top10",0.463103553111213,0.518293520060549,0.893485342131019,0.855693211295063,0.997705115663096,0.88567196347901
"LT_2023","capped_3pct","mean_nwx","atkinson05",0.0285123080539561,0.345069478385767,0.082828922910939,0.855693211295063,1,0.88567196347901
"LT_2023","capped_3pct","mean_nwx","atkinson1",0.045399301362407,0.554377874959481,0.081972145981837,0.855693211295063,1,0.88567196347901
"LT_2023","capped_3pct","mean_nwx","atkinson2",0.0670763300141304,0.990303898184011,0.0677336217183885,0.855693211295063,1,0.88567196347901
"LT_2023","capped_3pct","mean_nwx","cv",0.768949868983681,4.13796551837354,0.186363843565177,0.855693211295063,1,0.88567196347901
"LT_2023","capped_3pct","mean_nwx","ge2",0.295761419880272,7.52566664398998,0.0397603424158654,0.855693211295063,1,0.88567196347901
"LT_2023","capped_3pct","mean_nwx","ge_mld",0.0464632536304603,0.80856737898805,0.0575685799692379,0.855693211295063,1,0.88567196347901
"LT_2023","capped_3pct","mean_nwx","ge_theil",0.0797493534549501,1.05732983991183,0.075817499591672,0.855693211295063,1,0.88567196347901
"LT_2023","capped_3pct","mean_nwx","gini",0.125264846000016,0.651705622422285,0.19229380348558,0.855693211295063,1,0.88567196347901
"LT_2023","capped_3pct","mean_nwx","top1",0.0455204811571272,0.271511771865058,0.168475678978532,0.855693211295063,1,0.88567196347901
"LT_2023","capped_3pct","mean_nwx","top10",0.190400790069691,0.518293520060549,0.36762712500024,0.855693211295063,1,0.88567196347901
"LT_2023","gradient","actual","atkinson05",0.315905983636608,0.330308967806493,0.956457835539418,0.890018565390635,0.992984392203161,0.948614855761725
"LT_2023","gradient","actual","atkinson1",0.510925996355707,0.529398483713746,0.965121333246212,0.890018565390635,0.992984392203161,0.948614855761725
"LT_2023","gradient","actual","atkinson2",0.989502406505697,0.989450484346537,1.00005248324733,0.890018565390635,0.992984392203161,0.948614855761725
"LT_2023","gradient","actual","cv",3.61281867349581,3.97883397837824,0.908028399543483,0.890018565390635,0.992984392203161,0.948614855761725
"LT_2023","gradient","actual","ge2",6.47912576006496,7.29955371104298,0.887752530395213,0.890018565390635,0.992984392203161,0.948614855761725
"LT_2023","gradient","actual","ge_mld",0.715461486681712,0.754016891014462,0.948917131352297,0.890018565390635,0.992984392203161,0.948614855761725
"LT_2023","gradient","actual","ge_theil",0.961020739740486,1.01803343728554,0.944158138078617,0.890018565390635,0.992984392203161,0.948614855761725
"LT_2023","gradient","actual","gini",0.58164379175969,0.631516007764694,0.921013844384357,0.890018565390635,0.992984392203161,0.948614855761725
"LT_2023","gradient","actual","top1",0.247482339007115,0.264169510335747,0.936996212454666,0.890018565390635,0.992984392203161,0.948614855761725
"LT_2023","gradient","actual","top10",0.47777110470884,0.50274570189352,0.950336232334376,0.890018565390635,0.992984392203161,0.948614855761725
"LT_2023","gradient","equal_hh","atkinson05",0.27530596649768,0.330308967806493,0.83332693703284,0.890018565390635,0.970218158102285,0.948614855761725
"LT_2023","gradient","equal_hh","atkinson1",0.414007039244423,0.529398483713746,0.781924746108319,0.890018565390635,0.970218158102285,0.948614855761725
"LT_2023","gradient","equal_hh","atkinson2",0.610926444635154,0.989450484346537,0.617438230060689,0.890018565390635,0.970218158102285,0.948614855761725
"LT_2023","gradient","equal_hh","cv",3.54162445376091,3.97883397837824,0.890018565390635,0.890018565390635,0.970218158102285,0.948614855761725
"LT_2023","gradient","equal_hh","ge2",5.99086212170465,7.29955371104298,0.820404571940929,0.890018565390635,0.970218158102285,0.948614855761725
"LT_2023","gradient","equal_hh","ge_mld",0.534635784067663,0.754016891014462,0.708935832258146,0.890018565390635,0.970218158102285,0.948614855761725
"LT_2023","gradient","equal_hh","ge_theil",0.866729498159218,1.01803343728554,0.851173888775131,0.890018565390635,0.970218158102285,0.948614855761725
"LT_2023","gradient","equal_hh","gini",0.562080204008208,0.631516007764694,0.890018565390635,0.890018565390635,0.970218158102285,0.948614855761725
"LT_2023","gradient","equal_hh","top1",0.236250920799451,0.264169510335747,0.894202847757547,0.890018565390635,0.970218158102285,0.948614855761725
"LT_2023","gradient","equal_hh","top10",0.45847679614482,0.50274570189352,0.911916614857667,0.890018565390635,0.970218158102285,0.948614855761725
"LT_2023","gradient","equal_pc","atkinson05",0.283930991818645,0.330308967806493,0.859485736167467,0.890018565390635,0.972030009354115,0.948614855761725
"LT_2023","gradient","equal_pc","atkinson1",0.437352863320061,0.529398483713746,0.826053527857259,0.890018565390635,0.972030009354115,0.948614855761725
"LT_2023","gradient","equal_pc","atkinson2",0.732547444316812,0.989450484346537,0.740356206133498,0.890018565390635,0.972030009354115,0.948614855761725
"LT_2023","gradient","equal_pc","cv",3.54723737760982,3.97883397837824,0.891420897739599,0.890018565390635,0.972030009354115,0.948614855761725
"LT_2023","gradient","equal_pc","ge2",6.03011463518542,7.29955371104298,0.825755498102397,0.890018565390635,0.972030009354115,0.948614855761725
"LT_2023","gradient","equal_pc","ge_mld",0.575297108420224,0.754016891014462,0.762900994503519,0.890018565390635,0.972030009354115,0.948614855761725
"LT_2023","gradient","equal_pc","ge_theil",0.881358357296056,1.01803343728554,0.865595063060865,0.890018565390635,0.972030009354115,0.948614855761725
"LT_2023","gradient","equal_pc","gini",0.568855468806459,0.631516007764694,0.900751670598279,0.890018565390635,0.972030009354115,0.948614855761725
"LT_2023","gradient","equal_pc","top1",0.236608269488567,0.264169510335747,0.895562738282456,0.890018565390635,0.972030009354115,0.948614855761725
"LT_2023","gradient","equal_pc","top10",0.462272528316673,0.50274570189352,0.919472554610762,0.890018565390635,0.972030009354115,0.948614855761725
"LT_2023","gradient","mean_nwx","atkinson05",0.0195362758412133,0.330308967806493,0.0592973174478723,0.890018565390635,1,0.948614855761725
"LT_2023","gradient","mean_nwx","atkinson1",0.0321392603693546,0.529398483713746,0.0607749972615765,0.890018565390635,1,0.948614855761725
"LT_2023","gradient","mean_nwx","atkinson2",0.0484652528491222,0.989450484346537,0.0489823908743478,0.890018565390635,1,0.948614855761725
"LT_2023","gradient","mean_nwx","cv",0.504709419424968,3.97883397837824,0.127225764773792,0.890018565390635,1,0.948614855761725
"LT_2023","gradient","mean_nwx","ge2",0.127416553386575,7.29955371104298,0.0176682148933525,0.890018565390635,1,0.948614855761725
"LT_2023","gradient","mean_nwx","ge_mld",0.0326675974732797,0.754016891014462,0.0434094720152003,0.890018565390635,1,0.948614855761725
"LT_2023","gradient","mean_nwx","ge_theil",0.0507831078495761,1.01803343728554,0.0501505893041201,0.890018565390635,1,0.948614855761725
"LT_2023","gradient","mean_nwx","gini",0.097553004899389,0.631516007764694,0.154546733241997,0.890018565390635,1,0.948614855761725
"LT_2023","gradient","mean_nwx","top1",0.0389007413655134,0.264169510335747,0.147953337935513,0.890018565390635,1,0.948614855761725
"LT_2023","gradient","mean_nwx","top10",0.175633661173938,0.50274570189352,0.349606289993282,0.890018565390635,1,0.948614855761725
"LU_2023","baseline_3pct","actual","atkinson05",0.339082482637648,0.350512011971144,0.967411507227418,0.66736977973614,0.963437060585396,0.891586638456071
"LU_2023","baseline_3pct","actual","atkinson1",0.650904090738167,0.659524561335882,0.986944829350313,0.66736977973614,0.963437060585396,0.891586638456071
"LU_2023","baseline_3pct","actual","atkinson2",0.999714300403361,0.999704373895327,1.00000992955824,0.66736977973614,0.963437060585396,0.891586638456071
"LU_2023","baseline_3pct","actual","cv",2.0274125694751,3.56537372369503,0.569756382015981,0.66736977973614,0.963437060585396,0.891586638456071
"LU_2023","baseline_3pct","actual","ge2",1.94524408005681,2.32274804901674,0.837485063603056,0.66736977973614,0.963437060585396,0.891586638456071
"LU_2023","baseline_3pct","actual","ge_mld",1.05252215581962,1.07757684573437,0.976801979802414,0.66736977973614,0.963437060585396,0.891586638456071
"LU_2023","baseline_3pct","actual","ge_theil",0.757635454903739,0.803755359173374,0.942634499618529,0.66736977973614,0.963437060585396,0.891586638456071
"LU_2023","baseline_3pct","actual","gini",0.630562437872272,1.0638820868223,0.594117854173469,0.66736977973614,0.963437060585396,0.891586638456071
"LU_2023","baseline_3pct","actual","top1",0.132858319170966,0.189308311248663,0.702224011089358,0.66736977973614,0.963437060585396,0.891586638456071
"LU_2023","baseline_3pct","actual","top10",0.466462370156213,0.613982697259028,0.760228490168486,0.66736977973614,0.963437060585396,0.891586638456071
"LU_2023","baseline_3pct","equal_hh","atkinson05",0.188989358449471,0.350512011971144,0.539137896287478,0.66736977973614,0.944579637119537,0.891586638456071
"LU_2023","baseline_3pct","equal_hh","atkinson1",0.318967521460067,0.659524561335882,0.483598464848538,0.66736977973614,0.944579637119537,0.891586638456071
"LU_2023","baseline_3pct","equal_hh","atkinson2",0.551570269063728,0.999704373895327,0.551732690866934,0.66736977973614,0.944579637119537,0.891586638456071
"LU_2023","baseline_3pct","equal_hh","cv",2.37675495501932,3.56537372369503,0.66736977973614,0.66736977973614,0.944579637119537,0.891586638456071
"LU_2023","baseline_3pct","equal_hh","ge2",1.32450333849011,2.32274804901674,0.570163706322045,0.66736977973614,0.944579637119537,0.891586638456071
"LU_2023","baseline_3pct","equal_hh","ge_mld",0.384212329937747,1.07757684573437,0.35652964891918,0.66736977973614,0.944579637119537,0.891586638456071
"LU_2023","baseline_3pct","equal_hh","ge_theil",0.472722465142681,0.803755359173374,0.58810601509946,0.66736977973614,0.944579637119537,0.891586638456071
"LU_2023","baseline_3pct","equal_hh","gini",0.709112780453671,1.0638820868223,0.66736977973614,0.66736977973614,0.944579637119537,0.891586638456071
"LU_2023","baseline_3pct","equal_hh","top1",0.129585669232169,0.189308311248663,0.684928966482734,0.66736977973614,0.944579637119537,0.891586638456071
"LU_2023","baseline_3pct","equal_hh","top10",0.442747733831863,0.613982697259028,0.721510288164244,0.66736977973614,0.944579637119537,0.891586638456071
"LU_2023","baseline_3pct","equal_pc","atkinson05",0.211369135443543,0.350512011971144,0.603008375131034,0.66736977973614,0.942155563341945,0.891586638456071
"LU_2023","baseline_3pct","equal_pc","atkinson1",0.374062010976405,0.659524561335882,0.567186659790644,0.66736977973614,0.942155563341945,0.891586638456071
"LU_2023","baseline_3pct","equal_pc","atkinson2",0.766627140946709,0.999704373895327,0.766851402203637,0.66736977973614,0.942155563341945,0.891586638456071
"LU_2023","baseline_3pct","equal_pc","cv",2.39109047630706,3.56537372369503,0.671383082810982,0.66736977973614,0.942155563341945,0.891586638456071
"LU_2023","baseline_3pct","equal_pc","ge2",1.33486186954438,2.32274804901674,0.574624194325398,0.66736977973614,0.942155563341945,0.891586638456071
"LU_2023","baseline_3pct","equal_pc","ge_mld",0.468537407185235,1.07757684573437,0.434873729919807,0.66736977973614,0.942155563341945,0.891586638456071
"LU_2023","baseline_3pct","equal_pc","ge_theil",0.505342439999728,0.803755359173374,0.62869952628143,0.66736977973614,0.942155563341945,0.891586638456071
"LU_2023","baseline_3pct","equal_pc","gini",0.739118875428728,1.0638820868223,0.695558127635271,0.66736977973614,0.942155563341945,0.891586638456071
"LU_2023","baseline_3pct","equal_pc","top1",0.129325706049087,0.189308311248663,0.683563654468114,0.66736977973614,0.942155563341945,0.891586638456071
"LU_2023","baseline_3pct","equal_pc","top10",0.44556079227571,0.613982697259028,0.726093892296661,0.66736977973614,0.942155563341945,0.891586638456071
"LU_2023","baseline_3pct","mean_nwx","atkinson05",0.135651956209322,0.350512011971144,0.38715927453798,0.66736977973614,1,0.891586638456071
"LU_2023","baseline_3pct","mean_nwx","atkinson1",0.201149696536615,0.659524561335882,0.30511678492812,0.66736977973614,1,0.891586638456071
"LU_2023","baseline_3pct","mean_nwx","atkinson2",0.25774961759345,0.999704373895327,0.257825429529486,0.66736977973614,1,0.891586638456071
"LU_2023","baseline_3pct","mean_nwx","cv",1.58509633624142,3.56537372369503,0.444526950737633,0.66736977973614,1,0.891586638456071
"LU_2023","baseline_3pct","mean_nwx","ge2",1.2590084998028,2.32274804901674,0.542286001129014,0.66736977973614,1,0.891586638456071
"LU_2023","baseline_3pct","mean_nwx","ge_mld",0.224786508382566,1.07757684573437,0.208798834817224,0.66736977973614,1,0.891586638456071
"LU_2023","baseline_3pct","mean_nwx","ge_theil",0.391100095176693,0.803755359173374,0.486725166436411,0.66736977973614,1,0.891586638456071
"LU_2023","baseline_3pct","mean_nwx","gini",0.309333299990994,1.0638820868223,0.290675612725813,0.66736977973614,1,0.891586638456071
"LU_2023","baseline_3pct","mean_nwx","top1",0.12678892766083,0.189308311248663,0.668927340846763,0.66736977973614,1,0.891586638456071
"LU_2023","baseline_3pct","mean_nwx","top10",0.370610449835171,0.613982697259028,0.603389367281799,0.66736977973614,1,0.891586638456071
"LU_2023","capped_3pct","actual","atkinson05",0.339082482637648,0.350512011971144,0.967411507227418,0.827029517770676,0.963437060585396,0.891586638456071
"LU_2023","capped_3pct","actual","atkinson1",0.650904090738167,0.659524561335882,0.986944829350313,0.827029517770676,0.963437060585396,0.891586638456071
"LU_2023","capped_3pct","actual","atkinson2",0.999714300403361,0.999704373895327,1.00000992955824,0.827029517770676,0.963437060585396,0.891586638456071
"LU_2023","capped_3pct","actual","cv",2.0274125694751,2.32027045618554,0.873784738169407,0.827029517770676,0.963437060585396,0.891586638456071
"LU_2023","capped_3pct","actual","ge2",1.94524408005681,2.32274804901674,0.837485063603056,0.827029517770676,0.963437060585396,0.891586638456071
"LU_2023","capped_3pct","actual","ge_mld",1.05252215581962,1.07757684573437,0.976801979802414,0.827029517770676,0.963437060585396,0.891586638456071
"LU_2023","capped_3pct","actual","ge_theil",0.757635454903739,0.803755359173374,0.942634499618529,0.827029517770676,0.963437060585396,0.891586638456071
"LU_2023","capped_3pct","actual","gini",0.630562437872272,0.66938115441831,0.942009078726243,0.827029517770676,0.963437060585396,0.891586638456071
"LU_2023","capped_3pct","actual","top1",0.132858319170966,0.152666101100636,0.870253468520597,0.827029517770676,0.963437060585396,0.891586638456071
"LU_2023","capped_3pct","actual","top10",0.466462370156213,0.495126552778768,0.942115653466635,0.827029517770676,0.963437060585396,0.891586638456071
"LU_2023","capped_3pct","equal_hh","atkinson05",0.251232394461146,0.350512011971144,0.716779731602006,0.827029517770676,0.993659691233007,0.891586638456071
"LU_2023","capped_3pct","equal_hh","atkinson1",0.419430247321694,0.659524561335882,0.636006169569566,0.827029517770676,0.993659691233007,0.891586638456071
"LU_2023","capped_3pct","equal_hh","atkinson2",0.614648009572922,0.999704373895327,0.614829904393235,0.827029517770676,0.993659691233007,0.891586638456071
"LU_2023","capped_3pct","equal_hh","cv",1.91893432694606,2.32027045618554,0.827029517770676,0.827029517770676,0.993659691233007,0.891586638456071
"LU_2023","capped_3pct","equal_hh","ge2",1.81939833022739,2.32274804901674,0.78329882750332,0.827029517770676,0.993659691233007,0.891586638456071
"LU_2023","capped_3pct","equal_hh","ge_mld",0.543751045256331,1.07757684573437,0.504733723354738,0.827029517770676,0.993659691233007,0.891586638456071
"LU_2023","capped_3pct","equal_hh","ge_theil",0.623922054124305,0.803755359173374,0.776267927744285,0.827029517770676,0.993659691233007,0.891586638456071
"LU_2023","capped_3pct","equal_hh","gini",0.553597845902952,0.66938115441831,0.827029517770676,0.827029517770676,0.993659691233007,0.891586638456071
"LU_2023","capped_3pct","equal_hh","top1",0.127989071851823,0.152666101100636,0.838359645968022,0.827029517770676,0.993659691233007,0.891586638456071
"LU_2023","capped_3pct","equal_hh","top10",0.426781760028409,0.495126552778768,0.861964919656416,0.827029517770676,0.993659691233007,0.891586638456071
"LU_2023","capped_3pct","equal_pc","atkinson05",0.268041377505676,0.350512011971144,0.764739460896073,0.827029517770676,0.992754464202333,0.891586638456071
"LU_2023","capped_3pct","equal_pc","atkinson1",0.462712615730745,0.659524561335882,0.701635994707603,0.827029517770676,0.992754464202333,0.891586638456071
"LU_2023","capped_3pct","equal_pc","atkinson2",0.706034967121626,0.999704373895327,0.706243706151406,0.827029517770676,0.992754464202333,0.891586638456071
"LU_2023","capped_3pct","equal_pc","cv",1.9236844183494,2.32027045618554,0.829076909016301,0.827029517770676,0.992754464202333,0.891586638456071
"LU_2023","capped_3pct","equal_pc","ge2",1.82546576031449,2.32274804901674,0.785916484444742,0.827029517770676,0.992754464202333,0.891586638456071
"LU_2023","capped_3pct","equal_pc","ge_mld",0.62122580975136,1.07757684573437,0.576644943956015,0.827029517770676,0.992754464202333,0.891586638456071
"LU_2023","capped_3pct","equal_pc","ge_theil",0.645869028882224,0.803755359173374,0.803577212535205,0.827029517770676,0.992754464202333,0.891586638456071
"LU_2023","capped_3pct","equal_pc","gini",0.567631705516638,0.66938115441831,0.847994771977881,0.827029517770676,0.992754464202333,0.891586638456071
"LU_2023","capped_3pct","equal_pc","top1",0.127835681825699,0.152666101100636,0.837353907135292,0.827029517770676,0.992754464202333,0.891586638456071
"LU_2023","capped_3pct","equal_pc","top10",0.427819515267242,0.495126552778768,0.864061686881399,0.827029517770676,0.992754464202333,0.891586638456071
"LU_2023","capped_3pct","mean_nwx","atkinson05",0.0405871150299146,0.350512011971144,0.115796338237952,0.827029517770676,1,0.891586638456071
"LU_2023","capped_3pct","mean_nwx","atkinson1",0.0682105073993393,0.659524561335882,0.103423769143504,0.827029517770676,1,0.891586638456071
"LU_2023","capped_3pct","mean_nwx","atkinson2",0.101378251773613,0.999704373895327,0.10140815649898,0.827029517770676,1,0.891586638456071
"LU_2023","capped_3pct","mean_nwx","cv",0.56589818432109,2.32027045618554,0.243909864136212,0.827029517770676,1,0.891586638456071
"LU_2023","capped_3pct","mean_nwx","ge2",0.160210413495941,2.32274804901674,0.0689928870809338,0.827029517770676,1,0.891586638456071
"LU_2023","capped_3pct","mean_nwx","ge_mld",0.0706491941644206,1.07757684573437,0.0655708995246138,0.827029517770676,1,0.891586638456071
"LU_2023","capped_3pct","mean_nwx","ge_theil",0.0983052468053123,0.803755359173374,0.122312542059339,0.827029517770676,1,0.891586638456071
"LU_2023","capped_3pct","mean_nwx","gini",0.15703892249488,0.66938115441831,0.234603395331033,0.827029517770676,1,0.891586638456071
"LU_2023","capped_3pct","mean_nwx","top1",0.0487985469079204,0.152666101100636,0.319665353110299,0.827029517770676,1,0.891586638456071
"LU_2023","capped_3pct","mean_nwx","top10",0.2325376633104,0.495126552778768,0.469666848657424,0.827029517770676,1,0.891586638456071
"LU_2023","gradient","actual","atkinson05",0.339082482637648,0.332651545213313,1.01934153652919,0.864883415384837,0.963437060585396,0.9413186486768
"LU_2023","gradient","actual","atkinson1",0.650904090738167,0.639239955411209,1.01825796837204,0.864883415384837,0.963437060585396,0.9413186486768
"LU_2023","gradient","actual","atkinson2",0.999714300403361,0.999687333319741,1.00002697586338,0.864883415384837,0.963437060585396,0.9413186486768
"LU_2023","gradient","actual","cv",2.0274125694751,2.19184868305175,0.924987051872024,0.864883415384837,0.963437060585396,0.9413186486768
"LU_2023","gradient","actual","ge2",1.94524408005681,2.16109078406787,0.900134720333281,0.864883415384837,0.963437060585396,0.9413186486768
"LU_2023","gradient","actual","ge_mld",1.05252215581962,1.01967596790904,1.03224222123721,0.864883415384837,0.963437060585396,0.9413186486768
"LU_2023","gradient","actual","ge_theil",0.757635454903739,0.75379353367801,1.00509845433178,0.864883415384837,0.963437060585396,0.9413186486768
"LU_2023","gradient","actual","gini",0.630562437872272,0.645547523500744,0.976788976956316,0.864883415384837,0.963437060585396,0.9413186486768
"LU_2023","gradient","actual","top1",0.132858319170966,0.142630486447902,0.931499379243137,0.864883415384837,0.963437060585396,0.9413186486768
"LU_2023","gradient","actual","top10",0.466462370156213,0.467625766746922,0.997515400807944,0.864883415384837,0.963437060585396,0.9413186486768
"LU_2023","gradient","equal_hh","atkinson05",0.246561466147088,0.332651545213313,0.74119505633349,0.864883415384837,0.980245759663618,0.9413186486768
"LU_2023","gradient","equal_hh","atkinson1",0.424758327939708,0.639239955411209,0.664483970052681,0.864883415384837,0.980245759663618,0.9413186486768
"LU_2023","gradient","equal_hh","atkinson2",0.741518682892198,0.999687333319741,0.741748961553908,0.864883415384837,0.980245759663618,0.9413186486768
"LU_2023","gradient","equal_hh","cv",1.89566744356189,2.19184868305175,0.864883415384837,0.864883415384837,0.980245759663618,0.9413186486768
"LU_2023","gradient","equal_hh","ge2",1.71858048652397,2.16109078406787,0.795269646159965,0.864883415384837,0.980245759663618,0.9413186486768
"LU_2023","gradient","equal_hh","ge_mld",0.552983382360984,1.01967596790904,0.54236443262836,0.864883415384837,0.980245759663618,0.9413186486768
"LU_2023","gradient","equal_hh","ge_theil",0.59896589055158,0.75379353367801,0.794602393754506,0.864883415384837,0.980245759663618,0.9413186486768
"LU_2023","gradient","equal_hh","gini",0.558321045020333,0.645547523500744,0.864883415384837,0.864883415384837,0.980245759663618,0.9413186486768
"LU_2023","gradient","equal_hh","top1",0.124707845819026,0.142630486447902,0.874355942150447,0.864883415384837,0.980245759663618,0.9413186486768
"LU_2023","gradient","equal_hh","top10",0.417949901780201,0.467625766746922,0.893776219023396,0.864883415384837,0.980245759663618,0.9413186486768
"LU_2023","gradient","equal_pc","atkinson05",0.257312536890617,0.332651545213313,0.773512833827262,0.864883415384837,0.977634725007223,0.9413186486768
"LU_2023","gradient","equal_pc","atkinson1",0.455049246866353,0.639239955411209,0.711854673600255,0.864883415384837,0.977634725007223,0.9413186486768
"LU_2023","gradient","equal_pc","atkinson2",0.749251951518185,0.999687333319741,0.749485310343494,0.864883415384837,0.977634725007223,0.9413186486768
"LU_2023","gradient","equal_pc","cv",1.89877122321388,2.19184868305175,0.866298871808778,0.864883415384837,0.977634725007223,0.9413186486768
"LU_2023","gradient","equal_pc","ge2",1.71624488870655,2.16109078406787,0.794186381903086,0.864883415384837,0.977634725007223,0.9413186486768
"LU_2023","gradient","equal_pc","ge_mld",0.607100773471321,1.01967596790904,0.59540768702845,0.864883415384837,0.977634725007223,0.9413186486768
"LU_2023","gradient","equal_pc","ge_theil",0.611389892526877,0.75379353367801,0.811083976850129,0.864883415384837,0.977634725007223,0.9413186486768
"LU_2023","gradient","equal_pc","gini",0.567251000140694,0.645547523500744,0.878716138042862,0.864883415384837,0.977634725007223,0.9413186486768
"LU_2023","gradient","equal_pc","top1",0.124588488720882,0.142630486447902,0.873519387257282,0.864883415384837,0.977634725007223,0.9413186486768
"LU_2023","gradient","equal_pc","top10",0.418564572082676,0.467625766746922,0.895090321445511,0.864883415384837,0.977634725007223,0.9413186486768
"LU_2023","gradient","mean_nwx","atkinson05",0.0300549275483925,0.332651545213313,0.09037202955804,0.864883415384837,1,0.9413186486768
"LU_2023","gradient","mean_nwx","atkinson1",0.0496339474138062,0.639239955411209,0.0776827892167288,0.864883415384837,1,0.9413186486768
"LU_2023","gradient","mean_nwx","atkinson2",0.073167960569901,0.999687333319741,0.073190948276565,0.864883415384837,1,0.9413186486768
"LU_2023","gradient","mean_nwx","cv",0.544367151703265,2.19184868305175,0.248329285931812,0.864883415384837,1,0.9413186486768
"LU_2023","gradient","mean_nwx","ge2",0.14837820148462,2.16109078406787,0.0686323859531453,0.864883415384837,1,0.9413186486768
"LU_2023","gradient","mean_nwx","ge_mld",0.0509112729010662,1.01967596790904,0.0499772072255963,0.864883415384837,1,0.9413186486768
"LU_2023","gradient","mean_nwx","ge_theil",0.0755359551811432,0.75379353367801,0.100214019318936,0.864883415384837,1,0.9413186486768
"LU_2023","gradient","mean_nwx","gini",0.123334180079599,0.645547523500744,0.191049397674289,0.864883415384837,1,0.9413186486768
"LU_2023","gradient","mean_nwx","top1",0.0499578994558487,0.142630486447902,0.350191664600626,0.864883415384837,1,0.9413186486768
"LU_2023","gradient","mean_nwx","top10",0.203304432686295,0.467625766746922,0.434749917101115,0.864883415384837,1,0.9413186486768
"LV_2023","baseline_3pct","actual","atkinson05",0.406331121490444,0.412782615603426,0.984428415474425,0.921114441859085,0.958344211043702,0.925758567755369
"LV_2023","baseline_3pct","actual","atkinson1",0.691353967666902,0.692250641867968,0.998719715410945,0.921114441859085,0.958344211043702,0.925758567755369
"LV_2023","baseline_3pct","actual","atkinson2",0.997689901351381,0.997688354505669,1.00000155015191,0.921114441859085,0.958344211043702,0.925758567755369
"LV_2023","baseline_3pct","actual","cv",2.76062731826376,2.99120013440908,0.922939730441301,0.921114441859085,0.958344211043702,0.925758567755369
"LV_2023","baseline_3pct","actual","ge2",3.6137114226925,3.81469867348621,0.947335644069649,0.921114441859085,0.958344211043702,0.925758567755369
"LV_2023","baseline_3pct","actual","ge_mld",1.17579716820702,1.17877967073541,0.997525581747129,0.921114441859085,0.958344211043702,0.925758567755369
"LV_2023","baseline_3pct","actual","ge_theil",1.08153277671035,1.11374684516269,0.971144009726254,0.921114441859085,0.958344211043702,0.925758567755369
"LV_2023","baseline_3pct","actual","gini",0.689475911192955,0.74958234595485,0.91981147968798,0.921114441859085,0.958344211043702,0.925758567755369
"LV_2023","baseline_3pct","actual","top1",0.232937628419028,0.251586585840935,0.925953485386889,0.921114441859085,0.958344211043702,0.925758567755369
"LV_2023","baseline_3pct","actual","top10",0.574182856105121,0.602784675168263,0.952547877181674,0.921114441859085,0.958344211043702,0.925758567755369
"LV_2023","baseline_3pct","equal_hh","atkinson05",0.358164171384826,0.412782615603426,0.867640974557701,0.921114441859085,0.963467005445584,0.925758567755369
"LV_2023","baseline_3pct","equal_hh","atkinson1",0.547916295271913,0.692250641867968,0.791450581074378,0.921114441859085,0.963467005445584,0.925758567755369
"LV_2023","baseline_3pct","equal_hh","atkinson2",0.753572784182923,0.997688354505669,0.755318535062823,0.921114441859085,0.963467005445584,0.925758567755369
"LV_2023","baseline_3pct","equal_hh","cv",2.75518477644393,2.99120013440908,0.921114441859085,0.921114441859085,0.963467005445584,0.925758567755369
"LV_2023","baseline_3pct","equal_hh","ge2",3.4238545385157,3.81469867348621,0.897592928968674,0.921114441859085,0.963467005445584,0.925758567755369
"LV_2023","baseline_3pct","equal_hh","ge_mld",0.794099214733542,1.17877967073541,0.673599956490145,0.921114441859085,0.963467005445584,0.925758567755369
"LV_2023","baseline_3pct","equal_hh","ge_theil",1.00019050852141,1.11374684516269,0.898017740362437,0.921114441859085,0.963467005445584,0.925758567755369
"LV_2023","baseline_3pct","equal_hh","gini",0.690456064736095,0.74958234595485,0.921114441859085,0.921114441859085,0.963467005445584,0.925758567755369
"LV_2023","baseline_3pct","equal_hh","top1",0.232508972511218,0.251586585840935,0.924249775789939,0.921114441859085,0.963467005445584,0.925758567755369
"LV_2023","baseline_3pct","equal_hh","top10",0.56314169684453,0.602784675168263,0.934211366427727,0.921114441859085,0.963467005445584,0.925758567755369
"LV_2023","baseline_3pct","equal_pc","atkinson05",0.371635774603014,0.412782615603426,0.900294043292834,0.921114441859085,0.964665342190241,0.925758567755369
"LV_2023","baseline_3pct","equal_pc","atkinson1",0.583943445255272,0.692250641867968,0.843504822463324,0.921114441859085,0.964665342190241,0.925758567755369
"LV_2023","baseline_3pct","equal_pc","atkinson2",0.850760602501919,0.997688354505669,0.852732435614356,0.921114441859085,0.964665342190241,0.925758567755369
"LV_2023","baseline_3pct","equal_pc","cv",2.76356645037547,2.99120013440908,0.923918212104056,0.921114441859085,0.964665342190241,0.925758567755369
"LV_2023","baseline_3pct","equal_pc","ge2",3.44968167812782,3.81469867348621,0.904325546466157,0.921114441859085,0.964665342190241,0.925758567755369
"LV_2023","baseline_3pct","equal_pc","ge_mld",0.877163272437599,1.17877967073541,0.744078565498208,0.921114441859085,0.964665342190241,0.925758567755369
"LV_2023","baseline_3pct","equal_pc","ge_theil",1.01930485262077,1.11374684516269,0.915185930908733,0.921114441859085,0.964665342190241,0.925758567755369
"LV_2023","baseline_3pct","equal_pc","gini",0.698869723256016,0.74958234595485,0.932341652690745,0.921114441859085,0.964665342190241,0.925758567755369
"LV_2023","baseline_3pct","equal_pc","top1",0.23269226774218,0.251586585840935,0.924979221942724,0.921114441859085,0.964665342190241,0.925758567755369
"LV_2023","baseline_3pct","equal_pc","top10",0.566406589550886,0.602784675168263,0.939627996734458,0.921114441859085,0.964665342190241,0.925758567755369
"LV_2023","baseline_3pct","mean_nwx","atkinson05",0.0198928068621802,0.412782615603426,0.0482467414655112,0.921114441859085,1,0.925758567755369
"LV_2023","baseline_3pct","mean_nwx","atkinson1",0.032254786911762,0.692250641867968,0.0466154547846084,0.921114441859085,1,0.925758567755369
"LV_2023","baseline_3pct","mean_nwx","atkinson2",0.046198387820927,0.997688354505669,0.0463055593740869,0.921114441859085,1,0.925758567755369
"LV_2023","baseline_3pct","mean_nwx","cv",0.446924517286497,2.99120013440908,0.149420624572522,0.921114441859085,1,0.925758567755369
"LV_2023","baseline_3pct","mean_nwx","ge2",0.0999818386087084,3.81469867348621,0.0262217609992829,0.921114441859085,1,0.925758567755369
"LV_2023","baseline_3pct","mean_nwx","ge_mld",0.0327877425399421,1.17877967073541,0.027845564529286,0.921114441859085,1,0.925758567755369
"LV_2023","baseline_3pct","mean_nwx","ge_theil",0.0509752284384077,1.11374684516269,0.0458375174646605,0.921114441859085,1,0.925758567755369
"LV_2023","baseline_3pct","mean_nwx","gini",0.0755962174680113,0.74958234595485,0.100867769296785,0.921114441859085,1,0.925758567755369
"LV_2023","baseline_3pct","mean_nwx","top1",0.0455043485335789,0.251586585840935,0.180898339816095,0.921114441859085,1,0.925758567755369
"LV_2023","baseline_3pct","mean_nwx","top10",0.170252421361239,0.602784675168263,0.282593213286573,0.921114441859085,1,0.925758567755369
"LV_2023","capped_3pct","actual","atkinson05",0.406331121490444,0.412782615603426,0.984428415474425,0.94513159940781,0.958344211043702,0.925758567755369
"LV_2023","capped_3pct","actual","atkinson1",0.691353967666902,0.692250641867968,0.998719715410945,0.94513159940781,0.958344211043702,0.925758567755369
"LV_2023","capped_3pct","actual","atkinson2",0.997689901351381,0.997688354505669,1.00000155015191,0.94513159940781,0.958344211043702,0.925758567755369
"LV_2023","capped_3pct","actual","cv",2.76062731826376,2.89187449050271,0.954627271486696,0.94513159940781,0.958344211043702,0.925758567755369
"LV_2023","capped_3pct","actual","ge2",3.6137114226925,3.81469867348621,0.947335644069649,0.94513159940781,0.958344211043702,0.925758567755369
"LV_2023","capped_3pct","actual","ge_mld",1.17579716820702,1.17877967073541,0.997525581747129,0.94513159940781,0.958344211043702,0.925758567755369
"LV_2023","capped_3pct","actual","ge_theil",1.08153277671035,1.11374684516269,0.971144009726254,0.94513159940781,0.958344211043702,0.925758567755369
"LV_2023","capped_3pct","actual","gini",0.689475911192955,0.705494950072543,0.977295877625866,0.94513159940781,0.958344211043702,0.925758567755369
"LV_2023","capped_3pct","actual","top1",0.232937628419028,0.245185268610625,0.950096837234849,0.94513159940781,0.958344211043702,0.925758567755369
"LV_2023","capped_3pct","actual","top10",0.574182856105121,0.587472101216747,0.977386219180141,0.94513159940781,0.958344211043702,0.925758567755369
"LV_2023","capped_3pct","equal_hh","atkinson05",0.382337564255741,0.412782615603426,0.926241796873973,0.94513159940781,0.988110952527457,0.925758567755369
"LV_2023","capped_3pct","equal_hh","atkinson1",0.589378072399336,0.692250641867968,0.851371248180983,0.94513159940781,0.988110952527457,0.925758567755369
"LV_2023","capped_3pct","equal_hh","atkinson2",0.825594518536835,0.997688354505669,0.82750747677245,0.94513159940781,0.988110952527457,0.925758567755369
"LV_2023","capped_3pct","equal_hh","cv",2.73318370821665,2.89187449050271,0.94513159940781,0.94513159940781,0.988110952527457,0.925758567755369
"LV_2023","capped_3pct","equal_hh","ge2",3.67484688930341,3.81469867348621,0.963350190132565,0.94513159940781,0.988110952527457,0.925758567755369
"LV_2023","capped_3pct","equal_hh","ge_mld",0.890277913073763,1.17877967073541,0.755243359717124,0.94513159940781,0.988110952527457,0.925758567755369
"LV_2023","capped_3pct","equal_hh","ge_theil",1.05955663026881,1.11374684516269,0.951348909423955,0.94513159940781,0.988110952527457,0.925758567755369
"LV_2023","capped_3pct","equal_hh","gini",0.666792423072597,0.705494950072543,0.94513159940781,0.94513159940781,0.988110952527457,0.925758567755369
"LV_2023","capped_3pct","equal_hh","top1",0.232268800935731,0.245185268610625,0.947369368101126,0.94513159940781,0.988110952527457,0.925758567755369
"LV_2023","capped_3pct","equal_hh","top10",0.560739981089657,0.587472101216747,0.954479163299995,0.94513159940781,0.988110952527457,0.925758567755369
"LV_2023","capped_3pct","equal_pc","atkinson05",0.392118577898607,0.412782615603426,0.949942729795525,0.94513159940781,0.985646520780182,0.925758567755369
"LV_2023","capped_3pct","equal_pc","atkinson1",0.617312561631972,0.692250641867968,0.891722377169376,0.94513159940781,0.985646520780182,0.925758567755369
"LV_2023","capped_3pct","equal_pc","atkinson2",0.886338151698374,0.997688354505669,0.888391609370987,0.94513159940781,0.985646520780182,0.925758567755369
"LV_2023","capped_3pct","equal_pc","cv",2.73890927176127,2.89187449050271,0.947112614877956,0.94513159940781,0.985646520780182,0.925758567755369
"LV_2023","capped_3pct","equal_pc","ge2",3.68198255040409,3.81469867348621,0.96520794754892,0.94513159940781,0.985646520780182,0.925758567755369
"LV_2023","capped_3pct","equal_pc","ge_mld",0.960783665050711,1.17877967073541,0.815036880847646,0.94513159940781,0.985646520780182,0.925758567755369
"LV_2023","capped_3pct","equal_pc","ge_theil",1.0715758784425,1.11374684516269,0.962141260119783,0.94513159940781,0.985646520780182,0.925758567755369
"LV_2023","capped_3pct","equal_pc","gini",0.672517780264069,0.705494950072543,0.953249779371481,0.94513159940781,0.985646520780182,0.925758567755369
"LV_2023","capped_3pct","equal_pc","top1",0.232396247869842,0.245185268610625,0.947889800749422,0.94513159940781,0.985646520780182,0.925758567755369
"LV_2023","capped_3pct","equal_pc","top10",0.562999426880179,0.587472101216747,0.958325609547265,0.94513159940781,0.985646520780182,0.925758567755369
"LV_2023","capped_3pct","mean_nwx","atkinson05",0.0106535436992798,0.412782615603426,0.0258410714510308,0.94513159940781,1,0.925758567755369
"LV_2023","capped_3pct","mean_nwx","atkinson1",0.0179598481251393,0.692250641867968,0.0259570133146249,0.94513159940781,1,0.925758567755369
"LV_2023","capped_3pct","mean_nwx","atkinson2",0.0271725444810582,0.997688354505669,0.0272355795705314,0.94513159940781,1,0.925758567755369
"LV_2023","capped_3pct","mean_nwx","cv",0.295270363146463,2.89187449050271,0.102117156847029,0.94513159940781,1,0.925758567755369
"LV_2023","capped_3pct","mean_nwx","ge2",0.0436425712567915,3.81469867348621,0.0114487130455219,0.94513159940781,1,0.925758567755369
"LV_2023","capped_3pct","mean_nwx","ge_mld",0.0181235276656888,1.17877967073541,0.0153927643805034,0.94513159940781,1,0.925758567755369
"LV_2023","capped_3pct","mean_nwx","ge_theil",0.0259841428679889,1.11374684516269,0.0233689989534007,0.94513159940781,1,0.925758567755369
"LV_2023","capped_3pct","mean_nwx","gini",0.0524225253759787,0.705494950072543,0.074326577386256,0.94513159940781,1,0.925758567755369
"LV_2023","capped_3pct","mean_nwx","top1",0.0318523305394973,0.245185268610625,0.129940431005852,0.94513159940781,1,0.925758567755369
"LV_2023","capped_3pct","mean_nwx","top10",0.148879985736585,0.587472101216747,0.253560075294613,0.94513159940781,1,0.925758567755369
"LV_2023","gradient","actual","atkinson05",0.406331121490444,0.407932087926443,0.996110630526298,0.95130793677574,0.958344211043702,0.946554517723573
"LV_2023","gradient","actual","atkinson1",0.691353967666902,0.686041865281031,1.0077573721126,0.95130793677574,0.958344211043702,0.946554517723573
"LV_2023","gradient","actual","atkinson2",0.997689901351381,0.997603046303906,1.00008706415197,0.95130793677574,0.958344211043702,0.946554517723573
"LV_2023","gradient","actual","cv",2.76062731826376,2.85968892256978,0.965336399089455,0.95130793677574,0.958344211043702,0.946554517723573
"LV_2023","gradient","actual","ge2",3.6137114226925,3.80390707806144,0.94994767181738,0.95130793677574,0.958344211043702,0.946554517723573
"LV_2023","gradient","actual","ge_mld",1.17579716820702,1.15878304621259,1.01472969951504,0.95130793677574,0.958344211043702,0.946554517723573
"LV_2023","gradient","actual","ge_theil",1.08153277671035,1.10210010342021,0.981364284146055,0.95130793677574,0.958344211043702,0.946554517723573
"LV_2023","gradient","actual","gini",0.689475911192955,0.69804630586845,0.987717905259723,0.95130793677574,0.958344211043702,0.946554517723573
"LV_2023","gradient","actual","top1",0.232937628419028,0.242951194200576,0.958820572400051,0.95130793677574,0.958344211043702,0.946554517723573
"LV_2023","gradient","actual","top10",0.574182856105121,0.581353989981469,0.98766861349203,0.95130793677574,0.958344211043702,0.946554517723573
"LV_2023","gradient","equal_hh","atkinson05",0.374181804438682,0.407932087926443,0.917146316537346,0.95130793677574,0.980510433588717,0.946554517723573
"LV_2023","gradient","equal_hh","atkinson1",0.578861415124917,0.686041865281031,0.843687458552439,0.95130793677574,0.980510433588717,0.946554517723573
"LV_2023","gradient","equal_hh","atkinson2",0.808507320949995,0.997603046303906,0.810449540098022,0.95130793677574,0.980510433588717,0.946554517723573
"LV_2023","gradient","equal_hh","cv",2.72053441292854,2.85968892256978,0.95130793677574,0.95130793677574,0.980510433588717,0.946554517723573
"LV_2023","gradient","equal_hh","ge2",3.59360237649958,3.80390707806144,0.94460131053058,0.95130793677574,0.980510433588717,0.946554517723573
"LV_2023","gradient","equal_hh","ge_mld",0.86519728999813,1.15878304621259,0.74647538284203,0.95130793677574,0.980510433588717,0.946554517723573
"LV_2023","gradient","equal_hh","ge_theil",1.03766675011218,1.10210010342021,0.941408319289405,0.95130793677574,0.980510433588717,0.946554517723573
"LV_2023","gradient","equal_hh","gini",0.664073625309312,0.69804630586845,0.95130793677574,0.95130793677574,0.980510433588717,0.946554517723573
"LV_2023","gradient","equal_hh","top1",0.231599131031637,0.242951194200576,0.953312191738983,0.95130793677574,0.980510433588717,0.946554517723573
"LV_2023","gradient","equal_hh","top10",0.557945795141332,0.581353989981469,0.959695528568727,0.95130793677574,0.980510433588717,0.946554517723573
"LV_2023","gradient","equal_pc","atkinson05",0.381102896841294,0.407932087926443,0.934159677365598,0.95130793677574,0.97487904396754,0.946554517723573
"LV_2023","gradient","equal_pc","atkinson1",0.600422241305208,0.686041865281031,0.875148222107594,0.95130793677574,0.97487904396754,0.946554517723573
"LV_2023","gradient","equal_pc","atkinson2",0.853831121225922,0.997603046303906,0.85588238506432,0.95130793677574,0.97487904396754,0.946554517723573
"LV_2023","gradient","equal_pc","cv",2.72566477227628,2.85968892256978,0.953103876256105,0.95130793677574,0.97487904396754,0.946554517723573
"LV_2023","gradient","equal_pc","ge2",3.58447935950472,3.80390707806144,0.942214347300774,0.95130793677574,0.97487904396754,0.946554517723573
"LV_2023","gradient","equal_pc","ge_mld",0.917668751641163,1.15878304621259,0.791831298360161,0.95130793677574,0.97487904396754,0.946554517723573
"LV_2023","gradient","equal_pc","ge_theil",1.04468539281302,1.10210010342021,0.947813044454287,0.95130793677574,0.97487904396754,0.946554517723573
"LV_2023","gradient","equal_pc","gini",0.669349753676281,0.69804630586845,0.958870405281539,0.95130793677574,0.97487904396754,0.946554517723573
"LV_2023","gradient","equal_pc","top1",0.231712082962364,0.242951194200576,0.953777709728718,0.95130793677574,0.97487904396754,0.946554517723573
"LV_2023","gradient","equal_pc","top10",0.559971799664047,0.581353989981469,0.963182894994642,0.95130793677574,0.97487904396754,0.946554517723573
"LV_2023","gradient","mean_nwx","atkinson05",0.00959831944373344,0.407932087926443,0.0236158246618025,0.95130793677574,1,0.946554517723573
"LV_2023","gradient","mean_nwx","atkinson1",0.0160801760568017,0.686041865281031,0.0234747742967212,0.95130793677574,1,0.946554517723573
"LV_2023","gradient","mean_nwx","atkinson2",0.0241050545064289,0.997603046303906,0.0241630775225013,0.95130793677574,1,0.946554517723573
"LV_2023","gradient","mean_nwx","cv",0.280783064547474,2.85968892256978,0.0983765137040559,0.95130793677574,1,0.946554517723573
"LV_2023","gradient","mean_nwx","ge2",0.0406368756515494,3.80390707806144,0.0107848354224465,0.95130793677574,1,0.946554517723573
"LV_2023","gradient","mean_nwx","ge_mld",0.0162153945441953,1.15878304621259,0.0140368459650803,0.95130793677574,1,0.946554517723573
"LV_2023","gradient","mean_nwx","ge_theil",0.0235975248708998,1.10210010342021,0.021539026844174,0.95130793677574,1,0.946554517723573
"LV_2023","gradient","mean_nwx","gini",0.0467013566238085,0.69804630586845,0.0669422279157763,0.95130793677574,1,0.946554517723573
"LV_2023","gradient","mean_nwx","top1",0.0322687478003264,0.242951194200576,0.132872196242903,0.95130793677574,1,0.946554517723573
"LV_2023","gradient","mean_nwx","top10",0.143266654274586,0.581353989981469,0.246608201012961,0.95130793677574,1,0.946554517723573
"MT_2023","baseline_3pct","actual","atkinson05",0.250925456060367,0.256724125545946,0.977412837717346,0.763944841243774,0.999517662670108,0.90867164534568
"MT_2023","baseline_3pct","actual","atkinson1",0.554163533122381,0.556520217516121,0.995765321151749,0.763944841243774,0.999517662670108,0.90867164534568
"MT_2023","baseline_3pct","actual","atkinson2",0.982441018295137,0.982306614210866,1.00013682498145,0.763944841243774,0.999517662670108,0.90867164534568
"MT_2023","baseline_3pct","actual","cv",1.10086925305979,1.51848762792332,0.724977426760687,0.763944841243774,0.999517662670108,0.90867164534568
"MT_2023","baseline_3pct","actual","ge2",0.605410541388804,0.658041773909675,0.920018402162877,0.763944841243774,0.999517662670108,0.90867164534568
"MT_2023","baseline_3pct","actual","ge_mld",0.807803060394238,0.813103064553711,0.993481756015294,0.763944841243774,0.999517662670108,0.90867164534568
"MT_2023","baseline_3pct","actual","ge_theil",0.476170190870514,0.496573855882498,0.958911117107197,0.763944841243774,0.999517662670108,0.90867164534568
"MT_2023","baseline_3pct","actual","gini",0.516881964185969,0.707547867522556,0.730525789012418,0.763944841243774,0.999517662670108,0.90867164534568
"MT_2023","baseline_3pct","actual","top1",0.0704535508558342,0.0851034995408523,0.827857270687374,0.763944841243774,0.999517662670108,0.90867164534568
"MT_2023","baseline_3pct","actual","top10",0.345136377662249,0.414564277268342,0.832528021797803,0.763944841243774,0.999517662670108,0.90867164534568
"MT_2023","baseline_3pct","equal_hh","atkinson05",0.156812078623076,0.256724125545946,0.610819408926222,0.763944841243774,0.953691138097615,0.90867164534568
"MT_2023","baseline_3pct","equal_hh","atkinson1",0.301742145359552,0.556520217516121,0.542194399884154,0.763944841243774,0.953691138097615,0.90867164534568
"MT_2023","baseline_3pct","equal_hh","atkinson2",0.791568780489717,0.982306614210866,0.805826581067687,0.763944841243774,0.953691138097615,0.90867164534568
"MT_2023","baseline_3pct","equal_hh","cv",1.16004078984452,1.51848762792332,0.763944841243775,0.763944841243774,0.953691138097615,0.90867164534568
"MT_2023","baseline_3pct","equal_hh","ge2",0.449687395551453,0.658041773909675,0.6833721100709,0.763944841243774,0.953691138097615,0.90867164534568
"MT_2023","baseline_3pct","equal_hh","ge_mld",0.359166825182601,0.813103064553711,0.441723615172619,0.763944841243774,0.953691138097615,0.90867164534568
"MT_2023","baseline_3pct","equal_hh","ge_theil",0.331078405348978,0.496573855882498,0.666725405349008,0.763944841243774,0.953691138097615,0.90867164534568
"MT_2023","baseline_3pct","equal_hh","gini",0.54052754332689,0.707547867522556,0.763944841243774,0.763944841243774,0.953691138097615,0.90867164534568
"MT_2023","baseline_3pct","equal_hh","top1",0.0673749310335883,0.0851034995408523,0.791682262152407,0.763944841243774,0.953691138097615,0.90867164534568
"MT_2023","baseline_3pct","equal_hh","top10",0.340309756858726,0.414564277268342,0.820885386220695,0.763944841243774,0.953691138097615,0.90867164534568
"MT_2023","baseline_3pct","equal_pc","atkinson05",0.171666098910173,0.256724125545946,0.66867926239932,0.763944841243774,0.945116950857276,0.90867164534568
"MT_2023","baseline_3pct","equal_pc","atkinson1",0.341428783614336,0.556520217516121,0.613506522976312,0.763944841243774,0.945116950857276,0.90867164534568
"MT_2023","baseline_3pct","equal_pc","atkinson2",0.726461503315091,0.982306614210866,0.739546586376894,0.763944841243774,0.945116950857276,0.90867164534568
"MT_2023","baseline_3pct","equal_pc","cv",1.18789462513525,1.51848762792332,0.782287983972452,0.763944841243774,0.945116950857276,0.90867164534568
"MT_2023","baseline_3pct","equal_pc","ge2",0.461362022934474,0.658041773909675,0.701113578539776,0.763944841243774,0.945116950857276,0.90867164534568
"MT_2023","baseline_3pct","equal_pc","ge_mld",0.417682614237773,0.813103064553711,0.513689632281766,0.763944841243774,0.945116950857276,0.90867164534568
"MT_2023","baseline_3pct","equal_pc","ge_theil",0.351697424582487,0.496573855882498,0.708247968386212,0.763944841243774,0.945116950857276,0.90867164534568
"MT_2023","baseline_3pct","equal_pc","gini",0.562241651335338,0.707547867522556,0.794634083633097,0.763944841243774,0.945116950857276,0.90867164534568
"MT_2023","baseline_3pct","equal_pc","top1",0.0672854742730934,0.0851034995408523,0.790631109603128,0.763944841243774,0.945116950857276,0.90867164534568
"MT_2023","baseline_3pct","equal_pc","top10",0.34657365836119,0.414564277268342,0.835994988870826,0.763944841243774,0.945116950857276,0.90867164534568
"MT_2023","baseline_3pct","mean_nwx","atkinson05",0.0509009261734119,0.256724125545946,0.198270910710736,0.763944841243774,1,0.90867164534568
"MT_2023","baseline_3pct","mean_nwx","atkinson1",0.0859748610459331,0.556520217516121,0.154486500831289,0.763944841243774,1,0.90867164534568
"MT_2023","baseline_3pct","mean_nwx","atkinson2",0.128982188066799,0.982306614210866,0.131305425618473,0.763944841243774,1,0.90867164534568
"MT_2023","baseline_3pct","mean_nwx","cv",0.634657789029609,1.51848762792332,0.41795387552651,0.763944841243774,1,0.90867164534568
"MT_2023","baseline_3pct","mean_nwx","ge2",0.201395254587976,0.658041773909675,0.306052385384913,0.763944841243774,1,0.90867164534568
"MT_2023","baseline_3pct","mean_nwx","ge_mld",0.0898972035801122,0.813103064553711,0.110560650302621,0.763944841243774,1,0.90867164534568
"MT_2023","baseline_3pct","mean_nwx","ge_theil",0.122672713572234,0.496573855882498,0.247038204124184,0.763944841243774,1,0.90867164534568
"MT_2023","baseline_3pct","mean_nwx","gini",0.201221609445449,0.707547867522556,0.284392927576783,0.763944841243774,1,0.90867164534568
"MT_2023","baseline_3pct","mean_nwx","top1",0.0519126108080966,0.0851034995408523,0.609993843827503,0.763944841243774,1,0.90867164534568
"MT_2023","baseline_3pct","mean_nwx","top10",0.248582052686633,0.414564277268342,0.599622462226114,0.763944841243774,1,0.90867164534568
"MT_2023","capped_3pct","actual","atkinson05",0.250925456060367,0.256724125545946,0.977412837717346,0.83224667506881,0.999517662670108,0.90867164534568
"MT_2023","capped_3pct","actual","atkinson1",0.554163533122381,0.556520217516121,0.995765321151749,0.83224667506881,0.999517662670108,0.90867164534568
"MT_2023","capped_3pct","actual","atkinson2",0.982441018295137,0.982306614210866,1.00013682498145,0.83224667506881,0.999517662670108,0.90867164534568
"MT_2023","capped_3pct","actual","cv",1.10086925305979,1.244549013531,0.884552750507138,0.83224667506881,0.999517662670108,0.90867164534568
"MT_2023","capped_3pct","actual","ge2",0.605410541388804,0.658041773909675,0.920018402162877,0.83224667506881,0.999517662670108,0.90867164534568
"MT_2023","capped_3pct","actual","ge_mld",0.807803060394238,0.813103064553711,0.993481756015294,0.83224667506881,0.999517662670108,0.90867164534568
"MT_2023","capped_3pct","actual","ge_theil",0.476170190870514,0.496573855882498,0.958911117107197,0.83224667506881,0.999517662670108,0.90867164534568
"MT_2023","capped_3pct","actual","gini",0.516881964185969,0.570014270739126,0.906787760797178,0.83224667506881,0.999517662670108,0.90867164534568
"MT_2023","capped_3pct","actual","top1",0.0704535508558342,0.0781191218825244,0.901873307815496,0.83224667506881,0.999517662670108,0.90867164534568
"MT_2023","capped_3pct","actual","top10",0.345136377662249,0.380541311212711,0.906961655654064,0.83224667506881,0.999517662670108,0.90867164534568
"MT_2023","capped_3pct","equal_hh","atkinson05",0.183411022928806,0.256724125545946,0.714428464947604,0.83224667506881,1,0.90867164534568
"MT_2023","capped_3pct","equal_hh","atkinson1",0.341009656359942,0.556520217516121,0.612753401631926,0.83224667506881,1,0.90867164534568
"MT_2023","capped_3pct","equal_hh","atkinson2",0.559014298224281,0.982306614210866,0.56908330875219,0.83224667506881,1,0.90867164534568
"MT_2023","capped_3pct","equal_hh","cv",1.03577177847134,1.244549013531,0.83224667506881,0.83224667506881,1,0.90867164534568
"MT_2023","capped_3pct","equal_hh","ge2",0.536411588538842,0.658041773909675,0.815163428534055,0.83224667506881,1,0.90867164534568
"MT_2023","capped_3pct","equal_hh","ge_mld",0.417046397636976,0.813103064553711,0.512907177229593,0.83224667506881,1,0.90867164534568
"MT_2023","capped_3pct","equal_hh","ge_theil",0.389569500139932,0.496573855882498,0.784514721274641,0.83224667506881,1,0.90867164534568
"MT_2023","capped_3pct","equal_hh","gini",0.47439248156441,0.570014270739126,0.83224667506881,0.83224667506881,1,0.90867164534568
"MT_2023","capped_3pct","equal_hh","top1",0.066691912695338,0.0781191218825244,0.853720716364801,0.83224667506881,1,0.90867164534568
"MT_2023","capped_3pct","equal_hh","top10",0.333479573476223,0.380541311212711,0.876329490781142,0.83224667506881,1,0.90867164534568
"MT_2023","capped_3pct","equal_pc","atkinson05",0.201813815572331,0.256724125545946,0.786111609663319,0.83224667506881,1,0.90867164534568
"MT_2023","capped_3pct","equal_pc","atkinson1",0.388920805438643,0.556520217516121,0.698843983017341,0.83224667506881,1,0.90867164534568
"MT_2023","capped_3pct","equal_pc","atkinson2",0.665488493636657,0.982306614210866,0.677475325941154,0.83224667506881,1,0.90867164534568
"MT_2023","capped_3pct","equal_pc","cv",1.05365946908303,1.244549013531,0.846619504436885,0.83224667506881,1,0.90867164534568
"MT_2023","capped_3pct","equal_pc","ge2",0.555099138394164,0.658041773909675,0.843562157302128,0.83224667506881,1,0.90867164534568
"MT_2023","capped_3pct","equal_pc","ge_mld",0.49252871354309,0.813103064553711,0.605739585809365,0.83224667506881,1,0.90867164534568
"MT_2023","capped_3pct","equal_pc","ge_theil",0.415762044135167,0.496573855882498,0.837261243639751,0.83224667506881,1,0.90867164534568
"MT_2023","capped_3pct","equal_pc","gini",0.489562735907949,0.570014270739126,0.85886049005956,0.83224667506881,1,0.90867164534568
"MT_2023","capped_3pct","equal_pc","top1",0.0666149981391297,0.0781191218825244,0.852736135965602,0.83224667506881,1,0.90867164534568
"MT_2023","capped_3pct","equal_pc","top10",0.337547148093692,0.380541311212711,0.887018408114472,0.83224667506881,1,0.90867164534568
"MT_2023","capped_3pct","mean_nwx","atkinson05",0.0243035675996834,0.256724125545946,0.0946680314832112,0.83224667506881,1,0.90867164534568
"MT_2023","capped_3pct","mean_nwx","atkinson1",0.0434237913922345,0.556520217516121,0.0780273384964252,0.83224667506881,1,0.90867164534568
"MT_2023","capped_3pct","mean_nwx","atkinson2",0.0708479878147941,0.982306614210866,0.072124107473011,0.83224667506881,1,0.90867164534568
"MT_2023","capped_3pct","mean_nwx","cv",0.383238050995289,1.244549013531,0.307933272879288,0.83224667506881,1,0.90867164534568
"MT_2023","capped_3pct","mean_nwx","ge2",0.073435701865334,0.658041773909675,0.111597325241261,0.83224667506881,1,0.90867164534568
"MT_2023","capped_3pct","mean_nwx","ge_mld",0.0443948188294959,0.813103064553711,0.0545992516383675,0.83224667506881,1,0.90867164534568
"MT_2023","capped_3pct","mean_nwx","ge_theil",0.0548043664558163,0.496573855882498,0.110364985604044,0.83224667506881,1,0.90867164534568
"MT_2023","capped_3pct","mean_nwx","gini",0.139093229420705,0.570014270739126,0.24401710020408,0.83224667506881,1,0.90867164534568
"MT_2023","capped_3pct","mean_nwx","top1",0.0325072516300075,0.0781191218825244,0.41612413000356,0.83224667506881,1,0.90867164534568
"MT_2023","capped_3pct","mean_nwx","top10",0.194932920354226,0.380541311212711,0.512251665221348,0.83224667506881,1,0.90867164534568
"MT_2023","gradient","actual","atkinson05",0.250925456060367,0.247346593025098,1.01446902094546,0.868040773788511,0.999517662670108,0.968164922002982
"MT_2023","gradient","actual","atkinson1",0.554163533122381,0.554545343315445,0.999311489677686,0.868040773788511,0.999517662670108,0.968164922002982
"MT_2023","gradient","actual","atkinson2",0.982441018295137,0.997238229607021,0.985161809011559,0.868040773788511,0.999517662670108,0.968164922002982
"MT_2023","gradient","actual","cv",1.10086925305979,1.16985307423575,0.941032064029898,0.868040773788511,0.999517662670108,0.968164922002982
"MT_2023","gradient","actual","ge2",0.605410541388804,0.623916579068723,0.970338923021502,0.868040773788511,0.999517662670108,0.968164922002982
"MT_2023","gradient","actual","ge_mld",0.807803060394238,0.8086598179818,0.99894052162787,0.868040773788511,0.999517662670108,0.968164922002982
"MT_2023","gradient","actual","ge_theil",0.476170190870514,0.473113841867438,1.00646007098632,0.868040773788511,0.999517662670108,0.968164922002982
"MT_2023","gradient","actual","gini",0.516881964185969,0.541240580813576,0.954994844268714,0.868040773788511,0.999517662670108,0.968164922002982
"MT_2023","gradient","actual","top1",0.0704535508558342,0.0748144125705738,0.941710940914948,0.868040773788511,0.999517662670108,0.968164922002982
"MT_2023","gradient","actual","top10",0.345136377662249,0.357781092705145,0.964657956217612,0.868040773788511,0.999517662670108,0.968164922002982
"MT_2023","gradient","equal_hh","atkinson05",0.172805013369885,0.247346593025098,0.698635106537938,0.868040773788511,0.984276382049343,0.968164922002982
"MT_2023","gradient","equal_hh","atkinson1",0.33283836716923,0.554545343315445,0.600200454627026,0.868040773788511,0.984276382049343,0.968164922002982
"MT_2023","gradient","equal_hh","atkinson2",0.632881448112069,0.997238229607021,0.634634161950918,0.868040773788511,0.984276382049343,0.968164922002982
"MT_2023","gradient","equal_hh","cv",1.01548016777847,1.16985307423575,0.868040773788511,0.868040773788511,0.984276382049343,0.968164922002982
"MT_2023","gradient","equal_hh","ge2",0.488892400971435,0.623916579068723,0.783586167402654,0.868040773788511,0.984276382049343,0.968164922002982
"MT_2023","gradient","equal_hh","ge_mld",0.404722934341108,0.8086598179818,0.500486020625075,0.868040773788511,0.984276382049343,0.968164922002982
"MT_2023","gradient","equal_hh","ge_theil",0.360098878404221,0.473113841867438,0.761125223017926,0.868040773788511,0.984276382049343,0.968164922002982
"MT_2023","gradient","equal_hh","gini",0.469818892575159,0.541240580813576,0.868040773788511,0.868040773788511,0.984276382049343,0.968164922002982
"MT_2023","gradient","equal_hh","top1",0.0662615528404087,0.0748144125705738,0.885678983015511,0.868040773788511,0.984276382049343,0.968164922002982
"MT_2023","gradient","equal_hh","top10",0.323764499179821,0.357781092705145,0.904923445595945,0.868040773788511,0.984276382049343,0.968164922002982
"MT_2023","gradient","equal_pc","atkinson05",0.183626685324029,0.247346593025098,0.742386151667739,0.868040773788511,0.981337394803938,0.968164922002982
"MT_2023","gradient","equal_pc","atkinson1",0.363137595741512,0.554545343315445,0.654838418749369,0.868040773788511,0.981337394803938,0.968164922002982
"MT_2023","gradient","equal_pc","atkinson2",0.667248882230119,0.997238229607021,0.669096773890287,0.868040773788511,0.981337394803938,0.968164922002982
"MT_2023","gradient","equal_pc","cv",1.02883980636175,1.16985307423575,0.87946070239109,0.868040773788511,0.981337394803938,0.968164922002982
"MT_2023","gradient","equal_pc","ge2",0.497611589996504,0.623916579068723,0.797561095009295,0.868040773788511,0.981337394803938,0.968164922002982
"MT_2023","gradient","equal_pc","ge_mld",0.451201652616249,0.8086598179818,0.557962251348569,0.868040773788511,0.981337394803938,0.968164922002982
"MT_2023","gradient","equal_pc","ge_theil",0.374437986714627,0.473113841867438,0.791433168044026,0.868040773788511,0.981337394803938,0.968164922002982
"MT_2023","gradient","equal_pc","gini",0.480445982313637,0.541240580813576,0.887675461421325,0.868040773788511,0.981337394803938,0.968164922002982
"MT_2023","gradient","equal_pc","top1",0.0662178054304263,0.0748144125705738,0.885094237262931,0.868040773788511,0.981337394803938,0.968164922002982
"MT_2023","gradient","equal_pc","top10",0.326750779489717,0.357781092705145,0.913270114469128,0.868040773788511,0.981337394803938,0.968164922002982
"MT_2023","gradient","mean_nwx","atkinson05",0.0166288223279595,0.247346593025098,0.0672288311093582,0.868040773788511,1,0.968164922002982
"MT_2023","gradient","mean_nwx","atkinson1",0.0299256723139057,0.554545343315445,0.0539643379475337,0.868040773788511,1,0.968164922002982
"MT_2023","gradient","mean_nwx","atkinson2",0.0496425342986668,0.997238229607021,0.0497800152710043,0.868040773788511,1,0.968164922002982
"MT_2023","gradient","mean_nwx","cv",0.317283227432202,1.16985307423575,0.271216304354697,0.868040773788511,1,0.968164922002982
"MT_2023","gradient","mean_nwx","ge2",0.0503343232048971,0.623916579068723,0.0806747646937475,0.868040773788511,1,0.968164922002982
"MT_2023","gradient","mean_nwx","ge_mld",0.0303825839398562,0.8086598179818,0.0375715266967055,0.868040773788511,1,0.968164922002982
"MT_2023","gradient","mean_nwx","ge_theil",0.0373441193169432,0.473113841867438,0.0789326289197996,0.868040773788511,1,0.968164922002982
"MT_2023","gradient","mean_nwx","gini",0.110136807730294,0.541240580813576,0.203489560159625,0.868040773788511,1,0.968164922002982
"MT_2023","gradient","mean_nwx","top1",0.0278026530918437,0.0748144125705738,0.371621618570044,0.868040773788511,1,0.968164922002982
"MT_2023","gradient","mean_nwx","top10",0.176728536933803,0.357781092705145,0.493957172520149,0.868040773788511,1,0.968164922002982
"NL_2023","baseline_3pct","actual","atkinson05",0.354767672398782,0.353080545158887,1.00479333090388,0.912340212210877,0.947386458701346,0.922378098671955
"NL_2023","baseline_3pct","actual","atkinson1",0.694692686397486,0.693002728099161,1.00244223984524,0.912340212210877,0.947386458701346,0.922378098671955
"NL_2023","baseline_3pct","actual","atkinson2",0.995042138647129,0.994998300125483,1.00004406379263,0.912340212210877,0.947386458701346,0.922378098671955
"NL_2023","baseline_3pct","actual","cv",1.728902222473,1.95113446286278,0.895469435382727,0.912340212210877,0.947386458701346,0.922378098671955
"NL_2023","baseline_3pct","actual","ge2",1.36023661117607,1.33650546531665,1.01799536765534,0.912340212210877,0.947386458701346,0.922378098671955
"NL_2023","baseline_3pct","actual","ge_mld",1.18654418023248,1.18103865423998,1.0046742624293,0.912340212210877,0.947386458701346,0.922378098671955
"NL_2023","baseline_3pct","actual","ge_theil",0.737696006020623,0.732731178863883,1.00681572070551,0.912340212210877,0.947386458701346,0.922378098671955
"NL_2023","baseline_3pct","actual","gini",0.650168469176985,0.710721503223685,0.916991213385748,0.912340212210877,0.947386458701346,0.922378098671955
"NL_2023","baseline_3pct","actual","top1",0.127149503987757,0.130619784798599,0.974256919351171,0.912340212210877,0.947386458701346,0.922378098671955
"NL_2023","baseline_3pct","actual","top10",0.447042017536303,0.467128758955833,0.957565444376476,0.912340212210877,0.947386458701346,0.922378098671955
"NL_2023","baseline_3pct","equal_hh","atkinson05",0.290805974782099,0.353080545158887,0.82373734294816,0.912340212210877,0.963011951540956,0.922378098671955
"NL_2023","baseline_3pct","equal_hh","atkinson1",0.523246978581286,0.693002728099161,0.755062144081367,0.912340212210877,0.963011951540956,0.922378098671955
"NL_2023","baseline_3pct","equal_hh","atkinson2",0.896955531725042,0.994998300125483,0.901466521091401,0.912340212210877,0.963011951540956,0.922378098671955
"NL_2023","baseline_3pct","equal_hh","cv",1.77511878374323,1.95113446286278,0.912340212210877,0.912340212210877,0.963011951540956,0.922378098671955
"NL_2023","baseline_3pct","equal_hh","ge2",1.19882820248493,1.33650546531665,0.897841564561813,0.912340212210877,0.963011951540956,0.922378098671955
"NL_2023","baseline_3pct","equal_hh","ge_mld",0.74220203940988,1.18103865423998,0.628492617502376,0.912340212210877,0.963011951540956,0.922378098671955
"NL_2023","baseline_3pct","equal_hh","ge_theil",0.643536964705653,0.732731178863883,0.878520632373866,0.912340212210877,0.963011951540956,0.922378098671955
"NL_2023","baseline_3pct","equal_hh","gini",0.647623185763342,0.710721503223685,0.912340212210877,0.912340212210877,0.963011951540956,0.922378098671955
"NL_2023","baseline_3pct","equal_hh","top1",0.119943797766893,0.130619784798599,0.919002403431511,0.912340212210877,0.963011951540956,0.922378098671955
"NL_2023","baseline_3pct","equal_hh","top10",0.434680533829252,0.467128758955833,0.931002660180252,0.912340212210877,0.963011951540956,0.922378098671955
"NL_2023","baseline_3pct","equal_pc","atkinson05",0.302407353676498,0.353080545158887,0.856603491351914,0.912340212210877,0.957175348836791,0.922378098671955
"NL_2023","baseline_3pct","equal_pc","atkinson1",0.555253546704968,0.693002728099161,0.801276349403225,0.912340212210877,0.957175348836791,0.922378098671955
"NL_2023","baseline_3pct","equal_pc","atkinson2",0.872069497101444,0.994998300125483,0.876472475317968,0.912340212210877,0.957175348836791,0.922378098671955
"NL_2023","baseline_3pct","equal_pc","cv",1.78256600331473,1.95113446286278,0.916110667876148,0.912340212210877,0.957175348836791,0.922378098671955
"NL_2023","baseline_3pct","equal_pc","ge2",1.19814639015652,1.33650546531665,0.897289872913807,0.912340212210877,0.957175348836791,0.922378098671955
"NL_2023","baseline_3pct","equal_pc","ge_mld",0.811180031374119,1.18103865423998,0.686974633779027,0.912340212210877,0.957175348836791,0.922378098671955
"NL_2023","baseline_3pct","equal_pc","ge_theil",0.655843475314019,0.732731178863883,0.895304546982362,0.912340212210877,0.957175348836791,0.922378098671955
"NL_2023","baseline_3pct","equal_pc","gini",0.656490665697428,0.710721503223685,0.924673662305979,0.912340212210877,0.957175348836791,0.922378098671955
"NL_2023","baseline_3pct","equal_pc","top1",0.119966646203214,0.130619784798599,0.919161327030319,0.912340212210877,0.957175348836791,0.922378098671955
"NL_2023","baseline_3pct","equal_pc","top10",0.436466788888239,0.467128758955833,0.934808691956319,0.912340212210877,0.957175348836791,0.922378098671955
"NL_2023","baseline_3pct","mean_nwx","atkinson05",0.0290402878045295,0.353080545158887,0.0821423781478273,0.912340212210877,1,0.922378098671955
"NL_2023","baseline_3pct","mean_nwx","atkinson1",0.0430433510608865,0.693002728099161,0.0620990374836524,0.912340212210877,1,0.922378098671955
"NL_2023","baseline_3pct","mean_nwx","atkinson2",0.0565084121695221,0.994998300125483,0.0567819523918357,0.912340212210877,1,0.922378098671955
"NL_2023","baseline_3pct","mean_nwx","cv",0.764356444538515,1.95113446286278,0.380504007366846,0.912340212210877,1,0.922378098671955
"NL_2023","baseline_3pct","mean_nwx","ge2",0.338996970587048,1.33650546531665,0.248767864450051,0.912340212210877,1,0.922378098671955
"NL_2023","baseline_3pct","mean_nwx","ge_mld",0.0441730536105176,1.18103865423998,0.0373894628789317,0.912340212210877,1,0.922378098671955
"NL_2023","baseline_3pct","mean_nwx","ge_theil",0.0866982250053572,0.732731178863883,0.11789733463432,0.912340212210877,1,0.922378098671955
"NL_2023","baseline_3pct","mean_nwx","gini",0.0845505050248518,0.710721503223685,0.117793430279488,0.912340212210877,1,0.922378098671955
"NL_2023","baseline_3pct","mean_nwx","top1",0.0593370681563968,0.130619784798599,0.450336635144788,0.912340212210877,1,0.922378098671955
"NL_2023","baseline_3pct","mean_nwx","top10",0.17792082336147,0.467128758955833,0.380122316526077,0.912340212210877,1,0.922378098671955
"NL_2023","capped_3pct","actual","atkinson05",0.354767672398782,0.353080545158887,1.00479333090388,0.94030405533806,0.947386458701346,0.922378098671955
"NL_2023","capped_3pct","actual","atkinson1",0.694692686397486,0.693002728099161,1.00244223984524,0.94030405533806,0.947386458701346,0.922378098671955
"NL_2023","capped_3pct","actual","atkinson2",0.995042138647129,0.994998300125483,1.00004406379263,0.94030405533806,0.947386458701346,0.922378098671955
"NL_2023","capped_3pct","actual","cv",1.728902222473,1.74614141730041,0.990202035188786,0.94030405533806,0.947386458701346,0.922378098671955
"NL_2023","capped_3pct","actual","ge2",1.36023661117607,1.33650546531665,1.01799536765534,0.94030405533806,0.947386458701346,0.922378098671955
"NL_2023","capped_3pct","actual","ge_mld",1.18654418023248,1.18103865423998,1.0046742624293,0.94030405533806,0.947386458701346,0.922378098671955
"NL_2023","capped_3pct","actual","ge_theil",0.737696006020623,0.732731178863883,1.00681572070551,0.94030405533806,0.947386458701346,0.922378098671955
"NL_2023","capped_3pct","actual","gini",0.650168469176985,0.659376537522594,0.986037351706539,0.94030405533806,0.947386458701346,0.922378098671955
"NL_2023","capped_3pct","actual","top1",0.127149503987757,0.126634344272662,1.00413103516009,0.94030405533806,0.947386458701346,0.922378098671955
"NL_2023","capped_3pct","actual","top10",0.447042017536303,0.452960393020499,0.986955710327728,0.94030405533806,0.947386458701346,0.922378098671955
"NL_2023","capped_3pct","equal_hh","atkinson05",0.31338001182044,0.353080545158887,0.887575693290031,0.94030405533806,0.975198391556341,0.922378098671955
"NL_2023","capped_3pct","equal_hh","atkinson1",0.563455659797082,0.693002728099161,0.813063650042072,0.94030405533806,0.975198391556341,0.922378098671955
"NL_2023","capped_3pct","equal_hh","atkinson2",0.835916029635256,0.994998300125483,0.840119427178284,0.94030405533806,0.975198391556341,0.922378098671955
"NL_2023","capped_3pct","equal_hh","cv",1.64180429669525,1.74614141730041,0.94030405533806,0.94030405533806,0.975198391556341,0.922378098671955
"NL_2023","capped_3pct","equal_hh","ge2",1.28137702813054,1.33650546531665,0.958848368698599,0.94030405533806,0.975198391556341,0.922378098671955
"NL_2023","capped_3pct","equal_hh","ge_mld",0.828980813946426,1.18103865423998,0.701929693443867,0.94030405533806,0.975198391556341,0.922378098671955
"NL_2023","capped_3pct","equal_hh","ge_theil",0.687202283287314,0.732731178863883,0.937899229140222,0.94030405533806,0.975198391556341,0.922378098671955
"NL_2023","capped_3pct","equal_hh","gini",0.620014349672811,0.659376537522594,0.94030405533806,0.94030405533806,0.975198391556341,0.922378098671955
"NL_2023","capped_3pct","equal_hh","top1",0.119664159335622,0.126634344272662,0.945014805122944,0.94030405533806,0.975198391556341,0.922378098671955
"NL_2023","capped_3pct","equal_hh","top10",0.431884149516534,0.452960393020499,0.953481964058279,0.94030405533806,0.975198391556341,0.922378098671955
"NL_2023","capped_3pct","equal_pc","atkinson05",0.32315778594608,0.353080545158887,0.915279975759919,0.94030405533806,0.970331688763947,0.922378098671955
"NL_2023","capped_3pct","equal_pc","atkinson1",0.592241908430607,0.693002728099161,0.85461790735969,0.94030405533806,0.970331688763947,0.922378098671955
"NL_2023","capped_3pct","equal_pc","atkinson2",0.876180777122851,0.994998300125483,0.880586429767279,0.94030405533806,0.970331688763947,0.922378098671955
"NL_2023","capped_3pct","equal_pc","cv",1.64686292082176,1.74614141730041,0.943198643488211,0.94030405533806,0.970331688763947,0.922378098671955
"NL_2023","capped_3pct","equal_pc","ge2",1.27989652699982,1.33650546531665,0.957747368347316,0.94030405533806,0.970331688763947,0.922378098671955
"NL_2023","capped_3pct","equal_pc","ge_mld",0.897144541768488,1.18103865423998,0.759685653316391,0.94030405533806,0.970331688763947,0.922378098671955
"NL_2023","capped_3pct","equal_pc","ge_theil",0.696568206916296,0.732731178863883,0.950688984724352,0.94030405533806,0.970331688763947,0.922378098671955
"NL_2023","capped_3pct","equal_pc","gini",0.62584565465283,0.659376537522594,0.949147945865757,0.94030405533806,0.970331688763947,0.922378098671955
"NL_2023","capped_3pct","equal_pc","top1",0.119673585707252,0.126634344272662,0.945085225961217,0.94030405533806,0.970331688763947,0.922378098671955
"NL_2023","capped_3pct","equal_pc","top10",0.433055058618094,0.452960393020499,0.956069345720927,0.94030405533806,0.970331688763947,0.922378098671955
"NL_2023","capped_3pct","mean_nwx","atkinson05",0.0131819870249353,0.353080545158887,0.0373303200251049,0.94030405533806,1,0.922378098671955
"NL_2023","capped_3pct","mean_nwx","atkinson1",0.0215837131780269,0.693002728099161,0.031146982957145,0.94030405533806,1,0.922378098671955
"NL_2023","capped_3pct","mean_nwx","atkinson2",0.0315548565556985,0.994998300125483,0.0317120822674032,0.94030405533806,1,0.922378098671955
"NL_2023","capped_3pct","mean_nwx","cv",0.366810161457994,1.74614141730041,0.210032337338495,0.94030405533806,1,0.922378098671955
"NL_2023","capped_3pct","mean_nwx","ge2",0.0673376983095984,1.33650546531665,0.0503534964176286,0.94030405533806,1,0.922378098671955
"NL_2023","capped_3pct","mean_nwx","ge_mld",0.0218220844387448,1.18103865423998,0.0184805779612645,0.94030405533806,1,0.922378098671955
"NL_2023","capped_3pct","mean_nwx","ge_theil",0.0335941541012349,0.732731178863883,0.0458322171969424,0.94030405533806,1,0.922378098671955
"NL_2023","capped_3pct","mean_nwx","gini",0.057176478307077,0.659376537522594,0.0867137052511448,0.94030405533806,1,0.922378098671955
"NL_2023","capped_3pct","mean_nwx","top1",0.0370188072297721,0.126634344272662,0.292276131603274,0.94030405533806,1,0.922378098671955
"NL_2023","capped_3pct","mean_nwx","top10",0.153054431015333,0.452960393020499,0.337914363991108,0.94030405533806,1,0.922378098671955
"NL_2023","gradient","actual","atkinson05",0.354767672398782,0.350983370889767,1.01080088542273,0.935937160154529,0.947386458701346,0.936284960182553
"NL_2023","gradient","actual","atkinson1",0.694692686397486,0.691919770653148,1.00401150741013,0.935937160154529,0.947386458701346,0.936284960182553
"NL_2023","gradient","actual","atkinson2",0.995042138647129,0.99491701116773,1.00012577174672,0.935937160154529,0.947386458701346,0.936284960182553
"NL_2023","gradient","actual","cv",1.728902222473,1.78718562747354,0.967523513260931,0.935937160154529,0.947386458701346,0.936284960182553
"NL_2023","gradient","actual","ge2",1.36023661117607,1.28953343249778,1.05512270368694,0.935937160154529,0.947386458701346,0.936284960182553
"NL_2023","gradient","actual","ge_mld",1.18654418023248,1.17751754682834,1.00767901742741,0.935937160154529,0.947386458701346,0.936284960182553
"NL_2023","gradient","actual","ge_theil",0.737696006020623,0.724081621314788,1.01884804642044,0.935937160154529,0.947386458701346,0.936284960182553
"NL_2023","gradient","actual","gini",0.650168469176985,0.666490772224482,0.975569674272497,0.935937160154529,0.947386458701346,0.936284960182553
"NL_2023","gradient","actual","top1",0.127149503987757,0.124104433569956,1.02466826355867,0.935937160154529,0.947386458701346,0.936284960182553
"NL_2023","gradient","actual","top10",0.447042017536303,0.449811360235404,0.993896423801964,0.935937160154529,0.947386458701346,0.936284960182553
"NL_2023","gradient","equal_hh","atkinson05",0.301361444060408,0.350983370889767,0.858644507932408,0.935937160154529,0.970046211491297,0.936284960182553
"NL_2023","gradient","equal_hh","atkinson1",0.54585159555776,0.691919770653148,0.788892261910921,0.935937160154529,0.970046211491297,0.936284960182553
"NL_2023","gradient","equal_hh","atkinson2",0.835944533823036,0.99491701116773,0.840223659534485,0.935937160154529,0.970046211491297,0.936284960182553
"NL_2023","gradient","equal_hh","cv",1.67250582777583,1.78718562747354,0.935937160154529,0.935937160154529,0.970046211491297,0.936284960182553
"NL_2023","gradient","equal_hh","ge2",1.19535107239082,1.28953343249778,0.927205323222651,0.935937160154529,0.970046211491297,0.936284960182553
"NL_2023","gradient","equal_hh","ge_mld",0.789549121100779,1.17751754682834,0.67053774517533,0.935937160154529,0.970046211491297,0.936284960182553
"NL_2023","gradient","equal_hh","ge_theil",0.65811080877651,0.724081621314788,0.908954145587939,0.935937160154529,0.970046211491297,0.936284960182553
"NL_2023","gradient","equal_hh","gini",0.623766503332122,0.666490772224482,0.935937160154529,0.935937160154529,0.970046211491297,0.936284960182553
"NL_2023","gradient","equal_hh","top1",0.116780978739976,0.124104433569956,0.941092530587818,0.935937160154529,0.970046211491297,0.936284960182553
"NL_2023","gradient","equal_hh","top10",0.42738440257947,0.449811360235404,0.950173527778428,0.935937160154529,0.970046211491297,0.936284960182553
"NL_2023","gradient","equal_pc","atkinson05",0.31068083619559,0.350983370889767,0.885220827481395,0.935937160154529,0.964638502794412,0.936284960182553
"NL_2023","gradient","equal_pc","atkinson1",0.573202054347222,0.691919770653148,0.828448136425591,0.935937160154529,0.964638502794412,0.936284960182553
"NL_2023","gradient","equal_pc","atkinson2",0.860623321627385,0.99491701116773,0.865026056086681,0.935937160154529,0.964638502794412,0.936284960182553
"NL_2023","gradient","equal_pc","cv",1.67787592009332,1.78718562747354,0.938937219339395,0.935937160154529,0.964638502794412,0.936284960182553
"NL_2023","gradient","equal_pc","ge2",1.19351306101993,1.28953343249778,0.925807901643646,0.935937160154529,0.964638502794412,0.936284960182553
"NL_2023","gradient","equal_pc","ge_mld",0.851586275618232,1.17751754682834,0.72329234045965,0.935937160154529,0.964638502794412,0.936284960182553
"NL_2023","gradient","equal_pc","ge_theil",0.667087708400205,0.724081621314788,0.921372607596717,0.935937160154529,0.964638502794412,0.936284960182553
"NL_2023","gradient","equal_pc","gini",0.62992871410789,0.666490772224482,0.945177096301425,0.935937160154529,0.964638502794412,0.936284960182553
"NL_2023","gradient","equal_pc","top1",0.116773478272381,0.124104433569956,0.941026918993446,0.935937160154529,0.964638502794412,0.936284960182553
"NL_2023","gradient","equal_pc","top10",0.4286788045869,0.449811360235404,0.953053176076792,0.935937160154529,0.964638502794412,0.936284960182553
"NL_2023","gradient","mean_nwx","atkinson05",0.0192059429093045,0.350983370889767,0.0547092201680183,0.935937160154529,1,0.936284960182553
"NL_2023","gradient","mean_nwx","atkinson1",0.0280948624006188,0.691919770653148,0.0406030691902354,0.935937160154529,1,0.936284960182553
"NL_2023","gradient","mean_nwx","atkinson2",0.0373335120392605,0.99491701116773,0.0375218138228276,0.935937160154529,1,0.936284960182553
"NL_2023","gradient","mean_nwx","cv",0.830869029610644,1.78718562747354,0.464977585110405,0.935937160154529,1,0.936284960182553
"NL_2023","gradient","mean_nwx","ge2",0.34520484990616,1.28953343249778,0.26784713013565,0.935937160154529,1,0.936284960182553
"NL_2023","gradient","mean_nwx","ge_mld",0.0285032293978709,1.17751754682834,0.0242068545220549,0.935937160154529,1,0.936284960182553
"NL_2023","gradient","mean_nwx","ge_theil",0.0608475897933186,0.724081621314788,0.0840012512702844,0.935937160154529,1,0.936284960182553
"NL_2023","gradient","mean_nwx","gini",0.0617177653203507,0.666490772224482,0.0925500533294204,0.935937160154529,1,0.936284960182553
"NL_2023","gradient","mean_nwx","top1",0.044011448893353,0.124104433569956,0.354312392269288,0.935937160154529,1,0.936284960182553
"NL_2023","gradient","mean_nwx","top10",0.157017243685989,0.449811360235404,0.349058971038016,0.935937160154529,1,0.936284960182553
"PT_2023","baseline_3pct","actual","atkinson05",0.36164570318288,0.367669949034385,0.983645174709459,0.769291373905199,0.960568490499017,0.881788266419433
"PT_2023","baseline_3pct","actual","atkinson1",0.687285172822164,0.694723730870667,0.989298612939143,0.769291373905199,0.960568490499017,0.881788266419433
"PT_2023","baseline_3pct","actual","atkinson2",0.996449258016445,0.996245740428944,1.00020429201255,0.769291373905199,0.960568490499017,0.881788266419433
"PT_2023","baseline_3pct","actual","cv",2.26894258151917,3.05256311731477,0.744530752378067,0.769291373905199,0.960568490499017,0.881788266419433
"PT_2023","baseline_3pct","actual","ge2",2.44862204762639,2.60187976686511,0.942431034813421,0.769291373905199,0.960568490499017,0.881788266419433
"PT_2023","baseline_3pct","actual","ge_mld",1.16248816995563,1.18658546945797,0.97971362152169,0.769291373905199,0.960568490499017,0.881788266419433
"PT_2023","baseline_3pct","actual","ge_theil",0.843966938236894,0.861955664525187,0.979230403736171,0.769291373905199,0.960568490499017,0.881788266419433
"PT_2023","baseline_3pct","actual","gini",0.648040190893565,0.868646935576971,0.746425903415308,0.769291373905199,0.960568490499017,0.881788266419433
"PT_2023","baseline_3pct","actual","top1",0.164465755485292,0.19644340231056,0.837254696683885,0.769291373905199,0.960568490499017,0.881788266419433
"PT_2023","baseline_3pct","actual","top10",0.495918618316762,0.575909093952227,0.861211745939933,0.769291373905199,0.960568490499017,0.881788266419433
"PT_2023","baseline_3pct","equal_hh","atkinson05",0.240437050196305,0.367669949034385,0.653909928777273,0.769291373905199,0.953456243399209,0.881788266419433
"PT_2023","baseline_3pct","equal_hh","atkinson1",0.399674458978575,0.694723730870667,0.575289252264594,0.769291373905199,0.953456243399209,0.881788266419433
"PT_2023","baseline_3pct","equal_hh","atkinson2",0.719630676871545,0.996245740428944,0.722354701909423,0.769291373905199,0.953456243399209,0.881788266419433
"PT_2023","baseline_3pct","equal_hh","cv",2.34780526280509,3.05256311731477,0.769291373905199,0.769291373905199,0.953456243399209,0.881788266419433
"PT_2023","baseline_3pct","equal_hh","ge2",1.82547985655087,2.60187976686511,0.701190444348813,0.769291373905199,0.953456243399209,0.881788266419433
"PT_2023","baseline_3pct","equal_hh","ge_mld",0.51032626631367,1.18658546945797,0.430068941191497,0.769291373905199,0.953456243399209,0.881788266419433
"PT_2023","baseline_3pct","equal_hh","ge_theil",0.611718800795996,0.861955664525187,0.709598728387186,0.769291373905199,0.953456243399209,0.881788266419433
"PT_2023","baseline_3pct","equal_hh","gini",0.668112019791267,0.868646935576971,0.769291373905199,0.769291373905199,0.953456243399209,0.881788266419433
"PT_2023","baseline_3pct","equal_hh","top1",0.153435981666635,0.19644340231056,0.781039161710785,0.769291373905199,0.953456243399209,0.881788266419433
"PT_2023","baseline_3pct","equal_hh","top10",0.46607962938617,0.575909093952227,0.809346500837679,0.769291373905199,0.953456243399209,0.881788266419433
"PT_2023","baseline_3pct","equal_pc","atkinson05",0.253231957154936,0.367669949034385,0.688710524927143,0.769291373905199,0.947535536480547,0.881788266419433
"PT_2023","baseline_3pct","equal_pc","atkinson1",0.431116267201865,0.694723730870667,0.62054412725628,0.769291373905199,0.947535536480547,0.881788266419433
"PT_2023","baseline_3pct","equal_pc","atkinson2",0.699453336511771,0.996245740428944,0.702091026512771,0.769291373905199,0.947535536480547,0.881788266419433
"PT_2023","baseline_3pct","equal_pc","cv",2.35871237529689,3.05256311731477,0.772861318538412,0.769291373905199,0.947535536480547,0.881788266419433
"PT_2023","baseline_3pct","equal_pc","ge2",1.82513342338192,2.60187976686511,0.701144066055373,0.769291373905199,0.947535536480547,0.881788266419433
"PT_2023","baseline_3pct","equal_pc","ge_mld",0.564127578606314,1.18658546945797,0.475403340762794,0.769291373905199,0.947535536480547,0.881788266419433
"PT_2023","baseline_3pct","equal_pc","ge_theil",0.629033881593523,0.861955664525187,0.729698745774554,0.769291373905199,0.947535536480547,0.881788266419433
"PT_2023","baseline_3pct","equal_pc","gini",0.685087206898408,0.868646935576971,0.788827864261078,0.769291373905199,0.947535536480547,0.881788266419433
"PT_2023","baseline_3pct","equal_pc","top1",0.153817157000413,0.19644340231056,0.782982125343675,0.769291373905199,0.947535536480547,0.881788266419433
"PT_2023","baseline_3pct","equal_pc","top10",0.468922870936161,0.575909093952227,0.814284998507456,0.769291373905199,0.947535536480547,0.881788266419433
"PT_2023","baseline_3pct","mean_nwx","atkinson05",0.0800728705331543,0.367669949034385,0.217902601153169,0.769291373905199,1,0.881788266419433
"PT_2023","baseline_3pct","mean_nwx","atkinson1",0.12030624591471,0.694723730870667,0.173200211622006,0.769291373905199,1,0.881788266419433
"PT_2023","baseline_3pct","mean_nwx","atkinson2",0.158682381860895,0.996245740428944,0.159280784002312,0.769291373905199,1,0.881788266419433
"PT_2023","baseline_3pct","mean_nwx","cv",1.28312344107716,3.05256311731477,0.418753494197352,0.769291373905199,1,0.881788266419433
"PT_2023","baseline_3pct","mean_nwx","ge2",0.844743623395649,2.60187976686511,0.331537774823323,0.769291373905199,1,0.881788266419433
"PT_2023","baseline_3pct","mean_nwx","ge_mld",0.12821667088706,1.18658546945797,0.108095120047484,0.769291373905199,1,0.881788266419433
"PT_2023","baseline_3pct","mean_nwx","ge_theil",0.23161148364329,0.861955664525187,0.269130268724079,0.769291373905199,1,0.881788266419433
"PT_2023","baseline_3pct","mean_nwx","gini",0.213618797114631,0.868646935576971,0.245867440934913,0.769291373905199,1,0.881788266419433
"PT_2023","baseline_3pct","mean_nwx","top1",0.0981039007036298,0.19644340231056,0.499666510103317,0.769291373905199,1,0.881788266419433
"PT_2023","baseline_3pct","mean_nwx","top10",0.282687427355139,0.575909093952227,0.490828966356525,0.769291373905199,1,0.881788266419433
"PT_2023","capped_3pct","actual","atkinson05",0.36164570318288,0.367669949034385,0.983645174709459,0.856273938206637,0.960568490499017,0.881788266419433
"PT_2023","capped_3pct","actual","atkinson1",0.687285172822164,0.694723730870667,0.989298612939143,0.856273938206637,0.960568490499017,0.881788266419433
"PT_2023","capped_3pct","actual","atkinson2",0.996449258016445,0.996245740428944,1.00020429201255,0.856273938206637,0.960568490499017,0.881788266419433
"PT_2023","capped_3pct","actual","cv",2.26894258151917,2.45860057394515,0.92316165598688,0.856273938206637,0.960568490499017,0.881788266419433
"PT_2023","capped_3pct","actual","ge2",2.44862204762639,2.60187976686511,0.942431034813421,0.856273938206637,0.960568490499017,0.881788266419433
"PT_2023","capped_3pct","actual","ge_mld",1.16248816995563,1.18658546945797,0.97971362152169,0.856273938206637,0.960568490499017,0.881788266419433
"PT_2023","capped_3pct","actual","ge_theil",0.843966938236894,0.861955664525187,0.979230403736171,0.856273938206637,0.960568490499017,0.881788266419433
"PT_2023","capped_3pct","actual","gini",0.648040190893565,0.680956565381777,0.951667554921815,0.856273938206637,0.960568490499017,0.881788266419433
"PT_2023","capped_3pct","actual","top1",0.164465755485292,0.176498325792904,0.931918136678935,0.856273938206637,0.960568490499017,0.881788266419433
"PT_2023","capped_3pct","actual","top10",0.495918618316762,0.517368178889203,0.958561349893144,0.856273938206637,0.960568490499017,0.881788266419433
"PT_2023","capped_3pct","equal_hh","atkinson05",0.284352057352494,0.367669949034385,0.773394184629438,0.856273938206637,0.998968152884471,0.881788266419433
"PT_2023","capped_3pct","equal_hh","atkinson1",0.466447755372101,0.694723730870667,0.671413704697934,0.856273938206637,0.998968152884471,0.881788266419433
"PT_2023","capped_3pct","equal_hh","atkinson2",0.666471420087656,0.996245740428944,0.668983249277766,0.856273938206637,0.998968152884471,0.881788266419433
"PT_2023","capped_3pct","equal_hh","cv",2.10512519437105,2.45860057394515,0.856273938206637,0.856273938206637,0.998968152884471,0.881788266419433
"PT_2023","capped_3pct","equal_hh","ge2",2.2140604188913,2.60187976686511,0.851209634005067,0.856273938206637,0.998968152884471,0.881788266419433
"PT_2023","capped_3pct","equal_hh","ge_mld",0.628223182288492,1.18658546945797,0.529445313519922,0.856273938206637,0.998968152884471,0.881788266419433
"PT_2023","capped_3pct","equal_hh","ge_theil",0.721088087139779,0.861955664525187,0.836597568827132,0.856273938206637,0.998968152884471,0.881788266419433
"PT_2023","capped_3pct","equal_hh","gini",0.583085166055672,0.680956565381777,0.856273938206637,0.856273938206637,0.998968152884471,0.881788266419433
"PT_2023","capped_3pct","equal_hh","top1",0.15256615602362,0.176498325792904,0.864419294158884,0.856273938206637,0.998968152884471,0.881788266419433
"PT_2023","capped_3pct","equal_hh","top10",0.457381372956027,0.517368178889203,0.884055798462558,0.856273938206637,0.998968152884471,0.881788266419433
"PT_2023","capped_3pct","equal_pc","atkinson05",0.298094411946085,0.367669949034385,0.810773458045042,0.856273938206637,0.998552512105312,0.881788266419433
"PT_2023","capped_3pct","equal_pc","atkinson1",0.501680907495995,0.694723730870667,0.722129776844118,0.856273938206637,0.998552512105312,0.881788266419433
"PT_2023","capped_3pct","equal_pc","atkinson2",0.753019223622271,0.996245740428944,0.755857942887342,0.856273938206637,0.998552512105312,0.881788266419433
"PT_2023","capped_3pct","equal_pc","cv",2.11161646825699,2.45860057394515,0.858920408458199,0.856273938206637,0.998552512105312,0.881788266419433
"PT_2023","capped_3pct","equal_pc","ge2",2.22649485174124,2.60187976686511,0.856022871463755,0.856273938206637,0.998552512105312,0.881788266419433
"PT_2023","capped_3pct","equal_pc","ge_mld",0.696539481804242,1.18658546945797,0.587020609114493,0.856273938206637,0.998552512105312,0.881788266419433
"PT_2023","capped_3pct","equal_pc","ge_theil",0.739599177159413,0.861955664525187,0.858077492136999,0.856273938206637,0.998552512105312,0.881788266419433
"PT_2023","capped_3pct","equal_pc","gini",0.593508646455174,0.680956565381777,0.871580694421186,0.856273938206637,0.998552512105312,0.881788266419433
"PT_2023","capped_3pct","equal_pc","top1",0.152797545648019,0.176498325792904,0.865736029636727,0.856273938206637,0.998552512105312,0.881788266419433
"PT_2023","capped_3pct","equal_pc","top10",0.459035330504926,0.517368178889203,0.887251465039663,0.856273938206637,0.998552512105312,0.881788266419433
"PT_2023","capped_3pct","mean_nwx","atkinson05",0.0341792436894177,0.367669949034385,0.0929796466893097,0.856273938206637,1,0.881788266419433
"PT_2023","capped_3pct","mean_nwx","atkinson1",0.0555356387184982,0.694723730870667,0.0799425481426114,0.856273938206637,1,0.881788266419433
"PT_2023","capped_3pct","mean_nwx","atkinson2",0.0800605679094865,0.996245740428944,0.0803620616599488,0.856273938206637,1,0.881788266419433
"PT_2023","capped_3pct","mean_nwx","cv",0.59764066480904,2.45860057394515,0.243410209500657,0.856273938206637,1,0.881788266419433
"PT_2023","capped_3pct","mean_nwx","ge2",0.179134142208908,2.60187976686511,0.0692250698323044,0.856273938206637,1,0.881788266419433
"PT_2023","capped_3pct","mean_nwx","ge_mld",0.0571385015752056,1.18658546945797,0.048159232683322,0.856273938206637,1,0.881788266419433
"PT_2023","capped_3pct","mean_nwx","ge_theil",0.0875899854090248,0.861955664525187,0.101671157311555,0.856273938206637,1,0.881788266419433
"PT_2023","capped_3pct","mean_nwx","gini",0.131148416562509,0.680956565381777,0.192598920633232,0.856273938206637,1,0.881788266419433
"PT_2023","capped_3pct","mean_nwx","top1",0.0556150560537921,0.176498325792904,0.315325852876121,0.856273938206637,1,0.881788266419433
"PT_2023","capped_3pct","mean_nwx","top10",0.209292146716301,0.517368178889203,0.404556702790992,0.856273938206637,1,0.881788266419433
"PT_2023","gradient","actual","atkinson05",0.36164570318288,0.35333904407221,1.02356448050698,0.843556356019112,0.960568490499017,0.931151525781962
"PT_2023","gradient","actual","atkinson1",0.687285172822164,0.677521928697948,1.01442309324403,0.843556356019112,0.960568490499017,0.931151525781962
"PT_2023","gradient","actual","atkinson2",0.996449258016445,0.995952451800917,1.00049884176083,0.843556356019112,0.960568490499017,0.931151525781962
"PT_2023","gradient","actual","cv",2.26894258151917,2.73891214968618,0.830117948868893,0.843556356019112,0.960568490499017,0.931151525781962
"PT_2023","gradient","actual","ge2",2.44862204762639,2.3946349732621,1.02446769122544,0.843556356019112,0.960568490499017,0.931151525781962
"PT_2023","gradient","actual","ge_mld",1.16248816995563,1.13178251699314,1.02717425941582,0.843556356019112,0.960568490499017,0.931151525781962
"PT_2023","gradient","actual","ge_theil",0.843966938236894,0.818676027716633,1.03105354693371,0.843556356019112,0.960568490499017,0.931151525781962
"PT_2023","gradient","actual","gini",0.648040190893565,0.711898572438972,0.910568347724687,0.843556356019112,0.960568490499017,0.931151525781962
"PT_2023","gradient","actual","top1",0.164465755485292,0.168593025844501,0.975771759677729,0.843556356019112,0.960568490499017,0.931151525781962
"PT_2023","gradient","actual","top10",0.495918618316762,0.510418606539442,0.971617182269182,0.843556356019112,0.960568490499017,0.931151525781962
"PT_2023","gradient","equal_hh","atkinson05",0.255025280924951,0.35333904407221,0.72168564343767,0.843556356019112,0.987361512200484,0.931151525781962
"PT_2023","gradient","equal_hh","atkinson1",0.427048945946026,0.677521928697948,0.630273854634721,0.843556356019112,0.987361512200484,0.931151525781962
"PT_2023","gradient","equal_hh","atkinson2",0.681535643399857,0.995952451800917,0.684303980172083,0.843556356019112,0.987361512200484,0.931151525781962
"PT_2023","gradient","equal_hh","cv",2.30961855056686,2.73891214968618,0.843556356019112,0.843556356019112,0.987361512200484,0.931151525781962
"PT_2023","gradient","equal_hh","ge2",1.86318609047902,2.3946349732621,0.778534816223948,0.843556356019112,0.987361512200484,0.931151525781962
"PT_2023","gradient","equal_hh","ge_mld",0.557211210943327,1.13178251699314,0.492273600378866,0.843556356019112,0.987361512200484,0.931151525781962
"PT_2023","gradient","equal_hh","ge_theil",0.638065881754296,0.818676027716633,0.779330922672574,0.843556356019112,0.987361512200484,0.931151525781962
"PT_2023","gradient","equal_hh","gini",0.600400546961956,0.711898572438972,0.843556356019112,0.843556356019112,0.987361512200484,0.931151525781962
"PT_2023","gradient","equal_hh","top1",0.143764569821064,0.168593025844501,0.852835374739741,0.843556356019112,0.987361512200484,0.931151525781962
"PT_2023","gradient","equal_hh","top10",0.446200556988652,0.510418606539442,0.87420364769082,0.843556356019112,0.987361512200484,0.931151525781962
"PT_2023","gradient","equal_pc","atkinson05",0.266337201249883,0.35333904407221,0.753705759884409,0.843556356019112,0.984884852845565,0.931151525781962
"PT_2023","gradient","equal_pc","atkinson1",0.456810842223625,0.677521928697948,0.674202830773074,0.843556356019112,0.984884852845565,0.931151525781962
"PT_2023","gradient","equal_pc","atkinson2",0.734929792612029,0.995952451800917,0.737913477617671,0.843556356019112,0.984884852845565,0.931151525781962
"PT_2023","gradient","equal_pc","cv",2.31652293579934,2.73891214968618,0.846082561575824,0.843556356019112,0.984884852845565,0.931151525781962
"PT_2023","gradient","equal_pc","ge2",1.87007948972948,2.3946349732621,0.781419555716389,0.843556356019112,0.984884852845565,0.931151525781962
"PT_2023","gradient","equal_pc","ge_mld",0.61052170876303,1.13178251699314,0.539375890367622,0.843556356019112,0.984884852845565,0.931151525781962
"PT_2023","gradient","equal_pc","ge_theil",0.653119179162408,0.818676027716633,0.797721640219589,0.843556356019112,0.984884852845565,0.931151525781962
"PT_2023","gradient","equal_pc","gini",0.610648909015037,0.711898572438972,0.857935034313472,0.843556356019112,0.984884852845565,0.931151525781962
"PT_2023","gradient","equal_pc","top1",0.144043246089639,0.168593025844501,0.854498312855308,0.843556356019112,0.984884852845565,0.931151525781962
"PT_2023","gradient","equal_pc","top10",0.448048756322907,0.510418606539442,0.877823000467814,0.843556356019112,0.984884852845565,0.931151525781962
"PT_2023","gradient","mean_nwx","atkinson05",0.0576916587922794,0.35333904407221,0.163447979330646,0.843556356019112,1,0.931151525781962
"PT_2023","gradient","mean_nwx","atkinson1",0.0815782055006433,0.677521928697948,0.120451885014526,0.843556356019112,1,0.931151525781962
"PT_2023","gradient","mean_nwx","atkinson2",0.103596735196356,0.995952451800917,0.104018024192198,0.843556356019112,1,0.931151525781962
"PT_2023","gradient","mean_nwx","cv",1.70612524701881,2.73891214968618,0.621646763750987,0.843556356019112,1,0.931151525781962
"PT_2023","gradient","mean_nwx","ge2",1.49239385325847,2.3946349732621,0.631366451084044,0.843556356019112,1,0.931151525781962
"PT_2023","gradient","mean_nwx","ge_mld",0.0851625522092687,1.13178251699314,0.0753042734342284,0.843556356019112,1,0.931151525781962
"PT_2023","gradient","mean_nwx","ge_theil",0.192588654925477,0.818676027716633,0.235752491254861,0.843556356019112,1,0.931151525781962
"PT_2023","gradient","mean_nwx","gini",0.147236674912414,0.711898572438972,0.206632409978285,0.843556356019112,1,0.931151525781962
"PT_2023","gradient","mean_nwx","top1",0.0897370607497082,0.168593025844501,0.532262546571573,0.843556356019112,1,0.931151525781962
"PT_2023","gradient","mean_nwx","top10",0.227239097214992,0.510418606539442,0.445185351773946,0.843556356019112,1,0.931151525781962
"SI_2023","baseline_3pct","actual","atkinson05",0.28811021967359,0.329110546886907,0.875792976624357,0.279702938169403,0.976370212429051,0.756341581599567
"SI_2023","baseline_3pct","actual","atkinson1",0.576799850128372,0.634844244909343,0.908642825296098,0.279702938169403,0.976370212429051,0.756341581599567
"SI_2023","baseline_3pct","actual","atkinson2",0.990749412254717,0.99221076686055,0.998526631282541,0.279702938169403,0.976370212429051,0.756341581599567
"SI_2023","baseline_3pct","actual","cv",1.94670192408606,9.16751008530113,0.219298332881422,0.279702938169403,0.976370212429051,0.756341581599567
"SI_2023","baseline_3pct","actual","ge2",1.85256854001587,2.39592983516999,0.774000795944615,0.279702938169403,0.976370212429051,0.756341581599567
"SI_2023","baseline_3pct","actual","ge_mld",0.860344626817878,1.00830675934942,0.853564771208552,0.279702938169403,0.976370212429051,0.756341581599567
"SI_2023","baseline_3pct","actual","ge_theil",0.658017186333082,0.773001665627426,0.852227856264796,0.279702938169403,0.976370212429051,0.756341581599567
"SI_2023","baseline_3pct","actual","gini",0.565665431867465,3.27649878862502,0.179355441780571,0.279702938169403,0.976370212429051,0.756341581599567
"SI_2023","baseline_3pct","actual","top1",0.143364469250465,0.483488877196199,0.302134331839328,0.279702938169403,0.976370212429051,0.756341581599567
"SI_2023","baseline_3pct","actual","top10",0.415232677098733,1.31759515760319,0.322491306346679,0.279702938169403,0.976370212429051,0.756341581599567
"SI_2023","baseline_3pct","equal_hh","atkinson05",0.128052410216164,0.329110546886907,0.388101239503087,0.279702938169403,0.858245907781105,0.756341581599567
"SI_2023","baseline_3pct","equal_hh","atkinson1",0.224760564513231,0.634844244909343,0.353684615928599,0.279702938169403,0.858245907781105,0.756341581599567
"SI_2023","baseline_3pct","equal_hh","atkinson2",0.477510827177208,0.99221076686055,0.481285162204933,0.279702938169403,0.858245907781105,0.756341581599567
"SI_2023","baseline_3pct","equal_hh","cv",2.49730242032305,9.16751008530113,0.279702938169403,0.279702938169403,0.858245907781105,0.756341581599567
"SI_2023","baseline_3pct","equal_hh","ge2",0.859528998258479,2.39592983516999,0.355042749186733,0.279702938169403,0.858245907781105,0.756341581599567
"SI_2023","baseline_3pct","equal_hh","ge_mld",0.254877994887119,1.00830675934942,0.252419992465679,0.279702938169403,0.858245907781105,0.756341581599567
"SI_2023","baseline_3pct","equal_hh","ge_theil",0.320721533196497,0.773001665627426,0.41314828170841,0.279702938169403,0.858245907781105,0.756341581599567
"SI_2023","baseline_3pct","equal_hh","gini",0.886973720899382,3.27649878862502,0.279702938169403,0.279702938169403,0.858245907781105,0.756341581599567
"SI_2023","baseline_3pct","equal_hh","top1",0.140307730070747,0.483488877196199,0.294987793457448,0.279702938169403,0.858245907781105,0.756341581599567
"SI_2023","baseline_3pct","equal_hh","top10",0.431697146689787,1.31759515760319,0.335115292520667,0.279702938169403,0.858245907781105,0.756341581599567
"SI_2023","baseline_3pct","equal_pc","atkinson05",0.168045162764522,0.329110546886907,0.510162740267842,0.279702938169403,0.85085241151583,0.756341581599567
"SI_2023","baseline_3pct","equal_pc","atkinson1",0.304544732405522,0.634844244909343,0.479488850869619,0.279702938169403,0.85085241151583,0.756341581599567
"SI_2023","baseline_3pct","equal_pc","atkinson2",0.575828430668541,0.99221076686055,0.580364587666739,0.279702938169403,0.85085241151583,0.756341581599567
"SI_2023","baseline_3pct","equal_pc","cv",2.56972873421384,9.16751008530113,0.287792649414625,0.279702938169403,0.85085241151583,0.756341581599567
"SI_2023","baseline_3pct","equal_pc","ge2",0.944358799185846,2.39592983516999,0.39167817584907,0.279702938169403,0.85085241151583,0.756341581599567
"SI_2023","baseline_3pct","equal_pc","ge_mld",0.363458942440624,1.00830675934942,0.360290765600951,0.279702938169403,0.85085241151583,0.756341581599567
"SI_2023","baseline_3pct","equal_pc","ge_theil",0.396707769990103,0.773001665627426,0.512653019572446,0.279702938169403,0.85085241151583,0.756341581599567
"SI_2023","baseline_3pct","equal_pc","gini",0.967391713978072,3.27649878862502,0.304853636516854,0.279702938169403,0.85085241151583,0.756341581599567
"SI_2023","baseline_3pct","equal_pc","top1",0.144527434581009,0.483488877196199,0.303941230079757,0.279702938169403,0.85085241151583,0.756341581599567
"SI_2023","baseline_3pct","equal_pc","top10",0.464658696623075,1.31759515760319,0.360514961094103,0.279702938169403,0.85085241151583,0.756341581599567
"SI_2023","baseline_3pct","mean_nwx","atkinson05",0.331703441150215,0.329110546886907,1.0136442424193,0.279702938169403,1,0.756341581599567
"SI_2023","baseline_3pct","mean_nwx","atkinson1",0.506060951988001,0.634844244909343,0.797958916363706,0.279702938169403,1,0.756341581599567
"SI_2023","baseline_3pct","mean_nwx","atkinson2",0.631803900476804,0.99221076686055,0.636721714261654,0.279702938169403,1,0.756341581599567
"SI_2023","baseline_3pct","mean_nwx","cv",1.92283316833322,9.16751008530113,0.213467316149114,0.279702938169403,1,0.756341581599567
"SI_2023","baseline_3pct","mean_nwx","ge2",1.85446513263278,2.39592983516999,0.81299741189153,0.279702938169403,1,0.756341581599567
"SI_2023","baseline_3pct","mean_nwx","ge_mld",0.710661359420853,1.00830675934942,0.706685876832678,0.279702938169403,1,0.756341581599567
"SI_2023","baseline_3pct","mean_nwx","ge_theil",0.848640750148069,0.773001665627426,1.11465583557512,0.279702938169403,1,0.756341581599567
"SI_2023","baseline_3pct","mean_nwx","gini",0.61463827125356,3.27649878862502,0.192246187553311,0.279702938169403,1,0.756341581599567
"SI_2023","baseline_3pct","mean_nwx","top1",0.137936110995101,0.483488877196199,0.293128450979784,0.279702938169403,1,0.756341581599567
"SI_2023","baseline_3pct","mean_nwx","top10",0.539465553025985,1.31759515760319,0.416461181229576,0.279702938169403,1,0.756341581599567
"SI_2023","capped_3pct","actual","atkinson05",0.28811021967359,0.329110546886907,0.875792976624357,0.714140014377712,0.976370212429051,0.756341581599567
"SI_2023","capped_3pct","actual","atkinson1",0.576799850128372,0.634844244909343,0.908642825296098,0.714140014377712,0.976370212429051,0.756341581599567
"SI_2023","capped_3pct","actual","atkinson2",0.990749412254717,0.99221076686055,0.998526631282541,0.714140014377712,0.976370212429051,0.756341581599567
"SI_2023","capped_3pct","actual","cv",1.94670192408606,2.57152942272082,0.75698029616772,0.714140014377712,0.976370212429051,0.756341581599567
"SI_2023","capped_3pct","actual","ge2",1.85256854001587,2.39592983516999,0.774000795944615,0.714140014377712,0.976370212429051,0.756341581599567
"SI_2023","capped_3pct","actual","ge_mld",0.860344626817878,1.00830675934942,0.853564771208552,0.714140014377712,0.976370212429051,0.756341581599567
"SI_2023","capped_3pct","actual","ge_theil",0.658017186333082,0.773001665627426,0.852227856264796,0.714140014377712,0.976370212429051,0.756341581599567
"SI_2023","capped_3pct","actual","gini",0.565665431867465,0.692656283906624,0.816626690803569,0.714140014377712,0.976370212429051,0.756341581599567
"SI_2023","capped_3pct","actual","top1",0.143364469250465,0.185992047876089,0.772055322048079,0.714140014377712,0.976370212429051,0.756341581599567
"SI_2023","capped_3pct","actual","top10",0.415232677098733,0.503405309164694,0.824953432405095,0.714140014377712,0.976370212429051,0.756341581599567
"SI_2023","capped_3pct","equal_hh","atkinson05",0.210024613994018,0.329110546886907,0.63734106227919,0.714140014377712,1,0.756341581599567
"SI_2023","capped_3pct","equal_hh","atkinson1",0.342733526576324,0.634844244909343,0.539537086083939,0.714140014377712,1,0.756341581599567
"SI_2023","capped_3pct","equal_hh","atkinson2",0.499185005493498,0.99221076686055,0.503123887042746,0.714140014377712,1,0.756341581599567
"SI_2023","capped_3pct","equal_hh","cv",1.8392321513656,2.57152942272082,0.714140014377712,0.714140014377712,1,0.756341581599567
"SI_2023","capped_3pct","equal_hh","ge2",1.71385421113083,2.39592983516999,0.711574773978918,0.714140014377712,1,0.756341581599567
"SI_2023","capped_3pct","equal_hh","ge_mld",0.420230534575808,1.00830675934942,0.416405468816327,0.714140014377712,1,0.756341581599567
"SI_2023","capped_3pct","equal_hh","ge_theil",0.54651295283031,0.773001665627426,0.705761840108623,0.714140014377712,1,0.756341581599567
"SI_2023","capped_3pct","equal_hh","gini",0.494720877091863,0.692656283906624,0.714140014377712,0.714140014377712,1,0.756341581599567
"SI_2023","capped_3pct","equal_hh","top1",0.135963359308664,0.185992047876089,0.72995149809092,0.714140014377712,1,0.756341581599567
"SI_2023","capped_3pct","equal_hh","top10",0.388253439068956,0.503405309164694,0.771131622992088,0.714140014377712,1,0.756341581599567
"SI_2023","capped_3pct","equal_pc","atkinson05",0.241100062802242,0.329110546886907,0.732258801592206,0.714140014377712,1,0.756341581599567
"SI_2023","capped_3pct","equal_pc","atkinson1",0.411239903210477,0.634844244909343,0.647581321876773,0.714140014377712,1,0.756341581599567
"SI_2023","capped_3pct","equal_pc","atkinson2",0.632363840478261,0.99221076686055,0.637345164857917,0.714140014377712,1,0.756341581599567
"SI_2023","capped_3pct","equal_pc","cv",1.87191942697436,2.57152942272082,0.72703905581516,0.714140014377712,1,0.756341581599567
"SI_2023","capped_3pct","equal_pc","ge2",1.77399936831446,2.39592983516999,0.737475707302078,0.714140014377712,1,0.756341581599567
"SI_2023","capped_3pct","equal_pc","ge_mld",0.530279570885681,1.00830675934942,0.52574465129583,0.714140014377712,1,0.756341581599567
"SI_2023","capped_3pct","equal_pc","ge_theil",0.599033392041065,0.773001665627426,0.774637435860786,0.714140014377712,1,0.756341581599567
"SI_2023","capped_3pct","equal_pc","gini",0.530526934213074,0.692656283906624,0.765888710811879,0.714140014377712,1,0.756341581599567
"SI_2023","capped_3pct","equal_pc","top1",0.137521231336102,0.185992047876089,0.73839142756559,0.714140014377712,1,0.756341581599567
"SI_2023","capped_3pct","equal_pc","top10",0.398614005406542,0.503405309164694,0.791848612806822,0.714140014377712,1,0.756341581599567
"SI_2023","capped_3pct","mean_nwx","atkinson05",0.0601031227408282,0.329110546886907,0.183770445138859,0.714140014377712,1,0.756341581599567
"SI_2023","capped_3pct","mean_nwx","atkinson1",0.104229809679869,0.634844244909343,0.164419055196734,0.714140014377712,1,0.756341581599567
"SI_2023","capped_3pct","mean_nwx","atkinson2",0.161233311695259,0.99221076686055,0.162488640495071,0.714140014377712,1,0.756341581599567
"SI_2023","capped_3pct","mean_nwx","cv",0.647037882613248,2.57152942272082,0.254401300905408,0.714140014377712,1,0.756341581599567
"SI_2023","capped_3pct","mean_nwx","ge2",0.209615749823405,2.39592983516999,0.0916849848055791,0.714140014377712,1,0.756341581599567
"SI_2023","capped_3pct","mean_nwx","ge_mld",0.110105386907059,1.00830675934942,0.109559347377436,0.714140014377712,1,0.756341581599567
"SI_2023","capped_3pct","mean_nwx","ge_theil",0.139739543761051,0.773001665627426,0.183620165826706,0.714140014377712,1,0.756341581599567
"SI_2023","capped_3pct","mean_nwx","gini",0.236305316011181,0.692656283906624,0.34147190669806,0.714140014377712,1,0.756341581599567
"SI_2023","capped_3pct","mean_nwx","top1",0.0470263851109687,0.185992047876089,0.259727039130646,0.714140014377712,1,0.756341581599567
"SI_2023","capped_3pct","mean_nwx","top10",0.254356412585268,0.503405309164694,0.506951759396312,0.714140014377712,1,0.756341581599567
"SI_2023","gradient","actual","atkinson05",0.28811021967359,0.30425560983657,0.947529832272952,0.803334465598731,0.976370212429051,0.927197105934535
"SI_2023","gradient","actual","atkinson1",0.576799850128372,0.594851637795774,0.969783896882149,0.803334465598731,0.976370212429051,0.927197105934535
"SI_2023","gradient","actual","atkinson2",0.990749412254717,0.990004060077508,1.0007530207713,0.803334465598731,0.976370212429051,0.927197105934535
"SI_2023","gradient","actual","cv",1.94670192408606,2.25474003886825,0.864146076970967,0.803334465598731,0.976370212429051,0.927197105934535
"SI_2023","gradient","actual","ge2",1.85256854001587,2.14409361253,0.869938901733169,0.803334465598731,0.976370212429051,0.927197105934535
"SI_2023","gradient","actual","ge_mld",0.860344626817878,0.904272929995788,0.951802486379878,0.803334465598731,0.976370212429051,0.927197105934535
"SI_2023","gradient","actual","ge_theil",0.658017186333082,0.705295977264694,0.934676608555724,0.803334465598731,0.976370212429051,0.927197105934535
"SI_2023","gradient","actual","gini",0.565665431867465,0.643372489141051,0.87936721752619,0.803334465598731,0.976370212429051,0.927197105934535
"SI_2023","gradient","actual","top1",0.143364469250465,0.159916211931791,0.90016986289947,0.803334465598731,0.976370212429051,0.927197105934535
"SI_2023","gradient","actual","top10",0.415232677098733,0.447871305456989,0.927529662440575,0.803334465598731,0.976370212429051,0.927197105934535
"SI_2023","gradient","equal_hh","atkinson05",0.202048276356352,0.30425560983657,0.662996769344094,0.803334465598731,0.971965475059412,0.927197105934535
"SI_2023","gradient","equal_hh","atkinson1",0.346509477594733,0.594851637795774,0.58199760972469,0.803334465598731,0.971965475059412,0.927197105934535
"SI_2023","gradient","equal_hh","atkinson2",0.622338337853188,0.990004060077508,0.628651952849323,0.803334465598731,0.971965475059412,0.927197105934535
"SI_2023","gradient","equal_hh","cv",1.81333719173549,2.25474003886825,0.803334465598731,0.803334465598731,0.971965475059412,0.927197105934535
"SI_2023","gradient","equal_hh","ge2",1.51387368639993,2.14409361253,0.702838706029413,0.803334465598731,0.971965475059412,0.927197105934535
"SI_2023","gradient","equal_hh","ge_mld",0.425991308280132,0.904272929995788,0.470431736802202,0.803334465598731,0.971965475059412,0.927197105934535
"SI_2023","gradient","equal_hh","ge_theil",0.506845218891186,0.705295977264694,0.717009414988158,0.803334465598731,0.971965475059412,0.927197105934535
"SI_2023","gradient","equal_hh","gini",0.516869683127814,0.643372489141051,0.803334465598731,0.803334465598731,0.971965475059412,0.927197105934535
"SI_2023","gradient","equal_hh","top1",0.130608034585775,0.159916211931791,0.816043722759647,0.803334465598731,0.971965475059412,0.927197105934535
"SI_2023","gradient","equal_hh","top10",0.379560145695449,0.447871305456989,0.84743289828029,0.803334465598731,0.971965475059412,0.927197105934535
"SI_2023","gradient","equal_pc","atkinson05",0.221554340515291,0.30425560983657,0.727599965392558,0.803334465598731,0.968597152840206,0.927197105934535
"SI_2023","gradient","equal_pc","atkinson1",0.393816933116769,0.594851637795774,0.661725610917953,0.803334465598731,0.968597152840206,0.927197105934535
"SI_2023","gradient","equal_pc","atkinson2",0.742069657997451,0.990004060077508,0.749396986847311,0.803334465598731,0.968597152840206,0.927197105934535
"SI_2023","gradient","equal_pc","cv",1.83568040284925,2.25474003886825,0.813419548119765,0.803334465598731,0.968597152840206,0.927197105934535
"SI_2023","gradient","equal_pc","ge2",1.54493600263939,2.14409361253,0.718165801062626,0.803334465598731,0.968597152840206,0.927197105934535
"SI_2023","gradient","equal_pc","ge_mld",0.501031758283964,0.904272929995788,0.55371245257237,0.803334465598731,0.968597152840206,0.927197105934535
"SI_2023","gradient","equal_pc","ge_theil",0.538031464731959,0.705295977264694,0.762045746058734,0.803334465598731,0.968597152840206,0.927197105934535
"SI_2023","gradient","equal_pc","gini",0.537708206288804,0.643372489141051,0.83578328052679,0.803334465598731,0.968597152840206,0.927197105934535
"SI_2023","gradient","equal_pc","top1",0.131713816675567,0.159916211931791,0.823049171913716,0.803334465598731,0.968597152840206,0.927197105934535
"SI_2023","gradient","equal_pc","top10",0.386417000275677,0.447871305456989,0.862845197338699,0.803334465598731,0.968597152840206,0.927197105934535
"SI_2023","gradient","mean_nwx","atkinson05",0.0439373664249526,0.30425560983657,0.14539699745351,0.803334465598731,1,0.927197105934535
"SI_2023","gradient","mean_nwx","atkinson1",0.0715879142072105,0.594851637795774,0.120568735017673,0.803334465598731,1,0.927197105934535
"SI_2023","gradient","mean_nwx","atkinson2",0.105294747268039,0.990004060077508,0.106353398546867,0.803334465598731,1,0.927197105934535
"SI_2023","gradient","mean_nwx","cv",0.774646415980006,2.25474003886825,0.348225664449621,0.803334465598731,1,0.927197105934535
"SI_2023","gradient","mean_nwx","ge2",0.300431920449007,2.14409361253,0.148662464780601,0.803334465598731,1,0.927197105934535
"SI_2023","gradient","mean_nwx","ge_mld",0.074294371061816,0.904272929995788,0.0824722170705953,0.803334465598731,1,0.927197105934535
"SI_2023","gradient","mean_nwx","ge_theil",0.114736193097139,0.705295977264694,0.165468898659844,0.803334465598731,1,0.927197105934535
"SI_2023","gradient","mean_nwx","gini",0.171042796854222,0.643372489141051,0.266168268057411,0.803334465598731,1,0.927197105934535
"SI_2023","gradient","mean_nwx","top1",0.056568207647147,0.159916211931791,0.365640945916704,0.803334465598731,1,0.927197105934535
"SI_2023","gradient","mean_nwx","top10",0.225849736828511,0.447871305456989,0.506186380082595,0.803334465598731,1,0.927197105934535
"SK_2023","baseline_3pct","actual","atkinson05",0.19730827558033,0.230525958035157,0.85597087608829,0.708182003838271,0.984558913771465,0.850314910135067
"SK_2023","baseline_3pct","actual","atkinson1",0.402501032312691,0.466853535796128,0.862205719327223,0.708182003838271,0.984558913771465,0.850314910135067
"SK_2023","baseline_3pct","actual","atkinson2",0.977538514678641,0.979236828130436,0.998265710687583,0.708182003838271,0.984558913771465,0.850314910135067
"SK_2023","baseline_3pct","actual","cv",1.36463578165224,2.08328716267684,0.65504454027606,0.708182003838271,0.984558913771465,0.850314910135067
"SK_2023","baseline_3pct","actual","ge2",0.908192812652296,1.11362009872023,0.815758539621214,0.708182003838271,0.984558913771465,0.850314910135067
"SK_2023","baseline_3pct","actual","ge_mld",0.515030815946586,0.629036213935157,0.818864026536816,0.708182003838271,0.984558913771465,0.850314910135067
"SK_2023","baseline_3pct","actual","ge_theil",0.436169648423807,0.508530910633073,0.857855998174139,0.708182003838271,0.984558913771465,0.850314910135067
"SK_2023","baseline_3pct","actual","gini",0.473291183150073,0.767495368068856,0.61669568304975,0.708182003838271,0.984558913771465,0.850314910135067
"SK_2023","baseline_3pct","actual","top1",0.0962666188386334,0.131268481116395,0.733654708673408,0.708182003838271,0.984558913771465,0.850314910135067
"SK_2023","baseline_3pct","actual","top10",0.35798652306499,0.458640383583912,0.780581056735946,0.708182003838271,0.984558913771465,0.850314910135067
"SK_2023","baseline_3pct","equal_hh","atkinson05",0.14867203846075,0.230525958035157,0.644862380853779,0.708182003838271,0.920211492922267,0.850314910135067
"SK_2023","baseline_3pct","equal_hh","atkinson1",0.275279035994419,0.466853535796128,0.589608691059841,0.708182003838271,0.920211492922267,0.850314910135067
"SK_2023","baseline_3pct","equal_hh","atkinson2",0.806187346220762,0.979236828130436,0.823267646678548,0.708182003838271,0.920211492922267,0.850314910135067
"SK_2023","baseline_3pct","equal_hh","cv",1.47532304642782,2.08328716267684,0.708182003838271,0.708182003838271,0.920211492922267,0.850314910135067
"SK_2023","baseline_3pct","equal_hh","ge2",0.711830516522614,1.11362009872023,0.639206084785004,0.708182003838271,0.920211492922267,0.850314910135067
"SK_2023","baseline_3pct","equal_hh","ge_mld",0.322013658864667,0.629036213935157,0.511890289909221,0.708182003838271,0.920211492922267,0.850314910135067
"SK_2023","baseline_3pct","equal_hh","ge_theil",0.342312944897236,0.508530910633073,0.673091253296871,0.708182003838271,0.920211492922267,0.850314910135067
"SK_2023","baseline_3pct","equal_hh","gini",0.543521284060708,0.767495368068856,0.708182003838271,0.708182003838271,0.920211492922267,0.850314910135067
"SK_2023","baseline_3pct","equal_hh","top1",0.0958771511333319,0.131268481116395,0.730518840829157,0.708182003838271,0.920211492922267,0.850314910135067
"SK_2023","baseline_3pct","equal_hh","top10",0.353979515446708,0.458640383583912,0.77182838753377,0.708182003838271,0.920211492922267,0.850314910135067
"SK_2023","baseline_3pct","equal_pc","atkinson05",0.157156735364223,0.230525958035157,0.681766417929867,0.708182003838271,0.917288242245626,0.850314910135067
"SK_2023","baseline_3pct","equal_pc","atkinson1",0.293355600736646,0.466853535796128,0.628405770089199,0.708182003838271,0.917288242245626,0.850314910135067
"SK_2023","baseline_3pct","equal_pc","atkinson2",0.603025730201894,0.979236828130436,0.615809383918046,0.708182003838271,0.917288242245626,0.850314910135067
"SK_2023","baseline_3pct","equal_pc","cv",1.49095204284277,2.08328716267684,0.715690069179285,0.708182003838271,0.917288242245626,0.850314910135067
"SK_2023","baseline_3pct","equal_pc","ge2",0.722661933507732,1.11362009872023,0.649018971033728,0.708182003838271,0.917288242245626,0.850314910135067
"SK_2023","baseline_3pct","equal_pc","ge_mld",0.347238685538419,0.629036213935157,0.552102642093055,0.708182003838271,0.917288242245626,0.850314910135067
"SK_2023","baseline_3pct","equal_pc","ge_theil",0.356429525315602,0.508530910633073,0.700964430314797,0.708182003838271,0.917288242245626,0.850314910135067
"SK_2023","baseline_3pct","equal_pc","gini",0.558501480469936,0.767495368068856,0.727702170341004,0.708182003838271,0.917288242245626,0.850314910135067
"SK_2023","baseline_3pct","equal_pc","top1",0.0964690032012292,0.131268481116395,0.734995809035179,0.708182003838271,0.917288242245626,0.850314910135067
"SK_2023","baseline_3pct","equal_pc","top10",0.360405871418864,0.458640383583912,0.785849288150983,0.708182003838271,0.917288242245626,0.850314910135067
"SK_2023","baseline_3pct","mean_nwx","atkinson05",0.0645827984149724,0.230525958035157,0.280285758098319,0.708182003838271,1,0.850314910135067
"SK_2023","baseline_3pct","mean_nwx","atkinson1",0.108210653341873,0.466853535796128,0.231833355776979,0.708182003838271,1,0.850314910135067
"SK_2023","baseline_3pct","mean_nwx","atkinson2",0.162135210116746,0.979236828130436,0.165573044496938,0.708182003838271,1,0.850314910135067
"SK_2023","baseline_3pct","mean_nwx","cv",0.805816628114165,2.08328716267684,0.387016078151353,0.708182003838271,1,0.850314910135067
"SK_2023","baseline_3pct","mean_nwx","ge2",0.324674533325127,1.11362009872023,0.292360620793356,0.708182003838271,1,0.850314910135067
"SK_2023","baseline_3pct","mean_nwx","ge_mld",0.114525867893664,0.629036213935157,0.18213600389612,0.708182003838271,1,0.850314910135067
"SK_2023","baseline_3pct","mean_nwx","ge_theil",0.159298144782597,0.508530910633073,0.313602645197375,0.708182003838271,1,0.850314910135067
"SK_2023","baseline_3pct","mean_nwx","gini",0.2404180439037,0.767495368068856,0.31328096305712,0.708182003838271,1,0.850314910135067
"SK_2023","baseline_3pct","mean_nwx","top1",0.0610105268771321,0.131268481116395,0.466839431025096,0.708182003838271,1,0.850314910135067
"SK_2023","baseline_3pct","mean_nwx","top10",0.260802893962771,0.458640383583912,0.568802888268304,0.708182003838271,1,0.850314910135067
"SK_2023","capped_3pct","actual","atkinson05",0.19730827558033,0.230525958035157,0.85597087608829,0.796696388746869,0.984558913771465,0.850314910135067
"SK_2023","capped_3pct","actual","atkinson1",0.402501032312691,0.466853535796128,0.862205719327223,0.796696388746869,0.984558913771465,0.850314910135067
"SK_2023","capped_3pct","actual","atkinson2",0.977538514678641,0.979236828130436,0.998265710687583,0.796696388746869,0.984558913771465,0.850314910135067
"SK_2023","capped_3pct","actual","cv",1.36463578165224,1.67277213145284,0.815813194641214,0.796696388746869,0.984558913771465,0.850314910135067
"SK_2023","capped_3pct","actual","ge2",0.908192812652296,1.11362009872023,0.815758539621214,0.796696388746869,0.984558913771465,0.850314910135067
"SK_2023","capped_3pct","actual","ge_mld",0.515030815946586,0.629036213935157,0.818864026536816,0.796696388746869,0.984558913771465,0.850314910135067
"SK_2023","capped_3pct","actual","ge_theil",0.436169648423807,0.508530910633073,0.857855998174139,0.796696388746869,0.984558913771465,0.850314910135067
"SK_2023","capped_3pct","actual","gini",0.473291183150073,0.577336020157513,0.819782399695623,0.796696388746869,0.984558913771465,0.850314910135067
"SK_2023","capped_3pct","actual","top1",0.0962666188386334,0.116668113338012,0.825344952106411,0.796696388746869,0.984558913771465,0.850314910135067
"SK_2023","capped_3pct","actual","top10",0.35798652306499,0.407670895865234,0.878139931443612,0.796696388746869,0.984558913771465,0.850314910135067
"SK_2023","capped_3pct","equal_hh","atkinson05",0.178734469039699,0.230525958035157,0.775346876167346,0.796696388746869,0.999565710095993,0.850314910135067
"SK_2023","capped_3pct","equal_hh","atkinson1",0.317045269662301,0.466853535796128,0.679128033582629,0.796696388746869,0.999565710095993,0.850314910135067
"SK_2023","capped_3pct","equal_hh","atkinson2",0.518134376549702,0.979236828130436,0.52911981906518,0.796696388746869,0.999565710095993,0.850314910135067
"SK_2023","capped_3pct","equal_hh","cv",1.33274198264235,1.67277213145284,0.796696388746869,0.796696388746869,0.999565710095993,0.850314910135067
"SK_2023","capped_3pct","equal_hh","ge2",0.888017419014442,1.11362009872023,0.797438278267629,0.796696388746869,0.999565710095993,0.850314910135067
"SK_2023","capped_3pct","equal_hh","ge_mld",0.381351719986895,0.629036213935157,0.606302344108585,0.796696388746869,0.999565710095993,0.850314910135067
"SK_2023","capped_3pct","equal_hh","ge_theil",0.415537531287797,0.508530910633073,0.817185082590925,0.796696388746869,0.999565710095993,0.850314910135067
"SK_2023","capped_3pct","equal_hh","gini",0.459967056548805,0.577336020157513,0.796696388746869,0.796696388746869,0.999565710095993,0.850314910135067
"SK_2023","capped_3pct","equal_hh","top1",0.0949920072842459,0.116668113338012,0.814208765758249,0.796696388746869,0.999565710095993,0.850314910135067
"SK_2023","capped_3pct","equal_hh","top10",0.345128076955848,0.407670895865234,0.846583781637613,0.796696388746869,0.999565710095993,0.850314910135067
"SK_2023","capped_3pct","equal_pc","atkinson05",0.188741097738098,0.230525958035157,0.818789620716838,0.796696388746869,0.998861097416294,0.850314910135067
"SK_2023","capped_3pct","equal_pc","atkinson1",0.342761387314191,0.466853535796128,0.734235657418538,0.796696388746869,0.998861097416294,0.850314910135067
"SK_2023","capped_3pct","equal_pc","atkinson2",0.582506579301886,0.979236828130436,0.594857251861484,0.796696388746869,0.998861097416294,0.850314910135067
"SK_2023","capped_3pct","equal_pc","cv",1.34353520632597,1.67277213145284,0.803153842203479,0.796696388746869,0.998861097416294,0.850314910135067
"SK_2023","capped_3pct","equal_pc","ge2",0.901259532231274,1.11362009872023,0.80935155162156,0.796696388746869,0.998861097416294,0.850314910135067
"SK_2023","capped_3pct","equal_pc","ge_mld",0.419730973453519,0.629036213935157,0.667351512791623,0.796696388746869,0.998861097416294,0.850314910135067
"SK_2023","capped_3pct","equal_pc","ge_theil",0.430803527795876,0.508530910633073,0.847251698420587,0.796696388746869,0.998861097416294,0.850314910135067
"SK_2023","capped_3pct","equal_pc","gini",0.470583696786694,0.577336020157513,0.815088126716379,0.796696388746869,0.998861097416294,0.850314910135067
"SK_2023","capped_3pct","equal_pc","top1",0.0953929741286312,0.116668113338012,0.817617855372061,0.796696388746869,0.998861097416294,0.850314910135067
"SK_2023","capped_3pct","equal_pc","top10",0.34937810509562,0.407670895865234,0.857016107895826,0.796696388746869,0.998861097416294,0.850314910135067
"SK_2023","capped_3pct","mean_nwx","atkinson05",0.0300074695987977,0.230525958035157,0.130286375995991,0.796696388746869,1,0.850314910135067
"SK_2023","capped_3pct","mean_nwx","atkinson1",0.0533311275001117,0.466853535796128,0.114275938918343,0.796696388746869,1,0.850314910135067
"SK_2023","capped_3pct","mean_nwx","atkinson2",0.0868348181426365,0.979236828130436,0.0886761720540524,0.796696388746869,1,0.850314910135067
"SK_2023","capped_3pct","mean_nwx","cv",0.442086549004997,1.67277213145284,0.26454230015251,0.796696388746869,1,0.850314910135067
"SK_2023","capped_3pct","mean_nwx","ge2",0.0977668880440704,1.11362009872023,0.0881715694493908,0.796696388746869,1,0.850314910135067
"SK_2023","capped_3pct","mean_nwx","ge_mld",0.0548062911395791,0.629036213935157,0.0871806799197352,0.796696388746869,1,0.850314910135067
"SK_2023","capped_3pct","mean_nwx","ge_theil",0.0684275508657708,0.508530910633073,0.134816970297,0.796696388746869,1,0.850314910135067
"SK_2023","capped_3pct","mean_nwx","gini",0.162602982325789,0.577336020157513,0.281675920672619,0.796696388746869,1,0.850314910135067
"SK_2023","capped_3pct","mean_nwx","top1",0.0373751319441175,0.116668113338012,0.322126007854343,0.796696388746869,1,0.850314910135067
"SK_2023","capped_3pct","mean_nwx","top10",0.200237158659965,0.407670895865234,0.491333903756881,0.796696388746869,1,0.850314910135067
"SK_2023","gradient","actual","atkinson05",0.19730827558033,0.210862316000526,0.935766230084268,0.857026121453359,0.984558913771465,0.956636245464826
"SK_2023","gradient","actual","atkinson1",0.402501032312691,0.423178896248546,0.951174371455039,0.857026121453359,0.984558913771465,0.956636245464826
"SK_2023","gradient","actual","atkinson2",0.977538514678641,0.974814802375038,1.0027941296714,0.857026121453359,0.984558913771465,0.956636245464826
"SK_2023","gradient","actual","cv",1.36463578165224,1.51762687321668,0.899260543637412,0.857026121453359,0.984558913771465,0.956636245464826
"SK_2023","gradient","actual","ge2",0.908192812652296,1.04309492112142,0.870906459043227,0.857026121453359,0.984558913771465,0.956636245464826
"SK_2023","gradient","actual","ge_mld",0.515030815946586,0.550271748501793,0.936026517989246,0.857026121453359,0.984558913771465,0.956636245464826
"SK_2023","gradient","actual","ge_theil",0.436169648423807,0.469619802990138,0.928869800407444,0.857026121453359,0.984558913771465,0.956636245464826
"SK_2023","gradient","actual","gini",0.473291183150073,0.519077035499297,0.91180461084065,0.857026121453359,0.984558913771465,0.956636245464826
"SK_2023","gradient","actual","top1",0.0962666188386334,0.106482941804442,0.904574940644093,0.857026121453359,0.984558913771465,0.956636245464826
"SK_2023","gradient","actual","top10",0.35798652306499,0.373151996852007,0.959381688146923,0.857026121453359,0.984558913771465,0.956636245464826
"SK_2023","gradient","equal_hh","atkinson05",0.158496492671849,0.210862316000526,0.751613523693877,0.857026121453359,0.981271991996968,0.956636245464826
"SK_2023","gradient","equal_hh","atkinson1",0.287220468308208,0.423178896248546,0.678692317918135,0.857026121453359,0.981271991996968,0.956636245464826
"SK_2023","gradient","equal_hh","atkinson2",0.567914723642243,0.974814802375038,0.582584731303465,0.857026121453359,0.981271991996968,0.956636245464826
"SK_2023","gradient","equal_hh","cv",1.30065645109252,1.51762687321668,0.857026121453359,0.857026121453359,0.981271991996968,0.956636245464826
"SK_2023","gradient","equal_hh","ge2",0.804267696489433,1.04309492112142,0.770993346648802,0.857026121453359,0.981271991996968,0.956636245464826
"SK_2023","gradient","equal_hh","ge_mld",0.338609696883854,0.550271748501793,0.615329332171308,0.857026121453359,0.981271991996968,0.956636245464826
"SK_2023","gradient","equal_hh","ge_theil",0.368640260276863,0.469619802990138,0.784912767576106,0.857026121453359,0.981271991996968,0.956636245464826
"SK_2023","gradient","equal_hh","gini",0.444863627474382,0.519077035499297,0.857026121453359,0.857026121453359,0.981271991996968,0.956636245464826
"SK_2023","gradient","equal_hh","top1",0.0926906138954915,0.106482941804442,0.870524137625725,0.857026121453359,0.981271991996968,0.956636245464826
"SK_2023","gradient","equal_hh","top10",0.334099863203131,0.373151996852007,0.89535314461659,0.857026121453359,0.981271991996968,0.956636245464826
"SK_2023","gradient","equal_pc","atkinson05",0.163547341710617,0.210862316000526,0.775602798729872,0.857026121453359,0.979787774988541,0.956636245464826
"SK_2023","gradient","equal_pc","atkinson1",0.301555349135996,0.423178896248546,0.712621019679078,0.857026121453359,0.979787774988541,0.956636245464826
"SK_2023","gradient","equal_pc","atkinson2",0.594424202571482,0.974814802375038,0.609782164696482,0.857026121453359,0.979787774988541,0.956636245464826
"SK_2023","gradient","equal_pc","cv",1.30775822926116,1.51762687321668,0.861708554628155,0.857026121453359,0.979787774988541,0.956636245464826
"SK_2023","gradient","equal_pc","ge2",0.810284313057502,1.04309492112142,0.776781951483117,0.857026121453359,0.979787774988541,0.956636245464826
"SK_2023","gradient","equal_pc","ge_mld",0.358916650710121,0.550271748501793,0.652310879587092,0.857026121453359,0.979787774988541,0.956636245464826
"SK_2023","gradient","equal_pc","ge_theil",0.376163434621994,0.469619802990138,0.800966163770822,0.857026121453359,0.979787774988541,0.956636245464826
"SK_2023","gradient","equal_pc","gini",0.451319098239124,0.519077035499297,0.869463202233759,0.857026121453359,0.979787774988541,0.956636245464826
"SK_2023","gradient","equal_pc","top1",0.0929726906919865,0.106482941804442,0.873161584743796,0.857026121453359,0.979787774988541,0.956636245464826
"SK_2023","gradient","equal_pc","top10",0.336868492358906,0.373151996852007,0.902779170261407,0.857026121453359,0.979787774988541,0.956636245464826
"SK_2023","gradient","mean_nwx","atkinson05",0.0210207547162998,0.210862316000526,0.0997259379789493,0.857026121453359,1,0.956636245464826
"SK_2023","gradient","mean_nwx","atkinson1",0.0364359721925944,0.423178896248546,0.0861138634955947,0.857026121453359,1,0.956636245464826
"SK_2023","gradient","mean_nwx","atkinson2",0.0576138847364275,0.974814802375038,0.059102444183492,0.857026121453359,1,0.956636245464826
"SK_2023","gradient","mean_nwx","cv",0.395393972369685,1.51762687321668,0.26067032422544,0.857026121453359,1,0.956636245464826
"SK_2023","gradient","mean_nwx","ge2",0.0781954214438591,1.04309492112142,0.0751206615282833,0.857026121453359,1,0.956636245464826
"SK_2023","gradient","mean_nwx","ge_mld",0.037116476013771,0.550271748501793,0.0674703565331076,0.857026121453359,1,0.956636245464826
"SK_2023","gradient","mean_nwx","ge_theil",0.0496359612004368,0.469619802990138,0.105786124130604,0.857026121453359,1,0.956636245464826
"SK_2023","gradient","mean_nwx","gini",0.119395782301418,0.519077035499297,0.230036558471505,0.857026121453359,1,0.956636245464826
"SK_2023","gradient","mean_nwx","top1",0.0384295526125973,0.106482941804442,0.362565008420491,0.857026121453359,1,0.956636245464826
"SK_2023","gradient","mean_nwx","top10",0.182546242909607,0.373151996852007,0.489325944463577,0.857026121453359,1,0.956636245464826
