"country","stat_name","estimate","se","ci_lo","ci_hi","grouping"
"AT_2023","g_bottom_wshare",0.331169101575869,0.00257150663791277,0.32612894856556,0.336209254586178,"inc_noncap"
"AT_2023","g_bottom_mean_nwx",-110450.56910913,42952.3340220236,-194637.143792297,-26263.9944259639,"inc_noncap"
"AT_2023","g_bottom_mean_nw",134590.383154885,10231.7387897067,114536.175127059,154644.59118271,"inc_noncap"
"AT_2023","g_bottom_mean_wt",245040.952264015,45988.1959159215,154904.088268809,335177.816259221,"inc_noncap"
"AT_2023","g_bottom_wt_over_nwx",NA,NA,NA,NA,"inc_noncap"
"AT_2023","g_bottom_wt_volshare",0.206575711422812,0.0506694926568341,0.107263505815417,0.305887917030207,"inc_noncap"
"AT_2023","g_bottom_gini_nwx",NA,NA,NA,NA,"inc_noncap"
"AT_2023","g_bottom_gini_nw",0.770368891446917,0.011590948417929,0.747650632547776,0.793087150346058,"inc_noncap"
"AT_2023","g_bottom_cv2_nwx",87.0338865084488,98.1257072029357,-105.292499609305,279.360272626203,"inc_noncap"
"AT_2023","g_bottom_cv2_nw",4.8145028578174,0.991316533136606,2.87152245286965,6.75748326276515,"inc_noncap"
"AT_2023","g_bottom_var_nwx",1034648359858.28,526330880126.631,3039834810.08362,2066256884906.48,"inc_noncap"
"AT_2023","g_bottom_var_nw",87246284657.7268,24915492711.8824,38411918942.4373,136080650373.016,"inc_noncap"
"AT_2023","g_bottom_d_gini",NA,NA,NA,NA,"inc_noncap"
"AT_2023","g_bottom_r_gini",NA,NA,NA,NA,"inc_noncap"
"AT_2023","g_bottom_d_cv2",-82.2193836506314,98.1210007114981,-274.536545045168,110.097777743905,"inc_noncap"
"AT_2023","g_bottom_d_var",-947402075200.554,515056960987.827,-1956913718736.7,62109568335.5872,"inc_noncap"
"AT_2023","g_middle_wshare",0.335241311460927,0.00276756547452513,0.329816883130858,0.340665739790996,"inc_noncap"
"AT_2023","g_middle_mean_nwx",-24917.3256671893,52952.2447949366,-128703.725465265,78869.0741308865,"inc_noncap"
"AT_2023","g_middle_mean_nw",273725.91893569,20676.2564437604,233200.456305919,314251.38156546,"inc_noncap"
"AT_2023","g_middle_mean_wt",298643.244602879,58206.2467093017,184559.001052648,412727.48815311,"inc_noncap"
"AT_2023","g_middle_wt_over_nwx",NA,NA,NA,NA,"inc_noncap"
"AT_2023","g_middle_wt_volshare",0.254909295546489,0.0596973276547712,0.137902533343138,0.371916057749841,"inc_noncap"
"AT_2023","g_middle_gini_nwx",NA,NA,NA,NA,"inc_noncap"
"AT_2023","g_middle_gini_nw",0.673155682337314,0.0216252071316823,0.630770276359217,0.715541088315411,"inc_noncap"
"AT_2023","g_middle_cv2_nwx",3537.69444288916,133301821.757629,-261268032.95051,261275108.339395,"inc_noncap"
"AT_2023","g_middle_cv2_nw",3.69823181985932,2.06790738612906,-0.354866656953642,7.75133029667229,"inc_noncap"
"AT_2023","g_middle_var_nwx",1796958013117.28,1380837715728.14,-909483909709.87,4503399935944.43,"inc_noncap"
"AT_2023","g_middle_var_nw",280813425525.042,187579949566.342,-86843275624.9888,648470126675.074,"inc_noncap"
"AT_2023","g_middle_d_gini",NA,NA,NA,NA,"inc_noncap"
"AT_2023","g_middle_r_gini",NA,NA,NA,NA,"inc_noncap"
"AT_2023","g_middle_d_cv2",-3533.9962110693,133301821.755942,-261275104.637858,261268036.645436,"inc_noncap"
"AT_2023","g_middle_d_var",-1516144587592.24,1354724275748.1,-4171404168058.52,1139114992874.04,"inc_noncap"
"AT_2023","g_top_wshare",0.333589586963204,0.000591960222199302,0.332429344927693,0.334749828998714,"inc_noncap"
"AT_2023","g_top_mean_nwx",-36935.5702236798,279668.051393402,-585084.950954747,511213.810507388,"inc_noncap"
"AT_2023","g_top_mean_nw",604909.789005416,55566.2172441111,496000.003206959,713819.574803874,"inc_noncap"
"AT_2023","g_top_mean_wt",641845.359229096,273749.492704831,105296.353527628,1178394.36493056,"inc_noncap"
"AT_2023","g_top_wt_over_nwx",10.7183255148024,86.1274727097641,-158.091520996335,179.52817202594,"inc_noncap"
"AT_2023","g_top_wt_volshare",0.538514993030698,0.0898771937713729,0.362355693238808,0.714674292822589,"inc_noncap"
"AT_2023","g_top_gini_nwx",11.3769514226837,86.6932020528689,-158.541724600939,181.295627446307,"inc_noncap"
"AT_2023","g_top_gini_nw",0.600271763713442,0.0321079796853853,0.537340123530087,0.663203403896798,"inc_noncap"
"AT_2023","g_top_cv2_nwx",3831.11112126262,97763112.6886699,-191611869.758672,191619531.980914,"inc_noncap"
"AT_2023","g_top_cv2_nw",4.01074962390656,2.84498058212349,-1.56541231705548,9.5869115648686,"inc_noncap"
"AT_2023","g_top_var_nwx",24837249792459.8,29961995134926,-33888260671995.2,83562760256914.9,"inc_noncap"
"AT_2023","g_top_var_nw",1533117419341.89,1406164952683.56,-1222965887917.88,4289200726601.67,"inc_noncap"
"AT_2023","g_top_d_gini",-10.7694560382987,86.693956420528,-180.689610622534,159.150698545936,"inc_noncap"
"AT_2023","g_top_r_gini",0.0584151445138611,0.141823734075024,-0.219559374273187,0.336389663300909,"inc_noncap"
"AT_2023","g_top_d_cv2",-3827.10037163871,97763112.6961201,-191619527.984767,191611873.784024,"inc_noncap"
"AT_2023","g_top_d_var",-23304132373117.9,30093187487477.9,-82286779848574.6,35678515102338.7,"inc_noncap"
"AT_2023","did_gini",NA,NA,NA,NA,"inc_noncap"
"AT_2023","did_cv2",3744.88098798808,97763113.07324,-191611956.742562,191619446.504538,"inc_noncap"
"AT_2023","did_var",22356730297917.4,30100785320194.1,-36640808929663.1,81354269525497.9,"inc_noncap"
"AT_2023","rratio_gini",NA,NA,NA,NA,"inc_noncap"
"BE_2023","g_bottom_wshare",0.330074680494438,0.00438781176691836,0.321474569431278,0.338674791557598,"inc_noncap"
"BE_2023","g_bottom_mean_nwx",182626.307535753,19519.20137329,144368.672844104,220883.942227401,"inc_noncap"
"BE_2023","g_bottom_mean_nw",275897.680390817,20167.2316338106,236369.906388548,315425.454393085,"inc_noncap"
"BE_2023","g_bottom_mean_wt",93271.372855064,14341.6377828102,65161.762800756,121380.982909372,"inc_noncap"
"BE_2023","g_bottom_wt_over_nwx",0.510761023260431,0.11160691960692,0.292011460830867,0.729510585689994,"inc_noncap"
"BE_2023","g_bottom_wt_volshare",0.318826085188556,0.0754484858683358,0.170947052886618,0.466705117490494,"inc_noncap"
"BE_2023","g_bottom_gini_nwx",0.985853856835144,0.103202266436123,0.783577414620342,1.18813029904995,"inc_noncap"
"BE_2023","g_bottom_gini_nw",0.659532315019267,0.0184214181361707,0.623426335472372,0.695638294566161,"inc_noncap"
"BE_2023","g_bottom_cv2_nwx",7.89806415463527,2.71256577026061,2.58143524492448,13.2146930643461,"inc_noncap"
"BE_2023","g_bottom_cv2_nw",2.87909671637361,0.597387656943689,1.70821690876398,4.04997652398324,"inc_noncap"
"BE_2023","g_bottom_var_nwx",263398678962.735,75176171380.8523,116053383056.265,410743974869.206,"inc_noncap"
"BE_2023","g_bottom_var_nw",219167638502.487,59847487401.7244,101866563195.108,336468713809.867,"inc_noncap"
"BE_2023","g_bottom_d_gini",-0.326321541815877,0.102819924998003,-0.527848594811964,-0.124794488819791,"inc_noncap"
"BE_2023","g_bottom_r_gini",0.66903307660178,0.068102216910523,0.535552731457155,0.802513421746405,"inc_noncap"
"BE_2023","g_bottom_d_cv2",-5.01896743826166,2.5151628804142,-9.94868668387348,-0.0892481926498325,"inc_noncap"
"BE_2023","g_bottom_d_var",-44231040460.248,46583148573.0839,-135534011663.493,47071930742.9965,"inc_noncap"
"BE_2023","g_middle_wshare",0.335917095778051,0.00500281064358501,0.326111586916624,0.345722604639478,"inc_noncap"
"BE_2023","g_middle_mean_nwx",259240.49405535,32748.3004230756,195053.825226122,323427.162884578,"inc_noncap"
"BE_2023","g_middle_mean_nw",326132.316568171,34114.3500456924,259268.190478614,392996.442657728,"inc_noncap"
"BE_2023","g_middle_mean_wt",66891.8225128206,11194.9089379794,44949.8009943809,88833.8440312602,"inc_noncap"
"BE_2023","g_middle_wt_over_nwx",0.258265106585962,0.0564332676612927,0.147655901969828,0.368874311202096,"inc_noncap"
"BE_2023","g_middle_wt_volshare",0.2326805808408,0.0550420281214643,0.12479820572273,0.34056295595887,"inc_noncap"
"BE_2023","g_middle_gini_nwx",0.731590068460223,0.0570748725852263,0.619723318193179,0.843456818727266,"inc_noncap"
"BE_2023","g_middle_gini_nw",0.590710631835486,0.0314994408327435,0.528971727803308,0.652449535867663,"inc_noncap"
"BE_2023","g_middle_cv2_nwx",4.0891955568212,4.23210783170611,-4.20573579332278,12.3841269069652,"inc_noncap"
"BE_2023","g_middle_cv2_nw",2.59695568059682,2.78576737294084,-2.86314837036723,8.05705973156087,"inc_noncap"
"BE_2023","g_middle_var_nwx",288933876163.763,460027420864.961,-612719868731.561,1190587621059.09,"inc_noncap"
"BE_2023","g_middle_var_nw",288047226725.737,454788317411.443,-603337875400.691,1179432328852.17,"inc_noncap"
"BE_2023","g_middle_d_gini",-0.140879436624737,0.0484100486501829,-0.235763131979096,-0.0459957412703789,"inc_noncap"
"BE_2023","g_middle_r_gini",0.807492849675225,0.0509912083187779,0.707550081370421,0.90743561798003,"inc_noncap"
"BE_2023","g_middle_d_cv2",-1.49223987622438,1.55587991599112,-4.54176451156697,1.55728475911821,"inc_noncap"
"BE_2023","g_middle_d_var",-886649438.025867,23109882348.1078,-46182018840.3171,44408719964.2654,"inc_noncap"
"BE_2023","g_top_wshare",0.334008223727511,0.00204989749925735,0.329990424628967,0.338026022826056,"inc_noncap"
"BE_2023","g_top_mean_nwx",502522.62094664,83786.0434174268,338301.975848483,666743.266044796,"inc_noncap"
"BE_2023","g_top_mean_nw",632178.326154609,76686.1560599633,481873.460277081,782483.192032137,"inc_noncap"
"BE_2023","g_top_mean_wt",129655.70520797,85909.8712124367,-38727.6423684061,298039.052784346,"inc_noncap"
"BE_2023","g_top_wt_over_nwx",0.258216535653861,0.268145928755901,-0.267349484707705,0.783782556015428,"inc_noncap"
"BE_2023","g_top_wt_volshare",0.448493333970644,0.117344540354898,0.218498034875044,0.678488633066243,"inc_noncap"
"BE_2023","g_top_gini_nwx",0.649999353590185,0.287887669325086,0.0857395217130158,1.21425918546735,"inc_noncap"
"BE_2023","g_top_gini_nw",0.527155351949424,0.0398754314349448,0.448999506336932,0.605311197561916,"inc_noncap"
"BE_2023","g_top_cv2_nwx",4.62213319799233,6.94350711996137,-8.98714075713196,18.2314071531166,"inc_noncap"
"BE_2023","g_top_cv2_nw",2.61486040242599,1.31441420502328,0.0386085605803714,5.19111224427161,"inc_noncap"
"BE_2023","g_top_var_nwx",1176020505197.44,1166098725828.83,-1109532997427.08,3461574007821.95,"inc_noncap"
"BE_2023","g_top_var_nw",1052055251801.33,888782588695.737,-689958622042.317,2794069125644.97,"inc_noncap"
"BE_2023","g_top_d_gini",-0.122844001640761,0.272803348974205,-0.657538565630203,0.41185056234868,"inc_noncap"
"BE_2023","g_top_r_gini",0.811019781690909,0.1858408375732,0.446771740047436,1.17526782333438,"inc_noncap"
"BE_2023","g_top_d_cv2",-2.00727279556634,6.70692479212104,-15.1528453881236,11.1382997969909,"inc_noncap"
"BE_2023","g_top_d_var",-123965253396.109,571321896042.232,-1243756169638.88,995825662846.667,"inc_noncap"
"BE_2023","did_gini",-0.203477540175116,0.293510135833686,-0.77875740640914,0.371802326058908,"inc_noncap"
"BE_2023","did_cv2",-3.01169464269532,7.18161958810747,-17.087669035386,11.0642797499953,"inc_noncap"
"BE_2023","did_var",79734212935.8607,576477699957.679,-1050162078981.19,1209630504852.91,"inc_noncap"
"BE_2023","rratio_gini",0.824943279460397,0.360980437842061,0.117421621289957,1.53246493763084,"inc_noncap"
"CY_2023","g_bottom_wshare",0.332321886297691,0.00391824895618794,0.324642118343562,0.340001654251819,"inc_noncap"
"CY_2023","g_bottom_mean_nwx",142872.586649776,34137.161157787,75963.7507805131,209781.422519038,"inc_noncap"
"CY_2023","g_bottom_mean_nw",214793.660523044,33967.0239725985,148218.293536751,281369.027509337,"inc_noncap"
"CY_2023","g_bottom_mean_wt",71921.0738732684,12835.007485398,46764.4592018882,97077.6885446486,"inc_noncap"
"CY_2023","g_bottom_wt_over_nwx",0.513081431097145,0.161722192090276,0.196105934600205,0.830056927594086,"inc_noncap"
"CY_2023","g_bottom_wt_volshare",0.209273176679087,0.0351350109093154,0.140408555296828,0.278137798061345,"inc_noncap"
"CY_2023","g_bottom_gini_nwx",1.01428250845752,0.138024892529127,0.743753719100431,1.28481129781461,"inc_noncap"
"CY_2023","g_bottom_gini_nw",0.698576187567616,0.0331028468875481,0.633694607668022,0.76345776746721,"inc_noncap"
"CY_2023","g_bottom_cv2_nwx",7.02805491165491,2.04484953835506,3.02014981647899,11.0359600068308,"inc_noncap"
"CY_2023","g_bottom_cv2_nw",3.56967508428695,0.996721877827132,1.61610020374577,5.52324996482813,"inc_noncap"
"CY_2023","g_bottom_var_nwx",147801324621.031,94765002920.0489,-37938081102.2646,333540730344.327,"inc_noncap"
"CY_2023","g_bottom_var_nw",168728676669.872,96498823978.3955,-20409018327.7829,357866371667.527,"inc_noncap"
"CY_2023","g_bottom_d_gini",-0.315706320889904,0.137480629932765,-0.585168355558124,-0.046244286221684,"inc_noncap"
"CY_2023","g_bottom_r_gini",0.691394425455078,0.0901117167535571,0.514775460618107,0.86801339029205,"inc_noncap"
"CY_2023","g_bottom_d_cv2",-3.45837982736796,1.58564446967647,-6.56624298793384,-0.350516666802074,"inc_noncap"
"CY_2023","g_bottom_d_var",20927352048.8411,14102699636.7207,-6713939239.13141,48568643336.8136,"inc_noncap"
"CY_2023","g_middle_wshare",0.333779264418356,0.00431103963628871,0.325329626731231,0.342228902105482,"inc_noncap"
"CY_2023","g_middle_mean_nwx",226034.554419586,28640.9904677357,169898.213102824,282170.895736348,"inc_noncap"
"CY_2023","g_middle_mean_nw",333386.372490094,28216.7558271046,278081.531068969,388691.213911219,"inc_noncap"
"CY_2023","g_middle_mean_wt",107351.818070508,16281.9852259075,75439.1270277289,139264.509113286,"inc_noncap"
"CY_2023","g_middle_wt_over_nwx",0.475990445375262,0.110639142543813,0.259137725989387,0.692843164761136,"inc_noncap"
"CY_2023","g_middle_wt_volshare",0.313817222788654,0.0447168183740905,0.226172258775437,0.401462186801872,"inc_noncap"
"CY_2023","g_middle_gini_nwx",0.90414443933044,0.116278941794522,0.676237713413177,1.1320511652477,"inc_noncap"
"CY_2023","g_middle_gini_nw",0.571428072949219,0.0361607964648246,0.500552911878162,0.642303234020275,"inc_noncap"
"CY_2023","g_middle_cv2_nwx",4.16204489618605,1.24209048858751,1.72754753855453,6.59654225381757,"inc_noncap"
"CY_2023","g_middle_cv2_nw",1.89720770467593,0.416406020374812,1.0810519047413,2.71336350461056,"inc_noncap"
"CY_2023","g_middle_var_nwx",211392013131.874,55966474953.4214,101697722223.168,321086304040.58,"inc_noncap"
"CY_2023","g_middle_var_nw",210636512873.105,59831984037.0257,93365824160.535,327907201585.676,"inc_noncap"
"CY_2023","g_middle_d_gini",-0.332716366381221,0.103503605604779,-0.535583433366588,-0.129849299395855,"inc_noncap"
"CY_2023","g_middle_r_gini",0.632910951506408,0.0680891295169748,0.499456257653137,0.766365645359678,"inc_noncap"
"CY_2023","g_middle_d_cv2",-2.26483719151012,1.01849406703371,-4.2610855628962,-0.268588820124047,"inc_noncap"
"CY_2023","g_middle_d_var",-755500258.769104,21179963300.5715,-42268228327.8892,40757227810.351,"inc_noncap"
"CY_2023","g_top_wshare",0.333898849283953,0.00242655809317901,0.329142795421322,0.338654903146584,"inc_noncap"
"CY_2023","g_top_mean_nwx",459218.44209657,47846.5873192394,365439.130950861,552997.75324228,"inc_noncap"
"CY_2023","g_top_mean_nw",622327.206881458,45338.2369858065,533464.262389277,711190.151373639,"inc_noncap"
"CY_2023","g_top_mean_wt",163108.764784887,27801.3805694585,108618.058868749,217599.470701026,"inc_noncap"
"CY_2023","g_top_wt_over_nwx",0.355724673737243,0.0866025909876667,0.185983595401416,0.52546575207307,"inc_noncap"
"CY_2023","g_top_wt_volshare",0.476909600532259,0.0528158087780114,0.373390615327357,0.580428585737161,"inc_noncap"
"CY_2023","g_top_gini_nwx",0.715232250578926,0.0756937060477416,0.566872586725352,0.863591914432499,"inc_noncap"
"CY_2023","g_top_gini_nw",0.506176639689917,0.0279240152319939,0.451445569835209,0.560907709544625,"inc_noncap"
"CY_2023","g_top_cv2_nwx",2.80948954541683,0.722488765358286,1.39341156531459,4.22556752551907,"inc_noncap"
"CY_2023","g_top_cv2_nw",1.49451206905013,0.329122505293563,0.849431958674747,2.13959217942551,"inc_noncap"
"CY_2023","g_top_var_nwx",595878905694.776,175255915833.121,252377310661.859,939380500727.692,"inc_noncap"
"CY_2023","g_top_var_nw",582102483245.528,178893837719.78,231470561314.759,932734405176.297,"inc_noncap"
"CY_2023","g_top_d_gini",-0.209055610889009,0.0734603050766425,-0.353037808839228,-0.0650734129387893,"inc_noncap"
"CY_2023","g_top_r_gini",0.707939006792546,0.07064099307802,0.569482660359627,0.846395353225465,"inc_noncap"
"CY_2023","g_top_d_cv2",-1.3149774763667,0.598125558519676,-2.48730357106527,-0.142651381668136,"inc_noncap"
"CY_2023","g_top_d_var",-13776422449.2472,63282664133.1308,-137810444150.184,110257599251.689,"inc_noncap"
"CY_2023","did_gini",-0.106650710000895,0.154256173342488,-0.408992809752172,0.195691389750381,"inc_noncap"
"CY_2023","did_cv2",-2.14340235100125,1.72414319569883,-5.52272301457097,1.23591831256846,"inc_noncap"
"CY_2023","did_var",34703774498.0883,65358095370.1689,-93398092427.4427,162805641423.619,"inc_noncap"
"CY_2023","rratio_gini",0.977036047299711,0.165137294936772,0.653366949223638,1.30070514537578,"inc_noncap"
"DE_2023","g_bottom_wshare",0.332071237648578,0.00313043673969435,0.325935581638777,0.338206893658379,"inc_noncap"
"DE_2023","g_bottom_mean_nwx",85156.4143199996,41580.9915142665,3657.67095203721,166655.157687962,"inc_noncap"
"DE_2023","g_bottom_mean_nw",172062.013067762,33744.5171498585,105922.759454039,238201.266681485,"inc_noncap"
"DE_2023","g_bottom_mean_wt",86905.5987477626,22289.5187624682,43218.1419733249,130593.0555222,"inc_noncap"
"DE_2023","g_bottom_wt_over_nwx",1.03717608727332,0.767951655637606,-0.468009157776389,2.54236133232303,"inc_noncap"
"DE_2023","g_bottom_wt_volshare",0.281775871246322,0.0565160110235906,0.171004489640084,0.39254725285256,"inc_noncap"
"DE_2023","g_bottom_gini_nwx",1.89868041036791,0.880951676715814,0.172015124004912,3.6253456967309,"inc_noncap"
"DE_2023","g_bottom_gini_nw",0.806483699164358,0.0249116689724504,0.757656827978355,0.855310570350361,"inc_noncap"
"DE_2023","g_bottom_cv2_nwx",61.0081710678836,224.579646179243,-379.167935443433,501.1842775792,"inc_noncap"
"DE_2023","g_bottom_cv2_nw",9.64775462218343,2.97027506135579,3.82601550192608,15.4694937424408,"inc_noncap"
"DE_2023","g_bottom_var_nwx",431356462135.763,225799203934.358,-11209977575.5783,873922901847.105,"inc_noncap"
"DE_2023","g_bottom_var_nw",286230851696.404,219014845339.12,-143038245168.271,715499948561.078,"inc_noncap"
"DE_2023","g_bottom_d_gini",-1.09219671120355,0.88686250492418,-2.83044722085494,0.646053798447845,"inc_noncap"
"DE_2023","g_bottom_r_gini",0.429835300499543,0.170180819958866,0.0962808933801658,0.763389707618921,"inc_noncap"
"DE_2023","g_bottom_d_cv2",-51.3604164457002,224.811774629615,-491.991494719745,389.270661828344,"inc_noncap"
"DE_2023","g_bottom_d_var",-145125610439.36,88186601540.33,-317971349458.406,27720128579.6871,"inc_noncap"
"DE_2023","g_middle_wshare",0.333744898777877,0.00325455052880561,0.327365979741418,0.340123817814336,"inc_noncap"
"DE_2023","g_middle_mean_nwx",144054.279451311,30865.7613558264,83557.3871938908,204551.17170873,"inc_noncap"
"DE_2023","g_middle_mean_nw",224996.887221142,26543.8301204466,172970.980185066,277022.794257217,"inc_noncap"
"DE_2023","g_middle_mean_wt",80942.6077698312,18864.0961790754,43968.9792588434,117916.236280819,"inc_noncap"
"DE_2023","g_middle_wt_over_nwx",0.565188840508923,0.237013601031486,0.100642182487211,1.02973549853063,"inc_noncap"
"DE_2023","g_middle_wt_volshare",0.264046957685649,0.0598418620584398,0.146756908051107,0.381337007320191,"inc_noncap"
"DE_2023","g_middle_gini_nwx",1.27755234825395,0.315478234312291,0.659215009001859,1.89588968750604,"inc_noncap"
"DE_2023","g_middle_gini_nw",0.706788330014011,0.0318563179311898,0.644349946868879,0.769226713159143,"inc_noncap"
"DE_2023","g_middle_cv2_nwx",15.7952358383521,15.0184249931476,-13.6408771482172,45.2313488249213,"inc_noncap"
"DE_2023","g_middle_cv2_nw",3.64144931819525,1.31336043584179,1.06726286394534,6.21563577244516,"inc_noncap"
"DE_2023","g_middle_var_nwx",320950683936.673,141096034008.931,44402457279.1673,597498910594.178,"inc_noncap"
"DE_2023","g_middle_var_nw",184619322586.973,118736332751.528,-48103889606.0217,417342534779.969,"inc_noncap"
"DE_2023","g_middle_d_gini",-0.570764018239938,0.318730173457716,-1.19547515821706,0.0539471217371846,"inc_noncap"
"DE_2023","g_middle_r_gini",0.555802373845572,0.126591167517498,0.307683685511276,0.803921062179868,"inc_noncap"
"DE_2023","g_middle_d_cv2",-12.1537865201568,15.0278441465659,-41.6083610474259,17.3007880071122,"inc_noncap"
"DE_2023","g_middle_d_var",-136331361349.699,112330911669.971,-356499948222.843,83837225523.4447,"inc_noncap"
"DE_2023","g_top_wshare",0.334183863573545,0.00160238222474433,0.331043194413046,0.337324532734044,"inc_noncap"
"DE_2023","g_top_mean_nwx",441218.52264146,34386.47621109,373821.029267724,508616.016015196,"inc_noncap"
"DE_2023","g_top_mean_nw",580264.564265408,36162.6781821092,509385.715028474,651143.413502342,"inc_noncap"
"DE_2023","g_top_mean_wt",139046.041623948,25925.1628116699,88232.7225130748,189859.360734821,"inc_noncap"
"DE_2023","g_top_wt_over_nwx",0.31521693344312,0.0670780490091035,0.183743957385277,0.446689909500963,"inc_noncap"
"DE_2023","g_top_wt_volshare",0.454177171068028,0.0583229428325139,0.339864203116301,0.568490139019756,"inc_noncap"
"DE_2023","g_top_gini_nwx",0.832717740899542,0.0625604222962261,0.710099313198938,0.955336168600145,"inc_noncap"
"DE_2023","g_top_gini_nw",0.610515299813223,0.0271025599242081,0.557394282361775,0.66363631726467,"inc_noncap"
"DE_2023","g_top_cv2_nwx",8.0643753249077,2.68615647382268,2.79950863621526,13.3292420136002,"inc_noncap"
"DE_2023","g_top_cv2_nw",2.40236059382428,0.328581910783427,1.75834004868876,3.04638113895979,"inc_noncap"
"DE_2023","g_top_var_nwx",1569659152962.29,458303023190.571,671385227508.773,2467933078415.81,"inc_noncap"
"DE_2023","g_top_var_nw",808863643645.373,140475960013.1,533530762019.696,1084196525271.05,"inc_noncap"
"DE_2023","g_top_d_gini",-0.222202441086319,0.0687508194975092,-0.356954047301437,-0.087450834871201,"inc_noncap"
"DE_2023","g_top_r_gini",0.733228224000831,0.0700481676789367,0.595933815350115,0.870522632651547,"inc_noncap"
"DE_2023","g_top_d_cv2",-5.66201473108343,2.72556908061966,-11.004130129098,-0.319899333068895,"inc_noncap"
"DE_2023","g_top_d_var",-760795509316.919,444922815062.161,-1632844226838.76,111253208204.917,"inc_noncap"
"DE_2023","did_gini",-0.869994270117229,0.873926655537052,-2.58289051496985,0.842901974735393,"inc_noncap"
"DE_2023","did_cv2",-45.6984017146167,224.788134767472,-486.283145858861,394.886342429628,"inc_noncap"
"DE_2023","did_var",615669898877.56,430808825002.775,-228715398127.879,1460055195883,"inc_noncap"
"DE_2023","rratio_gini",0.586012852951581,0.200759276120184,0.192524671756021,0.979501034147142,"inc_noncap"
"EE_2023","g_bottom_wshare",0.333040538643173,0.000485322311822429,0.332089306912001,0.333991770374345,"inc_noncap"
"EE_2023","g_bottom_mean_nwx",110420.603139413,21377.1472602467,68521.394509329,152319.811769496,"inc_noncap"
"EE_2023","g_bottom_mean_nw",122429.791527757,22242.6391409267,78834.2188115408,166025.364243973,"inc_noncap"
"EE_2023","g_bottom_mean_wt",12009.1883883446,2894.65970142972,6335.65537354231,17682.7214031468,"inc_noncap"
"EE_2023","g_bottom_wt_over_nwx",0.108835714633423,0.0319407944724801,0.0462317574673622,0.171439671799484,"inc_noncap"
"EE_2023","g_bottom_wt_volshare",0.194150332691781,0.0440739809450386,0.107765330039505,0.280535335344056,"inc_noncap"
"EE_2023","g_bottom_gini_nwx",0.80791323387545,0.0509093867048006,0.708130835934041,0.907695631816859,"inc_noncap"
"EE_2023","g_bottom_gini_nw",0.725751906902619,0.0491843044954148,0.629350670091606,0.822153143713632,"inc_noncap"
"EE_2023","g_bottom_cv2_nwx",31.6410672107872,16.5310198147983,-0.759731626217491,64.0418660477919,"inc_noncap"
"EE_2023","g_bottom_cv2_nw",28.4248041402612,15.4775317516162,-1.91115809290659,58.7607663734289,"inc_noncap"
"EE_2023","g_bottom_var_nwx",385738464300.963,308029721613.019,-217999790060.555,989476718662.481,"inc_noncap"
"EE_2023","g_bottom_var_nw",426033472501.158,349240106538.615,-258477136314.527,1110544081316.84,"inc_noncap"
"EE_2023","g_bottom_d_gini",-0.0821613269728317,0.0391500656732645,-0.15889545569243,-0.00542719825323329,"inc_noncap"
"EE_2023","g_bottom_r_gini",0.898288943656769,0.0451558738224441,0.809783430964778,0.986794456348759,"inc_noncap"
"EE_2023","g_bottom_d_cv2",-3.21626307052605,1.85638560838656,-6.8547788629637,0.422252721911605,"inc_noncap"
"EE_2023","g_bottom_d_var",40295008200.1951,41744163935.5152,-41523553113.4146,122113569513.805,"inc_noncap"
"EE_2023","g_middle_wshare",0.333469580935072,0.000740002311073681,0.332019176405368,0.334919985464777,"inc_noncap"
"EE_2023","g_middle_mean_nwx",136868.945828713,15682.6146421604,106131.021130079,167606.870527348,"inc_noncap"
"EE_2023","g_middle_mean_nw",152988.555919328,15882.1511233296,121859.539717602,184117.572121054,"inc_noncap"
"EE_2023","g_middle_mean_wt",16119.6100906148,2855.96164449342,10521.9252674077,21717.2949138219,"inc_noncap"
"EE_2023","g_middle_wt_over_nwx",0.117824573466663,0.024442257557166,0.0699177486546172,0.165731398278708,"inc_noncap"
"EE_2023","g_middle_wt_volshare",0.260938706885878,0.0475552305667448,0.167730454975058,0.354146958796698,"inc_noncap"
"EE_2023","g_middle_gini_nwx",0.65705475438245,0.0342070957149833,0.590008846781082,0.724100661983817,"inc_noncap"
"EE_2023","g_middle_gini_nw",0.58396230706886,0.0316613704147504,0.521906021055949,0.646018593081771,"inc_noncap"
"EE_2023","g_middle_cv2_nwx",3.90153962685919,9.27566143921006,-14.2787567939925,22.0818360477109,"inc_noncap"
"EE_2023","g_middle_cv2_nw",3.08744120967378,7.6407153605522,-11.8883608970085,18.0632433163561,"inc_noncap"
"EE_2023","g_middle_var_nwx",73481907760.4718,264985478445.762,-445889629993.221,592853445514.164,"inc_noncap"
"EE_2023","g_middle_var_nw",72618117445.4336,265811078574.318,-448371596560.229,593607831451.096,"inc_noncap"
"EE_2023","g_middle_d_gini",-0.0730924473135899,0.0187889448498326,-0.109918779219262,-0.036266115407918,"inc_noncap"
"EE_2023","g_middle_r_gini",0.888745973537775,0.0260047172874683,0.837776727654337,0.939715219421213,"inc_noncap"
"EE_2023","g_middle_d_cv2",-0.814098417185408,1.69218502759578,-4.13078107127313,2.50258423690232,"inc_noncap"
"EE_2023","g_middle_d_var",-863790315.038197,2238263524.27377,-5250786822.61479,3523206192.5384,"inc_noncap"
"EE_2023","g_top_wshare",0.333489880421755,0.000636341182395725,0.332242651704259,0.334737109139251,"inc_noncap"
"EE_2023","g_top_mean_nwx",321719.028697725,28239.8018111537,266369.017147863,377069.040247586,"inc_noncap"
"EE_2023","g_top_mean_nw",355379.119628132,27814.5833774384,300862.536208352,409895.703047911,"inc_noncap"
"EE_2023","g_top_mean_wt",33660.0909304069,6679.05204922048,20569.1489139348,46751.0329468791,"inc_noncap"
"EE_2023","g_top_wt_over_nwx",0.104662615763586,0.0254498820009268,0.0547808470417698,0.154544384485403,"inc_noncap"
"EE_2023","g_top_wt_volshare",0.544910960422342,0.060037881830267,0.427236712035019,0.662585208809665,"inc_noncap"
"EE_2023","g_top_gini_nwx",0.657751575920275,0.0400806566877365,0.579193488812311,0.736309663028238,"inc_noncap"
"EE_2023","g_top_gini_nw",0.57754859698653,0.0291388115765124,0.520436526296566,0.634660667676494,"inc_noncap"
"EE_2023","g_top_cv2_nwx",7.66191345172597,2.60171258228532,2.56255679044674,12.7612701130052,"inc_noncap"
"EE_2023","g_top_cv2_nw",6.04926406360177,2.15669472997743,1.822142392846,10.2763857343575,"inc_noncap"
"EE_2023","g_top_var_nwx",794091457103.178,338212288322.848,131195371990.396,1456987542215.96,"inc_noncap"
"EE_2023","g_top_var_nw",765024000510.662,336791160260.59,104913326399.905,1425134674621.42,"inc_noncap"
"EE_2023","g_top_d_gini",-0.0802029789337447,0.0303356151382549,-0.139660784604724,-0.020745173262765,"inc_noncap"
"EE_2023","g_top_r_gini",0.878062355318122,0.0406066817019278,0.798473259182344,0.957651451453901,"inc_noncap"
"EE_2023","g_top_d_cv2",-1.6126493881242,0.671221352658151,-2.92824323933417,-0.297055536914222,"inc_noncap"
"EE_2023","g_top_d_var",-29067456592.5157,26979148302.0454,-81946587264.5248,23811674079.4934,"inc_noncap"
"EE_2023","did_gini",-0.00195834803908701,0.0493176404449706,-0.0986209233112293,0.0947042272330553,"inc_noncap"
"EE_2023","did_cv2",-1.60361368240185,1.94029638482182,-5.40659459665262,2.19936723184891,"inc_noncap"
"EE_2023","did_var",69362464792.7108,49364907848.876,-27392754591.0862,166117684176.508,"inc_noncap"
"EE_2023","rratio_gini",1.02304348128107,0.0707972682155407,0.884280835578609,1.16180612698353,"inc_noncap"
"ES_2023","g_bottom_wshare",0.333191313824116,0.00177624478390416,0.329709874047664,0.336672753600569,"inc_noncap"
"ES_2023","g_bottom_mean_nwx",54054.7010199678,9176.27908288346,36069.1940175162,72040.2080224194,"inc_noncap"
"ES_2023","g_bottom_mean_nw",131701.71016862,5917.25723394135,120103.885990095,143299.534347145,"inc_noncap"
"ES_2023","g_bottom_mean_wt",77647.0091486523,9141.10672194276,59730.4399736445,95563.5783236601,"inc_noncap"
"ES_2023","g_bottom_wt_over_nwx",1.43895351251766,0.476501197774879,0.505011164878896,2.37289586015642,"inc_noncap"
"ES_2023","g_bottom_wt_volshare",0.1808536998115,0.0296790143440702,0.122682831697122,0.239024567925877,"inc_noncap"
"ES_2023","g_bottom_gini_nwx",1.94098690395458,0.522805541427458,0.91628804275676,2.9656857651524,"inc_noncap"
"ES_2023","g_bottom_gini_nw",0.684197514301131,0.0126007351195084,0.659500073466895,0.708894955135368,"inc_noncap"
"ES_2023","g_bottom_cv2_nwx",233.640476924815,299.577893921823,-353.532195161958,820.813149011588,"inc_noncap"
"ES_2023","g_bottom_cv2_nw",26.4032792785042,15.420374453143,-3.82065464965618,56.6272132066645,"inc_noncap"
"ES_2023","g_bottom_var_nwx",670598162447.988,477060012490.798,-264439462033.976,1605635786929.95,"inc_noncap"
"ES_2023","g_bottom_var_nw",457835194543.827,281805941802.336,-94504451388.7508,1010174840476.41,"inc_noncap"
"ES_2023","g_bottom_d_gini",-1.25678938965345,0.523386715786744,-2.28262735259546,-0.23095142671143,"inc_noncap"
"ES_2023","g_bottom_r_gini",0.353081299608906,0.0780267948151957,0.200148781771123,0.50601381744669,"inc_noncap"
"ES_2023","g_bottom_d_cv2",-207.237197646311,295.959001384808,-787.316840360534,372.842445067912,"inc_noncap"
"ES_2023","g_bottom_d_var",-212762967904.16,399776893600.45,-996325679361.042,570799743552.721,"inc_noncap"
"ES_2023","g_middle_wshare",0.332105946202501,0.00266820914647167,0.326876256275416,0.337335636129585,"inc_noncap"
"ES_2023","g_middle_mean_nwx",169282.672269861,16904.2645784313,136150.313696136,202415.030843586,"inc_noncap"
"ES_2023","g_middle_mean_nw",263843.095305584,16524.5197507528,231455.036594108,296231.154017059,"inc_noncap"
"ES_2023","g_middle_mean_wt",94560.4230357228,13717.6462045919,67673.8364747226,121447.009596723,"inc_noncap"
"ES_2023","g_middle_wt_over_nwx",0.558870002237582,0.125591311726403,0.312711031253833,0.805028973221331,"inc_noncap"
"ES_2023","g_middle_wt_volshare",0.219533261474332,0.037629669497974,0.145779109258303,0.293287413690361,"inc_noncap"
"ES_2023","g_middle_gini_nwx",0.946652781507264,0.11168232720027,0.727755420194735,1.16555014281979,"inc_noncap"
"ES_2023","g_middle_gini_nw",0.630941896079702,0.0167468125864191,0.598118143410321,0.663765648749084,"inc_noncap"
"ES_2023","g_middle_cv2_nwx",9.91026070388732,3.35252503812636,3.33931162915967,16.481209778615,"inc_noncap"
"ES_2023","g_middle_cv2_nw",3.94179335412827,0.597905456594496,2.76989865920306,5.11368804905348,"inc_noncap"
"ES_2023","g_middle_var_nwx",283658087718.176,64087171039.5191,158047232480.718,409268942955.633,"inc_noncap"
"ES_2023","g_middle_var_nw",274380247363.853,58533396507.1693,159654790209.801,389105704517.905,"inc_noncap"
"ES_2023","g_middle_d_gini",-0.315710885427562,0.110685709467754,-0.532654875984359,-0.098766894870765,"inc_noncap"
"ES_2023","g_middle_r_gini",0.666676742580917,0.071960270892687,0.52563461163125,0.807718873530583,"inc_noncap"
"ES_2023","g_middle_d_cv2",-5.96846734975905,3.24078736750914,-12.320410590077,0.383475890558855,"inc_noncap"
"ES_2023","g_middle_d_var",-9277840354.32296,43195993018.6617,-93941986670.8999,75386305962.254,"inc_noncap"
"ES_2023","g_top_wshare",0.334702739973383,0.00163017301511092,0.331507600863765,0.337897879083,"inc_noncap"
"ES_2023","g_top_mean_nwx",311862.702491045,60004.4205552954,194254.038202666,429471.366779424,"inc_noncap"
"ES_2023","g_top_mean_nw",568148.171645155,49378.4610923511,471366.387904147,664929.955386163,"inc_noncap"
"ES_2023","g_top_mean_wt",256285.46915411,56073.3765706172,146381.6510757,366189.28723252,"inc_noncap"
"ES_2023","g_top_wt_over_nwx",0.822033940561987,0.353612960614788,0.128952537757002,1.51511534336697,"inc_noncap"
"ES_2023","g_top_wt_volshare",0.599613038714168,0.0555102711215766,0.490812907315878,0.708413170112458,"inc_noncap"
"ES_2023","g_top_gini_nwx",1.14375589445465,0.327463490585488,0.501927452907089,1.7855843360022,"inc_noncap"
"ES_2023","g_top_gini_nw",0.608224594850906,0.0286333383530693,0.55210325167889,0.664345938022922,"inc_noncap"
"ES_2023","g_top_cv2_nwx",84.0287966590819,52.4235925208355,-18.7214446817557,186.77903799992,"inc_noncap"
"ES_2023","g_top_cv2_nw",20.648711603472,7.91368414121217,5.13789068669617,36.1595325202479,"inc_noncap"
"ES_2023","g_top_var_nwx",8169159695878.19,3949544744433.21,428051996789.101,15910267394967.3,"inc_noncap"
"ES_2023","g_top_var_nw",6666360759793.91,3794062237935.2,-770001226559.086,14102722746146.9,"inc_noncap"
"ES_2023","g_top_d_gini",-0.53553129960374,0.323099531637601,-1.16880638161344,0.0977437824059582,"inc_noncap"
"ES_2023","g_top_r_gini",0.532007430098288,0.125917607098084,0.285208920186044,0.778805940010532,"inc_noncap"
"ES_2023","g_top_d_cv2",-63.3800850556099,51.0602210255393,-163.458118265667,36.6979481544472,"inc_noncap"
"ES_2023","g_top_d_var",-1502798936084.28,1238689615363.8,-3930630582197.32,925032710028.764,"inc_noncap"
"ES_2023","did_gini",-0.721258090049708,0.619315817685836,-1.93511709271395,0.492600912614531,"inc_noncap"
"ES_2023","did_cv2",-143.857112590701,300.20482518272,-732.258569948833,444.544344767431,"inc_noncap"
"ES_2023","did_var",1290035968180.12,1327550791959.09,-1311963584059.69,3892035520419.93,"inc_noncap"
"ES_2023","rratio_gini",0.663819039972216,0.251654320168244,0.170576572442458,1.15706150750197,"inc_noncap"
"FR_2023","g_bottom_wshare",0.332119393236744,0.000920201882971498,0.33031579754612,0.333922988927369,"inc_noncap"
"FR_2023","g_bottom_mean_nwx",1196.12315160047,25105.9636510533,-48011.565604464,50403.8119076649,"inc_noncap"
"FR_2023","g_bottom_mean_nw",151148.662297483,14761.6537312156,122215.8209843,180081.503610666,"inc_noncap"
"FR_2023","g_bottom_mean_wt",149952.539145883,21085.02545887,108625.889246497,191279.189045268,"inc_noncap"
"FR_2023","g_bottom_wt_over_nwx",125.365468384455,125.912934646305,-121.423883522303,372.154820291212,"inc_noncap"
"FR_2023","g_bottom_wt_volshare",0.336129291188704,0.0358135467308237,0.26593473959629,0.406323842781119,"inc_noncap"
"FR_2023","g_bottom_gini_nwx",154.808199226265,154.324625978625,-147.668067691839,457.284466144369,"inc_noncap"
"FR_2023","g_bottom_gini_nw",0.742051495941459,0.0219832095720053,0.698964405180329,0.78513858670259,"inc_noncap"
"FR_2023","g_bottom_cv2_nwx",573786.073900115,15946188.9227624,-30680744.2147143,31828316.3625145,"inc_noncap"
"FR_2023","g_bottom_cv2_nw",6.68209746538298,1.20534301728029,4.3196251515136,9.04456977925235,"inc_noncap"
"FR_2023","g_bottom_var_nwx",820921814500.724,225474649112.234,378991502240.746,1262852126760.7,"inc_noncap"
"FR_2023","g_bottom_var_nw",152658651526.035,38188811123.498,77808581723.979,227508721328.091,"inc_noncap"
"FR_2023","g_bottom_d_gini",-154.066147730324,154.308246744381,-456.510311349311,148.378015888664,"inc_noncap"
"FR_2023","g_bottom_r_gini",0.00479336042696866,0.117215450840753,-0.224948923220908,0.234535644074845,"inc_noncap"
"FR_2023","g_bottom_d_cv2",-573779.391802649,15946188.9764038,-31828309.7855541,30680751.0019488,"inc_noncap"
"FR_2023","g_bottom_d_var",-668263162974.689,225999725959.971,-1111222625856.23,-225303700093.147,"inc_noncap"
"FR_2023","g_middle_wshare",0.334502366999786,0.00113491333064938,0.332277936871714,0.336726797127859,"inc_noncap"
"FR_2023","g_middle_mean_nwx",128143.545315832,16339.1356590226,96118.8394241475,160168.251207516,"inc_noncap"
"FR_2023","g_middle_mean_nw",237059.235604583,10716.2571617008,216055.37156765,258063.099641517,"inc_noncap"
"FR_2023","g_middle_mean_wt",108915.690288751,12373.7266273718,84663.1860991026,133168.1944784,"inc_noncap"
"FR_2023","g_middle_wt_over_nwx",0.849950655105645,0.181291377131736,0.494619555927443,1.20528175428385,"inc_noncap"
"FR_2023","g_middle_wt_volshare",0.245894006571836,0.0270745464410544,0.19282789554737,0.298960117596303,"inc_noncap"
"FR_2023","g_middle_gini_nwx",1.30064426507021,0.216331573015184,0.876634381960451,1.72465414817997,"inc_noncap"
"FR_2023","g_middle_gini_nw",0.617244449860705,0.0160463213808926,0.585793659954155,0.648695239767254,"inc_noncap"
"FR_2023","g_middle_cv2_nwx",30.8329656594484,21.0467705631063,-10.4187046442399,72.0846359631366,"inc_noncap"
"FR_2023","g_middle_cv2_nw",2.60930087896705,4.4727989039816,-6.15738497283689,11.375986730771,"inc_noncap"
"FR_2023","g_middle_var_nwx",506300982200.771,338798160726.999,-157743412824.147,1170345377225.69,"inc_noncap"
"FR_2023","g_middle_var_nw",146635093332.523,297740517379.219,-436936320730.747,730206507395.793,"inc_noncap"
"FR_2023","g_middle_d_gini",-0.683399815209507,0.211926181615299,-1.09877513117549,-0.26802449924352,"inc_noncap"
"FR_2023","g_middle_r_gini",0.47456823240395,0.0809132404788645,0.315978281065375,0.633158183742524,"inc_noncap"
"FR_2023","g_middle_d_cv2",-28.2236647804813,19.1047263356412,-65.6689283983381,9.22159883737551,"inc_noncap"
"FR_2023","g_middle_d_var",-359665888868.248,200376605682.352,-752404036005.658,33072258269.1619,"inc_noncap"
"FR_2023","g_top_wshare",0.333378239763469,0.000407741316888972,0.332579066782367,0.334177412744571,"inc_noncap"
"FR_2023","g_top_mean_nwx",421364.985875432,26300.3759238529,369816.24906468,472913.722686183,"inc_noncap"
"FR_2023","g_top_mean_nw",607126.835284569,18440.0935826651,570984.251862545,643269.418706592,"inc_noncap"
"FR_2023","g_top_mean_wt",185761.849409137,21795.7925034265,143042.096102421,228481.602715853,"inc_noncap"
"FR_2023","g_top_wt_over_nwx",0.440857346092003,0.08122598755473,0.281654410484732,0.600060281699274,"inc_noncap"
"FR_2023","g_top_wt_volshare",0.41797670223946,0.0363151723707835,0.346798964392724,0.489154440086196,"inc_noncap"
"FR_2023","g_top_gini_nwx",0.87444684815045,0.0981737632152845,0.682026272248493,1.06686742405241,"inc_noncap"
"FR_2023","g_top_gini_nw",0.589405913349218,0.0120876987935141,0.565714023713931,0.613097802984506,"inc_noncap"
"FR_2023","g_top_cv2_nwx",44.2049670572115,47.2655930808358,-48.4355953812266,136.84552949565,"inc_noncap"
"FR_2023","g_top_cv2_nw",5.69180598912121,2.19154051542214,1.39638657889382,9.98722539934859,"inc_noncap"
"FR_2023","g_top_var_nwx",7848523441739.2,5971983900469.04,-3856565003180.12,19553611886658.5,"inc_noncap"
"FR_2023","g_top_var_nw",2098016729555.34,824283617069.462,482420840099.197,3713612619011.49,"inc_noncap"
"FR_2023","g_top_d_gini",-0.285040934801232,0.0975983291136222,-0.476333659863931,-0.0937482097385324,"inc_noncap"
"FR_2023","g_top_r_gini",0.674032863856592,0.0672680835524832,0.542187420093725,0.805878307619459,"inc_noncap"
"FR_2023","g_top_d_cv2",-38.5131610680903,47.0867128675556,-130.803118288499,53.7767961523187,"inc_noncap"
"FR_2023","g_top_d_var",-5750506712183.86,5881967218241.35,-17279162459936.9,5778149035569.18,"inc_noncap"
"FR_2023","did_gini",-153.781106795522,154.309405148884,-456.227540887336,148.665327296291,"inc_noncap"
"FR_2023","did_cv2",-573740.878641581,15946188.7300048,-31828270.789451,30680789.0321678,"inc_noncap"
"FR_2023","did_var",5082243549209.17,5885965931215.02,-6454249675972.27,16618736774390.6,"inc_noncap"
"FR_2023","rratio_gini",0.00711146397156756,0.175542408270823,-0.336951656239246,0.351174584182381,"inc_noncap"
"GR_2023","g_bottom_wshare",0.3330782934656,0.00263770551799563,0.327908390650328,0.338248196280871,"inc_noncap"
"GR_2023","g_bottom_mean_nwx",35068.691052695,49481.1667442761,-61914.3957660861,132051.777871476,"inc_noncap"
"GR_2023","g_bottom_mean_nw",103123.671395026,6177.2036988926,91016.3521451966,115230.990644856,"inc_noncap"
"GR_2023","g_bottom_mean_wt",68054.980342331,48722.8731456604,-27441.8510231634,163551.811707826,"inc_noncap"
"GR_2023","g_bottom_wt_over_nwx",4.36585532012487,98.5711528155933,-188.833604198438,197.565314838688,"inc_noncap"
"GR_2023","g_bottom_wt_volshare",0.244514052426969,0.0653064563131993,0.116513398053098,0.372514706800839,"inc_noncap"
"GR_2023","g_bottom_gini_nwx",5.24022875220365,100.495750621466,-191.731442465869,202.211899970277,"inc_noncap"
"GR_2023","g_bottom_gini_nw",0.600228928837994,0.0259238886255504,0.549418107131915,0.651039750544073,"inc_noncap"
"GR_2023","g_bottom_cv2_nwx",584.536991309871,40083509.1416997,-78563093.38074,78564262.4547226,"inc_noncap"
"GR_2023","g_bottom_cv2_nw",3.94411090727549,1.55782984369169,0.890764413639785,6.9974574009112,"inc_noncap"
"GR_2023","g_bottom_var_nwx",92824586799.0428,60920663689.1158,-26579914031.6242,212229087629.71,"inc_noncap"
"GR_2023","g_bottom_var_nw",41935102051.0958,16931765994.9809,8748840700.93322,75121363401.2584,"inc_noncap"
"GR_2023","g_bottom_d_gini",-4.64020751420259,100.496783833243,-201.613903827359,192.333488798954,"inc_noncap"
"GR_2023","g_bottom_r_gini",0.391835195154445,0.280629104957063,-0.158197850561399,0.941868240870288,"inc_noncap"
"GR_2023","g_bottom_d_cv2",-580.592880402595,40083509.1615459,-78564258.5495104,78563097.3637496,"inc_noncap"
"GR_2023","g_bottom_d_var",-50889484747.947,57896916702.4712,-164367441484.791,62588471988.8966,"inc_noncap"
"GR_2023","g_middle_wshare",0.333376079312051,0.00304169560165473,0.327414355932808,0.339337802691295,"inc_noncap"
"GR_2023","g_middle_mean_nwx",81754.3635201267,33259.506207897,16565.7313526486,146942.995687605,"inc_noncap"
"GR_2023","g_middle_mean_nw",152418.13699342,10817.1892371426,131216.446088621,173619.82789822,"inc_noncap"
"GR_2023","g_middle_mean_wt",70663.7734732935,34178.1551391743,3674.5894005118,137652.957546075,"inc_noncap"
"GR_2023","g_middle_wt_over_nwx",1.16404667354233,4.60799695373092,-7.86762735577026,10.1957207028549,"inc_noncap"
"GR_2023","g_middle_wt_volshare",0.272860640825566,0.0387786440345182,0.196854498517911,0.348866783133222,"inc_noncap"
"GR_2023","g_middle_gini_nwx",1.58459462608962,4.43635737928667,-7.11066583731226,10.2798550894915,"inc_noncap"
"GR_2023","g_middle_gini_nw",0.561091741189253,0.0266453611993718,0.508866833238484,0.613316649140021,"inc_noncap"
"GR_2023","g_middle_cv2_nwx",32.3595856205007,4337.87525192833,-8469.87590815903,8534.59507940003,"inc_noncap"
"GR_2023","g_middle_cv2_nw",2.93553565516549,1.14678190503036,0.687843121305986,5.183228189025,"inc_noncap"
"GR_2023","g_middle_var_nwx",95699260477.5819,58456529156.7377,-18875536669.624,210274057624.788,"inc_noncap"
"GR_2023","g_middle_var_nw",68348710120.4836,30189531304.1228,9177228764.40287,127520191476.564,"inc_noncap"
"GR_2023","g_middle_d_gini",-1.02350288490037,4.43764633729867,-9.72128970600576,7.67428393620503,"inc_noncap"
"GR_2023","g_middle_r_gini",0.457676897350173,0.221675993341694,0.0231919504004532,0.892161844299893,"inc_noncap"
"GR_2023","g_middle_d_cv2",-29.4240499653352,4337.95009668954,-8531.80623947683,8472.95813954616,"inc_noncap"
"GR_2023","g_middle_d_var",-27350550357.0983,38243672162.7936,-102308147796.174,47607047081.9772,"inc_noncap"
"GR_2023","g_top_wshare",0.333545627222349,0.00195310534916642,0.329717540737983,0.337373713706715,"inc_noncap"
"GR_2023","g_top_mean_nwx",135612.178558873,53700.6466831284,30358.9110599418,240865.446057805,"inc_noncap"
"GR_2023","g_top_mean_nw",257736.355450406,25777.5171238682,207212.421887624,308260.289013188,"inc_noncap"
"GR_2023","g_top_mean_wt",122124.176891533,53902.4884834462,16475.2994639782,227773.054319087,"inc_noncap"
"GR_2023","g_top_wt_over_nwx",1.14778568240396,8.71011045587628,-15.9240308111135,18.2196021759215,"inc_noncap"
"GR_2023","g_top_wt_volshare",0.482625306747465,0.0688809288084919,0.347618686282821,0.617631927212109,"inc_noncap"
"GR_2023","g_top_gini_nwx",1.50203368472609,8.05863769229921,-14.2928961921804,17.2969635616325,"inc_noncap"
"GR_2023","g_top_gini_nw",0.52378336400145,0.0199396264563725,0.48470169614696,0.56286503185594,"inc_noncap"
"GR_2023","g_top_cv2_nwx",78.5261284261278,251044.205617546,-491968.116881965,492125.169138817,"inc_noncap"
"GR_2023","g_top_cv2_nw",1.3708601083938,0.191606914044948,0.995310556865701,1.7464096599219,"inc_noncap"
"GR_2023","g_top_var_nwx",471184667341.696,935535649167.859,-1362465205027.31,2304834539710.7,"inc_noncap"
"GR_2023","g_top_var_nw",91072775758.0721,28706014933.4229,34808986488.5633,147336565027.581,"inc_noncap"
"GR_2023","g_top_d_gini",-0.97825032072464,8.05852610080458,-16.7729614783016,14.8164608368523,"inc_noncap"
"GR_2023","g_top_r_gini",0.433160958674442,0.205200518812183,0.0309679418025632,0.835353975546321,"inc_noncap"
"GR_2023","g_top_d_cv2",-77.155268317734,251044.210214439,-492123.807288618,491969.496751982,"inc_noncap"
"GR_2023","g_top_d_var",-380111891583.624,932261009037.883,-2207343469297.87,1447119686130.63,"inc_noncap"
"GR_2023","did_gini",-4.07737432144394,100.46683006793,-200.992361254586,192.837612611698,"inc_noncap"
"GR_2023","did_cv2",-503.437612084862,40084288.5207695,-78565708.9383204,78564702.0630962,"inc_noncap"
"GR_2023","did_var",329222406835.677,894689957222.573,-1424369909320.57,2082814722991.92,"inc_noncap"
"GR_2023","rratio_gini",0.722386979741778,0.523993795133932,-0.304640858720729,1.74941481820428,"inc_noncap"
"HR_2023","g_bottom_wshare",0.332860387728559,0.00128944111938258,0.33033308313457,0.335387692322549,"inc_noncap"
"HR_2023","g_bottom_mean_nwx",100998.85792675,8402.8851697836,84529.2029939742,117468.512859526,"inc_noncap"
"HR_2023","g_bottom_mean_nw",130381.350067285,8754.81771791443,113221.907340173,147540.792794397,"inc_noncap"
"HR_2023","g_bottom_mean_wt",29382.4921405348,4004.80857554717,21533.0673324623,37231.9169486072,"inc_noncap"
"HR_2023","g_bottom_wt_over_nwx",0.290942172525388,0.0497898019788927,0.193354160646758,0.388530184404017,"inc_noncap"
"HR_2023","g_bottom_wt_volshare",0.262404391154772,0.0308246012908891,0.20198817262463,0.322820609684915,"inc_noncap"
"HR_2023","g_bottom_gini_nwx",0.754063898589173,0.0369892712781008,0.681564926884096,0.826562870294251,"inc_noncap"
"HR_2023","g_bottom_gini_nw",0.557838095875711,0.0202956283024134,0.51805866440298,0.597617527348441,"inc_noncap"
"HR_2023","g_bottom_cv2_nwx",2.97727933339976,0.471574418415939,2.05299347330452,3.901565193495,"inc_noncap"
"HR_2023","g_bottom_cv2_nw",1.81233179791484,0.318104999638411,1.18884599862355,2.43581759720613,"inc_noncap"
"HR_2023","g_bottom_var_nwx",30369474466.1792,6816323680.16039,17009480053.0649,43729468879.2936,"inc_noncap"
"HR_2023","g_bottom_var_nw",30812562483.2369,7698711029.97231,15723088864.4912,45902036101.9826,"inc_noncap"
"HR_2023","g_bottom_d_gini",-0.196225802713463,0.0344495343147545,-0.263746889970382,-0.128704715456544,"inc_noncap"
"HR_2023","g_bottom_r_gini",0.739853197934995,0.0354116500134913,0.670446363908552,0.809260031961438,"inc_noncap"
"HR_2023","g_bottom_d_cv2",-1.16494753548492,0.264073868478706,-1.68253231770319,-0.647362753266657,"inc_noncap"
"HR_2023","g_bottom_d_var",443088017.05767,1839716208.19411,-3162755751.00278,4048931785.11812,"inc_noncap"
"HR_2023","g_middle_wshare",0.333563832349564,0.00176599209222395,0.330102487848806,0.337025176850323,"inc_noncap"
"HR_2023","g_middle_mean_nwx",138571.135386149,14588.853557941,109976.982412585,167165.288359714,"inc_noncap"
"HR_2023","g_middle_mean_nw",173052.442984929,14077.8015606768,145459.951926003,200644.934043856,"inc_noncap"
"HR_2023","g_middle_mean_wt",34481.3075987798,5347.77079513157,23999.6768403219,44962.9383572377,"inc_noncap"
"HR_2023","g_middle_wt_over_nwx",0.249355934475389,0.0547403500475478,0.142064848382195,0.356647020568582,"inc_noncap"
"HR_2023","g_middle_wt_volshare",0.308600271619331,0.0408797254616867,0.228476009714425,0.388724533524237,"inc_noncap"
"HR_2023","g_middle_gini_nwx",0.677797475550065,0.0382278781746808,0.602870834327691,0.75272411677244,"inc_noncap"
"HR_2023","g_middle_gini_nw",0.527816708438219,0.0280977459739733,0.472745126329232,0.582888290547207,"inc_noncap"
"HR_2023","g_middle_cv2_nwx",2.60575288349544,0.90741764600256,0.827214297330417,4.38429146966045,"inc_noncap"
"HR_2023","g_middle_cv2_nw",1.69824289125974,0.64181692569557,0.440281716896425,2.95620406562306,"inc_noncap"
"HR_2023","g_middle_var_nwx",50595577161.7545,26060927525.1699,-483840787.578537,101674995111.087,"inc_noncap"
"HR_2023","g_middle_var_nw",51319152590.4793,26573760988.219,-765418946.430023,103403724127.389,"inc_noncap"
"HR_2023","g_middle_d_gini",-0.149980767111846,0.032139573033922,-0.212974330258333,-0.0869872039653587,"inc_noncap"
"HR_2023","g_middle_r_gini",0.778740458567249,0.039017643037266,0.702265878214207,0.85521503892029,"inc_noncap"
"HR_2023","g_middle_d_cv2",-0.907509992235693,0.339980884664188,-1.5738725261775,-0.241147458293885,"inc_noncap"
"HR_2023","g_middle_d_var",723575428.724782,4972378716.5663,-9022286855.74517,10469437713.1947,"inc_noncap"
"HR_2023","g_top_wshare",0.333575779921876,0.0015872989629072,0.330464673954578,0.336686885889174,"inc_noncap"
"HR_2023","g_top_mean_nwx",198607.276792548,17421.8446672294,164460.461244779,232754.092340318,"inc_noncap"
"HR_2023","g_top_mean_nw",246542.087722968,17122.4280475522,212982.128749765,280102.04669617,"inc_noncap"
"HR_2023","g_top_mean_wt",47934.8109304195,6253.7790595721,35677.4039736582,60192.2178871808,"inc_noncap"
"HR_2023","g_top_wt_over_nwx",0.241655557960784,0.0419145789602122,0.159502983198768,0.3238081327228,"inc_noncap"
"HR_2023","g_top_wt_volshare",0.428995337225896,0.0401423177716367,0.350316394393488,0.507674280058304,"inc_noncap"
"HR_2023","g_top_gini_nwx",0.628535457214881,0.0336080123752592,0.562663752959373,0.69440716147039,"inc_noncap"
"HR_2023","g_top_gini_nw",0.498345102043307,0.0256117212050445,0.44814612848142,0.548544075605194,"inc_noncap"
"HR_2023","g_top_cv2_nwx",2.40361741749665,0.656810054734508,1.11626971021702,3.69096512477629,"inc_noncap"
"HR_2023","g_top_cv2_nw",1.55386373483196,0.441426573734579,0.688667650312183,2.41905981935173,"inc_noncap"
"HR_2023","g_top_var_nwx",95170234502.342,36641503565.6211,23352887513.7246,166987581490.959,"inc_noncap"
"HR_2023","g_top_var_nw",94735183555.612,36372658088.0173,23444773703.098,166025593408.126,"inc_noncap"
"HR_2023","g_top_d_gini",-0.130190355171574,0.0248257027076424,-0.178848732478554,-0.0815319778645952,"inc_noncap"
"HR_2023","g_top_r_gini",0.792837698305026,0.0330561668463312,0.728047611286217,0.857627785323835,"inc_noncap"
"HR_2023","g_top_d_cv2",-0.849753682664696,0.26836852949071,-1.37575600046649,-0.323751364862904,"inc_noncap"
"HR_2023","g_top_d_var",-435050946.730048,6319332081.85175,-12820941827.1595,11950839933.6994,"inc_noncap"
"HR_2023","did_gini",-0.0660354475418884,0.0412580746911326,-0.146901273936508,0.0148303788527314,"inc_noncap"
"HR_2023","did_cv2",-0.315193852820226,0.374162277805428,-1.04855191731886,0.418164211678412,"inc_noncap"
"HR_2023","did_var",878138963.787717,6721112619.13136,-12295241769.7097,14051519697.2852,"inc_noncap"
"HR_2023","rratio_gini",0.933169544833697,0.0576295166673277,0.820215692165735,1.04612339750166,"inc_noncap"
"HU_2023","g_bottom_wshare",0.333120577092171,0.00100704642273668,0.331146766103607,0.335094388080735,"inc_noncap"
"HU_2023","g_bottom_mean_nwx",59698.7404061044,2879.40980747622,54055.097183451,65342.3836287578,"inc_noncap"
"HU_2023","g_bottom_mean_nw",75592.9750178358,2275.70573161057,71132.5917838791,80053.3582517925,"inc_noncap"
"HU_2023","g_bottom_mean_wt",15894.2346117314,2182.12130071395,11617.276862332,20171.1923611307,"inc_noncap"
"HU_2023","g_bottom_wt_over_nwx",0.266457438172135,0.0478778433960783,0.172616865115822,0.360298011228449,"inc_noncap"
"HU_2023","g_bottom_wt_volshare",0.254178391115309,0.0301522064042545,0.19508006656297,0.313276715667648,"inc_noncap"
"HU_2023","g_bottom_gini_nwx",0.76730872143526,0.0603693168787393,0.648984860352931,0.885632582517589,"inc_noncap"
"HU_2023","g_bottom_gini_nw",0.547229353735457,0.0112237909132188,0.525230723545548,0.569227983925365,"inc_noncap"
"HU_2023","g_bottom_cv2_nwx",4.35552694750673,2.1567474875593,0.128301871890504,8.58275202312295,"inc_noncap"
"HU_2023","g_bottom_cv2_nw",2.02033032151417,0.237277480932759,1.55526645888596,2.48539418414238,"inc_noncap"
"HU_2023","g_bottom_var_nwx",15448204155.6973,6067396133.74851,3556107733.55022,27340300577.8444,"inc_noncap"
"HU_2023","g_bottom_var_nw",11545258258.7822,1706153888.48065,8201196637.36014,14889319880.2043,"inc_noncap"
"HU_2023","g_bottom_d_gini",-0.220079367699803,0.0593569040638511,-0.336418899664951,-0.103739835734655,"inc_noncap"
"HU_2023","g_bottom_r_gini",0.713863935314394,0.0505497864366512,0.614786353898557,0.81294151673023,"inc_noncap"
"HU_2023","g_bottom_d_cv2",-2.33519662599256,2.13756744219352,-6.52482881269186,1.85443556070674,"inc_noncap"
"HU_2023","g_bottom_d_var",-3902945896.91509,5793333482.20109,-15257879522.0292,7451987728.19905,"inc_noncap"
"HU_2023","g_middle_wshare",0.333358109505033,0.00107981650866808,0.331241669148043,0.335474549862022,"inc_noncap"
"HU_2023","g_middle_mean_nwx",84340.4486232932,4246.22410739363,76017.8493728017,92663.0478737847,"inc_noncap"
"HU_2023","g_middle_mean_nw",103978.270028975,3618.17861247163,96886.6399485306,111069.900109419,"inc_noncap"
"HU_2023","g_middle_mean_wt",19637.8214056818,2543.83010126499,14651.9144072025,24623.7284041612,"inc_noncap"
"HU_2023","g_middle_wt_over_nwx",0.23298864640566,0.0396541764628922,0.155266460538391,0.310710832272928,"inc_noncap"
"HU_2023","g_middle_wt_volshare",0.314264926229063,0.0325524887644075,0.250462048250824,0.378067804207301,"inc_noncap"
"HU_2023","g_middle_gini_nwx",0.718469136092721,0.0465721287709625,0.627187763701634,0.809750508483807,"inc_noncap"
"HU_2023","g_middle_gini_nw",0.55477507996926,0.013207295286902,0.528888781206933,0.580661378731588,"inc_noncap"
"HU_2023","g_middle_cv2_nwx",3.8729547158869,1.3233755655838,1.27913860734265,6.46677082443114,"inc_noncap"
"HU_2023","g_middle_cv2_nw",2.17185639985645,0.31354065734291,1.55731671146434,2.78639608824855,"inc_noncap"
"HU_2023","g_middle_var_nwx",27502284785.4736,7968246975.49088,11884520713.5115,43120048857.4357,"inc_noncap"
"HU_2023","g_middle_var_nw",23493276964.374,4407136915.29456,14855288610.3967,32131265318.3513,"inc_noncap"
"HU_2023","g_middle_d_gini",-0.16369405612346,0.0458846115997677,-0.253627894859005,-0.0737602173879155,"inc_noncap"
"HU_2023","g_middle_r_gini",0.772532651899727,0.0463255126675607,0.681734647071308,0.863330656728146,"inc_noncap"
"HU_2023","g_middle_d_cv2",-1.70109831603045,1.26913349368617,-4.18859996365535,0.786403331594449,"inc_noncap"
"HU_2023","g_middle_d_var",-4009007821.0996,6796368782.66528,-17329890635.1235,9311874992.92434,"inc_noncap"
"HU_2023","g_top_wshare",0.333521313402796,0.000704064043706832,0.332141347877131,0.334901278928462,"inc_noncap"
"HU_2023","g_top_mean_nwx",195239.055374634,6955.84209963994,181605.60485934,208872.505889929,"inc_noncap"
"HU_2023","g_top_mean_nw",222192.752926701,6841.8273871804,208782.771247828,235602.734605575,"inc_noncap"
"HU_2023","g_top_mean_wt",26953.697552067,1908.76214369555,23212.5237504238,30694.8713537103,"inc_noncap"
"HU_2023","g_top_wt_over_nwx",0.138062800995319,0.0118069573208785,0.114921164646397,0.16120443734424,"inc_noncap"
"HU_2023","g_top_wt_volshare",0.431556682655628,0.0265235921125934,0.379570442114945,0.483542923196311,"inc_noncap"
"HU_2023","g_top_gini_nwx",0.632745638233586,0.0174406522940103,0.598561959737326,0.666929316729846,"inc_noncap"
"HU_2023","g_top_gini_nw",0.561015239154037,0.0120632787311038,0.537371212841073,0.584659265467,"inc_noncap"
"HU_2023","g_top_cv2_nwx",3.25199296124477,0.417133451980476,2.43441139536304,4.0695745271265,"inc_noncap"
"HU_2023","g_top_cv2_nw",2.49276683702319,0.316416121975311,1.87259123795158,3.1129424360948,"inc_noncap"
"HU_2023","g_top_var_nwx",123955319766.809,19702810061.2238,85337812046.8102,162572827486.808,"inc_noncap"
"HU_2023","g_top_var_nw",123066800837.941,19477420322.487,84891057005.8667,161242544670.016,"inc_noncap"
"HU_2023","g_top_d_gini",-0.0717303990795487,0.0120892534584154,-0.0954253358580429,-0.0480354623010546,"inc_noncap"
"HU_2023","g_top_r_gini",0.886646866372493,0.0170503661466899,0.853228148724981,0.920065584020006,"inc_noncap"
"HU_2023","g_top_d_cv2",-0.759226124221585,0.150867212578981,-1.05492586087639,-0.463526387566783,"inc_noncap"
"HU_2023","g_top_d_var",-888518928.867755,3046698617.27169,-6860048218.72027,5083010360.98476,"inc_noncap"
"HU_2023","did_gini",-0.148348968620254,0.0610348503505186,-0.267977275307271,-0.028720661933238,"inc_noncap"
"HU_2023","did_cv2",-1.57597050177097,2.14280352631667,-5.77586541335164,2.6239244098097,"inc_noncap"
"HU_2023","did_var",-3014426968.04734,6585749353.35534,-15922495700.6238,9893641764.52913,"inc_noncap"
"HU_2023","rratio_gini",0.805144794213317,0.0596597903730307,0.688211605082176,0.922077983344457,"inc_noncap"
"LT_2023","g_bottom_wshare",0.328601623449963,0.00499020307575116,0.318820825421491,0.338382421478435,"inc_noncap"
"LT_2023","g_bottom_mean_nwx",50084.7314020957,5922.54289649798,38476.5473249597,61692.9154792318,"inc_noncap"
"LT_2023","g_bottom_mean_nw",72010.5073547195,4176.93878354882,63823.7073389639,80197.3073704752,"inc_noncap"
"LT_2023","g_bottom_mean_wt",21925.7759526238,4512.41353677556,13081.4454205437,30770.1064847039,"inc_noncap"
"LT_2023","g_bottom_wt_over_nwx",0.437780582360872,0.136577864758444,0.170087967434321,0.705473197287422,"inc_noncap"
"LT_2023","g_bottom_wt_volshare",0.265286505281365,0.0424858683616134,0.182014203292603,0.348558807270128,"inc_noncap"
"LT_2023","g_bottom_gini_nwx",0.852524019319643,0.143531185523831,0.571202895692935,1.13384514294635,"inc_noncap"
"LT_2023","g_bottom_gini_nw",0.445466768869001,0.0169703900044877,0.412204804460206,0.478728733277797,"inc_noncap"
"LT_2023","g_bottom_cv2_nwx",3.82909432454941,1.38425912038407,1.11594644859663,6.5422422005022,"inc_noncap"
"LT_2023","g_bottom_cv2_nw",1.06243261316823,0.112358841156764,0.842209284500977,1.28265594183549,"inc_noncap"
"LT_2023","g_bottom_var_nwx",9605377439.03402,1611768783.91569,6446310622.55926,12764444255.5088,"inc_noncap"
"LT_2023","g_bottom_var_nw",5509258224.59588,726675905.594039,4084973449.63156,6933542999.56019,"inc_noncap"
"LT_2023","g_bottom_d_gini",-0.407057250450642,0.14467466184044,-0.690619587657903,-0.123494913243381,"inc_noncap"
"LT_2023","g_bottom_r_gini",0.522525338505293,0.0874034952112828,0.351214487891178,0.693836189119407,"inc_noncap"
"LT_2023","g_bottom_d_cv2",-2.76666171138118,1.39574122179403,-5.50231450609747,-0.0310089166648884,"inc_noncap"
"LT_2023","g_bottom_d_var",-4096119214.43814,1570729752.10919,-7174749528.57215,-1017488900.30413,"inc_noncap"
"LT_2023","g_middle_wshare",0.33581658476047,0.00611450887164128,0.323832147372053,0.347801022148887,"inc_noncap"
"LT_2023","g_middle_mean_nwx",67599.3598862513,11358.1655460543,45337.355415985,89861.3643565177,"inc_noncap"
"LT_2023","g_middle_mean_nw",91466.6779895085,10295.4995640038,71287.498844061,111645.857134956,"inc_noncap"
"LT_2023","g_middle_mean_wt",23867.3181032571,2957.67332802372,18070.2783803306,29664.3578261836,"inc_noncap"
"LT_2023","g_middle_wt_over_nwx",0.35308611214839,0.0937130906440479,0.169408454486056,0.536763769810724,"inc_noncap"
"LT_2023","g_middle_wt_volshare",0.295123189604212,0.0317083147661835,0.232974892662493,0.357271486545932,"inc_noncap"
"LT_2023","g_middle_gini_nwx",0.783089127000619,0.0605469482960754,0.664417108340311,0.901761145660927,"inc_noncap"
"LT_2023","g_middle_gini_nw",0.486778201850441,0.0409165584895927,0.406581747210839,0.566974656490043,"inc_noncap"
"LT_2023","g_middle_cv2_nwx",5.93382166158407,1.89870125690896,2.21236719804251,9.65527612512563,"inc_noncap"
"LT_2023","g_middle_cv2_nw",2.93685357314781,1.16078387885755,0.661717170587024,5.2119899757086,"inc_noncap"
"LT_2023","g_middle_var_nwx",27113741305.7315,15844620166.2006,-3941714220.02163,58169196831.4847,"inc_noncap"
"LT_2023","g_middle_var_nw",24568528851.2454,15417332154.2046,-5649442170.99561,54786499873.4864,"inc_noncap"
"LT_2023","g_middle_d_gini",-0.296310925150178,0.0728651020423751,-0.439126525153233,-0.153495325147123,"inc_noncap"
"LT_2023","g_middle_r_gini",0.621607925972072,0.0677112647150037,0.488893847130665,0.754322004813479,"inc_noncap"
"LT_2023","g_middle_d_cv2",-2.99696808843626,0.93873425842878,-4.83688723495666,-1.15704894191585,"inc_noncap"
"LT_2023","g_middle_d_var",-2545212454.48613,695537274.419983,-3908465512.3493,-1181959396.62297,"inc_noncap"
"LT_2023","g_top_wshare",0.335581791789567,0.00302319589362213,0.329656327838067,0.341507255741066,"inc_noncap"
"LT_2023","g_top_mean_nwx",177691.310494262,46579.4422567024,86395.6036711259,268987.017317399,"inc_noncap"
"LT_2023","g_top_mean_nw",213268.484357608,46637.4743848764,121859.03456325,304677.934151966,"inc_noncap"
"LT_2023","g_top_mean_wt",35577.1738633454,2873.03619707117,29946.0229170859,41208.3248096049,"inc_noncap"
"LT_2023","g_top_wt_over_nwx",0.200615086199145,0.0510508232468766,0.100555472635267,0.300674699763023,"inc_noncap"
"LT_2023","g_top_wt_volshare",0.439590305114423,0.0358561158695683,0.369312318010069,0.509868292218776,"inc_noncap"
"LT_2023","g_top_gini_nwx",0.750132404144752,0.0504005366894625,0.651347352233406,0.848917456056099,"inc_noncap"
"LT_2023","g_top_gini_nw",0.625268028861874,0.0621610695863112,0.503432332472704,0.747103725251044,"inc_noncap"
"LT_2023","g_top_cv2_nwx",17.6790343251956,5.44298115518465,7.01079126103371,28.3472773893575,"inc_noncap"
"LT_2023","g_top_cv2_nw",12.6565072204441,4.02930940931542,4.75906077818591,20.5539536627023,"inc_noncap"
"LT_2023","g_top_var_nwx",561752182812.494,410129692333.708,-242102014161.574,1365606379786.56,"inc_noncap"
"LT_2023","g_top_var_nw",578918193929.577,406418901228.546,-217662852478.374,1375499240337.53,"inc_noncap"
"LT_2023","g_top_d_gini",-0.124864375282879,0.0230675421815941,-0.170076757958803,-0.0796519926069543,"inc_noncap"
"LT_2023","g_top_r_gini",0.833448210743663,0.0369136081109908,0.761097538846121,0.905798882641205,"inc_noncap"
"LT_2023","g_top_d_cv2",-5.0225271047515,1.6190117128039,-8.19579006184714,-1.84926414765585,"inc_noncap"
"LT_2023","g_top_d_var",17166011117.0833,6951711134.08845,3540657294.26995,30791364939.8967,"inc_noncap"
"LT_2023","did_gini",-0.282192875167763,0.146923452270372,-0.570162841617692,0.00577709128216491,"inc_noncap"
"LT_2023","did_cv2",2.25586539337032,2.1692726076031,-1.99590891753176,6.5076397042724,"inc_noncap"
"LT_2023","did_var",-21262130331.5214,7054806017.21904,-35089550125.2708,-7434710537.77212,"inc_noncap"
"LT_2023","rratio_gini",0.626962217176428,0.110029275686804,0.411304836830292,0.842619597522565,"inc_noncap"
"LU_2023","g_bottom_wshare",0.332595868186245,0.0045253144210999,0.323726251920889,0.341465484451601,"inc_noncap"
"LU_2023","g_bottom_mean_nwx",366593.581952043,147907.209701839,76695.4509364386,656491.712967647,"inc_noncap"
"LU_2023","g_bottom_mean_nw",651228.691154353,103352.585830295,448657.622926974,853799.759381732,"inc_noncap"
"LU_2023","g_bottom_mean_wt",284635.10920231,128449.485265211,32874.1180824972,536396.100322123,"inc_noncap"
"LU_2023","g_bottom_wt_over_nwx",0.790703197976612,7.00964435453585,-12.9481997369137,14.5296061328669,"inc_noncap"
"LU_2023","g_bottom_wt_volshare",0.244802756409516,0.0792058011670516,0.0895593861220949,0.400046126696937,"inc_noncap"
"LU_2023","g_bottom_gini_nwx",1.50564659672874,9.35559963646408,-16.8313286907409,19.8426218841983,"inc_noncap"
"LU_2023","g_bottom_gini_nw",0.6850698558564,0.0330592866762945,0.620273653970863,0.749866057741937,"inc_noncap"
"LU_2023","g_bottom_cv2_nwx",23.8840874937397,57407.634671149,-112495.079867958,112542.848042946,"inc_noncap"
"LU_2023","g_bottom_cv2_nw",3.26101587814541,0.769021426543898,1.75373388211937,4.76829787417145,"inc_noncap"
"LU_2023","g_bottom_var_nwx",3054114208393.41,2167197858675.81,-1193593594611.19,7301822011398,"inc_noncap"
"LU_2023","g_bottom_var_nw",1384568738591.11,702063871343.849,8523550757.16699,2760613926425.05,"inc_noncap"
"LU_2023","g_bottom_d_gini",-0.820576740872337,9.35684499244932,-19.159992926073,17.5188394443283,"inc_noncap"
"LU_2023","g_bottom_r_gini",0.465311851192547,0.192557433598217,0.0878992813400412,0.842724421045052,"inc_noncap"
"LU_2023","g_bottom_d_cv2",-20.6230716155943,57407.6501572506,-112539.617379827,112498.371236596,"inc_noncap"
"LU_2023","g_bottom_d_var",-1669545469802.3,2059223608988.2,-5705623743419.16,2366532803814.57,"inc_noncap"
"LU_2023","g_middle_wshare",0.333263496199411,0.00462898034018782,0.324190694732643,0.342336297666179,"inc_noncap"
"LU_2023","g_middle_mean_nwx",554455.865269072,152918.756158281,254735.103198842,854176.627339303,"inc_noncap"
"LU_2023","g_middle_mean_nw",970090.658634194,109107.30122269,756240.348237721,1183940.96903067,"inc_noncap"
"LU_2023","g_middle_mean_wt",415634.793365122,128326.63843624,164114.582030092,667155.004700151,"inc_noncap"
"LU_2023","g_middle_wt_over_nwx",0.750956266761979,8.00757804690724,-14.9438967051762,16.4458092387002,"inc_noncap"
"LU_2023","g_middle_wt_volshare",0.359935602344161,0.0836581222701381,0.19596568269469,0.523905521993632,"inc_noncap"
"LU_2023","g_middle_gini_nwx",1.25197213738455,9.80813646677144,-17.9719753374875,20.4759196122566,"inc_noncap"
"LU_2023","g_middle_gini_nw",0.592569256475134,0.0294731714010166,0.534801840529142,0.650336672421127,"inc_noncap"
"LU_2023","g_middle_cv2_nwx",14.4391365516829,69860.3052171453,-136911.759089053,136940.637362156,"inc_noncap"
"LU_2023","g_middle_cv2_nw",1.90739456516589,0.574058613983027,0.782239681759161,3.03254944857263,"inc_noncap"
"LU_2023","g_middle_var_nwx",4418088107794.32,2700112796515.96,-874132973376.973,9710309188965.61,"inc_noncap"
"LU_2023","g_middle_var_nw",1794068048070.53,1000646188900.94,-167198482175.308,3755334578316.36,"inc_noncap"
"LU_2023","g_middle_d_gini",-0.659402880909421,9.80902273965641,-19.885087450636,18.5662816888171,"inc_noncap"
"LU_2023","g_middle_r_gini",0.474674237786676,0.152371310015343,0.176026470156604,0.773322005416747,"inc_noncap"
"LU_2023","g_middle_d_cv2",-12.531741986517,69860.3080837651,-136938.735586166,136913.672102193,"inc_noncap"
"LU_2023","g_middle_d_var",-2624020059723.79,2588517057814.44,-7697513493040.08,2449473373592.51,"inc_noncap"
"LU_2023","g_top_wshare",0.334140635614343,0.00279472531153988,0.328662974003725,0.339618297224962,"inc_noncap"
"LU_2023","g_top_mean_nwx",1394972.82083923,204503.33298533,994146.288187988,1795799.35349048,"inc_noncap"
"LU_2023","g_top_mean_nw",1850044.23716111,185313.871600769,1486829.0488236,2213259.42549862,"inc_noncap"
"LU_2023","g_top_mean_wt",455071.416321878,122963.938396384,214062.097064965,696080.735578791,"inc_noncap"
"LU_2023","g_top_wt_over_nwx",0.326355596855327,0.180673409548791,-0.0277642858603026,0.680475479570957,"inc_noncap"
"LU_2023","g_top_wt_volshare",0.395261641246323,0.083027410442477,0.232527916779068,0.557995365713578,"inc_noncap"
"LU_2023","g_top_gini_nwx",0.804147159820146,0.200576906078588,0.411016423906113,1.19727789573418,"inc_noncap"
"LU_2023","g_top_gini_nw",0.564204078928773,0.0329261981546252,0.499668730545708,0.628739427311839,"inc_noncap"
"LU_2023","g_top_cv2_nwx",7.52522998018695,11.1852013885681,-14.3977647414065,29.4482247017804,"inc_noncap"
"LU_2023","g_top_cv2_nw",3.67011495190338,1.45775063660304,0.812923704161426,6.52730619964534,"inc_noncap"
"LU_2023","g_top_var_nwx",14638216608694.9,8155099686543.32,-1345778776930,30622211994319.8,"inc_noncap"
"LU_2023","g_top_var_nw",12559595439043.8,7406167006251.56,-1956491893209.22,27075682771296.9,"inc_noncap"
"LU_2023","g_top_d_gini",-0.239943080891373,0.200826353052472,-0.633562732874218,0.153676571091473,"inc_noncap"
"LU_2023","g_top_r_gini",0.702030746762142,0.104463416593601,0.497282450238685,0.906779043285599,"inc_noncap"
"LU_2023","g_top_d_cv2",-3.85511502828357,11.045633757644,-25.5045571932658,17.7943271366987,"inc_noncap"
"LU_2023","g_top_d_var",-2078621169651.07,3082046201704.49,-8119431724991.87,3962189385689.73,"inc_noncap"
"LU_2023","did_gini",-0.580633659980964,9.35194327982521,-18.9104424884384,17.7491751684765,"inc_noncap"
"LU_2023","did_cv2",-16.7679565873107,57407.4712302489,-112535.411567875,112501.875654701,"inc_noncap"
"LU_2023","did_var",409075699848.774,3691055234615.09,-6825392559996.8,7643543959694.35,"inc_noncap"
"LU_2023","rratio_gini",0.661876685033739,0.353062775673103,-0.0301263552855431,1.35387972535302,"inc_noncap"
"LV_2023","g_bottom_wshare",0.33198980938359,0.00385187599531698,0.324440132432768,0.339539486334411,"inc_noncap"
"LV_2023","g_bottom_mean_nwx",30844.1193975321,3467.07109021585,24048.660060709,37639.5787343551,"inc_noncap"
"LV_2023","g_bottom_mean_nw",33013.5902973873,3964.53732933995,25243.097131881,40784.0834628936,"inc_noncap"
"LV_2023","g_bottom_mean_wt",2169.47089985526,1478.32588836927,-728.047841348503,5066.98964105902,"inc_noncap"
"LV_2023","g_bottom_wt_over_nwx",0.0703742491067591,0.0471180306275471,-0.0219770909232332,0.162725589136751,"inc_noncap"
"LV_2023","g_bottom_wt_volshare",0.0924213232233829,0.0646789278775471,-0.0343493754166094,0.219192021863375,"inc_noncap"
"LV_2023","g_bottom_gini_nwx",0.649158751187865,0.0480778402962286,0.554926184207257,0.743391318168473,"inc_noncap"
"LV_2023","g_bottom_gini_nw",0.585003495628552,0.0382840990423233,0.509966661505598,0.660040329751506,"inc_noncap"
"LV_2023","g_bottom_cv2_nwx",2.80689213723224,1.2422906923014,0.372002380321488,5.24178189414299,"inc_noncap"
"LV_2023","g_bottom_cv2_nw",2.37245412770211,1.05241481344927,0.309721093341555,4.43518716206268,"inc_noncap"
"LV_2023","g_bottom_var_nwx",2666976747.91703,1449864350.11193,-174757378.302359,5508710874.13643,"inc_noncap"
"LV_2023","g_bottom_var_nw",2582948946.70499,1527826375.215,-411590748.7164,5577488642.12638,"inc_noncap"
"LV_2023","g_bottom_d_gini",-0.0641552555593134,0.0311115005286628,-0.125133796595492,-0.00317671452313439,"inc_noncap"
"LV_2023","g_bottom_r_gini",0.901204811175889,0.0443531470485427,0.814272642960745,0.988136979391033,"inc_noncap"
"LV_2023","g_bottom_d_cv2",-0.434438009530122,0.351158808779183,-1.12270927473732,0.253833255677078,"inc_noncap"
"LV_2023","g_bottom_d_var",-84027801.212041,457915991.150363,-981543143.866752,813487541.44267,"inc_noncap"
"LV_2023","g_middle_wshare",0.330649917106347,0.00927420849427539,0.312472468457567,0.348827365755127,"inc_noncap"
"LV_2023","g_middle_mean_nwx",61885.5069611814,17287.6988713832,28001.6171732703,95769.3967490925,"inc_noncap"
"LV_2023","g_middle_mean_nw",67892.6411139573,17405.1395798769,33778.5675373986,102006.714690516,"inc_noncap"
"LV_2023","g_middle_mean_wt",6007.13415277583,2329.87450067949,1440.58013144402,10573.6881741076,"inc_noncap"
"LV_2023","g_middle_wt_over_nwx",0.0989252479636629,0.0456180653162804,0.00951383994375329,0.188336655983573,"inc_noncap"
"LV_2023","g_middle_wt_volshare",0.255082831777986,0.0960762357371656,0.0667734097331412,0.44339225382283,"inc_noncap"
"LV_2023","g_middle_gini_nwx",0.637241799685,0.0789513911586656,0.482497073014015,0.791986526355985,"inc_noncap"
"LV_2023","g_middle_gini_nw",0.593179100528876,0.074198388687471,0.447750258701433,0.738607942356319,"inc_noncap"
"LV_2023","g_middle_cv2_nwx",3.82247535790754,2.57944944002514,-1.23324554454173,8.87819626035682,"inc_noncap"
"LV_2023","g_middle_cv2_nw",3.19443363675122,2.2994079835337,-1.31240601097484,7.70127328447728,"inc_noncap"
"LV_2023","g_middle_var_nwx",16785724182.4654,21031579858.5002,-24436172340.195,58007620705.1257,"inc_noncap"
"LV_2023","g_middle_var_nw",16722579216.5037,21010445975.5342,-24457894895.5433,57903053328.5508,"inc_noncap"
"LV_2023","g_middle_d_gini",-0.0440626991561243,0.0489239284541118,-0.139953598926183,0.0518282006139349,"inc_noncap"
"LV_2023","g_middle_r_gini",0.930792316220202,0.0690576456663604,0.795439330714136,1.06614530172627,"inc_noncap"
"LV_2023","g_middle_d_cv2",-0.62804172115632,0.517562624846314,-1.6424644658551,0.386381023542455,"inc_noncap"
"LV_2023","g_middle_d_var",-63144965.9616526,1029815933.04645,-2081584194.73269,1955294262.80938,"inc_noncap"
"LV_2023","g_top_wshare",0.337360273510063,0.00851394275335148,0.320672945713494,0.354047601306632,"inc_noncap"
"LV_2023","g_top_mean_nwx",178964.581235428,52305.4412623428,76445.9163612365,281483.24610962,"inc_noncap"
"LV_2023","g_top_mean_nw",194033.201523005,51431.4059418942,93227.6458768922,294838.757169117,"inc_noncap"
"LV_2023","g_top_mean_wt",15068.6202875764,4270.70412328975,6698.04020592853,23439.2003692243,"inc_noncap"
"LV_2023","g_top_wt_over_nwx",0.0842440883547148,0.0402511612096756,0.00535181238375068,0.163136364325679,"inc_noncap"
"LV_2023","g_top_wt_volshare",0.652495844998631,0.105669090631918,0.445384427360072,0.859607262637191,"inc_noncap"
"LV_2023","g_top_gini_nwx",0.724967455695654,0.0504091416327822,0.626165538095401,0.823769373295907,"inc_noncap"
"LV_2023","g_top_gini_nw",0.654231078593944,0.0547828451300006,0.546856702139143,0.761605455048746,"inc_noncap"
"LV_2023","g_top_cv2_nwx",5.90050723700796,1.47376888512726,3.01192022215853,8.78909425185739,"inc_noncap"
"LV_2023","g_top_cv2_nw",4.98886753005385,1.20407638972445,2.62887780619393,7.34885725391377,"inc_noncap"
"LV_2023","g_top_var_nwx",188965153252.355,93512805159.4644,5680055139.80432,372250251364.905,"inc_noncap"
"LV_2023","g_top_var_nw",187859938783.94,93334627884.1674,4924068130.97223,370795809436.908,"inc_noncap"
"LV_2023","g_top_d_gini",-0.0707363771017095,0.0333053380462396,-0.136014839672339,-0.00545791453107991,"inc_noncap"
"LV_2023","g_top_r_gini",0.902548222038158,0.0452115150577375,0.813933652524993,0.991162791551324,"inc_noncap"
"LV_2023","g_top_d_cv2",-0.911639706954112,0.477275288486147,-1.84709927238696,0.0238198584787362,"inc_noncap"
"LV_2023","g_top_d_var",-1105214468.41437,4963623980.65686,-10833917470.5018,8623488533.67308,"inc_noncap"
"LV_2023","did_gini",0.00658112154239607,0.0500630374108124,-0.0915424317827963,0.104704674867588,"inc_noncap"
"LV_2023","did_cv2",0.47720169742399,0.635860454899268,-0.769084794178576,1.72348818902656,"inc_noncap"
"LV_2023","did_var",1021186667.20233,4946722892.63313,-8674390202.3586,10716763536.7633,"inc_noncap"
"LV_2023","rratio_gini",0.998632046862565,0.0817957004316057,0.838312474016618,1.15895161970851,"inc_noncap"
"MT_2023","g_bottom_wshare",0.332938283846223,0.00138195761964612,0.330229646911716,0.335646920780729,"inc_noncap"
"MT_2023","g_bottom_mean_nwx",256388.465175267,84607.3502016659,90558.0587800016,422218.871570532,"inc_noncap"
"MT_2023","g_bottom_mean_nw",394095.736338255,62836.0312759297,270937.115037433,517254.357639077,"inc_noncap"
"MT_2023","g_bottom_mean_wt",137707.271162988,21778.4195024214,95021.5689382423,180392.973387734,"inc_noncap"
"MT_2023","g_bottom_wt_over_nwx",0.537104003757937,0.197118660497658,0.150751429182527,0.923456578333347,"inc_noncap"
"MT_2023","g_bottom_wt_volshare",0.380587950912738,0.0517435009739423,0.279170689003811,0.482005212821665,"inc_noncap"
"MT_2023","g_bottom_gini_nwx",1.02320996046431,0.292735664341202,0.449448058355556,1.59697186257307,"inc_noncap"
"MT_2023","g_bottom_gini_nw",0.568210815544166,0.0663255234208831,0.438212789639235,0.698208841449097,"inc_noncap"
"MT_2023","g_bottom_cv2_nwx",5.56476069081806,2.53131803243181,0.603377347251714,10.5261440343844,"inc_noncap"
"MT_2023","g_bottom_cv2_nw",1.73070970757904,0.245620612637448,1.24929330680964,2.21212610834844,"inc_noncap"
"MT_2023","g_bottom_var_nwx",365799794842.118,13247690179.371,339834322090.551,391765267593.685,"inc_noncap"
"MT_2023","g_bottom_var_nw",268799033174.736,41341434279.6805,187769821986.562,349828244362.91,"inc_noncap"
"MT_2023","g_bottom_d_gini",-0.454999144920146,0.226414755653475,-0.898772066000956,-0.0112262238393359,"inc_noncap"
"MT_2023","g_bottom_r_gini",0.55532181810107,0.131757422127539,0.297077270731094,0.813566365471046,"inc_noncap"
"MT_2023","g_bottom_d_cv2",-3.83405098323902,2.28578383530854,-8.31418730044375,0.646085333965719,"inc_noncap"
"MT_2023","g_bottom_d_var",-97000761667.3821,54367135967.3439,-203560348163.376,9558824828.61189,"inc_noncap"
"MT_2023","g_middle_wshare",0.333504124384497,0.00130041170503749,0.330955317442624,0.336052931326371,"inc_noncap"
"MT_2023","g_middle_mean_nwx",352188.195920536,39649.2410431947,274475.683475875,429900.708365198,"inc_noncap"
"MT_2023","g_middle_mean_nw",480988.72630013,43277.2482523735,396165.319725478,565812.132874782,"inc_noncap"
"MT_2023","g_middle_mean_wt",128800.530379594,3675.921039619,121595.725141941,136005.335617247,"inc_noncap"
"MT_2023","g_middle_wt_over_nwx",0.365715069021379,0.027801206988906,0.311224703323123,0.420205434719634,"inc_noncap"
"MT_2023","g_middle_wt_volshare",0.356576966819702,0.0206280348634978,0.316146018487247,0.397007915152158,"inc_noncap"
"MT_2023","g_middle_gini_nwx",0.706742756038203,0.0301787311684769,0.647592442947989,0.765893069128418,"inc_noncap"
"MT_2023","g_middle_gini_nw",0.537750285643835,0.0438254205734562,0.45185246131986,0.623648109967809,"inc_noncap"
"MT_2023","g_middle_cv2_nwx",2.52780498701331,0.0585729081177415,2.41300208710254,2.64260788692409,"inc_noncap"
"MT_2023","g_middle_cv2_nw",1.45755408656398,0.229526961595102,1.00768124183758,1.90742693129038,"inc_noncap"
"MT_2023","g_middle_var_nwx",313540147340.821,65869672670.0789,184435588907.466,442644705774.175,"inc_noncap"
"MT_2023","g_middle_var_nw",337205363596.5,2097421841.3666,333094416787.421,341316310405.579,"inc_noncap"
"MT_2023","g_middle_d_gini",-0.168992470394369,0.0137438039600507,-0.195930326156068,-0.142054614632669,"inc_noncap"
"MT_2023","g_middle_r_gini",0.760885458038945,0.0309006962758587,0.700320093338262,0.821450822739628,"inc_noncap"
"MT_2023","g_middle_d_cv2",-1.07025090044934,0.172887709079671,-1.40911081024549,-0.73139099065318,"inc_noncap"
"MT_2023","g_middle_d_var",23665216255.6794,65498322421.1739,-104711495689.821,152041928201.18,"inc_noncap"
"MT_2023","g_top_wshare",0.33355759176928,0.000675022927985823,0.332234546830427,0.334880636708132,"inc_noncap"
"MT_2023","g_top_mean_nwx",560764.026018842,8095.01551987834,544897.79559988,576630.256437803,"inc_noncap"
"MT_2023","g_top_mean_nw",655688.47335259,16189.4890020561,623957.07490856,687419.871796619,"inc_noncap"
"MT_2023","g_top_mean_wt",94924.4473337477,8108.85098562749,79031.0994019178,110817.795265578,"inc_noncap"
"MT_2023","g_top_wt_over_nwx",0.169276991620996,0.0118570371554013,0.14603719879641,0.192516784445583,"inc_noncap"
"MT_2023","g_top_wt_volshare",0.262835082267559,0.0311270426347476,0.201826078703454,0.323844085831664,"inc_noncap"
"MT_2023","g_top_gini_nwx",0.515384088205578,0.0114775228033911,0.492888143510932,0.537880032900225,"inc_noncap"
"MT_2023","g_top_gini_nw",0.431268183183368,0.0214899181715047,0.389147943567219,0.473388422799517,"inc_noncap"
"MT_2023","g_top_cv2_nwx",1.02934332984445,0.0816479659750358,0.869313316533382,1.18937334315552,"inc_noncap"
"MT_2023","g_top_cv2_nw",0.71016923337842,0.0744633312405402,0.564221104146962,0.856117362609879,"inc_noncap"
"MT_2023","g_top_var_nwx",323683487600.41,17033843318.168,290297154696.8,357069820504.019,"inc_noncap"
"MT_2023","g_top_var_nw",305321193664.081,18363637589.5862,269328463988.492,341313923339.67,"inc_noncap"
"MT_2023","g_top_d_gini",-0.0841159050222103,0.0100249689929313,-0.103764844248356,-0.0644669657960648,"inc_noncap"
"MT_2023","g_top_r_gini",0.836789868086386,0.0236035246088062,0.790526959853125,0.883052776319646,"inc_noncap"
"MT_2023","g_top_d_cv2",-0.319174096466032,0.00730395140444777,-0.33348984121875,-0.304858351713314,"inc_noncap"
"MT_2023","g_top_d_var",-18362293936.3282,1358209124.82406,-21024383820.9834,-15700204051.6731,"inc_noncap"
"MT_2023","did_gini",-0.370883239897936,0.236432841370726,-0.834291608984559,0.0925251291886869,"inc_noncap"
"MT_2023","did_cv2",-3.51487688677298,2.278609491505,-7.98095149012278,0.951197716576811,"inc_noncap"
"MT_2023","did_var",-78638467731.0538,55698376631.8579,-187807285929.495,30530350467.3877,"inc_noncap"
"MT_2023","rratio_gini",0.663633534869404,0.181281247207261,0.308322290343172,1.01894477939564,"inc_noncap"
"NL_2023","g_bottom_wshare",0.333195383007725,0.00073239428820335,0.331759890202846,0.334630875812603,"inc_noncap"
"NL_2023","g_bottom_mean_nwx",132277.690748357,16683.5165876375,99577.9982365881,164977.383260127,"inc_noncap"
"NL_2023","g_bottom_mean_nw",152459.153355433,12248.0950052408,128452.887145161,176465.419565705,"inc_noncap"
"NL_2023","g_bottom_mean_wt",20181.4626070756,16026.0089818556,-11229.5149973614,51592.4402115126,"inc_noncap"
"NL_2023","g_bottom_wt_over_nwx",0.158950201350818,0.159456807351036,-0.153585141057212,0.471485543758847,"inc_noncap"
"NL_2023","g_bottom_wt_volshare",0.277649282741123,0.116516167858934,0.049277593737613,0.506020971744634,"inc_noncap"
"NL_2023","g_bottom_gini_nwx",0.930511922788051,0.229378606034914,0.480929854959619,1.38009399061648,"inc_noncap"
"NL_2023","g_bottom_gini_nw",0.75735786080087,0.0227229834197401,0.712820813298179,0.80189490830356,"inc_noncap"
"NL_2023","g_bottom_cv2_nwx",8.95003717992351,13.6679190679677,-17.8390841932931,35.7391585531401,"inc_noncap"
"NL_2023","g_bottom_cv2_nw",3.36512295592865,0.417791710130711,2.54625120407246,4.18399470778484,"inc_noncap"
"NL_2023","g_bottom_var_nwx",143803133162.055,129499731599.821,-110016340773.595,397622607097.705,"inc_noncap"
"NL_2023","g_bottom_var_nw",78221366236.3931,16203683799.0261,46462145990.3019,109980586482.484,"inc_noncap"
"NL_2023","g_bottom_d_gini",-0.173154061987181,0.237212636839328,-0.638090830192264,0.291782706217901,"inc_noncap"
"NL_2023","g_bottom_r_gini",0.831780366633619,0.162029414755355,0.514202713713123,1.14935801955412,"inc_noncap"
"NL_2023","g_bottom_d_cv2",-5.58491422399486,13.7528400321008,-32.5404806869124,21.3706522389227,"inc_noncap"
"NL_2023","g_bottom_d_var",-65581766925.6616,127785317262.58,-316040988760.318,184877454908.994,"inc_noncap"
"NL_2023","g_middle_wshare",0.333318357877217,0.000813610301943872,0.331723681685408,0.334913034069027,"inc_noncap"
"NL_2023","g_middle_mean_nwx",207099.376780204,16287.7714788239,175175.344681709,239023.408878699,"inc_noncap"
"NL_2023","g_middle_mean_nw",227286.386287286,14949.5616838994,197985.245386843,256587.527187729,"inc_noncap"
"NL_2023","g_middle_mean_wt",20187.0095070823,8047.585169349,4413.74257515825,35960.2764390063,"inc_noncap"
"NL_2023","g_middle_wt_over_nwx",0.0980571378648331,0.0435387129848051,0.0127212604146152,0.183393015315051,"inc_noncap"
"NL_2023","g_middle_wt_volshare",0.296760402457796,0.0691201933364615,0.161284823518332,0.432235981397261,"inc_noncap"
"NL_2023","g_middle_gini_nwx",0.710186628665636,0.0581383873122394,0.596235389533647,0.824137867797625,"inc_noncap"
"NL_2023","g_middle_gini_nw",0.636158221236311,0.0185442214678156,0.599811547159393,0.67250489531323,"inc_noncap"
"NL_2023","g_middle_cv2_nwx",4.3654601209165,1.66074022450259,1.11040928089142,7.62051096094158,"inc_noncap"
"NL_2023","g_middle_cv2_nw",3.24804553674413,0.924930397693162,1.43518195726553,5.06090911622273,"inc_noncap"
"NL_2023","g_middle_var_nwx",186092928982.383,74592064197.2409,39892483155.7906,332293374808.975,"inc_noncap"
"NL_2023","g_middle_var_nw",167737426579.893,62408654577.7943,45416463607.4166,290058389552.37,"inc_noncap"
"NL_2023","g_middle_d_gini",-0.074028407429325,0.0524349318326118,-0.176800873821244,0.0287440589625941,"inc_noncap"
"NL_2023","g_middle_r_gini",0.897686638892828,0.0622332757027056,0.775709418515525,1.01966385927013,"inc_noncap"
"NL_2023","g_middle_d_cv2",-1.11741458417237,1.26581995514432,-3.59842169625523,1.36359252791049,"inc_noncap"
"NL_2023","g_middle_d_var",-18355502402.4893,37488216851.3622,-91832407431.1592,55121402626.1806,"inc_noncap"
"NL_2023","g_top_wshare",0.333486259115058,0.000721655144354141,0.332071815032124,0.334900703197992,"inc_noncap"
"NL_2023","g_top_mean_nwx",369289.370868811,17915.7082160058,334174.582765439,404404.158972182,"inc_noncap"
"NL_2023","g_top_mean_nw",397145.346442015,18766.7873509915,360362.443234072,433928.249649958,"inc_noncap"
"NL_2023","g_top_mean_wt",27855.9755732044,4944.10613690343,18165.5275448737,37546.4236015351,"inc_noncap"
"NL_2023","g_top_wt_over_nwx",0.0754511943188056,0.0137874184796327,0.0484278540987256,0.102474534538886,"inc_noncap"
"NL_2023","g_top_wt_volshare",0.425590314801081,0.100586789180429,0.228440208007439,0.622740421594722,"inc_noncap"
"NL_2023","g_top_gini_nwx",0.562101564378125,0.0214295614937402,0.520099623850394,0.604103504905856,"inc_noncap"
"NL_2023","g_top_gini_nw",0.545048060120342,0.0182587084573146,0.509260991544005,0.580835128696678,"inc_noncap"
"NL_2023","g_top_cv2_nwx",2.06075521276946,0.38335340105072,1.30938254671005,2.81212787882887,"inc_noncap"
"NL_2023","g_top_cv2_nw",2.0555488460704,0.344972361476372,1.37940301757671,2.73169467456409,"inc_noncap"
"NL_2023","g_top_var_nwx",280818463004.137,66214846304.5166,151037364247.284,410599561760.989,"inc_noncap"
"NL_2023","g_top_var_nw",324176032274.509,72679892326.2241,181723443315.11,466628621233.908,"inc_noncap"
"NL_2023","g_top_d_gini",-0.0170535042577829,0.00980672972748114,-0.036274694523646,0.0021676860080801,"inc_noncap"
"NL_2023","g_top_r_gini",0.96978659171517,0.0166864949836799,0.937081061547158,1.00249212188318,"inc_noncap"
"NL_2023","g_top_d_cv2",-0.00520636669905703,0.125041321110801,-0.250287356076227,0.239874622678113,"inc_noncap"
"NL_2023","g_top_d_var",43357569270.3724,20108064093.6048,3945763646.90695,82769374893.8379,"inc_noncap"
"NL_2023","did_gini",-0.156100557729398,0.232287731420986,-0.611384511314531,0.299183395855734,"inc_noncap"
"NL_2023","did_cv2",-5.5797078572958,13.7151667577926,-32.4614347025693,21.3020189879777,"inc_noncap"
"NL_2023","did_var",-108939336196.034,127870700284.704,-359565908754.054,141687236361.986,"inc_noncap"
"NL_2023","rratio_gini",0.856725051558209,0.161094256540069,0.540980308739674,1.17246979437674,"inc_noncap"
"PT_2023","g_bottom_wshare",0.3326804443707,0.00127467571770677,0.330182079963995,0.335178808777405,"inc_noncap"
"PT_2023","g_bottom_mean_nwx",107949.818723309,12861.4366465878,82741.4028959968,133158.234550621,"inc_noncap"
"PT_2023","g_bottom_mean_nw",167454.165103799,15449.6461295706,137172.858689841,197735.471517758,"inc_noncap"
"PT_2023","g_bottom_mean_wt",59504.3463804904,9237.70099999402,41398.4524205021,77610.2403404787,"inc_noncap"
"PT_2023","g_bottom_wt_over_nwx",0.551948451428639,0.11143021650601,0.333545227076859,0.770351675780419,"inc_noncap"
"PT_2023","g_bottom_wt_volshare",0.287605762937282,0.0358976174747477,0.217246432686776,0.357965093187787,"inc_noncap"
"PT_2023","g_bottom_gini_nwx",1.16077473049468,0.117342807845591,0.930782827117327,1.39076663387204,"inc_noncap"
"PT_2023","g_bottom_gini_nw",0.682467972030081,0.0198602975414446,0.64354178884885,0.721394155211312,"inc_noncap"
"PT_2023","g_bottom_cv2_nwx",18.5725587159834,8.46946781975043,1.9724017892726,35.1727156426943,"inc_noncap"
"PT_2023","g_bottom_cv2_nw",7.89338968527156,4.00509403688515,0.0434053729766726,15.7433739975665,"inc_noncap"
"PT_2023","g_bottom_var_nwx",217036902801.172,129098484554.862,-35996126926.3582,470069932528.702,"inc_noncap"
"PT_2023","g_bottom_var_nw",221663908914.014,159595281170.051,-91142842179.2848,534470660007.313,"inc_noncap"
"PT_2023","g_bottom_d_gini",-0.478306758464604,0.117386598104445,-0.708384490749317,-0.248229026179891,"inc_noncap"
"PT_2023","g_bottom_r_gini",0.588167316846206,0.0571496112475334,0.47615407880104,0.700180554891371,"inc_noncap"
"PT_2023","g_bottom_d_cv2",-10.6791690307119,6.33314988948049,-23.0921428140936,1.73380475266989,"inc_noncap"
"PT_2023","g_bottom_d_var",4627006112.84225,75591853871.2317,-143533027474.772,152787039700.456,"inc_noncap"
"PT_2023","g_middle_wshare",0.333578232248386,0.00116201466321122,0.331300683508492,0.33585578098828,"inc_noncap"
"PT_2023","g_middle_mean_nwx",169789.129594622,13033.8054885808,144242.870837004,195335.388352241,"inc_noncap"
"PT_2023","g_middle_mean_nw",217525.215230081,13550.7086300901,190965.826315104,244084.604145057,"inc_noncap"
"PT_2023","g_middle_mean_wt",47736.0856354583,5602.50858683067,36755.1688052702,58717.0024656464,"inc_noncap"
"PT_2023","g_middle_wt_over_nwx",0.281689689050427,0.0407704938599318,0.201779521084961,0.361599857015894,"inc_noncap"
"PT_2023","g_middle_wt_volshare",0.231083827578404,0.027276583765374,0.177621723398271,0.284545931758537,"inc_noncap"
"PT_2023","g_middle_gini_nwx",0.790266995972936,0.0541358324589089,0.684160764353474,0.896373227592397,"inc_noncap"
"PT_2023","g_middle_gini_nw",0.596647988957261,0.0182682291166723,0.560842259888583,0.632453718025939,"inc_noncap"
"PT_2023","g_middle_cv2_nwx",4.48949221995384,1.68033092572563,1.1960436055316,7.78294083437608,"inc_noncap"
"PT_2023","g_middle_cv2_nw",2.71456000219192,0.701767950952386,1.33909481832525,4.0900251860586,"inc_noncap"
"PT_2023","g_middle_var_nwx",131045834786.257,58614151403.9869,16162098034.4431,245929571538.072,"inc_noncap"
"PT_2023","g_middle_var_nw",129548874302.505,45273226367.9204,40813350621.3815,218284397983.629,"inc_noncap"
"PT_2023","g_middle_d_gini",-0.193619007015675,0.0443250743237376,-0.2804961526902,-0.106741861341149,"inc_noncap"
"PT_2023","g_middle_r_gini",0.755776266387604,0.0401157738754077,0.677149349591805,0.834403183183403,"inc_noncap"
"PT_2023","g_middle_d_cv2",-1.77493221776192,1.11291528815901,-3.95624618255358,0.406381747029749,"inc_noncap"
"PT_2023","g_middle_d_var",-1496960483.75199,23344799533.718,-47252767569.8393,44258846602.3354,"inc_noncap"
"PT_2023","g_top_wshare",0.333741323380914,0.000631610631130993,0.332503366543897,0.334979280217931,"inc_noncap"
"PT_2023","g_top_mean_nwx",411360.39294996,39279.7404645767,334372.10163939,488348.684260531,"inc_noncap"
"PT_2023","g_top_mean_nw",510860.006571015,43155.2764016394,426275.664823801,595444.348318228,"inc_noncap"
"PT_2023","g_top_mean_wt",99499.6136210544,16820.5619050946,66531.312287069,132467.91495504,"inc_noncap"
"PT_2023","g_top_wt_over_nwx",0.242409683373845,0.0452423550253923,0.153734667524076,0.331084699223614,"inc_noncap"
"PT_2023","g_top_wt_volshare",0.481310409484314,0.0399183940522337,0.403070357141936,0.559550461826692,"inc_noncap"
"PT_2023","g_top_gini_nwx",0.74303886972316,0.0496719054509091,0.645681935039378,0.840395804406942,"inc_noncap"
"PT_2023","g_top_gini_nw",0.58419741206673,0.0154906534180005,0.553835731367449,0.614559092766011,"inc_noncap"
"PT_2023","g_top_cv2_nwx",6.38123090435817,1.85884184118461,2.73790089563634,10.02456091308,"inc_noncap"
"PT_2023","g_top_cv2_nw",3.67105283642476,0.758777208124543,2.18384950850066,5.15825616434886,"inc_noncap"
"PT_2023","g_top_var_nwx",1077054893585.93,398840616923.948,295327284414.996,1858782502756.87,"inc_noncap"
"PT_2023","g_top_var_nw",958079431148.967,335268774332.108,300952633458.035,1615206228839.9,"inc_noncap"
"PT_2023","g_top_d_gini",-0.15884145765643,0.0518483339700376,-0.260464192237704,-0.0572187230751564,"inc_noncap"
"PT_2023","g_top_r_gini",0.787053529890171,0.0543901950825645,0.680448747528344,0.893658312251997,"inc_noncap"
"PT_2023","g_top_d_cv2",-2.71017806793341,1.7489609852609,-6.13814159904478,0.717785463177949,"inc_noncap"
"PT_2023","g_top_d_var",-118975462436.967,253599745667.586,-616030963945.436,378080039071.501,"inc_noncap"
"PT_2023","did_gini",-0.319465300808174,0.129076754094369,-0.572455738833138,-0.0664748627832096,"inc_noncap"
"PT_2023","did_cv2",-7.96899096277845,7.03121389673874,-21.7501702003864,5.81218827482947,"inc_noncap"
"PT_2023","did_var",123602468549.81,283051288133.257,-431178056191.374,678382993290.993,"inc_noncap"
"PT_2023","rratio_gini",0.748243782614493,0.0903468131059775,0.571164028926777,0.925323536302208,"inc_noncap"
"SI_2023","g_bottom_wshare",0.332283265989152,0.00166424408580994,0.329021347580965,0.33554518439734,"inc_noncap"
"SI_2023","g_bottom_mean_nwx",60.1112637977554,22904.417126498,-44832.5463041383,44952.7688317338,"inc_noncap"
"SI_2023","g_bottom_mean_nw",145116.742334987,16826.2486587895,112137.294963759,178096.189706214,"inc_noncap"
"SI_2023","g_bottom_mean_wt",145056.631071189,21142.2748259285,103617.772412369,186495.489730009,"inc_noncap"
"SI_2023","g_bottom_wt_over_nwx",14.9982684416295,148.791860885911,-276.633778894757,306.630315778016,"inc_noncap"
"SI_2023","g_bottom_wt_volshare",0.284364089936564,0.033092858663833,0.219502086955451,0.349226092917676,"inc_noncap"
"SI_2023","g_bottom_gini_nwx",17.4320629447919,161.183267955987,-298.487142248943,333.351268138526,"inc_noncap"
"SI_2023","g_bottom_gini_nw",0.545368912752515,0.0384151040461631,0.470075308822036,0.620662516682995,"inc_noncap"
"SI_2023","g_bottom_cv2_nwx",3327.63734067551,122525120600.874,-240149233050.076,240149239705.351,"inc_noncap"
"SI_2023","g_bottom_cv2_nw",1.80310284603276,1.44948999477512,-1.03789754372648,4.644103235792,"inc_noncap"
"SI_2023","g_bottom_var_nwx",187165584250.064,84380080172.1327,21780627112.6844,352550541387.444,"inc_noncap"
"SI_2023","g_bottom_var_nw",41650766654.2861,53293437971.2595,-62804371769.3824,146105905077.955,"inc_noncap"
"SI_2023","g_bottom_d_gini",-16.8676654718592,161.185820396597,-332.791873449188,299.05654250547,"inc_noncap"
"SI_2023","g_bottom_r_gini",0.0342137424048084,0.0589135687365901,-0.0812568523189083,0.149684337128525,"inc_noncap"
"SI_2023","g_bottom_d_cv2",-3325.83423782947,122525120600.874,-240149239703.548,240149233051.879,"inc_noncap"
"SI_2023","g_bottom_d_var",-145514817595.778,53263970723.8107,-249912200214.447,-41117434977.1093,"inc_noncap"
"SI_2023","g_middle_wshare",0.334253312634573,0.00193337234308348,0.330463902842129,0.338042722427017,"inc_noncap"
"SI_2023","g_middle_mean_nwx",43474.2070645123,26070.8589123515,-7624.67640369668,94573.0905327213,"inc_noncap"
"SI_2023","g_middle_mean_nw",195462.71279487,14853.8355307035,166349.195154691,224576.230435049,"inc_noncap"
"SI_2023","g_middle_mean_wt",151988.505730357,29563.1838901841,94044.6653055967,209932.346155118,"inc_noncap"
"SI_2023","g_middle_wt_over_nwx",4.27835181569486,24.4847659297006,-43.7117894065183,52.268493037908,"inc_noncap"
"SI_2023","g_middle_wt_volshare",0.297788742484403,0.037981110056188,0.223345766774274,0.372231718194531,"inc_noncap"
"SI_2023","g_middle_gini_nwx",4.74099247199447,24.6197305780911,-43.5136794610641,52.995664405053,"inc_noncap"
"SI_2023","g_middle_gini_nw",0.541281145962504,0.0236463857199688,0.494934229951365,0.587628061973643,"inc_noncap"
"SI_2023","g_middle_cv2_nwx",182.294257707624,943683.592315655,-1849437.54668098,1849802.13519639,"inc_noncap"
"SI_2023","g_middle_cv2_nw",1.63732501900712,0.639728249257353,0.38345765046271,2.89119238755154,"inc_noncap"
"SI_2023","g_middle_var_nwx",195533121287.032,83541957035.6081,31790885497.2402,359275357076.824,"inc_noncap"
"SI_2023","g_middle_var_nw",63778887077.8777,33331518778.0575,-1550889727.11498,129108663882.87,"inc_noncap"
"SI_2023","g_middle_d_gini",-4.19971132603196,24.6194044041608,-52.4537439581872,44.0543213061233,"inc_noncap"
"SI_2023","g_middle_r_gini",0.1413104616535,0.0898958364024282,-0.0348853776952589,0.31750630100226,"inc_noncap"
"SI_2023","g_middle_d_cv2",-180.656932688617,943683.594263366,-1849800.50168889,1849439.18782351,"inc_noncap"
"SI_2023","g_middle_d_var",-131754234209.154,70760790538.4499,-270445383664.516,6936915246.20752,"inc_noncap"
"SI_2023","g_top_wshare",0.333463421376274,0.00105284317434885,0.331399848754551,0.335526993997998,"inc_noncap"
"SI_2023","g_top_mean_nwx",154865.103130741,45271.2315179831,66133.4893554939,243596.716905988,"inc_noncap"
"SI_2023","g_top_mean_nw",367436.67451612,38660.0583803427,291662.960090649,443210.388941592,"inc_noncap"
"SI_2023","g_top_mean_wt",212571.57138538,21782.5446699192,169877.783832338,255265.358938421,"inc_noncap"
"SI_2023","g_top_wt_over_nwx",1.41906488583577,0.544824688378368,0.351208496614168,2.48692127505737,"inc_noncap"
"SI_2023","g_top_wt_volshare",0.417847167579033,0.0286987789863033,0.361597560765879,0.474096774392188,"inc_noncap"
"SI_2023","g_top_gini_nwx",1.86687529967108,0.48284865314989,0.920491939497298,2.81325865984487,"inc_noncap"
"SI_2023","g_top_gini_nw",0.530196561280985,0.0393267057728544,0.453116217966191,0.60727690459578,"inc_noncap"
"SI_2023","g_top_cv2_nwx",27.7393272547989,15.7526739182639,-3.13591362499837,58.6145681345962,"inc_noncap"
"SI_2023","g_top_cv2_nw",3.71531154476015,1.1823369982677,1.39793102815545,6.03269206136484,"inc_noncap"
"SI_2023","g_top_var_nwx",658882812365.758,316310021668.921,38915169894.673,1278850454836.84,"inc_noncap"
"SI_2023","g_top_var_nw",516296254730.872,314150118511.549,-99437977551.7637,1132030487013.51,"inc_noncap"
"SI_2023","g_top_d_gini",-1.3366787383901,0.501064026367152,-2.31876423006972,-0.35459324671048,"inc_noncap"
"SI_2023","g_top_r_gini",0.288955273964079,0.0761601200458965,0.139681438674122,0.438229109254036,"inc_noncap"
"SI_2023","g_top_d_cv2",-24.0240157100388,15.9318785561517,-55.250497680096,7.20246626001853,"inc_noncap"
"SI_2023","g_top_d_var",-142586557634.886,38261940158.0188,-217579960344.602,-67593154925.1688,"inc_noncap"
"SI_2023","did_gini",-15.4048862718865,161.19473141176,-331.346559838936,300.536787295163,"inc_noncap"
"SI_2023","did_cv2",-3301.81022211944,122525120600.693,-240149239679.169,240149233075.549,"inc_noncap"
"SI_2023","did_var",-2928259960.89272,66392138370.2255,-133056851166.535,127200331244.749,"inc_noncap"
"SI_2023","rratio_gini",0.133587682228155,0.264348053088914,-0.384534501826117,0.651709866282426,"inc_noncap"
"SK_2023","g_bottom_wshare",0.332144677643811,0.00207726363017671,0.328073240928665,0.336216114358958,"inc_noncap"
"SK_2023","g_bottom_mean_nwx",72763.8079940991,6503.0607738694,60017.8088773151,85509.8071108832,"inc_noncap"
"SK_2023","g_bottom_mean_nw",107794.341120887,5480.02065743364,97053.5006323172,118535.181609457,"inc_noncap"
"SK_2023","g_bottom_mean_wt",35030.533126788,3736.79045845018,27706.4238282256,42354.6424253504,"inc_noncap"
"SK_2023","g_bottom_wt_over_nwx",0.481540207744328,0.0852536505163323,0.314443052732316,0.648637362756339,"inc_noncap"
"SK_2023","g_bottom_wt_volshare",0.236914778090951,0.0256574453130359,0.186626185277401,0.287203370904501,"inc_noncap"
"SK_2023","g_bottom_gini_nwx",0.83296359517104,0.0673945319003029,0.700870312646446,0.965056877695633,"inc_noncap"
"SK_2023","g_bottom_gini_nw",0.465389174637383,0.0221185264647493,0.422036862766475,0.508741486508292,"inc_noncap"
"SK_2023","g_bottom_cv2_nwx",3.23603904534387,0.695231585377742,1.8733851380035,4.59869295268425,"inc_noncap"
"SK_2023","g_bottom_cv2_nw",1.12682334605628,0.286184923417096,0.565900896158771,1.68774579595379,"inc_noncap"
"SK_2023","g_bottom_var_nwx",17161601022.603,4570346760.96795,8203721371.10578,26119480674.1002,"inc_noncap"
"SK_2023","g_bottom_var_nw",13121887801.2602,4341004413.02234,4613519151.73641,21630256450.784,"inc_noncap"
"SK_2023","g_bottom_d_gini",-0.367574420533656,0.0658150293449154,-0.49657187804969,-0.238576963017622,"inc_noncap"
"SK_2023","g_bottom_r_gini",0.558760955105247,0.0457120054847778,0.469165424355083,0.648356485855412,"inc_noncap"
"SK_2023","g_bottom_d_cv2",-2.10921569928759,0.529026700832327,-3.14610803291896,-1.07232336565623,"inc_noncap"
"SK_2023","g_bottom_d_var",-4039713221.34277,871576624.408752,-5748003405.18392,-2331423037.50161,"inc_noncap"
"SK_2023","g_middle_wshare",0.333391119727986,0.00239424267146022,0.328698404091924,0.338083835364048,"inc_noncap"
"SK_2023","g_middle_mean_nwx",89902.4123381998,9672.25981957702,70944.7830918289,108860.041584571,"inc_noncap"
"SK_2023","g_middle_mean_nw",146164.001692651,7299.57842160772,131856.827986299,160471.175399002,"inc_noncap"
"SK_2023","g_middle_mean_wt",56261.5893544507,7158.20369573913,42231.510110802,70291.6685980994,"inc_noncap"
"SK_2023","g_middle_wt_over_nwx",0.627013407848196,0.136150161493547,0.360159091320845,0.893867724375547,"inc_noncap"
"SK_2023","g_middle_wt_volshare",0.381820395008215,0.0368842680909639,0.309527229549926,0.454113560466504,"inc_noncap"
"SK_2023","g_middle_gini_nwx",0.869335135027967,0.116150585696021,0.641679987063766,1.09699028299217,"inc_noncap"
"SK_2023","g_middle_gini_nw",0.399531583638525,0.0200536687299026,0.360226392927916,0.438836774349134,"inc_noncap"
"SK_2023","g_middle_cv2_nwx",4.1543329051573,1.2832649398718,1.63913362300857,6.66953218730603,"inc_noncap"
"SK_2023","g_middle_cv2_nw",1.06065008301038,0.327174943179661,0.419387194378248,1.70191297164252,"inc_noncap"
"SK_2023","g_middle_var_nwx",33572525168.2399,9264128614.94218,15414833082.9532,51730217253.5266,"inc_noncap"
"SK_2023","g_middle_var_nw",22724391793.4281,8241260917.24923,6571520395.61964,38877263191.2366,"inc_noncap"
"SK_2023","g_middle_d_gini",-0.469803551389443,0.117314468788113,-0.699739910214144,-0.239867192564742,"inc_noncap"
"SK_2023","g_middle_r_gini",0.460217464257112,0.0641465404917846,0.334490244893214,0.58594468362101,"inc_noncap"
"SK_2023","g_middle_d_cv2",-3.09368282214691,1.14213586670949,-5.3322691208975,-0.855096523396319,"inc_noncap"
"SK_2023","g_middle_d_var",-10848133374.8117,3445142069.46276,-17600611830.9588,-4095654918.66473,"inc_noncap"
"SK_2023","g_top_wshare",0.334464202628202,0.00165698002225211,0.331216521784588,0.337711883471817,"inc_noncap"
"SK_2023","g_top_mean_nwx",194460.906065177,14845.4200098083,165363.882845953,223557.929284401,"inc_noncap"
"SK_2023","g_top_mean_nw",250437.110320046,14703.2072792747,221618.824052668,279255.396587425,"inc_noncap"
"SK_2023","g_top_mean_wt",55976.2042548695,6849.79796527444,42550.6002429316,69401.8082668074,"inc_noncap"
"SK_2023","g_top_wt_over_nwx",0.288016528234048,0.0473975025305207,0.195117423274228,0.380915633193869,"inc_noncap"
"SK_2023","g_top_wt_volshare",0.381264826900834,0.0359843205084908,0.310735558704192,0.451794095097476,"inc_noncap"
"SK_2023","g_top_gini_nwx",0.63829249059232,0.0387941002127429,0.562256054175344,0.714328927009296,"inc_noncap"
"SK_2023","g_top_gini_nw",0.460060124784726,0.0211077488529399,0.418688937032963,0.501431312536488,"inc_noncap"
"SK_2023","g_top_cv2_nwx",3.30879233746789,0.873380678593966,1.59696620742371,5.02061846751206,"inc_noncap"
"SK_2023","g_top_cv2_nw",1.77203003232212,0.496160872387668,0.799554722442295,2.74450534220195,"inc_noncap"
"SK_2023","g_top_var_nwx",125366082817.094,38121634543.3517,50647679112.1248,200084486522.063,"inc_noncap"
"SK_2023","g_top_var_nw",111337261641.298,36722826277.8445,39360522136.7227,183314001145.873,"inc_noncap"
"SK_2023","g_top_d_gini",-0.178232365807594,0.0365463264139549,-0.249863165578946,-0.106601566036243,"inc_noncap"
"SK_2023","g_top_r_gini",0.720740526773484,0.0424436335855807,0.637551004945746,0.803930048601222,"inc_noncap"
"SK_2023","g_top_d_cv2",-1.53676230514576,0.501464000681457,-2.51963174648142,-0.553892863810108,"inc_noncap"
"SK_2023","g_top_d_var",-14028821175.7962,9680077090.74681,-33001772273.66,4944129922.06751,"inc_noncap"
"SK_2023","did_gini",-0.189342054726062,0.0776890911928877,-0.341612673464122,-0.0370714359880023,"inc_noncap"
"SK_2023","did_cv2",-0.57245339414183,0.738551276429208,-2.02001389594308,0.875107107659418,"inc_noncap"
"SK_2023","did_var",9989107954.45347,9727019039.85511,-9075849363.66255,29054065272.5695,"inc_noncap"
"SK_2023","rratio_gini",0.775329915648916,0.0837640197408258,0.611152436956897,0.939507394340934,"inc_noncap"
"AT_2023","g_bottom_wshare",0.333083877342102,0.000517604320571076,0.332069372873783,0.334098381810421,"inc_total"
"AT_2023","g_bottom_mean_nwx",-108503.037909368,43490.8057195903,-193745.017119766,-23261.0586989714,"inc_total"
"AT_2023","g_bottom_mean_nw",129660.029373202,8928.39961812508,112160.366121677,147159.692624727,"inc_total"
"AT_2023","g_bottom_mean_wt",238163.067282571,44555.4021755149,150834.479018562,325491.65554658,"inc_total"
"AT_2023","g_bottom_wt_over_nwx",NA,NA,NA,NA,"inc_total"
"AT_2023","g_bottom_wt_volshare",0.202006430707109,0.0493908353595383,0.105200393402414,0.298812468011804,"inc_total"
"AT_2023","g_bottom_gini_nwx",NA,NA,NA,NA,"inc_total"
"AT_2023","g_bottom_gini_nw",0.767557157561399,0.0117332555140976,0.744559976753768,0.79055433836903,"inc_total"
"AT_2023","g_bottom_cv2_nwx",89.6191992618105,120.641580561431,-146.838298638593,326.076697162214,"inc_total"
"AT_2023","g_bottom_cv2_nw",4.77966501250108,1.07260942353665,2.67735054236923,6.88197948263292,"inc_total"
"AT_2023","g_bottom_var_nwx",1023158503178.49,529935806784.385,-15515678118.905,2061832684475.88,"inc_total"
"AT_2023","g_bottom_var_nw",80482070813.8841,24248002954.7877,32955985022.5002,128008156605.268,"inc_total"
"AT_2023","g_bottom_d_gini",NA,NA,NA,NA,"inc_total"
"AT_2023","g_bottom_r_gini",NA,NA,NA,NA,"inc_total"
"AT_2023","g_bottom_d_cv2",-84.8395342493094,120.640939689579,-321.295776040884,151.616707542265,"inc_total"
"AT_2023","g_bottom_d_var",-942676432364.605,520691060930.278,-1963230911787.95,77878047058.7404,"inc_total"
"AT_2023","g_middle_wshare",0.333465728869134,0.000684705319503119,0.332123706442908,0.33480775129536,"inc_total"
"AT_2023","g_middle_mean_nwx",-31413.2560199697,56384.0122592686,-141925.920048136,79099.4080081967,"inc_total"
"AT_2023","g_middle_mean_nw",264051.297417063,19382.2298565024,226062.126898319,302040.467935808,"inc_total"
"AT_2023","g_middle_mean_wt",295464.553437033,58281.7737636799,181232.276860221,409696.830013846,"inc_total"
"AT_2023","g_middle_wt_over_nwx",NA,NA,NA,NA,"inc_total"
"AT_2023","g_middle_wt_volshare",0.250802679057176,0.0590873912337918,0.134991392238944,0.366613965875408,"inc_total"
"AT_2023","g_middle_gini_nwx",NA,NA,NA,NA,"inc_total"
"AT_2023","g_middle_gini_nw",0.663657728179284,0.0160554597887754,0.632189026993285,0.695126429365284,"inc_total"
"AT_2023","g_middle_cv2_nwx",3263.46269766701,11169910.4074027,-21889760.9358116,21896287.8612069,"inc_total"
"AT_2023","g_middle_cv2_nw",2.62090598610717,0.482986895625731,1.67425167068074,3.56756030153361,"inc_total"
"AT_2023","g_middle_var_nwx",1752701096778.03,1587148484000.59,-1358109931863.12,4863512125419.18,"inc_total"
"AT_2023","g_middle_var_nw",183765241296.845,56457290112.8466,73108952675.6658,294421529918.024,"inc_total"
"AT_2023","g_middle_d_gini",NA,NA,NA,NA,"inc_total"
"AT_2023","g_middle_r_gini",NA,NA,NA,NA,"inc_total"
"AT_2023","g_middle_d_cv2",-3260.8417916809,11169910.4034802,-21896285.2326128,21889763.5490295,"inc_total"
"AT_2023","g_middle_d_var",-1568935855481.18,1572484573829.31,-4651005620186.64,1513133909224.27,"inc_total"
"AT_2023","g_top_wshare",0.333450393788764,0.000543296404121663,0.332385532836685,0.334515254740842,"inc_total"
"AT_2023","g_top_mean_nwx",-31924.8239056171,279492.371833722,-579729.872699712,515880.224888478,"inc_total"
"AT_2023","g_top_mean_nw",620453.691266537,52962.5160315655,516647.159844669,724260.222688406,"inc_total"
"AT_2023","g_top_mean_wt",652378.515172155,274914.978830093,113545.156665172,1191211.87367914,"inc_total"
"AT_2023","g_top_wt_over_nwx",11.6847413988339,236.078169625442,-451.028471067032,474.3979538647,"inc_total"
"AT_2023","g_top_wt_volshare",0.547190890235715,0.089490703798447,0.371789110790759,0.722592669680671,"inc_total"
"AT_2023","g_top_gini_nwx",12.2647050906766,247.763412253101,-473.351582925401,497.880993106754,"inc_total"
"AT_2023","g_top_gini_nw",0.601763687804559,0.029477511934035,0.54398776441385,0.659539611195268,"inc_total"
"AT_2023","g_top_cv2_nwx",5280.7063981339,88685883.7221825,-173819051.38908,173829612.801876,"inc_total"
"AT_2023","g_top_cv2_nw",4.09216665244638,2.64110099218294,-1.08439129223219,9.26872459712495,"inc_total"
"AT_2023","g_top_var_nwx",24905717031735.8,29972607392389.3,-33840593457347.3,83652027520818.8,"inc_total"
"AT_2023","g_top_var_nw",1626565544116.77,1355324929273.4,-1029871317259.1,4283002405492.65,"inc_total"
"AT_2023","g_top_d_gini",-11.6572941562442,247.763497855049,-497.273749952139,473.959161639651,"inc_total"
"AT_2023","g_top_r_gini",0.0616518896297817,0.139997038767926,-0.212742306355354,0.336046085614918,"inc_total"
"AT_2023","g_top_d_cv2",-5276.61423148145,88685883.7377716,-173829608.740264,173819055.511801,"inc_total"
"AT_2023","g_top_d_var",-23279151487619,30084314873575,-82244408639826.1,35686105664588.1,"inc_total"
"AT_2023","did_gini",NA,NA,NA,NA,"inc_total"
"AT_2023","did_cv2",5191.77469723214,88685881.83809,-173819136.627959,173829520.177354,"inc_total"
"AT_2023","did_var",22336475055254.4,30085780256337.5,-36631654247167.1,81304604357675.8,"inc_total"
"AT_2023","rratio_gini",NA,NA,NA,NA,"inc_total"
"BE_2023","g_bottom_wshare",0.332807329394707,0.00153969647945216,0.32978952429498,0.335825134494433,"inc_total"
"BE_2023","g_bottom_mean_nwx",156848.460242901,15235.9855537238,126985.928557603,186710.9919282,"inc_total"
"BE_2023","g_bottom_mean_nw",225670.245035584,16387.3638440655,193551.011901216,257789.478169953,"inc_total"
"BE_2023","g_bottom_mean_wt",68821.7847926829,11455.412880656,46369.1755465971,91274.3940387687,"inc_total"
"BE_2023","g_bottom_wt_over_nwx",0.438740420100975,0.0975207983286022,0.247599655376915,0.629881184825035,"inc_total"
"BE_2023","g_bottom_wt_volshare",0.237220265823263,0.0578028803272689,0.123926620381816,0.35051391126471,"inc_total"
"BE_2023","g_bottom_gini_nwx",0.898014508626308,0.0813009670916091,0.738664613126754,1.05736440412586,"inc_total"
"BE_2023","g_bottom_gini_nw",0.648156788074768,0.0177873725320587,0.613293537911933,0.683020038237603,"inc_total"
"BE_2023","g_bottom_cv2_nwx",4.57134813004265,1.30087722690663,2.02162876530566,7.12106749477964,"inc_total"
"BE_2023","g_bottom_cv2_nw",2.22694786899808,0.490259761637517,1.26603873618855,3.18785700180762,"inc_total"
"BE_2023","g_bottom_var_nwx",112517977000.681,34638066579.3088,44627366505.2362,180408587496.127,"inc_total"
"BE_2023","g_bottom_var_nw",113437898556.273,32844439691.2585,49062796761.4065,177813000351.14,"inc_total"
"BE_2023","g_bottom_d_gini",-0.24985772055154,0.0816879365338106,-0.409966076157809,-0.0897493649452711,"inc_total"
"BE_2023","g_bottom_r_gini",0.722121810788629,0.0623353525494757,0.599944519791657,0.844299101785601,"inc_total"
"BE_2023","g_bottom_d_cv2",-2.34440026104456,1.01390511898411,-4.33165429425341,-0.357146227835717,"inc_total"
"BE_2023","g_bottom_d_var",919921555.591751,9808705827.7185,-18305141866.7365,20144984977.92,"inc_total"
"BE_2023","g_middle_wshare",0.333068413729354,0.00265685835694551,0.327860971349741,0.338275856108967,"inc_total"
"BE_2023","g_middle_mean_nwx",231092.159261086,19907.4480134382,192073.561154747,270110.757367425,"inc_total"
"BE_2023","g_middle_mean_nw",321260.939519938,21626.6393369908,278872.726419436,363649.15262044,"inc_total"
"BE_2023","g_middle_mean_wt",90168.7802588524,14694.5853766645,61367.3929205899,118970.167597115,"inc_total"
"BE_2023","g_middle_wt_over_nwx",0.390503398250555,0.0791957778383805,0.23527967368733,0.545727122813781,"inc_total"
"BE_2023","g_middle_wt_volshare",0.311056397475495,0.0774640907441327,0.159226779616995,0.462886015333995,"inc_total"
"BE_2023","g_middle_gini_nwx",0.778746827959616,0.079647381522272,0.622637960175963,0.934855695743269,"inc_total"
"BE_2023","g_middle_gini_nw",0.556711919274707,0.01839819179859,0.520651463349471,0.592772375199944,"inc_total"
"BE_2023","g_middle_cv2_nwx",3.76243677905227,1.33802260725708,1.13991246882839,6.38496108927615,"inc_total"
"BE_2023","g_middle_cv2_nw",1.50376538012617,0.195921883172113,1.11975848910883,1.88777227114351,"inc_total"
"BE_2023","g_middle_var_nwx",200169010704.902,57394316029.6812,87676151286.7274,312661870123.078,"inc_total"
"BE_2023","g_middle_var_nw",155294964353.742,27154964047.6281,102071234820.391,208518693887.093,"inc_total"
"BE_2023","g_middle_d_gini",-0.222034908684909,0.0758662985270201,-0.370732853797868,-0.0733369635719491,"inc_total"
"BE_2023","g_middle_r_gini",0.715614484168721,0.0692039822634627,0.579974678932334,0.851254289405108,"inc_total"
"BE_2023","g_middle_d_cv2",-2.2586713989261,1.28875155158041,-4.7846244400237,0.267281642171495,"inc_total"
"BE_2023","g_middle_d_var",-44874046351.1601,48711783823.0625,-140349142644.363,50601049942.0423,"inc_total"
"BE_2023","g_top_wshare",0.334124256875939,0.00204852583565836,0.330109146238049,0.33813936751383,"inc_total"
"BE_2023","g_top_mean_nwx",556799.979591276,85079.2330653923,390044.682783107,723555.276399445,"inc_total"
"BE_2023","g_top_mean_nw",687342.095874227,78933.5231780317,532632.390445285,842051.801303169,"inc_total"
"BE_2023","g_top_mean_wt",130542.116282951,87684.2467606723,-41319.0073679668,302403.239933869,"inc_total"
"BE_2023","g_top_wt_over_nwx",0.234513808872135,0.233742535779075,-0.223621561254853,0.692649178999122,"inc_total"
"BE_2023","g_top_wt_volshare",0.451723336701242,0.120656931674902,0.215235750618435,0.68821092278405,"inc_total"
"BE_2023","g_top_gini_nwx",0.651443229959909,0.254153890746631,0.153301604096512,1.14958485582331,"inc_total"
"BE_2023","g_top_gini_nw",0.534940452086156,0.0353827181825858,0.465590324448288,0.604290579724024,"inc_total"
"BE_2023","g_top_cv2_nwx",4.45558218412421,5.32516297527312,-5.9817372474111,14.8929016156595,"inc_total"
"BE_2023","g_top_cv2_nw",2.63817352405143,1.07493011675944,0.531310495202941,4.74503655289993,"inc_total"
"BE_2023","g_top_var_nwx",1380487335023.51,1180188940591.34,-932682988535.531,3693657658582.54,"inc_total"
"BE_2023","g_top_var_nw",1246205879659.76,893026496571.367,-504126053620.123,2996537812939.63,"inc_total"
"BE_2023","g_top_d_gini",-0.116502777873753,0.241455721194597,-0.589755991415163,0.356750435667657,"inc_total"
"BE_2023","g_top_r_gini",0.821311792380219,0.177105364310116,0.474185278332392,1.16843830642805,"inc_total"
"BE_2023","g_top_d_cv2",-1.81740866007278,5.1494176354728,-11.9102672255995,8.2754499054539,"inc_total"
"BE_2023","g_top_d_var",-134281455363.75,585980153756.842,-1282802556727.16,1014239645999.66,"inc_total"
"BE_2023","did_gini",-0.133354942677787,0.250361784834647,-0.624064040953695,0.357354155598121,"inc_total"
"BE_2023","did_cv2",-0.526991600971783,5.22606090658786,-10.770070977884,9.71608777594041,"inc_total"
"BE_2023","did_var",135201376919.342,585561281416.934,-1012498734657.85,1282901488496.53,"inc_total"
"BE_2023","rratio_gini",0.879214680663079,0.327510240179982,0.237294609910315,1.52113475141584,"inc_total"
"CY_2023","g_bottom_wshare",0.330324282240319,0.00403844024716309,0.32240893935588,0.338239625124759,"inc_total"
"CY_2023","g_bottom_mean_nwx",125691.638878345,32959.7251736496,61090.577537992,190292.700218698,"inc_total"
"CY_2023","g_bottom_mean_nw",185996.025157675,33038.6515108165,121240.268196475,250751.782118876,"inc_total"
"CY_2023","g_bottom_mean_wt",60304.3862793299,12079.8429878143,36627.8940232138,83980.878535446,"inc_total"
"CY_2023","g_bottom_wt_over_nwx",0.490631328793338,0.172725459668932,0.152089427842232,0.829173229744445,"inc_total"
"CY_2023","g_bottom_wt_volshare",0.174432093833639,0.0331965015950175,0.109366950707404,0.239497236959873,"inc_total"
"CY_2023","g_bottom_gini_nwx",1.03342159156164,0.159481159648497,0.720838518650589,1.3460046644727,"inc_total"
"CY_2023","g_bottom_gini_nw",0.692237295229853,0.038569486592143,0.616641101509252,0.767833488950453,"inc_total"
"CY_2023","g_bottom_cv2_nwx",7.60937774936445,2.60767013071397,2.49834429316506,12.7204112055638,"inc_total"
"CY_2023","g_bottom_cv2_nw",3.74556993610912,1.39714642076314,1.00716295141336,6.48397692080488,"inc_total"
"CY_2023","g_bottom_var_nwx",125483792602.541,94956585753.436,-60631115474.1939,311598700679.275,"inc_total"
"CY_2023","g_bottom_var_nw",134364498008.947,96668644878.3889,-55106045952.6953,323835041970.589,"inc_total"
"CY_2023","g_bottom_d_gini",-0.341184296331791,0.161410429560117,-0.65754873826962,-0.0248198543939617,"inc_total"
"CY_2023","g_bottom_r_gini",0.673335448914843,0.0987167826848896,0.479850554852459,0.866820342977227,"inc_total"
"CY_2023","g_bottom_d_cv2",-3.86380781325533,1.90927237095396,-7.60598166032509,-0.121633966185571,"inc_total"
"CY_2023","g_bottom_d_var",8880705406.40638,12372215627.7077,-15368837223.9007,33130248036.7135,"inc_total"
"CY_2023","g_middle_wshare",0.335684717243908,0.0048382323770968,0.326201781784799,0.345167652703018,"inc_total"
"CY_2023","g_middle_mean_nwx",200966.953384659,28753.729869769,144609.642839912,257324.263929407,"inc_total"
"CY_2023","g_middle_mean_nw",311749.125572562,27795.0964305057,257270.736568771,366227.514576353,"inc_total"
"CY_2023","g_middle_mean_wt",110782.172187903,16873.5954481392,77709.9251095501,143854.419266256,"inc_total"
"CY_2023","g_middle_wt_over_nwx",0.553668745122801,0.144665464263654,0.270124435166039,0.837213055079563,"inc_total"
"CY_2023","g_middle_wt_volshare",0.325784214198761,0.046248929210273,0.235136312946626,0.416432115450896,"inc_total"
"CY_2023","g_middle_gini_nwx",0.932511304132796,0.136183041843818,0.665592542118912,1.19943006614668,"inc_total"
"CY_2023","g_middle_gini_nw",0.544034834298112,0.0361337486329889,0.473212686977453,0.61485698161877,"inc_total"
"CY_2023","g_middle_cv2_nwx",3.77191178823126,1.27216043332418,1.27847733891587,6.26534623754666,"inc_total"
"CY_2023","g_middle_cv2_nw",1.5031035674902,0.359058979207884,0.799347968242748,2.20685916673765,"inc_total"
"CY_2023","g_middle_var_nwx",151222223928.772,35801003934.8618,81052256216.4426,221392191641.101,"inc_total"
"CY_2023","g_middle_var_nw",146092520774.736,45873407163.9281,56180642733.4367,236004398816.035,"inc_total"
"CY_2023","g_middle_d_gini",-0.388476469834684,0.125712546357231,-0.634873060694858,-0.142079878974511,"inc_total"
"CY_2023","g_middle_r_gini",0.584445152491523,0.0727992407053461,0.441758640709044,0.727131664274001,"inc_total"
"CY_2023","g_middle_d_cv2",-2.26880822074106,1.13607885720765,-4.49552278086806,-0.0420936606140683,"inc_total"
"CY_2023","g_middle_d_var",-5129703154.03587,19618821296.4881,-43582592895.1525,33323186587.0808,"inc_total"
"CY_2023","g_top_wshare",0.333991000515772,0.00199403760094753,0.330082686817915,0.33789931421363,"inc_total"
"CY_2023","g_top_mean_nwx",501059.053322794,50606.1092104101,401871.079270391,600247.027375198,"inc_total"
"CY_2023","g_top_mean_nw",671962.13978026,48223.8747075397,577443.345353482,766480.934207038,"inc_total"
"CY_2023","g_top_mean_wt",170903.086457466,27898.6681914846,116221.696802156,225584.476112776,"inc_total"
"CY_2023","g_top_wt_over_nwx",0.34170169642903,0.0778317621542999,0.189151442606602,0.494251950251458,"inc_total"
"CY_2023","g_top_wt_volshare",0.4997836919676,0.0527319029836762,0.396429162119595,0.603138221815606,"inc_total"
"CY_2023","g_top_gini_nwx",0.692887562435923,0.0668104477039113,0.561939084936257,0.823836039935589,"inc_total"
"CY_2023","g_top_gini_nw",0.501852300711218,0.0255225334605888,0.451828135128464,0.551876466293972,"inc_total"
"CY_2023","g_top_cv2_nwx",2.58738687370932,0.606857001285282,1.39794715119017,3.77682659622847,"inc_total"
"CY_2023","g_top_cv2_nw",1.41354012202024,0.284263596151219,0.856383473563849,1.97069677047663,"inc_total"
"CY_2023","g_top_var_nwx",653205885286.796,183592720499.181,293364153108.401,1013047617465.19,"inc_total"
"CY_2023","g_top_var_nw",641743959040.062,185152777383.843,278844515367.729,1004643402712.4,"inc_total"
"CY_2023","g_top_d_gini",-0.191035261724705,0.0652107085409838,-0.318848250465034,-0.0632222729843771,"inc_total"
"CY_2023","g_top_r_gini",0.724457554761536,0.0679876852045397,0.591201691760638,0.857713417762433,"inc_total"
"CY_2023","g_top_d_cv2",-1.17384675168908,0.499454193266577,-2.15277697049157,-0.194916532886591,"inc_total"
"CY_2023","g_top_d_var",-11461926246.7337,64994248260.3467,-138850652837.013,115926800343.546,"inc_total"
"CY_2023","did_gini",-0.150149034607086,0.173141604134611,-0.489506578710924,0.189208509496752,"inc_total"
"CY_2023","did_cv2",-2.68996106156625,2.01430077421082,-6.63799057901945,1.25806845588695,"inc_total"
"CY_2023","did_var",20342631653.1401,66575879588.7226,-110146092340.756,150831355647.036,"inc_total"
"CY_2023","rratio_gini",0.929408697038832,0.161180306763377,0.613495295782613,1.24532209829505,"inc_total"
"DE_2023","g_bottom_wshare",0.33236100802926,0.00379704643682453,0.324918797013084,0.339803219045436,"inc_total"
"DE_2023","g_bottom_mean_nwx",79272.7071230411,36646.1007196563,7446.34971251474,151099.064533567,"inc_total"
"DE_2023","g_bottom_mean_nw",137626.20010526,35302.838815867,68432.636026161,206819.76418436,"inc_total"
"DE_2023","g_bottom_mean_wt",58353.4929822193,13900.9163466058,31107.6969428719,85599.2890215667,"inc_total"
"DE_2023","g_bottom_wt_over_nwx",0.746773094141651,0.384076149472169,-0.00601615882380069,1.4995623471071,"inc_total"
"DE_2023","g_bottom_wt_volshare",0.189252606047206,0.0474092176822025,0.0963305393900895,0.282174672704323,"inc_total"
"DE_2023","g_bottom_gini_nwx",1.5593569982477,0.439419726701603,0.698094333912556,2.42061966258284,"inc_total"
"DE_2023","g_bottom_gini_nw",0.796132499967013,0.0320043847322436,0.733403905891816,0.85886109404221,"inc_total"
"DE_2023","g_bottom_cv2_nwx",29.153558894142,31.0452566627969,-31.69514416494,90.002261953224,"inc_total"
"DE_2023","g_bottom_cv2_nw",6.91636216763952,5.12510975522766,-3.1288529526067,16.9615772878857,"inc_total"
"DE_2023","g_bottom_var_nwx",181216054449.544,227252092488.754,-264198046828.414,626630155727.502,"inc_total"
"DE_2023","g_bottom_var_nw",132402124096.874,231012670902.294,-320382710871.623,585186959065.371,"inc_total"
"DE_2023","g_bottom_d_gini",-0.763224498280684,0.451444543974091,-1.6480558044699,0.121606807908534,"inc_total"
"DE_2023","g_bottom_r_gini",0.517027098528477,0.147366393721595,0.228188966834152,0.805865230222802,"inc_total"
"DE_2023","g_bottom_d_cv2",-22.2371967265025,30.9283797182393,-82.8568209742514,38.3824275212464,"inc_total"
"DE_2023","g_bottom_d_var",-48813930352.6702,38996704371.9246,-125247470921.642,27619610216.3021,"inc_total"
"DE_2023","g_middle_wshare",0.33409687871911,0.00371489359469518,0.326815687273507,0.341378070164712,"inc_total"
"DE_2023","g_middle_mean_nwx",119911.314445214,35792.8816352168,49757.2664401889,190065.362450239,"inc_total"
"DE_2023","g_middle_mean_nw",226011.366661054,25697.926200141,175643.431308778,276379.302013331,"inc_total"
"DE_2023","g_middle_mean_wt",106100.05221584,27601.1299507423,52001.8375123855,160198.266919295,"inc_total"
"DE_2023","g_middle_wt_over_nwx",0.889699609729447,0.521394702479261,-0.132234007129904,1.9116332265888,"inc_total"
"DE_2023","g_middle_wt_volshare",0.346480783313069,0.0671984037384469,0.214771911985713,0.478189654640424,"inc_total"
"DE_2023","g_middle_gini_nwx",1.60510103362828,0.61744996363683,0.394899104900097,2.81530296235647,"inc_total"
"DE_2023","g_middle_gini_nw",0.706159360954719,0.0309222488918683,0.645551753126657,0.766766968782781,"inc_total"
"DE_2023","g_middle_cv2_nwx",31.4437804437496,107.221241018096,-178.709851951719,241.597412839219,"inc_total"
"DE_2023","g_middle_cv2_nw",4.11680824333516,1.32611796219718,1.5176170374287,6.71599944924163,"inc_total"
"DE_2023","g_middle_var_nwx",439582897396.935,164615308894.752,116936891963.221,762228902830.648,"inc_total"
"DE_2023","g_middle_var_nw",210191376335.426,110779917863.61,-6937262677.24936,427320015348.1,"inc_total"
"DE_2023","g_middle_d_gini",-0.898941672673566,0.621135817948947,-2.1163678758535,0.318484530506371,"inc_total"
"DE_2023","g_middle_r_gini",0.442356045719773,0.150546783097184,0.147284350849294,0.737427740590253,"inc_total"
"DE_2023","g_middle_d_cv2",-27.3269722004144,107.225930855312,-237.489796676827,182.835852275998,"inc_total"
"DE_2023","g_middle_d_var",-229391521061.509,133394131835.604,-490844019459.293,32060977336.2745,"inc_total"
"DE_2023","g_top_wshare",0.33354211325163,0.00144035388878651,0.330719019629609,0.336365206873652,"inc_total"
"DE_2023","g_top_mean_nwx",471885.812224069,33913.5128109559,405415.327114596,538356.297333543,"inc_total"
"DE_2023","g_top_mean_nw",614292.599262074,37387.3311254367,541013.430256218,687571.768267929,"inc_total"
"DE_2023","g_top_mean_wt",142406.787038004,24628.3021119239,94135.3148986334,190678.259177375,"inc_total"
"DE_2023","g_top_wt_over_nwx",0.301835337646765,0.0588042752774447,0.186578958102973,0.417091717190556,"inc_total"
"DE_2023","g_top_wt_volshare",0.464266610639725,0.0558973510763635,0.354707802530053,0.573825418749398,"inc_total"
"DE_2023","g_top_gini_nwx",0.820670365491025,0.0581803680739303,0.706636844066121,0.934703886915928,"inc_total"
"DE_2023","g_top_gini_nw",0.603378418404767,0.0271501705046417,0.550164084215669,0.656592752593865,"inc_total"
"DE_2023","g_top_cv2_nwx",7.55657022176035,2.3749073003935,2.90175191298909,12.2113885305316,"inc_total"
"DE_2023","g_top_cv2_nw",2.40572092931234,0.320693106437009,1.7771624406958,3.03427941792888,"inc_total"
"DE_2023","g_top_var_nwx",1682168147971.01,474365804587.551,752411170979.409,2611925124962.61,"inc_total"
"DE_2023","g_top_var_nw",907749778740.138,150803123033.88,612175657593.734,1203323899886.54,"inc_total"
"DE_2023","g_top_d_gini",-0.217291947086258,0.062595428441598,-0.33997898683179,-0.0946049073407259,"inc_total"
"DE_2023","g_top_r_gini",0.735289168996502,0.0642859632612276,0.609288681004496,0.861289656988508,"inc_total"
"DE_2023","g_top_d_cv2",-5.15084929244801,2.39066943137199,-9.83656137793711,-0.465137206958903,"inc_total"
"DE_2023","g_top_d_var",-774418369230.871,447523668422.626,-1651564759339.22,102728020877.476,"inc_total"
"DE_2023","did_gini",-0.545932551194426,0.438254762537388,-1.40491188576771,0.313046783378855,"inc_total"
"DE_2023","did_cv2",-17.0863474340545,30.7702963773683,-77.3961283336964,43.2234334655874,"inc_total"
"DE_2023","did_var",725604438878.201,436870044328.368,-130660848005.4,1581869725761.8,"inc_total"
"DE_2023","rratio_gini",0.703213727758349,0.175945344493314,0.358360852551453,1.04806660296524,"inc_total"
"EE_2023","g_bottom_wshare",0.333219027837274,0.000557722204500455,0.332125892316453,0.334312163358095,"inc_total"
"EE_2023","g_bottom_mean_nwx",85850.081442935,10987.6116346898,64314.362638943,107385.800246927,"inc_total"
"EE_2023","g_bottom_mean_nw",96624.5114601035,10795.4356597846,75465.4575669257,117783.565353281,"inc_total"
"EE_2023","g_bottom_mean_wt",10774.4300171685,2670.81063465956,5539.64117323573,16009.2188611012,"inc_total"
"EE_2023","g_bottom_wt_over_nwx",0.12564860558504,0.0393540637162079,0.0485146407012723,0.202782570468807,"inc_total"
"EE_2023","g_bottom_wt_volshare",0.174281578187734,0.0411816340577965,0.0935655754344531,0.254997580941016,"inc_total"
"EE_2023","g_bottom_gini_nwx",0.760667543236908,0.0506671130063722,0.661360001744419,0.859975084729398,"inc_total"
"EE_2023","g_bottom_gini_nw",0.659768394995002,0.0333287738105581,0.594443998326308,0.725092791663696,"inc_total"
"EE_2023","g_bottom_cv2_nwx",7.03843092603266,3.45076204640954,0.27493731506996,13.8019245369954,"inc_total"
"EE_2023","g_bottom_cv2_nw",5.49741474688734,2.81404037777475,-0.0181043935511687,11.0129338873259,"inc_total"
"EE_2023","g_bottom_var_nwx",52693837851.2213,36070351823.9462,-18004051723.7133,123391727426.156,"inc_total"
"EE_2023","g_bottom_var_nw",52090230246.4136,36174780788.3152,-18812340098.6841,122992800591.511,"inc_total"
"EE_2023","g_bottom_d_gini",-0.100899148241907,0.0453987291574266,-0.189880657390463,-0.0119176390933503,"inc_total"
"EE_2023","g_bottom_r_gini",0.867309718530897,0.0512488744092572,0.766861924688753,0.967757512373042,"inc_total"
"EE_2023","g_bottom_d_cv2",-1.54101617914532,0.863064539218181,-3.23262267601296,0.150590317722312,"inc_total"
"EE_2023","g_bottom_d_var",-603607604.807649,2298752648.80888,-5109162796.47306,3901947586.85776,"inc_total"
"EE_2023","g_middle_wshare",0.333354093903245,0.00066883425740994,0.332043178758722,0.334665009047768,"inc_total"
"EE_2023","g_middle_mean_nwx",123961.57422107,7939.49314940039,108400.167648245,139522.980793895,"inc_total"
"EE_2023","g_middle_mean_nw",140876.040736742,7975.50604268424,125244.048893081,156508.032580403,"inc_total"
"EE_2023","g_middle_mean_wt",16914.4665156719,2859.05434328505,11310.7200028332,22518.2130285106,"inc_total"
"EE_2023","g_middle_wt_over_nwx",0.136489403661919,0.0265666409607175,0.0844187873789126,0.188560019944925,"inc_total"
"EE_2023","g_middle_wt_volshare",0.27371039793142,0.047333068125544,0.180937584405354,0.366483211457486,"inc_total"
"EE_2023","g_middle_gini_nwx",0.635970484740926,0.0261054282008813,0.584803845467198,0.687137124014653,"inc_total"
"EE_2023","g_middle_gini_nw",0.554250489866894,0.0184474643530309,0.518093459734953,0.590407519998835,"inc_total"
"EE_2023","g_middle_cv2_nwx",2.51435867331722,1.01411549230209,0.526692308405126,4.50202503822931,"inc_total"
"EE_2023","g_middle_cv2_nw",1.91096535671483,0.792519449028003,0.357627236619949,3.46430347680972,"inc_total"
"EE_2023","g_middle_var_nwx",38884588495.1622,18635202574.0061,2359591450.11012,75409585540.2142,"inc_total"
"EE_2023","g_middle_var_nw",38145505448.2886,18494283685.0058,1896709425.67722,74394301470.9,"inc_total"
"EE_2023","g_middle_d_gini",-0.0817199948740317,0.0203668336770169,-0.121638988880985,-0.0418010008670785,"inc_total"
"EE_2023","g_middle_r_gini",0.871483705852859,0.0284864129201565,0.815650336529352,0.927317075176366,"inc_total"
"EE_2023","g_middle_d_cv2",-0.603393316602381,0.261903846167826,-1.11672485509132,-0.0900617781134425,"inc_total"
"EE_2023","g_middle_d_var",-739083046.873554,1214905142.20731,-3120297125.59988,1642131031.85277,"inc_total"
"EE_2023","g_top_wshare",0.333426878259481,0.000628147079234653,0.332195709984181,0.334658046534781,"inc_total"
"EE_2023","g_top_mean_nwx",359228.401615679,33918.1566685175,292748.814545384,425707.988685973,"inc_total"
"EE_2023","g_top_mean_nw",393333.358511826,34031.036120034,326632.52771656,460034.189307093,"inc_total"
"EE_2023","g_top_mean_wt",34104.9568961478,6772.1131601869,20831.6151021815,47378.2986901141,"inc_total"
"EE_2023","g_top_wt_over_nwx",0.0949524842206074,0.0222463674197727,0.0513496040778528,0.138555364363362,"inc_total"
"EE_2023","g_top_wt_volshare",0.552008023880846,0.0588248086559504,0.436711398915183,0.667304648846509,"inc_total"
"EE_2023","g_top_gini_nwx",0.676185310344814,0.0373223060223749,0.60303359054096,0.749337030148669,"inc_total"
"EE_2023","g_top_gini_nw",0.604855283614578,0.0297059982866116,0.546631526972819,0.663079040256336,"inc_total"
"EE_2023","g_top_cv2_nwx",8.86339313357681,2.40931004008117,4.14114545501772,13.5856408121359,"inc_total"
"EE_2023","g_top_cv2_nw",7.45651744167931,2.14611397918829,3.25013404247026,11.6629008408884,"inc_total"
"EE_2023","g_top_var_nwx",1144170581599.75,446831363829.501,268381108493.932,2019960054705.57,"inc_total"
"EE_2023","g_top_var_nw",1153974946106.88,473112639552.129,226674172584.71,2081275719629.06,"inc_total"
"EE_2023","g_top_d_gini",-0.0713300267302366,0.0275975498155434,-0.125421224368702,-0.0172388290917715,"inc_total"
"EE_2023","g_top_r_gini",0.89451928336627,0.0365666423007148,0.822848664456869,0.966189902275671,"inc_total"
"EE_2023","g_top_d_cv2",-1.4068756918975,0.614798311555149,-2.61188038254559,-0.201871001249409,"inc_total"
"EE_2023","g_top_d_var",9804364507.12934,49044104126.4997,-86322079580.8101,105930808595.069,"inc_total"
"EE_2023","did_gini",-0.0295691215116699,0.0530402428257146,-0.13352799745007,0.0743897544267307,"inc_total"
"EE_2023","did_cv2",-0.134140487247823,1.05937384558701,-2.21051322459835,1.94223225010271,"inc_total"
"EE_2023","did_var",-10407972111.937,49126746676.5799,-106696395598.034,85880451374.1595,"inc_total"
"EE_2023","rratio_gini",0.969587601151204,0.0706510758623153,0.831111492461066,1.10806370984134,"inc_total"
"ES_2023","g_bottom_wshare",0.333258369740411,0.00139085403365602,0.330532295834445,0.335984443646377,"inc_total"
"ES_2023","g_bottom_mean_nwx",41308.7257919224,8308.07939076772,25024.8901860177,57592.5613978271,"inc_total"
"ES_2023","g_bottom_mean_nw",111729.119715438,4770.96814241502,102378.022156305,121080.217274572,"inc_total"
"ES_2023","g_bottom_mean_wt",70420.3939235161,8648.85324500536,53468.6415633056,87372.1462837266,"inc_total"
"ES_2023","g_bottom_wt_over_nwx",1.7055439050454,0.750605876029095,0.234356388028369,3.17673142206242,"inc_total"
"ES_2023","g_bottom_wt_volshare",0.164056976618584,0.0278779401174856,0.109416213988313,0.218697739248856,"inc_total"
"ES_2023","g_bottom_gini_nwx",2.19358401003581,0.820792594600896,0.584830524618054,3.80233749545357,"inc_total"
"ES_2023","g_bottom_gini_nw",0.651403772781246,0.0116215971358371,0.628625442395005,0.674182103167487,"inc_total"
"ES_2023","g_bottom_cv2_nwx",57.0672521229774,101.782926843817,-142.427284490904,256.561788736858,"inc_total"
"ES_2023","g_bottom_cv2_nw",2.20643232680627,0.227851851710925,1.75984269745286,2.65302195615969,"inc_total"
"ES_2023","g_bottom_var_nwx",97228897443.6264,32844132370.2554,32854397997.9257,161603396889.327,"inc_total"
"ES_2023","g_bottom_var_nw",27545087036.5662,3950010668.43376,19803066126.4361,35287107946.6964,"inc_total"
"ES_2023","g_bottom_d_gini",-1.54218023725456,0.820598090959145,-3.15055249553449,0.0661920210253599,"inc_total"
"ES_2023","g_bottom_r_gini",0.297090656396551,0.0788049801067341,0.142632895387352,0.451548417405749,"inc_total"
"ES_2023","g_bottom_d_cv2",-54.8608197961712,101.775789767336,-254.34136774015,144.619728147807,"inc_total"
"ES_2023","g_bottom_d_var",-69683810407.0602,32986954779.1654,-134338241774.224,-5029379039.89598,"inc_total"
"ES_2023","g_middle_wshare",0.333230777842818,0.00171100222888853,0.329877213474196,0.336584342211439,"inc_total"
"ES_2023","g_middle_mean_nwx",138128.060073697,12028.105362951,114552.973562313,161703.146585081,"inc_total"
"ES_2023","g_middle_mean_nw",224743.838579527,10234.411361588,204684.392310814,244803.284848239,"inc_total"
"ES_2023","g_middle_mean_wt",86615.7785058299,13333.8587221107,60481.415410493,112750.141601167,"inc_total"
"ES_2023","g_middle_wt_over_nwx",0.627244735513444,0.149731413085833,0.33377116586521,0.920718305161677,"inc_total"
"ES_2023","g_middle_wt_volshare",0.201772427095773,0.0354491678722666,0.13229205806613,0.271252796125415,"inc_total"
"ES_2023","g_middle_gini_nwx",0.952352778063786,0.138060246430581,0.681754695059846,1.22295086106773,"inc_total"
"ES_2023","g_middle_gini_nw",0.587117688204696,0.0139196656508326,0.559835143529064,0.614400232880328,"inc_total"
"ES_2023","g_middle_cv2_nwx",30.936409432755,27.4103255002186,-22.7878285476733,84.6606474131834,"inc_total"
"ES_2023","g_middle_cv2_nw",7.98056745738247,5.05444612646357,-1.92614695048612,17.8872818652511,"inc_total"
"ES_2023","g_middle_var_nwx",591368616389.532,474765736433.57,-339172227020.265,1521909459799.33,"inc_total"
"ES_2023","g_middle_var_nw",403039466022.993,262681886013.619,-111817030563.701,917895962609.686,"inc_total"
"ES_2023","g_middle_d_gini",-0.365235089859089,0.134580249192842,-0.629012378277061,-0.101457801441118,"inc_total"
"ES_2023","g_middle_r_gini",0.616557509719231,0.0773552942499657,0.464941132989299,0.768173886449164,"inc_total"
"ES_2023","g_middle_d_cv2",-22.9558419753726,25.5080916103717,-72.9517015317012,27.040017580956,"inc_total"
"ES_2023","g_middle_d_var",-188329150366.54,399699988095.685,-971741127034.083,595082826301.004,"inc_total"
"ES_2023","g_top_wshare",0.333510852416771,0.00138212410397231,0.330801889172985,0.336219815660556,"inc_total"
"ES_2023","g_top_mean_nwx",356262.517435301,60523.9046762692,237635.664269813,474889.370600788,"inc_total"
"ES_2023","g_top_mean_nw",628286.987836021,51132.6227975926,528067.04715274,728506.928519302,"inc_total"
"ES_2023","g_top_mean_wt",272024.47040072,56166.3016289318,161938.519208014,382110.421593427,"inc_total"
"ES_2023","g_top_wt_over_nwx",0.763761439549487,0.289247433828964,0.196836469244717,1.33068640985426,"inc_total"
"ES_2023","g_top_wt_volshare",0.634170596285643,0.0518909685587291,0.532464297910534,0.735876894660752,"inc_total"
"ES_2023","g_top_gini_nwx",1.10083894413341,0.270654437850463,0.570356245946497,1.63132164232031,"inc_total"
"ES_2023","g_top_gini_nw",0.610048427136861,0.0266914861833968,0.557733114217403,0.662363740056318,"inc_total"
"ES_2023","g_top_cv2_nwx",66.5397065194254,35.8301209022729,-3.68733044902942,136.76674348788,"inc_total"
"ES_2023","g_top_cv2_nw",17.5856192667982,6.66010835643343,4.53180688818871,30.6394316454077,"inc_total"
"ES_2023","g_top_var_nwx",8443626589148.95,3951522282330.58,698642915781.001,16188610262516.9,"inc_total"
"ES_2023","g_top_var_nw",6943089908613.71,3794774206438.24,-494667536005.235,14380847353232.7,"inc_total"
"ES_2023","g_top_d_gini",-0.490790516996545,0.266356608205108,-1.01284946907856,0.0312684350854666,"inc_total"
"ES_2023","g_top_r_gini",0.554387488359179,0.116939200983305,0.325186654431901,0.783588322286457,"inc_total"
"ES_2023","g_top_d_cv2",-48.9540872526272,34.2383805348037,-116.061313100842,18.153138595588,"inc_total"
"ES_2023","g_top_d_var",-1500536680535.23,1243003358660.7,-3936823263510.2,935749902439.738,"inc_total"
"ES_2023","did_gini",-1.05138972025802,0.864555928461522,-2.7459193400426,0.643139899526564,"inc_total"
"ES_2023","did_cv2",-5.90673254354399,106.838533142918,-215.310257503663,203.496792416575,"inc_total"
"ES_2023","did_var",1430852870128.17,1245354147249.66,-1010041258481.16,3871746998737.5,"inc_total"
"ES_2023","rratio_gini",0.536067313351817,0.203397399757418,0.137408409827277,0.934726216876356,"inc_total"
"FR_2023","g_bottom_wshare",0.333293775933806,0.000435085186850387,0.332441008967579,0.334146542900033,"inc_total"
"FR_2023","g_bottom_mean_nwx",-7531.30411094309,23097.5668156156,-52802.5350695497,37739.9268476635,"inc_total"
"FR_2023","g_bottom_mean_nw",111631.330009862,14091.7517266074,84011.4966257115,139251.163394012,"inc_total"
"FR_2023","g_bottom_mean_wt",119162.634120805,19489.8403477988,80962.5470391194,157362.721202491,"inc_total"
"FR_2023","g_bottom_wt_over_nwx",NA,NA,NA,NA,"inc_total"
"FR_2023","g_bottom_wt_volshare",0.268056040444228,0.0353099248498568,0.198848587738509,0.337263493149948,"inc_total"
"FR_2023","g_bottom_gini_nwx",NA,NA,NA,NA,"inc_total"
"FR_2023","g_bottom_gini_nw",0.729075887790401,0.0213109233089243,0.687306478104909,0.770845297475893,"inc_total"
"FR_2023","g_bottom_cv2_nwx",12381.1208167355,108139007.59162,-211940073.758759,211964836.000392,"inc_total"
"FR_2023","g_bottom_cv2_nw",5.05700738340827,1.04475113148024,3.009295165707,7.10471960110955,"inc_total"
"FR_2023","g_bottom_var_nwx",702263878482.754,221839480395.441,267458496907.69,1137069260057.82,"inc_total"
"FR_2023","g_bottom_var_nw",63018169776.4602,19504650306.8146,24789055175.1037,101247284377.817,"inc_total"
"FR_2023","g_bottom_d_gini",NA,NA,NA,NA,"inc_total"
"FR_2023","g_bottom_r_gini",NA,NA,NA,NA,"inc_total"
"FR_2023","g_bottom_d_cv2",-12376.0638093521,108139007.584604,-211964830.929633,211940078.802014,"inc_total"
"FR_2023","g_bottom_d_var",-639245708706.294,221815810561.332,-1074004697406.51,-204486720006.082,"inc_total"
"FR_2023","g_middle_wshare",0.333217213952778,0.000462124252186795,0.332311450418492,0.334122977487064,"inc_total"
"FR_2023","g_middle_mean_nwx",94092.6447451302,18758.1671549534,57326.6371214216,130858.652368839,"inc_total"
"FR_2023","g_middle_mean_nw",212414.476512632,9965.57967244819,192881.940354634,231947.012670631,"inc_total"
"FR_2023","g_middle_mean_wt",118321.831767502,15113.7802871562,88698.822404676,147944.841130328,"inc_total"
"FR_2023","g_middle_wt_over_nwx",1.25750351781483,0.364557013879949,0.542971770610129,1.97203526501953,"inc_total"
"FR_2023","g_middle_wt_volshare",0.266103516166384,0.0309372143812829,0.205466575979069,0.326740456353698,"inc_total"
"FR_2023","g_middle_gini_nwx",1.74040099125168,0.424490421043869,0.908399766005696,2.57240221649766,"inc_total"
"FR_2023","g_middle_gini_nw",0.578883132759505,0.0152931082807233,0.548908640529287,0.608857624989722,"inc_total"
"FR_2023","g_middle_cv2_nwx",57.3815020371558,40.9126235718136,-22.8072401635988,137.570244237911,"inc_total"
"FR_2023","g_middle_cv2_nw",1.81003713962524,0.239822877730874,1.33998429927273,2.28008997997776,"inc_total"
"FR_2023","g_middle_var_nwx",508022870299.248,203956139690.356,108268836506.15,907776904092.347,"inc_total"
"FR_2023","g_middle_var_nw",81668712532.7077,12573604143.0407,57024448412.3479,106312976653.067,"inc_total"
"FR_2023","g_middle_d_gini",-1.16151785849218,0.419917556016843,-1.98455626828519,-0.338479448699162,"inc_total"
"FR_2023","g_middle_r_gini",0.332614802950197,0.0900882062919423,0.15604191861799,0.509187687282404,"inc_total"
"FR_2023","g_middle_d_cv2",-55.5714648975306,40.8888369010119,-135.713585223514,24.5706554284528,"inc_total"
"FR_2023","g_middle_d_var",-426354157766.541,204049318901.031,-826290822812.562,-26417492720.5192,"inc_total"
"FR_2023","g_top_wshare",0.333489010113416,0.000179651819439087,0.333136892547315,0.333841127679516,"inc_total"
"FR_2023","g_top_mean_nwx",464460.103213269,26491.1002760073,412537.546672294,516382.659754243,"inc_total"
"FR_2023","g_top_mean_nw",671425.320629267,18755.8829892418,634663.789970354,708186.851288181,"inc_total"
"FR_2023","g_top_mean_wt",206965.217415999,22099.7364022633,163649.734067563,250280.700764435,"inc_total"
"FR_2023","g_top_wt_over_nwx",0.445603865615483,0.0741336191963757,0.300301971990587,0.59090575924038,"inc_total"
"FR_2023","g_top_wt_volshare",0.465840443389388,0.0366356734680413,0.394034523392027,0.537646363386749,"inc_total"
"FR_2023","g_top_gini_nwx",0.838088293668869,0.0867301068457881,0.668097284251124,1.00807930308661,"inc_total"
"FR_2023","g_top_gini_nw",0.568044169674429,0.0112648099069528,0.545965142256801,0.590123197092057,"inc_total"
"FR_2023","g_top_cv2_nwx",36.7655433870165,37.5697444782371,-36.8711557903282,110.402242564361,"inc_total"
"FR_2023","g_top_cv2_nw",4.8603411612894,1.80288685150199,1.3266829323455,8.39399939023329,"inc_total"
"FR_2023","g_top_var_nwx",7931180208766.73,5959221890380.46,-3748894696378.97,19611255113912.4,"inc_total"
"FR_2023","g_top_var_nw",2191099930935.03,833192230324.339,558043159499.326,3824156702370.73,"inc_total"
"FR_2023","g_top_d_gini",-0.27004412399444,0.086018296783583,-0.438639985690263,-0.101448262298617,"inc_total"
"FR_2023","g_top_r_gini",0.677785591286238,0.0626476568207601,0.554996183917549,0.800574998654928,"inc_total"
"FR_2023","g_top_d_cv2",-31.9052022257271,37.4312603553065,-105.270472522128,41.4600680706737,"inc_total"
"FR_2023","g_top_d_var",-5740080277831.7,5885368498267.2,-17275402534435.4,5795241978772.01,"inc_total"
"FR_2023","did_gini",NA,NA,NA,NA,"inc_total"
"FR_2023","did_cv2",-12344.1586071263,108139007.255123,-211964798.378649,211940110.061435,"inc_total"
"FR_2023","did_var",5100834569125.4,5889114779638.65,-6441830398966.36,16643499537217.2,"inc_total"
"FR_2023","rratio_gini",NA,NA,NA,NA,"inc_total"
"GR_2023","g_bottom_wshare",0.332439207763956,0.0029806330696047,0.326597166947531,0.338281248580381,"inc_total"
"GR_2023","g_bottom_mean_nwx",24614.307671578,45369.0454464064,-64309.0214033786,113537.636746535,"inc_total"
"GR_2023","g_bottom_mean_nw",91123.4384950601,5464.72381398095,80412.5798196574,101834.297170463,"inc_total"
"GR_2023","g_bottom_mean_wt",66509.1308234821,45001.7488233374,-21694.2968702591,154712.558517223,"inc_total"
"GR_2023","g_bottom_wt_over_nwx",0.733189844972312,0.439029848701824,-0.127308658483263,1.59368834842789,"inc_total"
"GR_2023","g_bottom_wt_volshare",0.241337899252084,0.0567855382542615,0.130038244273732,0.352637554230437,"inc_total"
"GR_2023","g_bottom_gini_nwx",1.31616954742634,0.483284431654917,0.368932061382705,2.26340703346998,"inc_total"
"GR_2023","g_bottom_gini_nw",0.572850690714226,0.0203697421696948,0.532925996061624,0.612775385366828,"inc_total"
"GR_2023","g_bottom_cv2_nwx",1801.73724125006,37646810.9364465,-73785947.6981939,73789551.1726764,"inc_total"
"GR_2023","g_bottom_cv2_nw",1.8334848018756,0.316516427281625,1.21311260440361,2.45385699934758,"inc_total"
"GR_2023","g_bottom_var_nwx",59115320969.8758,42019544665.4888,-23242986574.4823,141473628514.234,"inc_total"
"GR_2023","g_bottom_var_nw",15227292432.8944,3081750546.22264,9187061362.29799,21267523503.4907,"inc_total"
"GR_2023","g_bottom_d_gini",-0.743872720919632,0.487426778876786,-1.69922920751813,0.211483765678868,"inc_total"
"GR_2023","g_bottom_r_gini",0.434949866730474,0.111934304212003,0.215558630474949,0.654341102986,"inc_total"
"GR_2023","g_bottom_d_cv2",-1799.90375644819,37646810.935201,-73789549.3367503,73785949.5292374,"inc_total"
"GR_2023","g_bottom_d_var",-43888028536.9815,41144342546.3909,-124530939927.908,36754882853.9447,"inc_total"
"GR_2023","g_middle_wshare",0.334079916141479,0.00297229797799669,0.328254212104605,0.339905620178352,"inc_total"
"GR_2023","g_middle_mean_nwx",79313.8323480313,36147.5776126553,8464.58022722688,150163.084468836,"inc_total"
"GR_2023","g_middle_mean_nw",148089.631648044,10359.7566695269,127784.508575772,168394.754720317,"inc_total"
"GR_2023","g_middle_mean_wt",68775.7993000131,37058.9120277192,-3859.66827431659,141411.266874343,"inc_total"
"GR_2023","g_middle_wt_over_nwx",1.31082531168332,12284.0968236429,-24075.5189490284,24078.1405996517,"inc_total"
"GR_2023","g_middle_wt_volshare",0.262013532888499,0.0356009794447049,0.192235613176877,0.33179145260012,"inc_total"
"GR_2023","g_middle_gini_nwx",1.7446307160109,12227.7669702595,-23964.6786309926,23968.1678924247,"inc_total"
"GR_2023","g_middle_gini_nw",0.556383388169391,0.025992416904027,0.505438251037498,0.607328525301284,"inc_total"
"GR_2023","g_middle_cv2_nwx",50.9006647936545,112375629075.911,-220256232937.885,220256233039.687,"inc_total"
"GR_2023","g_middle_cv2_nw",2.94165346886638,1.14899663537183,0.689620063537598,5.19368687419517,"inc_total"
"GR_2023","g_middle_var_nwx",98804101980.4945,73480974815.4615,-45218608657.81,242826812618.799,"inc_total"
"GR_2023","g_middle_var_nw",64720019742.5462,28565601559.1635,8731440686.58566,120708598798.507,"inc_total"
"GR_2023","g_middle_d_gini",-1.1882473278415,12227.7673871099,-23967.6123260632,23965.2358314075,"inc_total"
"GR_2023","g_middle_r_gini",0.459288053595126,0.247085547372591,-0.0249996192551536,0.943575726445405,"inc_total"
"GR_2023","g_middle_d_cv2",-47.9590113247881,112375629075.926,-220256233036.774,220256232940.856,"inc_total"
"GR_2023","g_middle_d_var",-34084082237.9484,55507398538.3461,-142878583373.107,74710418897.21,"inc_total"
"GR_2023","g_top_wshare",0.333480876094565,0.000724003184119691,0.332061829853691,0.33489992233544,"inc_total"
"GR_2023","g_top_mean_nwx",148373.013314366,54785.2264661412,40993.9694407293,255752.057188003,"inc_total"
"GR_2023","g_top_mean_nw",273953.856510504,23888.3769974138,227132.637595573,320775.075425435,"inc_total"
"GR_2023","g_top_mean_wt",125580.843196138,54118.9522970974,19507.6966938273,231653.989698449,"inc_total"
"GR_2023","g_top_wt_over_nwx",1.04589873491707,18.9217576786068,-36.0407463151522,38.1325437849863,"inc_total"
"GR_2023","g_top_wt_volshare",0.496648567859417,0.0678496589043274,0.363663236406935,0.629633899311899,"inc_total"
"GR_2023","g_top_gini_nwx",1.40505361801098,18.3795618037044,-34.6188875172497,37.4289947532717,"inc_total"
"GR_2023","g_top_gini_nw",0.520727094928417,0.0203829236946155,0.48077656448697,0.560677625369863,"inc_total"
"GR_2023","g_top_cv2_nwx",60.3069897496702,1437804.67310344,-2818036.85229299,2818157.46627249,"inc_total"
"GR_2023","g_top_cv2_nw",1.5490163509247,0.243869069372338,1.07103297495492,2.02699972689448,"inc_total"
"GR_2023","g_top_var_nwx",498895165784.519,935857979681.994,-1335386474392.19,2333176805961.23,"inc_total"
"GR_2023","g_top_var_nw",116248462114.703,24322097133.1212,68577151733.7857,163919772495.621,"inc_total"
"GR_2023","g_top_d_gini",-0.884326523082562,18.3796582133763,-36.9084566213001,35.139803575135,"inc_total"
"GR_2023","g_top_r_gini",0.446660225423236,0.200826349590075,0.0530405802266887,0.840279870619784,"inc_total"
"GR_2023","g_top_d_cv2",-58.7579733987455,1437804.67833948,-2818155.92751877,2818038.41157197,"inc_total"
"GR_2023","g_top_d_var",-382646703669.815,932927927540.342,-2211185441648.89,1445892034309.26,"inc_total"
"GR_2023","did_gini",-0.336061456925747,0.504211139407332,-1.32431529016412,0.652192376312625,"inc_total"
"GR_2023","did_cv2",-1741.14578304944,37674257.1348494,-73843285.1300879,73839802.8385218,"inc_total"
"GR_2023","did_var",338758675132.834,907768090755.376,-1440466782747.7,2117984133013.37,"inc_total"
"GR_2023","rratio_gini",0.776692883888271,0.25115268190489,0.284433627354687,1.26895214042185,"inc_total"
"HR_2023","g_bottom_wshare",0.33301962145493,0.00127758019658179,0.33051556426963,0.335523678640231,"inc_total"
"HR_2023","g_bottom_mean_nwx",94919.283010198,8200.01822708294,78847.2472851154,110991.318735281,"inc_total"
"HR_2023","g_bottom_mean_nw",121799.366110563,8048.2716893272,106024.753599481,137573.978621644,"inc_total"
"HR_2023","g_bottom_mean_wt",26880.0831003646,3741.46576635938,19546.8101983002,34213.356002429,"inc_total"
"HR_2023","g_bottom_wt_over_nwx",0.283234048360249,0.0531702199787554,0.179020417201889,0.38744767951861,"inc_total"
"HR_2023","g_bottom_wt_volshare",0.2401701737306,0.0300746900368537,0.181223781258366,0.299116566202833,"inc_total"
"HR_2023","g_bottom_gini_nwx",0.74896446498947,0.0380373234251889,0.6744113110761,0.82351761890284,"inc_total"
"HR_2023","g_bottom_gini_nw",0.548277701756804,0.0219090336832548,0.505335995737625,0.591219407775984,"inc_total"
"HR_2023","g_bottom_cv2_nwx",2.98471956621891,0.526625971551135,1.95253266197868,4.01690647045913,"inc_total"
"HR_2023","g_bottom_cv2_nw",1.76964439825762,0.365219061949739,1.05381503683613,2.48547375967911,"inc_total"
"HR_2023","g_bottom_var_nwx",26890955695.9361,6825601315.02509,13512777118.4869,40269134273.3853,"inc_total"
"HR_2023","g_bottom_var_nw",26257457776.0134,7525562125.8688,11507356009.3105,41007559542.7162,"inc_total"
"HR_2023","g_bottom_d_gini",-0.200686763232666,0.0352635511566729,-0.269803323499745,-0.131570202965587,"inc_total"
"HR_2023","g_bottom_r_gini",0.732103455408822,0.0363049897894374,0.660945675421525,0.803261235396119,"inc_total"
"HR_2023","g_bottom_d_cv2",-1.21507516796129,0.265300400750914,-1.73506395343308,-0.695086382489495,"inc_total"
"HR_2023","g_bottom_d_var",-633497919.922723,1418516878.88716,-3413791002.54155,2146795162.69611,"inc_total"
"HR_2023","g_middle_wshare",0.33341946878987,0.00161593491734273,0.330252236351878,0.336586701227862,"inc_total"
"HR_2023","g_middle_mean_nwx",128392.983563155,12281.0601669043,104322.105636023,152463.861490288,"inc_total"
"HR_2023","g_middle_mean_nw",162285.666951802,11913.5331304313,138935.142016157,185636.191887448,"inc_total"
"HR_2023","g_middle_mean_wt",33892.683388647,5181.86265615095,23736.2325825912,44049.1341947029,"inc_total"
"HR_2023","g_middle_wt_over_nwx",0.264450822900055,0.054623382982049,0.157388992255238,0.371512653544871,"inc_total"
"HR_2023","g_middle_wt_volshare",0.303192491242829,0.0395023503485565,0.225767884559658,0.380617097925999,"inc_total"
"HR_2023","g_middle_gini_nwx",0.668850716119402,0.0421788809668416,0.586180109424392,0.751521322814411,"inc_total"
"HR_2023","g_middle_gini_nw",0.505104427468193,0.0270665098991965,0.452054068065768,0.558154786870618,"inc_total"
"HR_2023","g_middle_cv2_nwx",2.31247185767706,1.03939166514348,0.275264193995846,4.34967952135828,"inc_total"
"HR_2023","g_middle_cv2_nw",1.43881108817925,0.671624383070589,0.122427297360892,2.7551948789976,"inc_total"
"HR_2023","g_middle_var_nwx",38770072082.8536,24399869647.3269,-9053672425.90723,86593816591.6143,"inc_total"
"HR_2023","g_middle_var_nw",38329366457.0677,23404944494.9466,-7544324753.02761,84203057667.1631,"inc_total"
"HR_2023","g_middle_d_gini",-0.163746288651208,0.0334414278177559,-0.22929148717401,-0.0982010901284069,"inc_total"
"HR_2023","g_middle_r_gini",0.755174032462822,0.0382819232591607,0.680141462874867,0.830206602050777,"inc_total"
"HR_2023","g_middle_d_cv2",-0.873660769497815,0.425885086985942,-1.70839553999026,-0.0389259990053683,"inc_total"
"HR_2023","g_middle_d_var",-440705625.785828,4370690864.87174,-9007259720.93444,8125848469.36278,"inc_total"
"HR_2023","g_top_wshare",0.3335609097552,0.00137861204376647,0.330858830149418,0.336262989360982,"inc_total"
"HR_2023","g_top_mean_nwx",214869.438395676,18987.0975996498,177654.727100363,252084.14969099,"inc_total"
"HR_2023","g_top_mean_nw",265894.938000736,18866.935124754,228915.745156218,302874.130845253,"inc_total"
"HR_2023","g_top_mean_wt",51025.4996050594,6445.53343603091,38392.2540704389,63658.74513968,"inc_total"
"HR_2023","g_top_wt_over_nwx",0.237663384166395,0.0400336908825392,0.159197350036618,0.316129418296172,"inc_total"
"HR_2023","g_top_wt_volshare",0.456637335026572,0.0388786928789822,0.380435096983767,0.532839573069377,"inc_total"
"HR_2023","g_top_gini_nwx",0.630172834083014,0.0319439047358873,0.567562780800674,0.692782887365353,"inc_total"
"HR_2023","g_top_gini_nw",0.50550766225992,0.0245016620658783,0.457484404610799,0.553530919909041,"inc_total"
"HR_2023","g_top_cv2_nwx",2.32492361678369,0.564577425557196,1.21835186269159,3.4314953708758,"inc_total"
"HR_2023","g_top_cv2_nw",1.52708635156136,0.36727459885359,0.807228137808327,2.2469445653144,"inc_total"
"HR_2023","g_top_var_nwx",107672749237.888,37550957566.2641,34072872408.0102,181272626067.765,"inc_total"
"HR_2023","g_top_var_nw",108150667323.13,36358794556.5078,36887429992.3751,179413904653.886,"inc_total"
"HR_2023","g_top_d_gini",-0.124665171823094,0.0234179983901587,-0.170564448667805,-0.0787658949783825,"inc_total"
"HR_2023","g_top_r_gini",0.802158816495491,0.031493480662561,0.740431594396872,0.863886038594111,"inc_total"
"HR_2023","g_top_d_cv2",-0.797837265222331,0.246427448494698,-1.28083506427194,-0.314839466172722,"inc_total"
"HR_2023","g_top_d_var",477918085.242557,6897091098.38251,-13040380467.5872,13996216638.0723,"inc_total"
"HR_2023","did_gini",-0.0760215914095723,0.0406081770666634,-0.155613618460233,0.00357043564108808,"inc_total"
"HR_2023","did_cv2",-0.417237902738955,0.350674635712099,-1.10456018873467,0.270084383256758,"inc_total"
"HR_2023","did_var",-1111416005.16528,7021034313.38943,-14872643259.4086,12649811249.078,"inc_total"
"HR_2023","rratio_gini",0.912675105461987,0.0556672619828722,0.803567271975557,1.02178293894842,"inc_total"
"HU_2023","g_bottom_wshare",0.33226540062422,0.00309245572036641,0.326204187412302,0.338326613836138,"inc_total"
"HU_2023","g_bottom_mean_nwx",52617.3947539825,2599.24744170755,47522.8697682357,57711.9197397293,"inc_total"
"HU_2023","g_bottom_mean_nw",68354.0134034124,1882.32065477561,64664.6649200522,72043.3618867725,"inc_total"
"HU_2023","g_bottom_mean_wt",15736.6186494299,2264.88219483008,11297.4495475629,20175.7877512968,"inc_total"
"HU_2023","g_bottom_wt_over_nwx",0.299421741081343,0.0573506534924933,0.187014460236056,0.41182902192663,"inc_total"
"HU_2023","g_bottom_wt_volshare",0.251055531605005,0.0322651549350819,0.187815827932244,0.314295235277765,"inc_total"
"HU_2023","g_bottom_gini_nwx",0.774243545025576,0.0708330564665296,0.635410754351178,0.913076335699974,"inc_total"
"HU_2023","g_bottom_gini_nw",0.527875914987493,0.0106193241578115,0.507062039638182,0.548689790336803,"inc_total"
"HU_2023","g_bottom_cv2_nwx",4.00512000606485,2.75139994030996,-1.38762387694267,9.39786388907238,"inc_total"
"HU_2023","g_bottom_cv2_nw",1.50827262749394,0.171960469949905,1.17123010639213,1.84531514859576,"inc_total"
"HU_2023","g_bottom_var_nwx",10998285765.0615,5928166986.46056,-620921528.401249,22617493058.5242,"inc_total"
"HU_2023","g_bottom_var_nw",7048551492.51401,990803577.421327,5106576480.76821,8990526504.25981,"inc_total"
"HU_2023","g_bottom_d_gini",-0.246367630038083,0.0692212902012636,-0.38204135883256,-0.110693901243607,"inc_total"
"HU_2023","g_bottom_r_gini",0.682754789492485,0.0548716689584901,0.575206318333844,0.790303260651125,"inc_total"
"HU_2023","g_bottom_d_cv2",-2.49684737857091,2.73300657218182,-7.85354026004728,2.85984550290546,"inc_total"
"HU_2023","g_bottom_d_var",-3949734272.54744,5759659158.35627,-15238666222.9257,7339197677.83084,"inc_total"
"HU_2023","g_middle_wshare",0.334233013916669,0.00310893839843013,0.328139494655746,0.340326533177592,"inc_total"
"HU_2023","g_middle_mean_nwx",76983.6145015071,3974.63890158288,69193.3222544047,84773.9067486095,"inc_total"
"HU_2023","g_middle_mean_nw",96156.258592432,3280.4233184035,89726.6288883611,102585.888296503,"inc_total"
"HU_2023","g_middle_mean_wt",19172.6440909249,2590.09519981237,14096.0574992927,24249.2306825572,"inc_total"
"HU_2023","g_middle_wt_over_nwx",0.24921624077032,0.0447236221560448,0.161557941344473,0.336874540196168,"inc_total"
"HU_2023","g_middle_wt_volshare",0.307671857200317,0.0345389897201803,0.239975437348763,0.37536827705187,"inc_total"
"HU_2023","g_middle_gini_nwx",0.698039750011051,0.0511585309626222,0.597769029324311,0.79831047069779,"inc_total"
"HU_2023","g_middle_gini_nw",0.523416408511113,0.0118101228410975,0.500268567742562,0.546564249279664,"inc_total"
"HU_2023","g_middle_cv2_nwx",3.00074640172448,1.46265163251922,0.133949201986803,5.86754360146215,"inc_total"
"HU_2023","g_middle_cv2_nw",1.46719812926678,0.19427263624057,1.08642376223526,1.8479724962983,"inc_total"
"HU_2023","g_middle_var_nwx",17735155538.0519,6813503369.55374,4380688933.72652,31089622142.3772,"inc_total"
"HU_2023","g_middle_var_nw",13569557268.9308,2258460750.58349,9142974197.78718,17996140340.0745,"inc_total"
"HU_2023","g_middle_d_gini",-0.174623341499938,0.0503653820828493,-0.273339490382322,-0.0759071926175529,"inc_total"
"HU_2023","g_middle_r_gini",0.7502881143969,0.0502894971297107,0.651720700022667,0.848855528771133,"inc_total"
"HU_2023","g_middle_d_cv2",-1.5335482724577,1.45782290008184,-4.39088115661811,1.32378461170272,"inc_total"
"HU_2023","g_middle_d_var",-4165598269.12104,6671396196.27444,-17241534813.8189,8910338275.57687,"inc_total"
"HU_2023","g_top_wshare",0.333501585459111,0.000448628169715064,0.332622274246469,0.334380896671752,"inc_total"
"HU_2023","g_top_mean_nwx",209615.908264727,7282.6460767993,195341.9219542,223889.894575253,"inc_total"
"HU_2023","g_top_mean_nw",237178.093034043,7176.46136743871,223112.228753863,251243.957314223,"inc_total"
"HU_2023","g_top_mean_wt",27562.1847693165,1865.00752251438,23906.7700251883,31217.5995134447,"inc_total"
"HU_2023","g_top_wt_over_nwx",0.131491884948152,0.0107701960884672,0.110382300614757,0.152601469281548,"inc_total"
"HU_2023","g_top_wt_volshare",0.441272611194679,0.0257172962032641,0.390866710636281,0.491678511753076,"inc_total"
"HU_2023","g_top_gini_nwx",0.627580957467395,0.0160870840264949,0.596050272775465,0.659111642159324,"inc_total"
"HU_2023","g_top_gini_nw",0.559757424690633,0.0117044488983496,0.536816704849868,0.582698144531398,"inc_total"
"HU_2023","g_top_cv2_nwx",3.05646563539176,0.360538748306277,2.34980968871146,3.76312158207207,"inc_total"
"HU_2023","g_top_cv2_nw",2.36753586962462,0.278084014700431,1.82249120081177,2.91258053843747,"inc_total"
"HU_2023","g_top_var_nwx",134293152391.622,19744789014.5672,95593365923.0707,172992938860.174,"inc_total"
"HU_2023","g_top_var_nw",133180104691.063,19558324146.4863,94845789363.9498,171514420018.176,"inc_total"
"HU_2023","g_top_d_gini",-0.0678235327767615,0.0108601400516075,-0.0891094072779121,-0.0465376582756108,"inc_total"
"HU_2023","g_top_r_gini",0.891932834109838,0.015552889805313,0.861449170091424,0.922416498128251,"inc_total"
"HU_2023","g_top_d_cv2",-0.688929765767144,0.127934263064541,-0.939680921373645,-0.438178610160642,"inc_total"
"HU_2023","g_top_d_var",-1113047700.55952,3066256383.82278,-7122910212.85216,4896814811.73313,"inc_total"
"HU_2023","did_gini",-0.178544097261322,0.0705342379459106,-0.316791203635307,-0.0402969908873372,"inc_total"
"HU_2023","did_cv2",-1.80791761280377,2.73785556583516,-7.17411452184069,3.55827929623315,"inc_total"
"HU_2023","did_var",-2836686571.98793,6605920963.2347,-15784291659.9279,10110918515.9521,"inc_total"
"HU_2023","rratio_gini",0.765500127166384,0.0635892972327289,0.640865104590235,0.890135149742533,"inc_total"
"LT_2023","g_bottom_wshare",0.332905125959325,0.00201967917711222,0.328946554772185,0.336863697146465,"inc_total"
"LT_2023","g_bottom_mean_nwx",49277.0551101153,5887.43050118546,37737.6913277918,60816.4188924388,"inc_total"
"LT_2023","g_bottom_mean_nw",70781.7218999093,4205.95229265441,62538.0554063066,79025.3883935119,"inc_total"
"LT_2023","g_bottom_mean_wt",21504.666789794,4521.823449137,12641.8928294855,30367.4407501025,"inc_total"
"LT_2023","g_bottom_wt_over_nwx",0.436416987823757,0.138991170462237,0.163994293717772,0.708839681929742,"inc_total"
"LT_2023","g_bottom_wt_volshare",0.263589604805198,0.0421217615325632,0.181030952201374,0.346148257409022,"inc_total"
"LT_2023","g_bottom_gini_nwx",0.851712167138802,0.145880668793127,0.565786056304272,1.13763827797333,"inc_total"
"LT_2023","g_bottom_gini_nw",0.440145698292354,0.0166823980044294,0.407448198203672,0.472843198381036,"inc_total"
"LT_2023","g_bottom_cv2_nwx",3.68322960389881,1.39664841326808,0.945798713893379,6.42066049390425,"inc_total"
"LT_2023","g_bottom_cv2_nw",0.9732389871401,0.0902317704339441,0.796384717089569,1.15009325719063,"inc_total"
"LT_2023","g_bottom_var_nwx",8943204179.03787,1590300488.15131,5826215222.26131,12060193135.8144,"inc_total"
"LT_2023","g_bottom_var_nw",4875916756.88707,695570405.367211,3512598762.36734,6239234751.40681,"inc_total"
"LT_2023","g_bottom_d_gini",-0.411566468846448,0.146915914444966,-0.699521661158581,-0.123611276534315,"inc_total"
"LT_2023","g_bottom_r_gini",0.516780909114774,0.0875495939086919,0.345183705053738,0.68837811317581,"inc_total"
"LT_2023","g_bottom_d_cv2",-2.70999061675871,1.41317954929746,-5.47982253338174,0.0598412998643107,"inc_total"
"LT_2023","g_bottom_d_var",-4067287422.1508,1561656231.1778,-7128133635.25929,-1006441209.04231,"inc_total"
"LT_2023","g_middle_wshare",0.327256031079374,0.00629009144944109,0.31492745183847,0.339584610320279,"inc_total"
"LT_2023","g_middle_mean_nwx",67310.3288932977,11416.3413133742,44934.2999190842,89686.3578675113,"inc_total"
"LT_2023","g_middle_mean_nw",91817.9170030534,10221.5735770884,71783.6327919601,111852.201214147,"inc_total"
"LT_2023","g_middle_mean_wt",24507.5881097556,2904.04224302292,18815.6653134307,30199.5109060805,"inc_total"
"LT_2023","g_middle_wt_over_nwx",0.364120491353611,0.0960405875149531,0.175880939824303,0.552360042882919,"inc_total"
"LT_2023","g_middle_wt_volshare",0.295302450777617,0.0332007849257,0.230228912323245,0.360375989231989,"inc_total"
"LT_2023","g_middle_gini_nwx",0.787968351013953,0.0612620599021602,0.667894713605719,0.908041988422187,"inc_total"
"LT_2023","g_middle_gini_nw",0.48649333610583,0.0408465206476085,0.406434155636517,0.566552516575142,"inc_total"
"LT_2023","g_middle_cv2_nwx",6.04461497639537,1.95444837040566,2.21389617040028,9.87533378239045,"inc_total"
"LT_2023","g_middle_cv2_nw",2.94403474727426,1.17843097614811,0.634310034023957,5.25375946052456,"inc_total"
"LT_2023","g_middle_var_nwx",27384083294.7436,15848233044.3036,-3678453472.09148,58446620061.5786,"inc_total"
"LT_2023","g_middle_var_nw",24818893671.1894,15419141976.9812,-5402624603.69376,55040411946.0726,"inc_total"
"LT_2023","g_middle_d_gini",-0.301475014908124,0.0744102007209814,-0.447319008321247,-0.155631021495,"inc_total"
"LT_2023","g_middle_r_gini",0.617400807516252,0.0683117674263551,0.483509743360596,0.751291871671908,"inc_total"
"LT_2023","g_middle_d_cv2",-3.10058022912111,0.975811662465458,-5.01317108755341,-1.18798937068881,"inc_total"
"LT_2023","g_middle_d_var",-2565189623.55414,697635495.109858,-3932555193.96947,-1197824053.13882,"inc_total"
"LT_2023","g_top_wshare",0.339838842961301,0.00518395921954473,0.329678282890993,0.349999403031608,"inc_total"
"LT_2023","g_top_mean_nwx",177596.348671182,46729.5906397488,86006.3510172741,269186.34632509,"inc_total"
"LT_2023","g_top_mean_nw",212849.179359885,46791.3612548105,121138.111300456,304560.247419314,"inc_total"
"LT_2023","g_top_mean_wt",35252.8306887031,2770.05188944697,29823.528985387,40682.1323920192,"inc_total"
"LT_2023","g_top_wt_over_nwx",0.198873868566315,0.0501153261265566,0.100647829358264,0.297099907774366,"inc_total"
"LT_2023","g_top_wt_volshare",0.441107944417185,0.0375971406736502,0.36741754869683,0.514798340137539,"inc_total"
"LT_2023","g_top_gini_nwx",0.74847470756633,0.0506097322974244,0.649279632263379,0.847669782869282,"inc_total"
"LT_2023","g_top_gini_nw",0.624878411180037,0.0618208746078271,0.503709496948695,0.746047325411378,"inc_total"
"LT_2023","g_top_cv2_nwx",17.5006772839087,5.39998808332141,6.91670064059869,28.0846539272186,"inc_total"
"LT_2023","g_top_cv2_nw",12.5643131209424,4.00129573669473,4.72177347702074,20.4068527648641,"inc_total"
"LT_2023","g_top_var_nwx",555431897272.104,411242220398.903,-250602854709.746,1361466649253.95,"inc_total"
"LT_2023","g_top_var_nw",572387777575.196,407460618864.494,-226235035399.212,1371010590549.6,"inc_total"
"LT_2023","g_top_d_gini",-0.123596296386294,0.0225782626082399,-0.167849691098444,-0.0793429016741438,"inc_total"
"LT_2023","g_top_r_gini",0.834777099894281,0.0362229864075026,0.763780046535576,0.905774153252986,"inc_total"
"LT_2023","g_top_d_cv2",-4.93636416296625,1.59729257795565,-8.06705761575931,-1.80567071017318,"inc_total"
"LT_2023","g_top_d_var",16955880303.0924,6778375246.48269,3670264819.98631,30241495786.1985,"inc_total"
"LT_2023","did_gini",-0.287970172460154,0.149067009183699,-0.580141510460203,0.00420116553989525,"inc_total"
"LT_2023","did_cv2",2.22637354620753,2.18609999769418,-2.05838244927306,6.51112954168813,"inc_total"
"LT_2023","did_var",-21023167725.2432,6873662905.63402,-34495547020.2859,-7550788430.20051,"inc_total"
"LT_2023","rratio_gini",0.619091138730192,0.109661131187519,0.404155321602654,0.834026955857729,"inc_total"
"LU_2023","g_bottom_wshare",0.327048834030352,0.00662237889495546,0.31406897139624,0.340028696664465,"inc_total"
"LU_2023","g_bottom_mean_nwx",271472.077487766,127005.184367409,22541.916127645,520402.238847887,"inc_total"
"LU_2023","g_bottom_mean_nw",527325.294334613,62905.4535853194,404030.605307387,650619.983361839,"inc_total"
"LU_2023","g_bottom_mean_wt",255853.216846847,125905.88448016,9077.68326573333,502628.75042796,"inc_total"
"LU_2023","g_bottom_wt_over_nwx",0.969906103803385,123.878475574818,-241.831906022841,243.771718230447,"inc_total"
"LU_2023","g_bottom_wt_volshare",0.216090760988525,0.0776814224477334,0.0638351729909673,0.368346348986082,"inc_total"
"LU_2023","g_bottom_gini_nwx",1.71272078806549,164.681335931425,-321.062697637528,324.488139213659,"inc_total"
"LU_2023","g_bottom_gini_nw",0.653706298449402,0.0306834586215499,0.593566719551164,0.71384587734764,"inc_total"
"LU_2023","g_bottom_cv2_nwx",35.692454375294,34548177.1482437,-67714391.5181033,67714462.903012,"inc_total"
"LU_2023","g_bottom_cv2_nw",2.36731402449967,0.709747958677474,0.976208025491825,3.75842002350752,"inc_total"
"LU_2023","g_bottom_var_nwx",2409652179433.47,2081004182208.55,-1669116017695.28,6488420376562.22,"inc_total"
"LU_2023","g_bottom_var_nw",660446402873.201,312502014023.703,47942455386.7421,1272950350359.66,"inc_total"
"LU_2023","g_bottom_d_gini",-1.05901448961609,164.682051227259,-323.835834895044,321.717805915811,"inc_total"
"LU_2023","g_bottom_r_gini",0.395305437876564,0.205403102958678,-0.00728464392244488,0.797895519675573,"inc_total"
"LU_2023","g_bottom_d_cv2",-33.3251403507943,34548177.1589985,-67714460.5567774,67714393.9064967,"inc_total"
"LU_2023","g_bottom_d_var",-1749205776560.27,2043857929720.92,-5755167318813.28,2256755765692.73,"inc_total"
"LU_2023","g_middle_wshare",0.337935997447813,0.0074589307451472,0.323316493187324,0.352555501708301,"inc_total"
"LU_2023","g_middle_mean_nwx",559311.671782306,153437.024333189,258575.104089256,860048.239475356,"inc_total"
"LU_2023","g_middle_mean_nw",968813.879026179,110751.650413885,751740.644214965,1185887.11383739,"inc_total"
"LU_2023","g_middle_mean_wt",409502.207243873,123582.587202684,167280.336326613,651724.078161133,"inc_total"
"LU_2023","g_middle_wt_over_nwx",0.733314113269656,20.1431147334338,-38.7471907642606,40.2138189907999,"inc_total"
"LU_2023","g_middle_wt_volshare",0.35958064217183,0.0808292647727433,0.201155283217253,0.518006001126407,"inc_total"
"LU_2023","g_middle_gini_nwx",1.25988391989911,23.9037092443574,-45.5913861990414,48.1111540388396,"inc_total"
"LU_2023","g_middle_gini_nw",0.590181483389728,0.0334397610586323,0.524639551714809,0.655723415064648,"inc_total"
"LU_2023","g_middle_cv2_nwx",15.6040314886914,472975.580547537,-927016.533841684,927047.741904661,"inc_total"
"LU_2023","g_middle_cv2_nw",2.5041396517902,0.832631107300379,0.872182681481453,4.13609662209894,"inc_total"
"LU_2023","g_middle_var_nwx",4862548515813.29,2649599262132.31,-330666037966.038,10055763069592.6,"inc_total"
"LU_2023","g_middle_var_nw",2350045479807.53,1249016350352.66,-98026566883.686,4798117526498.74,"inc_total"
"LU_2023","g_middle_d_gini",-0.669702436509382,23.9049156726082,-47.5233371548214,46.1839322818027,"inc_total"
"LU_2023","g_middle_r_gini",0.469634620499969,0.148624913562728,0.178329789917023,0.760939451082915,"inc_total"
"LU_2023","g_middle_d_cv2",-13.0998918369012,472975.593116372,-927045.262399925,927019.062616252,"inc_total"
"LU_2023","g_middle_d_var",-2512503036005.76,2499183007599.79,-7410901730901.36,2385895658889.83,"inc_total"
"LU_2023","g_top_wshare",0.335015168521835,0.00253227178662493,0.33005191582005,0.33997842122362,"inc_total"
"LU_2023","g_top_mean_nwx",1477438.96642631,214756.645717851,1056515.94081932,1898361.9920333,"inc_total"
"LU_2023","g_top_mean_nw",1964737.52674077,193615.532596288,1585251.08285205,2344223.9706295,"inc_total"
"LU_2023","g_top_mean_wt",487298.560314463,126269.804167269,239809.744146616,734787.376482309,"inc_total"
"LU_2023","g_top_wt_over_nwx",0.329942783684212,0.166940265133401,0.00273986402274629,0.657145703345678,"inc_total"
"LU_2023","g_top_wt_volshare",0.424328596839645,0.0827430116301877,0.262152294044477,0.586504899634813,"inc_total"
"LU_2023","g_top_gini_nwx",0.788976911320938,0.181028913863728,0.43416024014803,1.14379358249385,"inc_total"
"LU_2023","g_top_gini_nw",0.559015454790609,0.0295372505568756,0.501122443699133,0.616908465882085,"inc_total"
"LU_2023","g_top_cv2_nwx",6.68127435143492,8.59781480791136,-10.1704426720713,23.5329913749412,"inc_total"
"LU_2023","g_top_cv2_nw",3.20280727377984,1.28041698692931,0.693189979398403,5.71242456816128,"inc_total"
"LU_2023","g_top_var_nwx",14578603229715.4,8124921999602.4,-1346243889505.26,30503450348936.1,"inc_total"
"LU_2023","g_top_var_nw",12363423286130.8,7335668706221.63,-2014487378063.61,26741333950325.2,"inc_total"
"LU_2023","g_top_d_gini",-0.229961456530329,0.181360077581944,-0.585427208590938,0.125504295530281,"inc_total"
"LU_2023","g_top_r_gini",0.708851861955202,0.100468900127171,0.511932817705947,0.905770906204458,"inc_total"
"LU_2023","g_top_d_cv2",-3.47846707765508,8.43153390514199,-20.0042735317334,13.0473393764232,"inc_total"
"LU_2023","g_top_d_var",-2215179943584.65,3131505138180.96,-8352930014419.34,3922570127250.04,"inc_total"
"LU_2023","did_gini",-0.82905303308576,164.684126659867,-323.609941286425,321.951835220253,"inc_total"
"LU_2023","did_cv2",-29.8466732731392,34548177.1927978,-67714457.1445569,67714397.4512103,"inc_total"
"LU_2023","did_var",465974167024.374,3705411846265.81,-6796633051656.62,7728581385705.37,"inc_total"
"LU_2023","rratio_gini",0.556543594333205,0.343962484041095,-0.117622874387341,1.23071006305375,"inc_total"
"LV_2023","g_bottom_wshare",0.33155676051798,0.00529477999876679,0.321178991720397,0.341934529315563,"inc_total"
"LV_2023","g_bottom_mean_nwx",31715.1368485905,3540.50446264929,24775.7481017979,38654.5255953831,"inc_total"
"LV_2023","g_bottom_mean_nw",34972.2452336489,4194.72397763701,26750.5862374804,43193.9042298174,"inc_total"
"LV_2023","g_bottom_mean_wt",3257.10838505837,1603.40830526933,114.428106730478,6399.78866338625,"inc_total"
"LV_2023","g_bottom_wt_over_nwx",0.102456119370996,0.0499198463739704,0.00461322047801378,0.200299018263978,"inc_total"
"LV_2023","g_bottom_wt_volshare",0.138748155428559,0.0686135127035196,0.00426567052966079,0.273230640327458,"inc_total"
"LV_2023","g_bottom_gini_nwx",0.645751148559253,0.0486325453085822,0.550431359754432,0.741070937364074,"inc_total"
"LV_2023","g_bottom_gini_nw",0.595002200422771,0.0394378584022368,0.517703997954387,0.672300402891155,"inc_total"
"LV_2023","g_bottom_cv2_nwx",2.71214368374644,1.24954244744409,0.263040486756022,5.16124688073686,"inc_total"
"LV_2023","g_bottom_cv2_nw",2.49438829712964,1.05558775308995,0.425436301073332,4.56334029318595,"inc_total"
"LV_2023","g_bottom_var_nwx",2722881257.97922,1449263719.8846,-117675632.994596,5563438148.95304,"inc_total"
"LV_2023","g_bottom_var_nw",3052932870.80019,1547634778.40424,19568705.1278744,6086297036.47251,"inc_total"
"LV_2023","g_bottom_d_gini",-0.0507489481364816,0.0341475845205923,-0.117678213796842,0.0161803175238792,"inc_total"
"LV_2023","g_bottom_r_gini",0.921577867157346,0.0487482992359422,0.8260312006549,1.01712453365979,"inc_total"
"LV_2023","g_bottom_d_cv2",-0.217755386616803,0.399640734716857,-1.00105122666184,0.565540453428237,"inc_total"
"LV_2023","g_bottom_d_var",330051612.820973,541213798.835333,-730727432.896278,1390830658.53822,"inc_total"
"LV_2023","g_middle_wshare",0.334717158539401,0.00653465281457714,0.32190923902283,0.347525078055972,"inc_total"
"LV_2023","g_middle_mean_nwx",54861.875266876,16674.0861389485,22180.666434537,87543.084099215,"inc_total"
"LV_2023","g_middle_mean_nw",61065.5961751179,16473.4760590799,28777.5830993214,93353.6092509145,"inc_total"
"LV_2023","g_middle_mean_wt",6203.72090824191,2402.87363517891,1494.08858329124,10913.3532331926,"inc_total"
"LV_2023","g_middle_wt_over_nwx",0.116143105357671,0.0597499681018944,-0.000966832122042002,0.233253042837384,"inc_total"
"LV_2023","g_middle_wt_volshare",0.266610528233841,0.0969771337558864,0.0765353460723037,0.456685710395378,"inc_total"
"LV_2023","g_middle_gini_nwx",0.664186311862048,0.102547704567204,0.463192810910329,0.865179812813768,"inc_total"
"LV_2023","g_middle_gini_nw",0.574973204655621,0.0865224839148894,0.405389136182438,0.744557273128804,"inc_total"
"LV_2023","g_middle_cv2_nwx",4.25866814400224,3.53241003723108,-2.66485552897068,11.1821918169752,"inc_total"
"LV_2023","g_middle_cv2_nw",3.25858805464239,3.03776339014628,-2.69542819004431,9.21260429932909,"inc_total"
"LV_2023","g_middle_var_nwx",15132868200.7063,21333542038.5324,-26680874194.8172,56946610596.2299,"inc_total"
"LV_2023","g_middle_var_nw",14292442325.3797,21101309564.9791,-27066124421.9794,55651009072.7388,"inc_total"
"LV_2023","g_middle_d_gini",-0.0892131072064273,0.0635813166447215,-0.213832487830081,0.0354062734172269,"inc_total"
"LV_2023","g_middle_r_gini",0.864777276249732,0.0871057582067,0.6940499901646,1.03550456233486,"inc_total"
"LV_2023","g_middle_d_cv2",-1.00008008935985,0.780104255320007,-2.52908442978706,0.528924251067366,"inc_total"
"LV_2023","g_middle_d_var",-840425875.326666,1116296526.09686,-3028367066.47651,1347515315.82318,"inc_total"
"LV_2023","g_top_wshare",0.333726080942619,0.00415718588795549,0.325577996602227,0.341874165283012,"inc_total"
"LV_2023","g_top_mean_nwx",186484.129942715,52707.7234648291,83176.99195165,289791.26793378,"inc_total"
"LV_2023","g_top_mean_nw",200369.749751453,51879.5238422699,98685.883020604,302053.616482302,"inc_total"
"LV_2023","g_top_mean_wt",13885.619808738,4137.85075055524,5775.43233764974,21995.8072798263,"inc_total"
"LV_2023","g_top_wt_over_nwx",0.0744674155120335,0.0377102571901166,0.000555311419404972,0.148379519604662,"inc_total"
"LV_2023","g_top_wt_volshare",0.5946413163376,0.107173359879693,0.384581530973402,0.804701101701798,"inc_total"
"LV_2023","g_top_gini_nwx",0.707547737837133,0.04699712736276,0.615433368206124,0.799662107468143,"inc_total"
"LV_2023","g_top_gini_nw",0.649755487190095,0.0527416483996189,0.546381856326842,0.753129118053348,"inc_total"
"LV_2023","g_top_cv2_nwx",5.48870400763065,1.36263984710812,2.81792990729874,8.15947810796255,"inc_total"
"LV_2023","g_top_cv2_nw",4.74235365389674,1.13971637254738,2.50850956370388,6.9761977440896,"inc_total"
"LV_2023","g_top_var_nwx",190875035230.94,92803228704.9141,8980706969.30881,372769363492.572,"inc_total"
"LV_2023","g_top_var_nw",190403416249.652,92624463275.4981,8859468229.67575,371947364269.628,"inc_total"
"LV_2023","g_top_d_gini",-0.0577922506470384,0.0290690701859674,-0.114767628211535,-0.000816873082542191,"inc_total"
"LV_2023","g_top_r_gini",0.918336399280941,0.0405664569690255,0.838826143621651,0.997846654940231,"inc_total"
"LV_2023","g_top_d_cv2",-0.746350353733909,0.414410320490693,-1.55859458189567,0.0658938744278481,"inc_total"
"LV_2023","g_top_d_var",-471618981.288385,4850255132.50683,-9978119041.00178,9034881078.425,"inc_total"
"LV_2023","did_gini",0.00704330251055676,0.0479524806552325,-0.0869435595736989,0.101030164594812,"inc_total"
"LV_2023","did_cv2",0.528594967117106,0.605461792023338,-0.658110145248637,1.71530007948285,"inc_total"
"LV_2023","did_var",801670594.109358,4888603736.65732,-8779992729.739,10383333917.9577,"inc_total"
"LV_2023","rratio_gini",1.00352153931774,0.077688074037007,0.851252914205206,1.15579016443027,"inc_total"
"MT_2023","g_bottom_wshare",0.33112107128374,0.000842117617306461,0.329470520753819,0.33277162181366,"inc_total"
"MT_2023","g_bottom_mean_nwx",238718.843797816,97616.0733731951,47391.3399863534,430046.347609278,"inc_total"
"MT_2023","g_bottom_mean_nw",366615.84469913,78685.7566684878,212391.761628894,520839.927769366,"inc_total"
"MT_2023","g_bottom_mean_wt",127897.000901314,18932.3291481297,90789.6357709798,165004.366031648,"inc_total"
"MT_2023","g_bottom_wt_over_nwx",0.535764160325932,0.211774730334111,0.120685688871073,0.95084263178079,"inc_total"
"MT_2023","g_bottom_wt_volshare",0.351545550161215,0.0428689281570602,0.267522450973377,0.435568649349053,"inc_total"
"MT_2023","g_bottom_gini_nwx",1.03993691005781,0.279140138404777,0.492822238784445,1.58705158133117,"inc_total"
"MT_2023","g_bottom_gini_nw",0.569933491423345,0.0412032927935306,0.489175037548025,0.650691945298665,"inc_total"
"MT_2023","g_bottom_cv2_nwx",5.98266560617113,2.69420602397358,0.70202179918291,11.2633094131594,"inc_total"
"MT_2023","g_bottom_cv2_nw",1.85008912965683,0.186048667986089,1.4854337404041,2.21474451890956,"inc_total"
"MT_2023","g_bottom_var_nwx",340932288640.211,31092142650.9997,279991689044.251,401872888236.17,"inc_total"
"MT_2023","g_bottom_var_nw",248665258196.858,81362668622.2112,89194427697.3243,408136088696.392,"inc_total"
"MT_2023","g_bottom_d_gini",-0.470003418634463,0.237939391635454,-0.936364626239953,-0.003642211028974,"inc_total"
"MT_2023","g_bottom_r_gini",0.548046218872704,0.14693010704129,0.260063209071775,0.836029228673633,"inc_total"
"MT_2023","g_bottom_d_cv2",-4.1325764765143,2.5083833113254,-9.04900776671208,0.783854813683473,"inc_total"
"MT_2023","g_bottom_d_var",-92267030443.3526,50301836850.1643,-190858630669.675,6324569782.96948,"inc_total"
"MT_2023","g_middle_wshare",0.335043143701287,0.000937327058027538,0.333205982667553,0.336880304735021,"inc_total"
"MT_2023","g_middle_mean_nwx",345378.237888929,14542.2349025826,316875.457479867,373881.018297991,"inc_total"
"MT_2023","g_middle_mean_nw",473743.701960001,14553.7442755172,445218.363179987,502269.040740015,"inc_total"
"MT_2023","g_middle_mean_wt",128365.464071072,330.01014659584,127718.644183744,129012.2839584,"inc_total"
"MT_2023","g_middle_wt_over_nwx",0.371666335596839,0.0150152140505039,0.342236516057852,0.401096155135827,"inc_total"
"MT_2023","g_middle_wt_volshare",0.357012445623651,0.00949424018236167,0.338403734866222,0.37562115638108,"inc_total"
"MT_2023","g_middle_gini_nwx",0.719025241336094,0.102151305039904,0.518808683457882,0.919241799214306,"inc_total"
"MT_2023","g_middle_gini_nw",0.529912874582727,0.0903386238023563,0.352849171930109,0.706976577235346,"inc_total"
"MT_2023","g_middle_cv2_nwx",2.39450557414715,0.811977204528922,0.803030253270458,3.98598089502383,"inc_total"
"MT_2023","g_middle_cv2_nw",1.31474868072269,0.615150914660153,0.109052887988793,2.52044447345659,"inc_total"
"MT_2023","g_middle_var_nwx",285631296516.214,80681383061.1444,127495785716.371,443766807316.057,"inc_total"
"MT_2023","g_middle_var_nw",295073115754.722,128289343492.766,43626002508.8994,546520229000.544,"inc_total"
"MT_2023","g_middle_d_gini",-0.189112366753367,0.0118398650827684,-0.212318502315593,-0.165906231191141,"inc_total"
"MT_2023","g_middle_r_gini",0.736987860951921,0.0244264727365925,0.6891119743882,0.784863747515643,"inc_total"
"MT_2023","g_middle_d_cv2",-1.07975689342445,0.196922854822865,-1.46572568887727,-0.693788097971637,"inc_total"
"MT_2023","g_middle_d_var",9441819238.50781,47613078181.268,-83879813996.7775,102763452473.793,"inc_total"
"MT_2023","g_top_wshare",0.333835785014974,0.000271742860436817,0.333303169008518,0.33436840102143,"inc_total"
"MT_2023","g_top_mean_nwx",584429.256651225,21136.4080683505,543001.896837258,625856.616465192,"inc_total"
"MT_2023","g_top_mean_nw",689597.551033716,29910.1972722876,630973.564380032,748221.537687399,"inc_total"
"MT_2023","g_top_mean_wt",105168.294382491,8781.05065255842,87957.4351034765,122379.153661506,"inc_total"
"MT_2023","g_top_wt_over_nwx",0.17995042716565,0.00823348127485701,0.16381280386693,0.19608805046437,"inc_total"
"MT_2023","g_top_wt_volshare",0.291442004215134,0.0333979554889155,0.22598201145686,0.356901996973409,"inc_total"
"MT_2023","g_top_gini_nwx",0.509505106601202,0.0171212392001352,0.475947477768937,0.543062735433467,"inc_total"
"MT_2023","g_top_gini_nw",0.428526184960991,0.00296241475623456,0.422719852038772,0.434332517883211,"inc_total"
"MT_2023","g_top_cv2_nwx",1.0613206048607,0.155596644261006,0.756351182109131,1.36629002761228,"inc_total"
"MT_2023","g_top_cv2_nw",0.733284525116777,0.0756616974231173,0.584987598167467,0.881581452066087,"inc_total"
"MT_2023","g_top_var_nwx",362502071960.4,83740543471.4419,198370606756.374,526633537164.426,"inc_total"
"MT_2023","g_top_var_nw",348709629927.857,70067150906.2742,211378014151.56,486041245704.155,"inc_total"
"MT_2023","g_top_d_gini",-0.0809789216402101,0.0200678499183015,-0.120311907480081,-0.0416459358003391,"inc_total"
"MT_2023","g_top_r_gini",0.841063572099595,0.0329397661167541,0.776501630510757,0.905625513688433,"inc_total"
"MT_2023","g_top_d_cv2",-0.328036079743926,0.0799501441810634,-0.484738362338811,-0.171333797149042,"inc_total"
"MT_2023","g_top_d_var",-13792442032.5428,13677826638.104,-40600982243.2267,13016098178.141,"inc_total"
"MT_2023","did_gini",-0.389024496994253,0.258003832994858,-0.894712009664174,0.116663015675668,"inc_total"
"MT_2023","did_cv2",-3.80454039677038,2.58831354352802,-8.8776349420853,1.26855414854455,"inc_total"
"MT_2023","did_var",-78474588410.8098,63976747793.6628,-203869014086.389,46919837264.7694,"inc_total"
"MT_2023","rratio_gini",0.6516109329341,0.208371555459389,0.243202684233697,1.0600191816345,"inc_total"
"NL_2023","g_bottom_wshare",0.333120409185058,0.000688091185041596,0.331771750462377,0.33446906790774,"inc_total"
"NL_2023","g_bottom_mean_nwx",124520.555180902,15475.4265248511,94188.7191921942,154852.391169611,"inc_total"
"NL_2023","g_bottom_mean_nw",142315.212345924,10909.6739101205,120932.251482087,163698.17320976,"inc_total"
"NL_2023","g_bottom_mean_wt",17794.6571650211,15894.5315474784,-13358.6246680365,48947.9389980787,"inc_total"
"NL_2023","g_bottom_wt_over_nwx",0.149920746390607,0.168169666057439,-0.179691799081973,0.479533291863186,"inc_total"
"NL_2023","g_bottom_wt_volshare",0.239903405793671,0.128061167089142,-0.0110964817010461,0.490903293288389,"inc_total"
"NL_2023","g_bottom_gini_nwx",0.916425363070654,0.242459279199447,0.441205175839737,1.39164555030157,"inc_total"
"NL_2023","g_bottom_gini_nw",0.7523050163931,0.0237141000816593,0.705825380233048,0.798784652553153,"inc_total"
"NL_2023","g_bottom_cv2_nwx",8.91987053852872,16.3666383965183,-23.1587407186472,40.9984817957046,"inc_total"
"NL_2023","g_bottom_cv2_nw",3.08947643411617,0.381516418260399,2.34170425432579,3.83724861390655,"inc_total"
"NL_2023","g_bottom_var_nwx",124975326056.509,129237791771.585,-128330745815.798,378281397928.817,"inc_total"
"NL_2023","g_bottom_var_nw",62604778435.8259,11964225089.5083,39154897260.3897,86054659611.2621,"inc_total"
"NL_2023","g_bottom_d_gini",-0.164120346677554,0.251624143570551,-0.657303668075834,0.329062974720727,"inc_total"
"NL_2023","g_bottom_r_gini",0.841632545418718,0.175541664304515,0.497570883381868,1.18569420745557,"inc_total"
"NL_2023","g_bottom_d_cv2",-5.83039410441255,16.4410644945972,-38.0548805138231,26.394092304998,"inc_total"
"NL_2023","g_bottom_d_var",-62370547620.6834,127976930202.283,-313205330817.158,188464235575.792,"inc_total"
"NL_2023","g_middle_wshare",0.333299061846303,0.000832771327826677,0.331666830043763,0.334931293648843,"inc_total"
"NL_2023","g_middle_mean_nwx",201333.443258579,15614.1173675665,170729.773218148,231937.113299009,"inc_total"
"NL_2023","g_middle_mean_nw",223540.800245408,14169.6250484201,195768.335150504,251313.265340311,"inc_total"
"NL_2023","g_middle_mean_wt",22207.356986829,8705.54034185214,5144.49791679881,39270.2160568592,"inc_total"
"NL_2023","g_middle_wt_over_nwx",0.110889109331465,0.0490099518953734,0.0148296036165335,0.206948615046397,"inc_total"
"NL_2023","g_middle_wt_volshare",0.328628640381211,0.0791155543642918,0.173562153827199,0.483695126935223,"inc_total"
"NL_2023","g_middle_gini_nwx",0.714750107401875,0.064056084974691,0.589200180851481,0.84030003395227,"inc_total"
"NL_2023","g_middle_gini_nw",0.629077939866958,0.0185826433319574,0.592655958936322,0.665499920797595,"inc_total"
"NL_2023","g_middle_cv2_nwx",4.35154851829418,1.7922623939347,0.838714226182171,7.8643828104062,"inc_total"
"NL_2023","g_middle_cv2_nw",3.06543534039367,0.962101794900526,1.17971582238863,4.9511548583987,"inc_total"
"NL_2023","g_middle_var_nwx",175182800600.267,74952195637.161,28276497151.4315,322089104049.103,"inc_total"
"NL_2023","g_middle_var_nw",153149432141.882,62033891819.5884,31563004175.4887,274735860108.275,"inc_total"
"NL_2023","g_middle_d_gini",-0.0856721675349169,0.0584932103817133,-0.200318859883075,0.0289745248132411,"inc_total"
"NL_2023","g_middle_r_gini",0.882390625407818,0.0668876083653691,0.751290913011695,1.01349033780394,"inc_total"
"NL_2023","g_middle_d_cv2",-1.28611317790052,1.39502651981545,-4.02036515673879,1.44813880093776,"inc_total"
"NL_2023","g_middle_d_var",-22033368458.3852,38861478616.1857,-98201866546.1092,54135129629.3388,"inc_total"
"NL_2023","g_top_wshare",0.333580528968639,0.000698275631776466,0.332211908730357,0.334949149206921,"inc_total"
"NL_2023","g_top_mean_nwx",382734.838580718,18726.168995583,346031.547349375,419438.129812061,"inc_total"
"NL_2023","g_top_mean_nw",410955.045638856,19504.2184221056,372726.777531529,449183.313746182,"inc_total"
"NL_2023","g_top_mean_wt",28220.2070581376,4899.54382188133,18617.1011672502,37823.312949025,"inc_total"
"NL_2023","g_top_wt_over_nwx",0.0737538537084143,0.0132158123534053,0.04785086149574,0.0996568459210885,"inc_total"
"NL_2023","g_top_wt_volshare",0.431467953825118,0.10172769393765,0.232081673707324,0.630854233942912,"inc_total"
"NL_2023","g_top_gini_nwx",0.567319103808638,0.0205389209028281,0.527062818839095,0.607575388778181,"inc_total"
"NL_2023","g_top_gini_nw",0.549866599164623,0.0177182596524184,0.515138810245883,0.584594388083363,"inc_total"
"NL_2023","g_top_cv2_nwx",2.08136411307649,0.352667486669386,1.39013583920449,2.77259238694849,"inc_total"
"NL_2023","g_top_cv2_nw",2.05930930109506,0.319465782405247,1.43315636758077,2.68546223460934,"inc_total"
"NL_2023","g_top_var_nwx",304701763574.711,66922863911.0719,173532950309.01,435870576840.412,"inc_total"
"NL_2023","g_top_var_nw",347761308166.209,73293131748.1533,204106769939.828,491415846392.589,"inc_total"
"NL_2023","g_top_d_gini",-0.0174525046440157,0.00905984112001492,-0.0352097932392449,0.000304783951213545,"inc_total"
"NL_2023","g_top_r_gini",0.969330874433119,0.0153065650000935,0.939330007032936,0.999331741833302,"inc_total"
"NL_2023","g_top_d_cv2",-0.0220548119814338,0.114120893922398,-0.245731764069334,0.201622140106467,"inc_total"
"NL_2023","g_top_d_var",43059544591.4977,20010498318.8985,3838967886.45652,82280121296.5388,"inc_total"
"NL_2023","did_gini",-0.146667842033538,0.247426739012764,-0.631624250498555,0.338288566431479,"inc_total"
"NL_2023","did_cv2",-5.80833929243111,16.4098026825768,-37.9715525502816,26.3548739654193,"inc_total"
"NL_2023","did_var",-105430092212.181,128468907309.939,-357229150539.661,146368966115.299,"inc_total"
"NL_2023","rratio_gini",0.867362708863502,0.175937267498145,0.522525664567138,1.21219975315987,"inc_total"
"PT_2023","g_bottom_wshare",0.332538017527298,0.00102994751359282,0.330519320400656,0.334556714653939,"inc_total"
"PT_2023","g_bottom_mean_nwx",87516.0453960422,11429.6107810277,65114.0082652279,109918.082526856,"inc_total"
"PT_2023","g_bottom_mean_nw",136895.943000292,10136.0619686762,117029.261541687,156762.624458898,"inc_total"
"PT_2023","g_bottom_mean_wt",49379.8976042501,6986.26449637051,35686.8191913639,63072.9760171363,"inc_total"
"PT_2023","g_bottom_wt_over_nwx",0.569885799493338,0.131298343749688,0.31254104574395,0.827230553242726,"inc_total"
"PT_2023","g_bottom_wt_volshare",0.23854882513549,0.0338056414751073,0.172289767844279,0.3048078824267,"inc_total"
"PT_2023","g_bottom_gini_nwx",1.14455583925745,0.123331906305991,0.902825302897712,1.3862863756172,"inc_total"
"PT_2023","g_bottom_gini_nw",0.646032664801797,0.0147188638279683,0.617183691698979,0.674881637904615,"inc_total"
"PT_2023","g_bottom_cv2_nwx",10.5742001293721,3.39948147479437,3.91121643877514,17.2371838199691,"inc_total"
"PT_2023","g_bottom_cv2_nw",2.82358815941384,1.05424867017141,0.757260765877876,4.8899155529498,"inc_total"
"PT_2023","g_bottom_var_nwx",81611658230.4435,31407991057.5383,20051995757.6684,143171320703.219,"inc_total"
"PT_2023","g_bottom_var_nw",53862555793.7387,27822396552.4426,-669341449.04882,108394453036.526,"inc_total"
"PT_2023","g_bottom_d_gini",-0.498523174455657,0.122180742745314,-0.737997430236473,-0.259048918674841,"inc_total"
"PT_2023","g_bottom_r_gini",0.565951498450127,0.0595970624855243,0.4491412559785,0.682761740921755,"inc_total"
"PT_2023","g_bottom_d_cv2",-7.75061196995827,3.19802307957809,-14.0187372059313,-1.48248673398521,"inc_total"
"PT_2023","g_bottom_d_var",-27749102436.7048,17174542063.6022,-61411204881.3652,5913000007.9556,"inc_total"
"PT_2023","g_middle_wshare",0.333813112677797,0.00131525402566295,0.331235214787498,0.336391010568096,"inc_total"
"PT_2023","g_middle_mean_nwx",164611.131248033,11592.8702203128,141889.10561622,187333.156879846,"inc_total"
"PT_2023","g_middle_mean_nw",215698.281059497,12572.1290672761,191056.908087636,240339.654031359,"inc_total"
"PT_2023","g_middle_mean_wt",51087.1498114645,6718.35891999298,37919.1663282783,64255.1332946508,"inc_total"
"PT_2023","g_middle_wt_over_nwx",0.310458856063914,0.049392851667053,0.21364886679649,0.407268845331338,"inc_total"
"PT_2023","g_middle_wt_volshare",0.24749991538372,0.0259080247297032,0.196720186913502,0.298279643853938,"inc_total"
"PT_2023","g_middle_gini_nwx",0.815097310893293,0.0594095122590883,0.69865466686548,0.931539954921106,"inc_total"
"PT_2023","g_middle_gini_nw",0.586498769287636,0.0165310714524353,0.554097869240863,0.618899669334409,"inc_total"
"PT_2023","g_middle_cv2_nwx",5.42509390821715,1.75920262646554,1.97705676034469,8.8731310560896,"inc_total"
"PT_2023","g_middle_cv2_nw",2.68054591878608,0.758455788567742,1.19397257319331,4.16711926437886,"inc_total"
"PT_2023","g_middle_var_nwx",147707397376.773,51789394740.9382,46200183684.5343,249214611069.012,"inc_total"
"PT_2023","g_middle_var_nw",125574990701.083,44996962220.8247,37380944748.2661,213769036653.899,"inc_total"
"PT_2023","g_middle_d_gini",-0.228598541605657,0.0548707191718489,-0.336145151182481,-0.121051932028833,"inc_total"
"PT_2023","g_middle_r_gini",0.719952900578442,0.0457569117163203,0.630269353614454,0.80963644754243,"inc_total"
"PT_2023","g_middle_d_cv2",-2.74454798943107,1.51152876072568,-5.7071443604534,0.218048381591263,"inc_total"
"PT_2023","g_middle_d_var",-22132406675.6907,32084438791.3414,-85017906706.7198,40753093355.3384,"inc_total"
"PT_2023","g_top_wshare",0.333648869794906,0.000655025257360067,0.33236502029048,0.334932719299331,"inc_total"
"PT_2023","g_top_mean_nwx",436951.823058226,41326.6596570038,355951.570130498,517952.075985953,"inc_total"
"PT_2023","g_top_mean_nw",543217.289044242,46797.5592354944,451494.072942672,634940.505145811,"inc_total"
"PT_2023","g_top_mean_wt",106265.465986016,17892.2925298903,71196.5726274307,141334.359344601,"inc_total"
"PT_2023","g_top_wt_over_nwx",0.243656217355019,0.043510172835817,0.158376278596818,0.328936156113221,"inc_total"
"PT_2023","g_top_wt_volshare",0.513951259480791,0.0410991881329951,0.43339685074012,0.594505668221461,"inc_total"
"PT_2023","g_top_gini_nwx",0.740490286091136,0.045730003143554,0.650859479929771,0.830121092252502,"inc_total"
"PT_2023","g_top_gini_nw",0.585408622631059,0.0153537342642845,0.555315303473061,0.615501941789056,"inc_total"
"PT_2023","g_top_cv2_nwx",6.18767531328578,1.63919831242914,2.97484662092467,9.40050400564689,"inc_total"
"PT_2023","g_top_cv2_nw",3.74725686302594,0.738805739033883,2.29919761451952,5.19531611153235,"inc_total"
"PT_2023","g_top_var_nwx",1179870057963.47,422697596196.99,351382769417.366,2008357346509.57,"inc_total"
"PT_2023","g_top_var_nw",1105628597389.06,382482176918.487,355963530628.825,1855293664149.29,"inc_total"
"PT_2023","g_top_d_gini",-0.155081663460078,0.0479541801962138,-0.249071856644657,-0.0610914702754986,"inc_total"
"PT_2023","g_top_r_gini",0.791208375341362,0.0508846449027984,0.691474471331877,0.890942279350846,"inc_total"
"PT_2023","g_top_d_cv2",-2.44041845025985,1.50119493232613,-5.38276051761906,0.501923617099369,"inc_total"
"PT_2023","g_top_d_var",-74241460574.4067,251516236756.469,-567213284617.086,418730363468.273,"inc_total"
"PT_2023","did_gini",-0.343441510995579,0.135513346782134,-0.609047670688562,-0.0778353513025963,"inc_total"
"PT_2023","did_cv2",-5.31019351969843,3.62022970144627,-12.4058437345331,1.78545669513626,"inc_total"
"PT_2023","did_var",46492358137.7019,252310287580.145,-448035805519.381,541020521794.785,"inc_total"
"PT_2023","rratio_gini",0.716207607229891,0.0925793710406121,0.534752039990291,0.897663174469491,"inc_total"
"SI_2023","g_bottom_wshare",0.332273517055985,0.00173389730506309,0.328875078338061,0.335671955773909,"inc_total"
"SI_2023","g_bottom_mean_nwx",-96.2203752406123,22804.2706392508,-44792.5908281722,44600.150077691,"inc_total"
"SI_2023","g_bottom_mean_nw",144961.680666737,16861.5450741447,111913.052321413,178010.30901206,"inc_total"
"SI_2023","g_bottom_mean_wt",145057.901041978,21109.2539041607,103683.763389823,186432.038694132,"inc_total"
"SI_2023","g_bottom_wt_over_nwx",15.6346108100107,192.841701167962,-362.335123479195,393.604345099216,"inc_total"
"SI_2023","g_bottom_wt_volshare",0.284364089936564,0.0330425674578436,0.21960065771919,0.349127522153937,"inc_total"
"SI_2023","g_bottom_gini_nwx",18.1491284580285,214.887436854224,-403.030247776251,439.328504692308,"inc_total"
"SI_2023","g_bottom_gini_nw",0.546157573347333,0.0384609211092737,0.470774167973156,0.621540978721509,"inc_total"
"SI_2023","g_bottom_cv2_nwx",3429.40387732911,581143582.774533,-1139037992.83421,1139044851.64196,"inc_total"
"SI_2023","g_bottom_cv2_nw",1.80834912232065,1.4533301070601,-1.04017788751713,4.65687613215844,"inc_total"
"SI_2023","g_bottom_var_nwx",187139076774.044,84476648846.3209,21564845035.2554,352713308512.833,"inc_total"
"SI_2023","g_bottom_var_nw",41707722806.1928,53384380552.8464,-62925663077.3862,146341108689.772,"inc_total"
"SI_2023","g_bottom_d_gini",-17.5839707509623,214.889686044126,-438.767755397449,403.599813895524,"inc_total"
"SI_2023","g_bottom_r_gini",0.0330419296024985,0.0592952160759702,-0.0831766939064031,0.1492605531114,"inc_total"
"SI_2023","g_bottom_d_cv2",-3427.59552820679,581143582.782048,-1139044849.84834,1139037994.65729,"inc_total"
"SI_2023","g_bottom_d_var",-145431353967.852,53138972439.7147,-249583739949.692,-41278967986.0106,"inc_total"
"SI_2023","g_middle_wshare",0.333747328699121,0.00195389836541092,0.329917687902916,0.337576969495327,"inc_total"
"SI_2023","g_middle_mean_nwx",42853.4368753922,25887.2572743137,-7885.58738226257,93592.461133047,"inc_total"
"SI_2023","g_middle_mean_nw",194442.801381205,14543.3628017777,165937.810289721,222947.79247269,"inc_total"
"SI_2023","g_middle_mean_wt",151589.364505813,28334.9778779564,96052.8078650188,207125.921146608,"inc_total"
"SI_2023","g_middle_wt_over_nwx",4.32831117879124,32.6219439102967,-59.6106988853902,68.2673212429727,"inc_total"
"SI_2023","g_middle_wt_volshare",0.296721714000776,0.0363929442113089,0.225391543346611,0.368051884654942,"inc_total"
"SI_2023","g_middle_gini_nwx",4.80403985900652,34.3119478090824,-62.4473778467949,72.055457564808,"inc_total"
"SI_2023","g_middle_gini_nw",0.540604639252626,0.0231618264694866,0.495207459372432,0.586001819132819,"inc_total"
"SI_2023","g_middle_cv2_nwx",188.516449438666,1671273.39672986,-3275507.34114109,3275884.37403997,"inc_total"
"SI_2023","g_middle_cv2_nw",1.64466505939003,0.648676545773801,0.373259029673386,2.91607108910668,"inc_total"
"SI_2023","g_middle_var_nwx",195232880330.503,83180231216.3581,32199627146.4412,358266133514.565,"inc_total"
"SI_2023","g_middle_var_nw",63387079011.1281,33336083291.6515,-1951644240.5088,128725802262.765,"inc_total"
"SI_2023","g_middle_d_gini",-4.26343521975389,34.3116385903776,-71.514246856894,62.9873764173862,"inc_total"
"SI_2023","g_middle_r_gini",0.139060857520138,0.0884066380392481,-0.0342161530367885,0.312337868077064,"inc_total"
"SI_2023","g_middle_d_cv2",-186.871784379276,1671273.3991737,-3275882.73416483,3275508.99059607,"inc_total"
"SI_2023","g_middle_d_var",-131845801319.375,70481870438.7068,-269990267379.24,6298664740.49031,"inc_total"
"SI_2023","g_top_wshare",0.333979154244894,0.00113225347456958,0.331759937434737,0.33619837105505,"inc_total"
"SI_2023","g_top_mean_nwx",155530.636169782,45630.0034902837,66095.8293288259,244965.443010738,"inc_total"
"SI_2023","g_top_mean_nw",368364.469321886,38441.4822981057,293019.164017599,443709.774626173,"inc_total"
"SI_2023","g_top_mean_wt",212833.833152104,22341.4954009352,169044.502166271,256623.164137937,"inc_total"
"SI_2023","g_top_wt_over_nwx",1.41626002021895,0.550381595646867,0.337512092751091,2.49500794768681,"inc_total"
"SI_2023","g_top_wt_volshare",0.41891419606266,0.0282987052953189,0.363448733683835,0.474379658441485,"inc_total"
"SI_2023","g_top_gini_nwx",1.85977110926269,0.484136601513191,0.910863370296832,2.80867884822854,"inc_total"
"SI_2023","g_top_gini_nw",0.529440658534088,0.0398054465197911,0.451421983355297,0.607459333712878,"inc_total"
"SI_2023","g_top_cv2_nwx",27.4966821567742,15.7821081764392,-3.43624986904659,58.4296141825951,"inc_total"
"SI_2023","g_top_cv2_nw",3.6926496473978,1.18500927953758,1.37003145950414,6.01526783529146,"inc_total"
"SI_2023","g_top_var_nwx",658328787913.034,315999967818.916,38968850987.9587,1277688724838.11,"inc_total"
"SI_2023","g_top_var_nw",515715556459.904,314188520001.896,-100093942743.812,1131525055663.62,"inc_total"
"SI_2023","g_top_d_gini",-1.3303304507286,0.503082417794286,-2.3163719896054,-0.344288911851797,"inc_total"
"SI_2023","g_top_r_gini",0.289848373539268,0.077320830708293,0.138299545351014,0.441397201727523,"inc_total"
"SI_2023","g_top_d_cv2",-23.8040325093764,15.9718367840986,-55.1088326062096,7.50076758745675,"inc_total"
"SI_2023","g_top_d_var",-142613231453.13,38322898299.1824,-217726112119.528,-67500350786.7324,"inc_total"
"SI_2023","did_gini",-16.117407177174,214.883574805766,-437.289213796476,405.054399442128,"inc_total"
"SI_2023","did_cv2",-3403.79149569741,581143582.828414,-1139044826.13519,1139038018.5522,"inc_total"
"SI_2023","did_var",-2818122514.72156,66539424478.1222,-133235394491.841,127599149462.398,"inc_total"
"SI_2023","rratio_gini",0.129399571468274,0.267270565131005,-0.394450736188496,0.653249879125044,"inc_total"
"SK_2023","g_bottom_wshare",0.333009193893463,0.00150956068232287,0.330050454956111,0.335967932830816,"inc_total"
"SK_2023","g_bottom_mean_nwx",71197.6278420548,6574.57955024981,58311.4519235651,84083.8037605444,"inc_total"
"SK_2023","g_bottom_mean_nw",106392.797440638,5528.95913323137,95556.0375395041,117229.557341771,"inc_total"
"SK_2023","g_bottom_mean_wt",35195.1695985829,3774.25303245252,27797.6336549759,42592.7055421898,"inc_total"
"SK_2023","g_bottom_wt_over_nwx",0.49456694462699,0.0883550078846927,0.321391129172992,0.667742760080987,"inc_total"
"SK_2023","g_bottom_wt_volshare",0.238658767942983,0.0259142930808776,0.187866753504463,0.289450782381504,"inc_total"
"SK_2023","g_bottom_gini_nwx",0.839550182187624,0.0698582132793372,0.702628084160123,0.976472280215125,"inc_total"
"SK_2023","g_bottom_gini_nw",0.464269898257987,0.0226918230214387,0.419793925135968,0.508745871380007,"inc_total"
"SK_2023","g_bottom_cv2_nwx",3.296910153469,0.716854366772269,1.89187559459535,4.70194471234264,"inc_total"
"SK_2023","g_bottom_cv2_nw",1.13132616274004,0.29114246123998,0.560686938709677,1.7019653867704,"inc_total"
"SK_2023","g_bottom_var_nwx",16736820083.5495,4548095073.12941,7822553740.21584,25651086426.8831,"inc_total"
"SK_2023","g_bottom_var_nw",12833950533.2385,4309952443.78408,4386443743.4217,21281457323.0553,"inc_total"
"SK_2023","g_bottom_d_gini",-0.375280283929637,0.0678784856771595,-0.508322115856869,-0.242238452002404,"inc_total"
"SK_2023","g_bottom_r_gini",0.553089599171958,0.0464087807867797,0.46212838882987,0.644050809514047,"inc_total"
"SK_2023","g_bottom_d_cv2",-2.16558399072896,0.547907664419619,-3.23948301299141,-1.09168496846651,"inc_total"
"SK_2023","g_bottom_d_var",-3902869550.31098,881844851.160582,-5631285458.58572,-2174453642.03624,"inc_total"
"SK_2023","g_middle_wshare",0.333001052876312,0.00183504770278549,0.329404359378852,0.336597746373771,"inc_total"
"SK_2023","g_middle_mean_nwx",88423.2406715834,9123.06949973401,70542.0244521047,106304.456891062,"inc_total"
"SK_2023","g_middle_mean_nw",143666.129134544,7000.51172194379,129945.126159534,157387.132109554,"inc_total"
"SK_2023","g_middle_mean_wt",55242.8884629607,7035.41537526349,41453.4743274442,69032.3025984771,"inc_total"
"SK_2023","g_middle_wt_over_nwx",0.625549960432155,0.135279876896893,0.360401401714244,0.890698519150066,"inc_total"
"SK_2023","g_middle_wt_volshare",0.37452507450389,0.0369755363643131,0.302053023229836,0.446997125777944,"inc_total"
"SK_2023","g_middle_gini_nwx",0.846390917750887,0.115224037041215,0.620551805150106,1.07223003035167,"inc_total"
"SK_2023","g_middle_gini_nw",0.386224999878798,0.0193789380552856,0.348242281290438,0.424207718467158,"inc_total"
"SK_2023","g_middle_cv2_nwx",3.19141025766903,0.992418543388746,1.24626991262709,5.13655060271097,"inc_total"
"SK_2023","g_middle_cv2_nw",0.707255581929937,0.161815682609528,0.390096844015262,1.02441431984461,"inc_total"
"SK_2023","g_middle_var_nwx",25021583360.6662,5865340879.26983,13525515237.2973,36517651484.035,"inc_total"
"SK_2023","g_middle_var_nw",14674389327.0751,4332788925.20671,6182123033.67,23166655620.4803,"inc_total"
"SK_2023","g_middle_d_gini",-0.460165917872089,0.114833424839686,-0.685239430557875,-0.235092405186304,"inc_total"
"SK_2023","g_middle_r_gini",0.456608569012367,0.0624234329209458,0.334258640487313,0.57895849753742,"inc_total"
"SK_2023","g_middle_d_cv2",-2.48415467573909,0.952759245716362,-4.35156279734316,-0.616746554135021,"inc_total"
"SK_2023","g_middle_d_var",-10347194033.591,3270921144.57908,-16758199476.966,-3936188590.21601,"inc_total"
"SK_2023","g_top_wshare",0.333989753230225,0.00132333824377999,0.331396010272416,0.336583496188034,"inc_total"
"SK_2023","g_top_mean_nwx",197704.529699509,14570.6058209445,169146.142290458,226262.91710856,"inc_total"
"SK_2023","g_top_mean_nw",254580.525571254,14662.3698643809,225842.280637067,283318.77050544,"inc_total"
"SK_2023","g_top_mean_wt",56875.9958717447,6881.13081029105,43388.9794835743,70363.0122599152,"inc_total"
"SK_2023","g_top_wt_over_nwx",0.287732644235996,0.0458368827609128,0.197892354024607,0.377572934447385,"inc_total"
"SK_2023","g_top_wt_volshare",0.386816157553127,0.0354868071325384,0.317262015573351,0.456370299532902,"inc_total"
"SK_2023","g_top_gini_nwx",0.646547204021017,0.0399081823432389,0.568327166628268,0.724767241413765,"inc_total"
"SK_2023","g_top_gini_nw",0.464243825672368,0.0213928179151212,0.42231390255873,0.506173748786006,"inc_total"
"SK_2023","g_top_cv2_nwx",3.41677012952023,0.85934507010876,1.73245379210706,5.1010864669334,"inc_total"
"SK_2023","g_top_cv2_nw",1.83081295865664,0.485926654761654,0.878396715323793,2.78322920198948,"inc_total"
"SK_2023","g_top_var_nwx",133783211823.551,39094029687.8203,57158913635.4232,210407510011.679,"inc_total"
"SK_2023","g_top_var_nw",118838221299.152,37423766198.7234,45487639549.6541,192188803048.65,"inc_total"
"SK_2023","g_top_d_gini",-0.182303378348649,0.0362808628621422,-0.253413869558447,-0.11119288713885,"inc_total"
"SK_2023","g_top_r_gini",0.718055735805663,0.0412046244852107,0.63729467181465,0.798816799796676,"inc_total"
"SK_2023","g_top_d_cv2",-1.58595717086359,0.494440227698664,-2.55506001715297,-0.616854324574211,"inc_total"
"SK_2023","g_top_d_var",-14944990524.3989,9824553960.51732,-34201116287.0129,4311135238.215,"inc_total"
"SK_2023","did_gini",-0.192976905580988,0.0783956460939241,-0.346632371925079,-0.0393214392368969,"inc_total"
"SK_2023","did_cv2",-0.579626819865369,0.73623760476158,-2.02265252519807,0.863398885467329,"inc_total"
"SK_2023","did_var",11042120974.088,9859023658.15149,-8281565395.88896,30365807344.0649,"inc_total"
"SK_2023","rratio_gini",0.770287586609864,0.082921619681816,0.607761212033504,0.932813961186223,"inc_total"
"AT_2023","g_lower_wshare",0.755520799141392,0.00908479173872183,0.737714607333497,0.773326990949286,"educ"
"AT_2023","g_lower_mean_nwx",-13299.1064629614,40847.7714600401,-93360.73852464,66762.5255987173,"educ"
"AT_2023","g_lower_mean_nw",274613.154814289,18584.3472764128,238187.83415252,311038.475476058,"educ"
"AT_2023","g_lower_mean_wt",287912.26127725,42226.8928452323,205147.551300595,370676.971253906,"educ"
"AT_2023","g_lower_wt_over_nwx",8.77700799450322,NA,NA,NA,"educ"
"AT_2023","g_lower_wt_volshare",0.554196021831411,0.112146250848389,0.334389370168569,0.774002673494254,"educ"
"AT_2023","g_lower_gini_nwx",9.84277113337275,NA,NA,NA,"educ"
"AT_2023","g_lower_gini_nw",0.711736603711153,0.0165748810946459,0.679249836765647,0.744223370656659,"educ"
"AT_2023","g_lower_cv2_nwx",4517.14224403627,203731788.591751,-399309788.497588,399318822.782077,"educ"
"AT_2023","g_lower_cv2_nw",6.41349344116338,2.91229086647652,0.705403342869393,12.1215835394574,"educ"
"AT_2023","g_lower_var_nwx",1793727626488.36,972069003014.924,-111527619420.89,3698982872397.61,"educ"
"AT_2023","g_lower_var_nw",488831340115.241,293152905628.133,-85748354915.8997,1063411035146.38,"educ"
"AT_2023","g_lower_d_gini",-9.12110668576224,NA,NA,NA,"educ"
"AT_2023","g_lower_r_gini",0.0733192347796906,NA,NA,NA,"educ"
"AT_2023","g_lower_d_cv2",-4510.72875059511,203731788.6019,-399318816.388475,399309794.930973,"educ"
"AT_2023","g_lower_d_var",-1304896286373.12,1019679263338.01,-3303467642515.61,693675069769.371,"educ"
"AT_2023","g_upper_wshare",0.244479200858608,0.00908479173872183,0.226673009050713,0.262285392666503,"educ"
"AT_2023","g_upper_mean_nwx",-193233.634157587,381421.007365641,-940818.808594244,554351.54027907,"educ"
"AT_2023","g_upper_mean_nw",534415.32740979,44397.7715464459,447395.695178756,621434.959640824,"educ"
"AT_2023","g_upper_mean_wt",727648.961567377,377623.606059042,-12493.3063083449,1467791.2294431,"educ"
"AT_2023","g_upper_wt_over_nwx",NA,NA,NA,NA,"educ"
"AT_2023","g_upper_wt_volshare",0.445803978168589,0.112146250848389,0.225997326505746,0.665610629831431,"educ"
"AT_2023","g_upper_gini_nwx",NA,NA,NA,NA,"educ"
"AT_2023","g_upper_gini_nw",0.631821171610674,0.0272224483977813,0.578465172751023,0.685177170470325,"educ"
"AT_2023","g_upper_cv2_nwx",3797.76192566455,42532205.7180534,-83359325.445459,83366920.9693103,"educ"
"AT_2023","g_upper_cv2_nw",4.09409717178558,3.7915602937799,-3.33736100402301,11.5255553475942,"educ"
"AT_2023","g_upper_var_nwx",32199116811480.5,40570971294848.8,-47319986926423.1,111718220549384,"educ"
"AT_2023","g_upper_var_nw",1193113810247.53,1278360300180.35,-1312472378105.96,3698699998601.01,"educ"
"AT_2023","g_upper_d_gini",NA,NA,NA,NA,"educ"
"AT_2023","g_upper_r_gini",NA,NA,NA,NA,"educ"
"AT_2023","g_upper_d_cv2",-3793.66782849276,42532205.7094439,-83366916.8583386,83359329.5226817,"educ"
"AT_2023","g_upper_d_var",-31006003001233,40667246321543.7,-110713805791459,48701799788992.7,"educ"
"AT_2023","did_gini",NA,NA,NA,NA,"educ"
"AT_2023","did_cv2",-717.060922102348,208123850.766725,-407923464.563703,407922030.441859,"educ"
"AT_2023","did_var",29701106714859.8,40721917685874.3,-50113851949453.8,109516065379173,"educ"
"AT_2023","rratio_gini",NA,NA,NA,NA,"educ"
"BE_2023","g_lower_wshare",0.549563257079728,0.0125770312106748,0.524912275906806,0.574214238252651,"educ"
"BE_2023","g_lower_mean_nwx",233593.908200573,49218.6322677623,137125.388955758,330062.427445387,"educ"
"BE_2023","g_lower_mean_nw",305049.239128969,40737.7970484554,225203.156913996,384895.321343941,"educ"
"BE_2023","g_lower_mean_wt",71455.330928396,52316.4298322442,-31084.8715428025,173995.533399595,"educ"
"BE_2023","g_lower_wt_over_nwx",0.305942366925927,0.466921463424511,-0.609223701386115,1.22110843523797,"educ"
"BE_2023","g_lower_wt_volshare",0.406697219856621,0.123204673550902,0.165216059696853,0.648178380016389,"educ"
"BE_2023","g_lower_gini_nwx",0.848576605404239,0.517854598634845,-0.166418407920057,1.86357161872853,"educ"
"BE_2023","g_lower_gini_nw",0.644912600758398,0.0354274385470531,0.575474821206174,0.714350380310622,"educ"
"BE_2023","g_lower_cv2_nwx",11.2377652409794,39.0632896079453,-65.3262823905934,87.8018128725522,"educ"
"BE_2023","g_lower_cv2_nw",5.76518701901814,3.36947450647161,-0.838983013666212,12.3693570517025,"educ"
"BE_2023","g_lower_var_nwx",613010782441.357,703965108944.558,-766760831089.977,1992782395972.69,"educ"
"BE_2023","g_lower_var_nw",536401953241.345,556982069977.475,-555282903914.506,1628086810397.2,"educ"
"BE_2023","g_lower_d_gini",-0.203664004645841,0.506193161491922,-1.19580260117001,0.788474591878327,"educ"
"BE_2023","g_lower_r_gini",0.760009064644165,0.199017447608338,0.369934867331822,1.15008326195651,"educ"
"BE_2023","g_lower_d_cv2",-5.47257822196128,38.8278048739113,-81.5750757748274,70.6299193309048,"educ"
"BE_2023","g_lower_d_var",-76608829200.0124,320442793385.463,-704676704235.521,551459045835.496,"educ"
"BE_2023","g_upper_wshare",0.450436742920272,0.0125770312106748,0.425785761747349,0.475087724093194,"educ"
"BE_2023","g_upper_mean_nwx",414786.811610705,28660.4632660554,358612.303609236,470961.319612174,"educ"
"BE_2023","g_upper_mean_nw",541967.853259455,30110.081479415,482952.093559802,600983.612959109,"educ"
"BE_2023","g_upper_mean_wt",127181.04164875,12733.8152981802,102222.763664317,152139.319633183,"educ"
"BE_2023","g_upper_wt_over_nwx",0.306623867785687,0.0382837795206486,0.231587659925215,0.381660075646158,"educ"
"BE_2023","g_upper_wt_volshare",0.593302780143379,0.123204673550902,0.351821619983611,0.834783940303147,"educ"
"BE_2023","g_upper_gini_nwx",0.678628640055063,0.0345271936736035,0.6109553404548,0.746301939655326,"educ"
"BE_2023","g_upper_gini_nw",0.535838087599136,0.0180711818900811,0.500418571094577,0.571257604103695,"educ"
"BE_2023","g_upper_cv2_nwx",3.23354893281121,0.597214865087424,2.06300779723986,4.40409006838256,"educ"
"BE_2023","g_upper_cv2_nw",1.79006048823569,0.312951195002498,1.17667614603079,2.40344483044058,"educ"
"BE_2023","g_upper_var_nwx",556307432309.775,138298382710.921,285242602196.369,827372262423.181,"educ"
"BE_2023","g_upper_var_nw",525791562628.684,131901537518.746,267264549091.941,784318576165.427,"educ"
"BE_2023","g_upper_d_gini",-0.142790552455927,0.0298504855931994,-0.201297504218598,-0.0842836006932559,"educ"
"BE_2023","g_upper_r_gini",0.789591853849946,0.034291173419265,0.722381153948187,0.856802553751705,"educ"
"BE_2023","g_upper_d_cv2",-1.44348844457552,0.393070365690924,-2.21390636132973,-0.673070527821308,"educ"
"BE_2023","g_upper_d_var",-30515869681.0908,39052201697.7834,-107058185008.746,46026445646.5646,"educ"
"BE_2023","did_gini",-0.0608734521899141,0.506987666268779,-1.05456927807672,0.932822373696892,"educ"
"BE_2023","did_cv2",-4.02908977738576,38.8456776137213,-80.1666179002794,72.1084383455079,"educ"
"BE_2023","did_var",-46092959518.9216,324474450650.933,-682062882794.75,589876963756.906,"educ"
"BE_2023","rratio_gini",0.962544723066899,0.255655094169076,0.46146073849551,1.46362870763829,"educ"
"CY_2023","g_lower_wshare",0.664238709155299,0.0171448645004844,0.630634774734349,0.697842643576248,"educ"
"CY_2023","g_lower_mean_nwx",220584.108851261,24545.803749159,172474.333502909,268693.884199613,"educ"
"CY_2023","g_lower_mean_nw",310075.900451409,24635.0443873104,261791.213452281,358360.587450538,"educ"
"CY_2023","g_lower_mean_wt",89491.7916001483,10386.2999705659,69134.6436578391,109848.939542457,"educ"
"CY_2023","g_lower_wt_over_nwx",0.406638517236216,0.0723732826261693,0.264786883288924,0.548490151183508,"educ"
"CY_2023","g_lower_wt_volshare",0.520587598336671,0.0566673511645287,0.409519590054194,0.631655606619147,"educ"
"CY_2023","g_lower_gini_nwx",0.917432115392838,0.0624875799373546,0.794956458715623,1.03990777207005,"educ"
"CY_2023","g_lower_gini_nw",0.633158830811674,0.0229313412557195,0.588213401950463,0.678104259672884,"educ"
"CY_2023","g_lower_cv2_nwx",5.24227723728848,1.37917381460455,2.53909656066356,7.9454579139134,"educ"
"CY_2023","g_lower_cv2_nw",2.65275289850515,0.743254510632894,1.19597405766467,4.10953173934562,"educ"
"CY_2023","g_lower_var_nwx",258525103390.967,105776624049.052,51202920254.8253,465847286527.11,"educ"
"CY_2023","g_lower_var_nw",257733891247.512,103908562510.792,54073108726.3589,461394673768.665,"educ"
"CY_2023","g_lower_d_gini",-0.284273284581165,0.0596683297627048,-0.401223210916066,-0.167323358246263,"educ"
"CY_2023","g_lower_r_gini",0.690213216516789,0.045124857527693,0.601768495762511,0.778657937271067,"educ"
"CY_2023","g_lower_d_cv2",-2.58952433878333,0.770215210037404,-4.09914615045665,-1.07990252711002,"educ"
"CY_2023","g_lower_d_var",-791212143.455298,11073152249.8318,-22494590553.1256,20912166266.215,"educ"
"CY_2023","g_upper_wshare",0.335761290844701,0.0171448645004844,0.302157356423752,0.36936522526565,"educ"
"CY_2023","g_upper_mean_nwx",386427.95646699,39781.0458907053,308457.106521208,464398.806412772,"educ"
"CY_2023","g_upper_mean_nw",549466.818976228,40119.39411848,470832.806504007,628100.831448449,"educ"
"CY_2023","g_upper_mean_wt",163038.862509238,27304.4475644626,109522.145282891,216555.579735585,"educ"
"CY_2023","g_upper_wt_over_nwx",0.421910984519304,0.0996331479836205,0.226630014471408,0.6171919545672,"educ"
"CY_2023","g_upper_wt_volshare",0.479412401663329,0.0566673511645287,0.368344393380853,0.590480409945805,"educ"
"CY_2023","g_upper_gini_nwx",0.774455823642678,0.0891589297137537,0.599704321403721,0.949207325881635,"educ"
"CY_2023","g_upper_gini_nw",0.542657054358588,0.0264908146754426,0.49073505759472,0.594579051122455,"educ"
"CY_2023","g_upper_cv2_nwx",3.174951196684,0.914234423828144,1.38305172598084,4.96685066738716,"educ"
"CY_2023","g_upper_cv2_nw",1.64280667399274,0.312216542522428,1.03086225064879,2.2547510973367,"educ"
"CY_2023","g_upper_var_nwx",473457290173.246,98849817190.6603,279711648479.551,667202931866.94,"educ"
"CY_2023","g_upper_var_nw",495120532423.248,106778940444.538,285833809151.954,704407255694.542,"educ"
"CY_2023","g_upper_d_gini",-0.23179876928409,0.0856445487772107,-0.399662084887423,-0.0639354536807574,"educ"
"CY_2023","g_upper_r_gini",0.700754994606221,0.0732254347783923,0.557233142440572,0.844276846771869,"educ"
"CY_2023","g_upper_d_cv2",-1.53214452269126,0.817957896429558,-3.13534199969319,0.0710529543106779,"educ"
"CY_2023","g_upper_d_var",21663242250.0022,60981814205.292,-97861113592.3702,141187598092.375,"educ"
"CY_2023","did_gini",-0.0524745152970745,0.105514694743747,-0.259283316994819,0.15433428640067,"educ"
"CY_2023","did_cv2",-1.05737981609208,1.1674042073282,-3.34549206245534,1.23073243027119,"educ"
"CY_2023","did_var",-22454454393.4575,62090474441.3456,-144151784298.495,99242875511.5798,"educ"
"CY_2023","rratio_gini",0.984997036374465,0.129856834715365,0.730477640332349,1.23951643241658,"educ"
"DE_2023","g_lower_wshare",0.609692271828658,0.0103272817430526,0.589450799612275,0.629933744045042,"educ"
"DE_2023","g_lower_mean_nwx",136911.858102568,37695.9318713317,63027.8316347576,210795.884570378,"educ"
"DE_2023","g_lower_mean_nw",219413.273708829,32269.5328318844,156164.989358336,282661.558059322,"educ"
"DE_2023","g_lower_mean_wt",82501.4156062613,13513.4143911701,56015.1233995679,108987.707812955,"educ"
"DE_2023","g_lower_wt_over_nwx",0.604232399381842,0.184319737026326,0.242965714810243,0.965499083953442,"educ"
"DE_2023","g_lower_wt_volshare",0.502545106598603,0.0679986443416912,0.369267763688889,0.635822449508318,"educ"
"DE_2023","g_lower_gini_nwx",1.30962425655457,0.188859348522183,0.939459933451097,1.67978857965805,"educ"
"DE_2023","g_lower_gini_nw",0.740703664347295,0.0295250320327049,0.682834601563193,0.798572727131397,"educ"
"DE_2023","g_lower_cv2_nwx",21.8553297089144,10.3463220764905,1.57653843899308,42.1341209788358,"educ"
"DE_2023","g_lower_cv2_nw",4.87092916198435,1.80463511501478,1.33384433655538,8.40801398741332,"educ"
"DE_2023","g_lower_var_nwx",404126902319.05,221683967486.942,-30373673955.3568,838627478593.457,"educ"
"DE_2023","g_lower_var_nw",234665305003.426,189208573683.148,-136183499415.544,605514109422.396,"educ"
"DE_2023","g_lower_d_gini",-0.56892059220728,0.204857076168908,-0.97044046149834,-0.16740072291622,"educ"
"DE_2023","g_lower_r_gini",0.567014246330484,0.108643833620201,0.35407233243489,0.779956160226079,"educ"
"DE_2023","g_lower_d_cv2",-16.9844005469301,10.7099587598378,-37.9759197162122,4.00711862235202,"educ"
"DE_2023","g_lower_d_var",-169461597315.624,144917473520.958,-453499845416.703,114576650785.455,"educ"
"DE_2023","g_upper_wshare",0.390307728171342,0.0103272817430526,0.370066255954958,0.410549200387725,"educ"
"DE_2023","g_upper_mean_nwx",367136.926465948,33045.5166134858,302367.713903516,431906.139028381,"educ"
"DE_2023","g_upper_mean_nw",494673.397273844,38555.3596279396,419104.892403082,570241.902144605,"educ"
"DE_2023","g_upper_mean_wt",127536.470807895,26611.0493924445,75378.8139987042,179694.127617086,"educ"
"DE_2023","g_upper_wt_over_nwx",0.347957787287899,0.0866225936369392,0.178177503759499,0.5177380708163,"educ"
"DE_2023","g_upper_wt_volshare",0.497454893401397,0.0679986443416912,0.364177550491682,0.630732236311111,"educ"
"DE_2023","g_upper_gini_nwx",0.932206824772035,0.093739037657509,0.748478310963318,1.11593533858075,"educ"
"DE_2023","g_upper_gini_nw",0.667792372787564,0.0203111432857831,0.627982531947429,0.707602213627699,"educ"
"DE_2023","g_upper_cv2_nwx",10.2310960999136,3.91554843223299,2.55662117273698,17.9055710270903,"educ"
"DE_2023","g_upper_cv2_nw",3.14084104581795,0.368359552525136,2.41885632286868,3.86282576876721,"educ"
"DE_2023","g_upper_var_nwx",1371084826887.3,447668715967.664,493654143590.676,2248515510183.92,"educ"
"DE_2023","g_upper_var_nw",768861852615.761,136156190903.07,501995718445.744,1035727986785.78,"educ"
"DE_2023","g_upper_d_gini",-0.264414451984471,0.0932565987166226,-0.447197385469051,-0.0816315184998905,"educ"
"DE_2023","g_upper_r_gini",0.716861176373451,0.0757298990208259,0.568430574292633,0.86529177845427,"educ"
"DE_2023","g_upper_d_cv2",-7.09025505409569,3.88470193258515,-14.7042708419626,0.5237607337712,"educ"
"DE_2023","g_upper_d_var",-602222974271.536,395718237119.777,-1377830719026.3,173384770483.226,"educ"
"DE_2023","did_gini",-0.304506140222809,0.212989849916836,-0.721966246059808,0.11295396561419,"educ"
"DE_2023","did_cv2",-9.89414549283438,11.9403895139473,-33.2973089401711,13.5090179545023,"educ"
"DE_2023","did_var",432761376955.912,447181810424.836,-443714971476.766,1309237725388.59,"educ"
"DE_2023","rratio_gini",0.792179422212345,0.157282954360579,0.483904831665611,1.10045401275908,"educ"
"EE_2023","g_lower_wshare",0.557308277661015,0.00669282939970465,0.544190332037594,0.570426223284436,"educ"
"EE_2023","g_lower_mean_nwx",132777.661020629,15172.422666377,103039.71259453,162515.609446728,"educ"
"EE_2023","g_lower_mean_nw",147835.812534698,15672.3909248823,117117.926321929,178553.698747468,"educ"
"EE_2023","g_lower_mean_wt",15058.1515140695,2226.74306402764,10693.7351085753,19422.5679195636,"educ"
"EE_2023","g_lower_wt_over_nwx",0.113533325756124,0.0202263454822782,0.073889688610859,0.153176962901389,"educ"
"EE_2023","g_lower_wt_volshare",0.407375845838048,0.0586572206679051,0.292407693328954,0.522343998347142,"educ"
"EE_2023","g_lower_gini_nwx",0.737217301982468,0.0315729809417047,0.675334259336727,0.79910034462821,"educ"
"EE_2023","g_lower_gini_nw",0.67161817842683,0.0320466072235993,0.608806828268575,0.734429528585084,"educ"
"EE_2023","g_lower_cv2_nwx",16.0792700707327,7.65140030726618,1.08252546849094,31.0760146729744,"educ"
"EE_2023","g_lower_cv2_nw",14.1168973296048,7.13417868215997,0.133907112571316,28.0998875466384,"educ"
"EE_2023","g_lower_var_nwx",283846408000.576,186656195321.267,-81999734829.1078,649692550830.259,"educ"
"EE_2023","g_lower_var_nw",308877529289.736,210749871250.047,-104192218360.356,721947276939.828,"educ"
"EE_2023","g_lower_d_gini",-0.0655991235556386,0.0167190332600751,-0.0983684287453857,-0.0328298183658915,"educ"
"EE_2023","g_lower_r_gini",0.911013312776957,0.0221247829086424,0.867648738276018,0.954377887277896,"educ"
"EE_2023","g_lower_d_cv2",-1.9623727411278,0.728380515091428,-3.389998550707,-0.534746931548605,"educ"
"EE_2023","g_lower_d_var",25031121289.1601,24857023978.6615,-23688645709.0165,73750888287.3366,"educ"
"EE_2023","g_upper_wshare",0.442691722338985,0.00669282939970465,0.429573776715564,0.455809667962406,"educ"
"EE_2023","g_upper_mean_nwx",261347.685414371,20667.3555558448,220839.668524915,301855.702303827,"educ"
"EE_2023","g_upper_mean_nw",288925.047074276,20248.3408554632,249238.298997568,328611.795150984,"educ"
"EE_2023","g_upper_mean_wt",27577.3616599048,5202.8290348859,17379.8167515284,37774.9065682812,"educ"
"EE_2023","g_upper_wt_over_nwx",0.10555049619412,0.0234915561364547,0.0595070461666686,0.151593946221571,"educ"
"EE_2023","g_upper_wt_volshare",0.592624154161952,0.0586572206679051,0.477656001652858,0.707592306671046,"educ"
"EE_2023","g_upper_gini_nwx",0.694034465530056,0.0358376276176981,0.623792715399368,0.764276215660744,"educ"
"EE_2023","g_upper_gini_nw",0.60916205208281,0.024203978180127,0.561722254849761,0.656601849315859,"educ"
"EE_2023","g_upper_cv2_nwx",8.72638140276863,2.87908980062043,3.08336539355258,14.3693974119847,"educ"
"EE_2023","g_upper_cv2_nw",6.88329125653872,2.36626226218407,2.24541722265795,11.5211652904195,"educ"
"EE_2023","g_upper_var_nwx",596966872653.097,254964196354.22,97237047798.8259,1096696697507.37,"educ"
"EE_2023","g_upper_var_nw",575515270954.32,253928623769.38,77815168366.3351,1073215373542.31,"educ"
"EE_2023","g_upper_d_gini",-0.0848724134472455,0.0293080189166657,-0.14231613052391,-0.0274286963705808,"educ"
"EE_2023","g_upper_r_gini",0.877691738765938,0.0368874590727253,0.805392318983396,0.949991158548479,"educ"
"EE_2023","g_upper_d_cv2",-1.84309014622991,0.774676305067434,-3.36145570416208,-0.324724588297744,"educ"
"EE_2023","g_upper_d_var",-21451601698.7767,19926689688.2645,-60507913487.7751,17604710090.2218,"educ"
"EE_2023","did_gini",0.019273289891607,0.0340650569092411,-0.0474942216505056,0.0860408014337195,"educ"
"EE_2023","did_cv2",-0.119282594897889,1.05508402146626,-2.18724727697176,1.94868208717598,"educ"
"EE_2023","did_var",46482722987.9367,31597217509.4929,-15447823330.6693,108413269306.543,"educ"
"EE_2023","rratio_gini",1.03798598668619,0.0521304868584411,0.935810232443642,1.14016174092873,"educ"
"ES_2023","g_lower_wshare",0.626309921702602,0.00791302554990894,0.610800391624781,0.641819451780424,"educ"
"ES_2023","g_lower_mean_nwx",127091.375128805,10707.4316752905,106104.809045236,148077.941212375,"educ"
"ES_2023","g_lower_mean_nw",221759.156162477,10231.0421349879,201706.313577901,241811.998747054,"educ"
"ES_2023","g_lower_mean_wt",94667.781033672,9680.66765141131,75693.6724369058,113641.889630438,"educ"
"ES_2023","g_lower_wt_over_nwx",0.744949448531645,0.124672323215374,0.500591695029512,0.989307202033779,"educ"
"ES_2023","g_lower_wt_volshare",0.414520754903411,0.0576561320850342,0.301514736016744,0.527526773790078,"educ"
"ES_2023","g_lower_gini_nwx",1.15538837546214,0.111888968931627,0.936085996356154,1.37469075456813,"educ"
"ES_2023","g_lower_gini_nw",0.653417391230035,0.012503642167014,0.628910252582688,0.677924529877383,"educ"
"ES_2023","g_lower_cv2_nwx",50.3747485512653,31.2738690323921,-10.9220347522233,111.671531854754,"educ"
"ES_2023","g_lower_cv2_nw",15.9388391121424,10.7842253382565,-5.19824255084034,37.0759207751251,"educ"
"ES_2023","g_lower_var_nwx",813648712141.995,588338795719.562,-339495327468.346,1966792751752.34,"educ"
"ES_2023","g_lower_var_nw",783834985943.344,590866838673.138,-374264017856.006,1941933989742.69,"educ"
"ES_2023","g_lower_d_gini",-0.501970984232108,0.111819905002536,-0.721137998037079,-0.282803970427137,"educ"
"ES_2023","g_lower_r_gini",0.565586306459122,0.0533677707838468,0.460985475722783,0.670187137195462,"educ"
"ES_2023","g_lower_d_cv2",-34.435909439123,21.2146586427935,-76.0166403789982,7.14482150075225,"educ"
"ES_2023","g_lower_d_var",-29813726198.6514,25203129818.8221,-79211860643.5427,19584408246.2398,"educ"
"ES_2023","g_upper_wshare",0.373690078297398,0.00791302554990894,0.358180548219577,0.38919960837522,"educ"
"ES_2023","g_upper_mean_nwx",265486.265687356,52548.5233019746,162491.160015486,368481.371359227,"educ"
"ES_2023","g_upper_mean_nw",489606.264536899,42936.5633719262,405450.600327924,573761.928745875,"educ"
"ES_2023","g_upper_mean_wt",224119.998849543,49791.5997076601,126528.463422529,321711.534276557,"educ"
"ES_2023","g_upper_wt_over_nwx",0.844591125627514,0.397509690362076,0.0654721325178445,1.62371011873718,"educ"
"ES_2023","g_upper_wt_volshare",0.585479245096589,0.0576561320850342,0.472473226209922,0.698485263983256,"educ"
"ES_2023","g_upper_gini_nwx",1.23374992779724,0.382164593538268,0.484707324462238,1.98279253113225,"educ"
"ES_2023","g_upper_gini_nw",0.657396699102867,0.0259494115970428,0.606535852372663,0.708257545833071,"educ"
"ES_2023","g_upper_cv2_nwx",96.8287483984291,72.4762606584469,-45.2247224921267,238.882219288985,"educ"
"ES_2023","g_upper_cv2_nw",22.3345655587104,9.23049190633976,4.24280142228449,40.4263296951364,"educ"
"ES_2023","g_upper_var_nwx",6821723007370.85,3397524999123.94,162574009087.928,13480872005653.8,"educ"
"ES_2023","g_upper_var_nw",5354684620274.37,3235345935066.6,-986593412456.171,11695962653004.9,"educ"
"ES_2023","g_upper_d_gini",-0.576353228694376,0.378158615089038,-1.31754411426889,0.164837656880139,"educ"
"ES_2023","g_upper_r_gini",0.533170550078858,0.127548558914588,0.283175374606267,0.78316572555145,"educ"
"ES_2023","g_upper_d_cv2",-74.4941828397187,71.3028478574753,-214.24776464037,65.2593989609329,"educ"
"ES_2023","g_upper_d_var",-1467038387096.48,1140173847062.1,-3701779127338.2,767702353145.234,"educ"
"ES_2023","did_gini",0.074382244462268,0.395038884789343,-0.699893969724845,0.848658458649381,"educ"
"ES_2023","did_cv2",40.0582734005957,74.1629309307344,-105.301071223644,185.417618024835,"educ"
"ES_2023","did_var",1437224660897.83,1141305151586.06,-799733436210.851,3674182758006.52,"educ"
"ES_2023","rratio_gini",1.06143558062001,0.343995369744737,0.387204655920322,1.73566650531969,"educ"
"FR_2023","g_lower_wshare",0.631977325450219,0.00446943989813433,0.623217223249875,0.640737427650562,"educ"
"FR_2023","g_lower_mean_nwx",104972.028828755,16581.2851565982,72472.709921823,137471.347735688,"educ"
"FR_2023","g_lower_mean_nw",237979.336925845,9852.90228492937,218667.648447383,257291.025404306,"educ"
"FR_2023","g_lower_mean_wt",133007.308097089,12720.3538854248,108075.414481657,157939.201712522,"educ"
"FR_2023","g_lower_wt_over_nwx",1.26707380605236,0.270004481540555,0.737865022232871,1.79628258987185,"educ"
"FR_2023","g_lower_wt_volshare",0.56732941350573,0.0356113912631865,0.497531086629885,0.637127740381576,"educ"
"FR_2023","g_lower_gini_nwx",1.93985109390733,0.345370491851294,1.26292492987879,2.61677725793587,"educ"
"FR_2023","g_lower_gini_nw",0.664249624148964,0.017717255347341,0.629523803668176,0.698975444629752,"educ"
"FR_2023","g_lower_cv2_nwx",79.9894590265945,37.8525240204926,5.79851194642902,154.18040610676,"educ"
"FR_2023","g_lower_cv2_nw",4.23773502542799,0.682776705829475,2.89949268200222,5.57597736885377,"educ"
"FR_2023","g_lower_var_nwx",881413994591.071,259533028294.938,372729259132.993,1390098730049.15,"educ"
"FR_2023","g_lower_var_nw",240000583824.351,38025061654.4163,165471462981.695,314529704667.007,"educ"
"FR_2023","g_lower_d_gini",-1.27560146975837,0.338849122698034,-1.93974575024651,-0.611457189270218,"educ"
"FR_2023","g_lower_r_gini",0.342422996401752,0.0684910723336365,0.208180494627824,0.47666549817568,"educ"
"FR_2023","g_lower_d_cv2",-75.7517240011666,37.725319674624,-149.69335056343,-1.81009743890344,"educ"
"FR_2023","g_lower_d_var",-641413410766.72,255856347436.678,-1142891851742.61,-139934969790.831,"educ"
"FR_2023","g_upper_wshare",0.368022674549781,0.00446943989813434,0.359262572349438,0.376782776750125,"educ"
"FR_2023","g_upper_mean_nwx",318989.992466311,22801.2174175995,274299.606327816,363680.378604806,"educ"
"FR_2023","g_upper_mean_nw",493180.504324201,16029.8483128038,461762.001631105,524599.007017296,"educ"
"FR_2023","g_upper_mean_wt",174190.511857889,19579.4996990929,135814.692447667,212566.331268111,"educ"
"FR_2023","g_upper_wt_over_nwx",0.546068892353373,0.103473727001538,0.343260387430359,0.748877397276387,"educ"
"FR_2023","g_upper_wt_volshare",0.43267058649427,0.0356113912631865,0.362872259618424,0.502468913370115,"educ"
"FR_2023","g_upper_gini_nwx",1.0466191124386,0.126331919916665,0.799008549401939,1.29422967547526,"educ"
"FR_2023","g_upper_gini_nw",0.65804717800654,0.0131287644141306,0.632314799754844,0.683779556258236,"educ"
"FR_2023","g_upper_cv2_nwx",67.3405262823899,79.2412074009283,-87.9722402234296,222.653292788209,"educ"
"FR_2023","g_upper_cv2_nw",7.50141046912188,2.94771603723532,1.72388703614066,13.2789339021031,"educ"
"FR_2023","g_upper_var_nwx",6852209345537,5347863514778.53,-3629603143428.91,17334021834502.9,"educ"
"FR_2023","g_upper_var_nw",1824545638028.04,747375650642.846,359689362768.062,3289401913288.02,"educ"
"FR_2023","g_upper_d_gini",-0.388571934432061,0.125855505291316,-0.63524872480304,-0.141895144061081,"educ"
"FR_2023","g_upper_r_gini",0.628736060889719,0.0665459538468368,0.498305991349919,0.759166130429519,"educ"
"FR_2023","g_upper_d_cv2",-59.839115813268,79.0319539442756,-214.741745544048,95.0635139175121,"educ"
"FR_2023","g_upper_d_var",-5027663707508.96,5283949136792.23,-15384204015621.7,5328876600603.81,"educ"
"FR_2023","did_gini",-0.887029535326304,0.35952472311783,-1.59169799263725,-0.182361078015358,"educ"
"FR_2023","did_cv2",-15.9126081878985,87.9425646148106,-188.280034832927,156.45481845713,"educ"
"FR_2023","did_var",4386250296742.24,5279968415001.65,-5962487796661,14734988390145.5,"educ"
"FR_2023","rratio_gini",0.54462121341854,0.133277298935625,0.283397707504715,0.805844719332365,"educ"
"GR_2023","g_lower_wshare",0.69454703066983,0.0160173287302556,0.663153066358529,0.725940994981131,"educ"
"GR_2023","g_lower_mean_nwx",60513.4064387797,53354.4334957268,-44061.2832128448,165088.096090404,"educ"
"GR_2023","g_lower_mean_nw",146269.445220068,5849.0070935266,134805.391316755,157733.49912338,"educ"
"GR_2023","g_lower_mean_wt",85756.0387812878,53766.0442582586,-19625.4079648991,191137.485527475,"educ"
"GR_2023","g_lower_wt_over_nwx",1.23659336364379,5.19466160683354,-8.94494338574994,11.4181301130375,"educ"
"GR_2023","g_lower_wt_volshare",0.659729577266936,0.0949716133065565,0.473585215186086,0.845873939347787,"educ"
"GR_2023","g_lower_gini_nwx",1.6993476500366,5.1325721856512,-8.36049383383976,11.759189133913,"educ"
"GR_2023","g_lower_gini_nw",0.562183172411263,0.0188624518220026,0.525212766840138,0.599153577982389,"educ"
"GR_2023","g_lower_cv2_nwx",1420.69572293446,10980152.1465525,-21519677.51152,21522518.9029658,"educ"
"GR_2023","g_lower_cv2_nw",2.7627403396791,0.881249757555894,1.03549081486954,4.48998986448865,"educ"
"GR_2023","g_lower_var_nwx",264134329312.35,479440771148.662,-675569582139.027,1203838240763.73,"educ"
"GR_2023","g_lower_var_nw",59155263900.3088,20267870972.1936,19430236794.8093,98880291005.8082,"educ"
"GR_2023","g_lower_d_gini",-1.13842216794859,5.13388568131546,-11.2008381033269,8.92399376742972,"educ"
"GR_2023","g_lower_r_gini",0.433540357932435,0.212837038754,0.0163797619745938,0.850700953890275,"educ"
"GR_2023","g_lower_d_cv2",-1417.93298259478,10980152.1757807,-21522516.1975127,21519680.3315475,"educ"
"GR_2023","g_lower_d_var",-204979065412.041,473023929952.306,-1132105968118.56,722147837294.479,"educ"
"GR_2023","g_upper_wshare",0.30545296933017,0.0160173287302556,0.274059005018869,0.336846933641471,"educ"
"GR_2023","g_upper_mean_nwx",137927.563338061,30688.1352628831,77778.8182228104,198076.308453312,"educ"
"GR_2023","g_upper_mean_nw",227650.572484515,26152.8106989526,176391.063514568,278910.081454462,"educ"
"GR_2023","g_upper_mean_wt",89723.009146454,27357.8154967063,36101.6907729097,143344.327519998,"educ"
"GR_2023","g_upper_wt_over_nwx",0.675863976055529,0.357140788175634,-0.0241319687687126,1.37585992087977,"educ"
"GR_2023","g_upper_wt_volshare",0.340270422733064,0.0949716133065565,0.154126060652213,0.526414784813914,"educ"
"GR_2023","g_upper_gini_nwx",1.08266960143876,0.319763804825192,0.455932543981387,1.70940665889614,"educ"
"GR_2023","g_upper_gini_nw",0.593240000487231,0.0205135768705917,0.553033389820871,0.633446611153591,"educ"
"GR_2023","g_upper_cv2_nwx",6.96595106222816,5.60651708885257,-4.02282243192287,17.9547245563792,"educ"
"GR_2023","g_upper_cv2_nw",1.81924062227191,0.254880776841356,1.31967429966285,2.31880694488097,"educ"
"GR_2023","g_upper_var_nwx",120848460894.572,46973781076.364,28779849984.899,212917071804.246,"educ"
"GR_2023","g_upper_var_nw",94293958566.242,31748169191.694,32067546950.5218,156520370181.962,"educ"
"GR_2023","g_upper_d_gini",-0.489429600951532,0.320846653788625,-1.11828904237724,0.139429840474173,"educ"
"GR_2023","g_upper_r_gini",0.563201579573255,0.13686991205594,0.294936551943612,0.831466607202898,"educ"
"GR_2023","g_upper_d_cv2",-5.14671043995625,5.57349254607078,-16.070755830255,5.77733495034249,"educ"
"GR_2023","g_upper_d_var",-26554502328.3303,31198361450.868,-87703290772.0317,34594286115.371,"educ"
"GR_2023","did_gini",-0.738440335258053,5.1091794701751,-10.7524320968012,9.27555142628513,"educ"
"GR_2023","did_cv2",-1412.78627215483,10980152.1483982,-21522510.9971326,21519685.4245883,"educ"
"GR_2023","did_var",-178424563083.711,455835380600.077,-1071861909059.86,715012782892.44,"educ"
"GR_2023","rratio_gini",0.703952303713276,0.34622976209836,0.0253419700004905,1.38256263742606,"educ"
"HR_2023","g_lower_wshare",0.757150557847187,0.0137065358312519,0.730285747617933,0.784015368076441,"educ"
"HR_2023","g_lower_mean_nwx",131035.739153178,9062.21615257282,113273.795494136,148797.682812221,"educ"
"HR_2023","g_lower_mean_nw",164478.725793715,8932.06283458936,146971.88263792,181985.56894951,"educ"
"HR_2023","g_lower_mean_wt",33442.9866405369,3240.14807171621,27092.2964199731,39793.6768611007,"educ"
"HR_2023","g_lower_wt_over_nwx",0.255246766104816,0.0339638758792675,0.188677569381452,0.32181596282818,"educ"
"HR_2023","g_lower_wt_volshare",0.67936555417555,0.037782413256482,0.605312024192845,0.753419084158254,"educ"
"HR_2023","g_lower_gini_nwx",0.724327313813059,0.0264601731030848,0.672465374531013,0.776189253095105,"educ"
"HR_2023","g_lower_gini_nw",0.55075159363998,0.0184885472757937,0.514514040979424,0.586989146300535,"educ"
"HR_2023","g_lower_cv2_nwx",3.50872843835885,0.714443723245542,2.10841874079759,4.90903813592011,"educ"
"HR_2023","g_lower_cv2_nw",2.21429036729998,0.468531274149352,1.29596906996725,3.13261166463271,"educ"
"HR_2023","g_lower_var_nwx",60249509543.6951,17243361301.0717,26452521393.5946,94046497693.7957,"educ"
"HR_2023","g_lower_var_nw",59908739940.322,17243772525.0496,26110945791.2247,93706534089.4193,"educ"
"HR_2023","g_lower_d_gini",-0.173575720173079,0.0234596270917058,-0.219556589272823,-0.127594851073336,"educ"
"HR_2023","g_lower_r_gini",0.760363842404911,0.0263407586598086,0.708735955431686,0.811991729378136,"educ"
"HR_2023","g_lower_d_cv2",-1.29443807105887,0.305141353842551,-1.89251512459027,-0.696361017527468,"educ"
"HR_2023","g_lower_d_var",-340769603.373123,2775905541.71227,-5781544465.12917,5100005258.38293,"educ"
"HR_2023","g_upper_wshare",0.242849442152813,0.0137065358312519,0.215984631923559,0.269714252382067,"educ"
"HR_2023","g_upper_mean_nwx",193033.88191794,14124.2844257101,165350.284443548,220717.479392332,"educ"
"HR_2023","g_upper_mean_nw",242249.349567453,14318.7648861036,214184.57039069,270314.128744216,"educ"
"HR_2023","g_upper_mean_wt",49215.4676495124,6639.2465674657,36202.5443772797,62228.3909217452,"educ"
"HR_2023","g_upper_wt_over_nwx",0.254959741751203,0.0428977093398981,0.170880231445003,0.339039252057403,"educ"
"HR_2023","g_upper_wt_volshare",0.32063444582445,0.037782413256482,0.246580915841746,0.394687975807155,"educ"
"HR_2023","g_upper_gini_nwx",0.579970614495327,0.03053236822945,0.520127172765605,0.639814056225049,"educ"
"HR_2023","g_upper_gini_nw",0.476922243100533,0.0206502013514655,0.436447848451661,0.517396637749406,"educ"
"HR_2023","g_upper_cv2_nwx",1.55161648850849,0.241244290567085,1.078777678997,2.02445529801998,"educ"
"HR_2023","g_upper_cv2_nw",1.03966366918923,0.147213011728766,0.751126166200845,1.32820117217761,"educ"
"HR_2023","g_upper_var_nwx",57816148722.2332,11643317876.7594,34995245683.7848,80637051760.6816,"educ"
"HR_2023","g_upper_var_nw",61015240053.8225,12297672203.5586,36911802534.8477,85118677572.7973,"educ"
"HR_2023","g_upper_d_gini",-0.103048371394794,0.0239637843034637,-0.150017388629583,-0.0560793541600049,"educ"
"HR_2023","g_upper_r_gini",0.822327704846967,0.0345821583866448,0.754546674409143,0.890108735284791,"educ"
"HR_2023","g_upper_d_cv2",-0.511952819319263,0.159387046850237,-0.824351431145728,-0.199554207492798,"educ"
"HR_2023","g_upper_d_var",3199091331.58933,4728329133.11781,-6068433769.32157,12466616432.5002,"educ"
"HR_2023","did_gini",-0.0705273487782856,0.0328469451254879,-0.134907361224242,-0.00614733633232921,"educ"
"HR_2023","did_cv2",-0.782485251739605,0.34395328102995,-1.45663368255831,-0.108336820920904,"educ"
"HR_2023","did_var",-3539860934.96246,5447992881.31335,-14217926982.3366,7138205112.4117,"educ"
"HR_2023","rratio_gini",0.92465764495842,0.050017796544987,0.826622763730245,1.02269252618659,"educ"
"HU_2023","g_lower_wshare",0.691553700110347,0.00438897655718436,0.682951306058266,0.700156094162428,"educ"
"HU_2023","g_lower_mean_nwx",71717.8395234964,2744.20355043979,66339.2005646344,77096.4784823584,"educ"
"HU_2023","g_lower_mean_nw",87989.1442363948,2665.7343055302,82764.3049975556,93213.983475234,"educ"
"HU_2023","g_lower_mean_wt",16271.3047128984,1046.82390250036,14219.5298639977,18323.0795617991,"educ"
"HU_2023","g_lower_wt_over_nwx",0.226885174366375,0.0190513203920891,0.189544586397881,0.26422576233487,"educ"
"HU_2023","g_lower_wt_volshare",0.540186385094687,0.0296205587468101,0.48213008995094,0.598242680238435,"educ"
"HU_2023","g_lower_gini_nwx",0.736232399157004,0.021043782881368,0.694986584709523,0.777478213604485,"educ"
"HU_2023","g_lower_gini_nw",0.562859877090589,0.0118676529782905,0.53959927725314,0.586120476928038,"educ"
"HU_2023","g_lower_cv2_nwx",5.01089938586693,1.09005687006693,2.87438792053575,7.14741085119811,"educ"
"HU_2023","g_lower_cv2_nw",3.05016930279194,0.723822025918628,1.63147813199143,4.46886047359245,"educ"
"HU_2023","g_lower_var_nwx",25775468681.0954,6898073599.25097,12255244426.5635,39295692935.6273,"educ"
"HU_2023","g_lower_var_nw",23616775012.2441,6794268300.34763,10300009143.5628,36933540880.9255,"educ"
"HU_2023","g_lower_d_gini",-0.173372522066415,0.0192840776705222,-0.211169314300639,-0.135575729832191,"educ"
"HU_2023","g_lower_r_gini",0.76451316340769,0.0207571790603555,0.723829092449393,0.805197234365987,"educ"
"HU_2023","g_lower_d_cv2",-1.960730083075,0.471780682829647,-2.8854202214211,-1.03603994472889,"educ"
"HU_2023","g_lower_d_var",-2158693668.85123,1255227548.55576,-4618939664.02052,301552326.318058,"educ"
"HU_2023","g_upper_wshare",0.308446299889653,0.00438897655718437,0.299843905837572,0.317048693941734,"educ"
"HU_2023","g_upper_mean_nwx",205941.013486505,7143.29334084895,191940.158538441,219941.868434569,"educ"
"HU_2023","g_upper_mean_nw",236994.306958745,6217.40004953245,224808.202861662,249180.411055829,"educ"
"HU_2023","g_upper_mean_wt",31053.2934722399,3122.10909126704,24933.9596533565,37172.6272911233,"educ"
"HU_2023","g_upper_wt_over_nwx",0.150789553380565,0.0187574502611409,0.114024950868728,0.187554155892401,"educ"
"HU_2023","g_upper_wt_volshare",0.459813614905313,0.02962055874681,0.401757319761565,0.51786991004906,"educ"
"HU_2023","g_upper_gini_nwx",0.619158982201433,0.0222296479539692,0.575588872211653,0.662729092191213,"educ"
"HU_2023","g_upper_gini_nw",0.534760992109551,0.00938400461048296,0.516368343073004,0.553153641146097,"educ"
"HU_2023","g_upper_cv2_nwx",2.86383865604043,0.425165307263437,2.0305146538041,3.69716265827677,"educ"
"HU_2023","g_upper_cv2_nw",2.05984461615711,0.250657977834621,1.56855497960125,2.55113425271297,"educ"
"HU_2023","g_upper_var_nwx",121460911207.566,17914759313.8852,86347982952.3507,156573839462.781,"educ"
"HU_2023","g_upper_var_nw",115695066474.507,16332333127.4558,83683693544.6934,147706439404.32,"educ"
"HU_2023","g_upper_d_gini",-0.0843979900918822,0.0211963193760445,-0.125942776068929,-0.0428532041148351,"educ"
"HU_2023","g_upper_r_gini",0.863689058246058,0.029050440621207,0.806750194628492,0.920627921863623,"educ"
"HU_2023","g_upper_d_cv2",-0.803994039883324,0.30025356072063,-1.39249101889576,-0.215497060870889,"educ"
"HU_2023","g_upper_d_var",-5765844733.05902,8755612686.82538,-22926845599.2368,11395156133.1187,"educ"
"HU_2023","did_gini",-0.0889745319745328,0.0283332639385485,-0.144507729294088,-0.0334413346549777,"educ"
"HU_2023","did_cv2",-1.15673604319167,0.561044224416632,-2.25638272304827,-0.0570893633350742,"educ"
"HU_2023","did_var",3607151064.20779,8874497377.48014,-13786863795.6533,21001165924.0689,"educ"
"HU_2023","rratio_gini",0.885172578379586,0.0387296127050762,0.809262537477636,0.961082619281535,"educ"
"LT_2023","g_lower_wshare",0.522793435570396,0.0155954425964903,0.492226368081275,0.553360503059517,"educ"
"LT_2023","g_lower_mean_nwx",73927.4867909182,24531.8465379761,25845.0675764851,122009.906005351,"educ"
"LT_2023","g_lower_mean_nw",96011.6230137508,24095.65697779,48784.1353372825,143239.110690219,"educ"
"LT_2023","g_lower_mean_wt",22084.1362228326,2799.95100198712,16596.2322589379,27572.0401867274,"educ"
"LT_2023","g_lower_wt_over_nwx",0.303177472865131,0.110562723172156,0.0864745354477043,0.519880410282557,"educ"
"LT_2023","g_lower_wt_volshare",0.425094988198288,0.0350582237183125,0.356380869710395,0.49380910668618,"educ"
"LT_2023","g_lower_gini_nwx",0.87833316589426,0.0695031180359343,0.742107054543829,1.01455927724469,"educ"
"LT_2023","g_lower_gini_nw",0.580902034416359,0.08484809876852,0.41459976083006,0.747204308002658,"educ"
"LT_2023","g_lower_cv2_nwx",25.7262493674678,24.854189087068,-22.9879612431855,74.440459978121,"educ"
"LT_2023","g_lower_cv2_nw",15.2772447641966,16.1056494345253,-16.289828127473,46.8443176558663,"educ"
"LT_2023","g_lower_var_nwx",161962712945.495,264778195887.127,-357002550993.274,680927976884.263,"educ"
"LT_2023","g_lower_var_nw",158093632286.431,263809562180.017,-358973109586.402,675160374159.264,"educ"
"LT_2023","g_lower_d_gini",-0.297431131477901,0.0949757286575085,-0.483583559646617,-0.111278703309184,"educ"
"LT_2023","g_lower_r_gini",0.660777464209768,0.0926115298808906,0.479258865643223,0.842296062776314,"educ"
"LT_2023","g_lower_d_cv2",-10.4490046032711,9.12311242278478,-28.3303049519293,7.43229574538705,"educ"
"LT_2023","g_lower_d_var",-3869080659.06412,1454438232.87819,-6719779595.50538,-1018381722.62287,"educ"
"LT_2023","g_upper_wshare",0.477206564429604,0.0155954425964903,0.446639496940483,0.507773631918725,"educ"
"LT_2023","g_upper_mean_nwx",126015.366193789,20253.7846520883,86317.9482756962,165712.784111882,"educ"
"LT_2023","g_upper_mean_nw",158735.439211176,19711.9701341244,120099.977748292,197370.90067406,"educ"
"LT_2023","g_upper_mean_wt",32720.0730173867,2613.5196300987,27597.5745423933,37842.5714923802,"educ"
"LT_2023","g_upper_wt_over_nwx",0.259982761301199,0.048699506210877,0.16453172912788,0.355433793474518,"educ"
"LT_2023","g_upper_wt_volshare",0.574905011801712,0.0350582237183125,0.50619089331382,0.643619130289605,"educ"
"LT_2023","g_upper_gini_nwx",0.715296647904496,0.0381683235934659,0.640486733661303,0.790106562147689,"educ"
"LT_2023","g_upper_gini_nw",0.549423750150033,0.0438366645067408,0.463503887716821,0.635343612583245,"educ"
"LT_2023","g_upper_cv2_nwx",15.4197449397652,6.61660156676114,2.45120586891337,28.388284010617,"educ"
"LT_2023","g_upper_cv2_nw",10.2408965356653,4.49421691697459,1.43223137839509,19.0495616929355,"educ"
"LT_2023","g_upper_var_nwx",248414134317.929,178352731601.217,-101157219620.457,597985488256.314,"educ"
"LT_2023","g_upper_var_nw",260979104967.351,177462724042.179,-86847834155.319,608806044090.021,"educ"
"LT_2023","g_upper_d_gini",-0.165872897754464,0.0293214799606183,-0.223342998477276,-0.108402797031652,"educ"
"LT_2023","g_upper_r_gini",0.768022802870533,0.0409702701712634,0.687721073334857,0.848324532406209,"educ"
"LT_2023","g_upper_d_cv2",-5.17884840409991,2.23867514825152,-9.56665169467288,-0.791045113526931,"educ"
"LT_2023","g_upper_d_var",12564970649.4222,4491252032.35563,3762116666.00517,21367824632.8392,"educ"
"LT_2023","did_gini",-0.131558233723437,0.0938316911723302,-0.315468348421204,0.0523518809743301,"educ"
"LT_2023","did_cv2",-5.27015619917121,10.1009451338724,-25.0680086615612,14.5276962632188,"educ"
"LT_2023","did_var",-16434051308.4863,4383722961.15106,-25026148312.3424,-7841954304.63025,"educ"
"LT_2023","rratio_gini",0.860802509079698,0.12561643057264,0.614594305157323,1.10701071300207,"educ"
"LU_2023","g_lower_wshare",0.49384602128609,0.0168115992102847,0.460895286833932,0.526796755738248,"educ"
"LU_2023","g_lower_mean_nwx",537318.975398766,149411.257338252,244472.911015792,830165.039781741,"educ"
"LU_2023","g_lower_mean_nw",948773.973621234,99710.7026310442,753340.996464387,1144206.95077808,"educ"
"LU_2023","g_lower_mean_wt",411454.998222468,129089.984853129,158438.627910335,664471.3685346,"educ"
"LU_2023","g_lower_wt_over_nwx",0.774684456406198,3.6768864981947,-6.43201308005542,7.98138199286782,"educ"
"LU_2023","g_lower_wt_volshare",0.52616690548842,0.0910501622268037,0.347708587523885,0.704625223452955,"educ"
"LU_2023","g_lower_gini_nwx",1.34672073556435,4.35780504896093,-7.19457716039907,9.88801863152777,"educ"
"LU_2023","g_lower_gini_nw",0.587105865246052,0.0332046708078219,0.522024710462721,0.652187020029383,"educ"
"LU_2023","g_lower_cv2_nwx",25.4286629666336,9022.40287673814,-17658.4809754401,17709.3383013734,"educ"
"LU_2023","g_lower_cv2_nw",3.91214719716505,2.68259041411407,-1.34573001449852,9.17002440882862,"educ"
"LU_2023","g_lower_var_nwx",7166196507055.99,4789523928943.92,-2221270393674.1,16553663407786.1,"educ"
"LU_2023","g_lower_var_nw",3521290392901.51,3894534747532,-4111997712261.2,11154578498064.2,"educ"
"LU_2023","g_lower_d_gini",-0.7596148703183,4.35825814099931,-9.30180082667694,7.78257108604034,"educ"
"LU_2023","g_lower_r_gini",0.441918389045296,0.151164074323181,0.14563680337186,0.738199974718731,"educ"
"LU_2023","g_lower_d_cv2",-21.5165157694685,9022.42896479579,-17705.4772867692,17662.4442552303,"educ"
"LU_2023","g_lower_d_var",-3644906114154.48,2772198095688.35,-9078414381703.66,1788602153394.69,"educ"
"LU_2023","g_upper_wshare",0.50615397871391,0.0168115992102847,0.473203244261752,0.539104713166068,"educ"
"LU_2023","g_upper_mean_nwx",1002639.1130322,133838.70876486,740315.243853071,1264962.98221132,"educ"
"LU_2023","g_upper_mean_nw",1362308.634051,121043.20568507,1125063.95090826,1599553.31719373,"educ"
"LU_2023","g_upper_mean_wt",359669.5210188,77058.2561668937,208635.338931689,510703.703105912,"educ"
"LU_2023","g_upper_wt_over_nwx",0.358857245908644,0.130240964469208,0.103584955548996,0.614129536268291,"educ"
"LU_2023","g_upper_wt_volshare",0.47383309451158,0.0910501622268037,0.295374776547045,0.652291412476115,"educ"
"LU_2023","g_upper_gini_nwx",0.911602806647557,0.151223007230643,0.615205712475497,1.20799990081962,"educ"
"LU_2023","g_upper_gini_nw",0.652374521637523,0.0209896141496432,0.611234877904223,0.693514165370824,"educ"
"LU_2023","g_upper_cv2_nwx",7.83838330751654,4.56780386113053,-1.11451226029929,16.7912788753324,"educ"
"LU_2023","g_upper_cv2_nw",3.97181213877881,1.44411722526656,1.14134237725634,6.80228190030127,"educ"
"LU_2023","g_upper_var_nwx",7874947103035.21,3666192984874.59,689208852681.016,15060685353389.4,"educ"
"LU_2023","g_upper_var_nw",7370874021658.47,3554078363329.46,404880429532.734,14336867613784.2,"educ"
"LU_2023","g_upper_d_gini",-0.259228285010034,0.152895141844417,-0.558902763025092,0.0404461930050231,"educ"
"LU_2023","g_upper_r_gini",0.715821162793944,0.0859235435509287,0.547411017434124,0.884231308153764,"educ"
"LU_2023","g_upper_d_cv2",-3.86657116873773,4.05590572953645,-11.8161463986292,4.08300406115371,"educ"
"LU_2023","g_upper_d_var",-504073081376.742,1230864316642.87,-2916567141996.77,1908420979243.29,"educ"
"LU_2023","did_gini",-0.500386585308266,4.36333394486355,-9.05252111724083,8.05174794662429,"educ"
"LU_2023","did_cv2",-17.6499446007308,9022.45744693464,-17701.6665405926,17666.3666513912,"educ"
"LU_2023","did_var",-3140833032777.74,3097316364464.41,-9211573107127.99,2929907041572.51,"educ"
"LU_2023","rratio_gini",0.617074067863216,0.250747793337449,0.125608392921817,1.10853974280462,"educ"
"LV_2023","g_lower_wshare",0.604234558384222,0.0238036195800829,0.55757946400726,0.650889652761185,"educ"
"LV_2023","g_lower_mean_nwx",76147.4379559198,27651.2134944864,21951.0595067265,130343.816405113,"educ"
"LV_2023","g_lower_mean_nw",81896.1124388211,27708.5703845784,27587.3144850475,136204.910392595,"educ"
"LV_2023","g_lower_mean_wt",5748.67448290135,1423.23408790534,2959.13567060688,8538.21329519583,"educ"
"LV_2023","g_lower_wt_over_nwx",0.0755073135550885,0.0359992249974183,0.00494883256014862,0.146065794550028,"educ"
"LV_2023","g_lower_wt_volshare",0.445728857149243,0.0932284929222132,0.263001011021706,0.628456703276781,"educ"
"LV_2023","g_lower_gini_nwx",0.800661301118125,0.0701852434350849,0.663098223985358,0.938224378250891,"educ"
"LV_2023","g_lower_gini_nw",0.739993462102395,0.0781902965380835,0.586740480887752,0.893246443317039,"educ"
"LV_2023","g_lower_cv2_nwx",14.4350693943097,5.12237747373148,4.39520954579595,24.4749292428234,"educ"
"LV_2023","g_lower_cv2_nw",12.3996697780391,4.44232112911209,3.69272036497942,21.1066191910988,"educ"
"LV_2023","g_lower_var_nwx",83659150683.2726,54544632986.9029,-23248329971.057,190566631337.602,"educ"
"LV_2023","g_lower_var_nw",83128772499.1891,54269125176.1674,-23238712846.0989,189496257844.477,"educ"
"LV_2023","g_lower_d_gini",-0.0606678390157293,0.0352678150895131,-0.129792756591175,0.00845707855971635,"educ"
"LV_2023","g_lower_r_gini",0.92423861579764,0.0460813488683478,0.833919172015679,1.0145580595796,"educ"
"LV_2023","g_lower_d_cv2",-2.03539961627054,1.03682794122682,-4.06758238107511,-0.00321685146598227,"educ"
"LV_2023","g_lower_d_var",-530378184.08345,661357297.439491,-1826638487.06485,765882118.897953,"educ"
"LV_2023","g_upper_wshare",0.395765441615778,0.0238036195800828,0.349110347238815,0.44242053599274,"educ"
"LV_2023","g_upper_mean_nwx",113940.885687555,17221.8326485026,80186.0936964896,147695.67767862,"educ"
"LV_2023","g_upper_mean_nw",124854.960791999,17267.0308030552,91011.5804180108,158698.341165987,"educ"
"LV_2023","g_upper_mean_wt",10914.0751044444,3317.3461779383,4412.07659568537,17416.0736132035,"educ"
"LV_2023","g_upper_wt_over_nwx",0.0961759414845398,0.0341455260530987,0.0292507104204664,0.163101172548613,"educ"
"LV_2023","g_upper_wt_volshare",0.554271142850757,0.0932284929222132,0.371543296723219,0.736998988978295,"educ"
"LV_2023","g_upper_gini_nwx",0.65548895287708,0.0443328466828346,0.568596573378725,0.742381332375436,"educ"
"LV_2023","g_upper_gini_nw",0.596865082430798,0.0426150756627019,0.513339534131903,0.680390630729694,"educ"
"LV_2023","g_upper_cv2_nwx",4.49947588619287,1.64575908956431,1.27378807064681,7.72516370173892,"educ"
"LV_2023","g_upper_cv2_nw",3.83142073775209,1.46731143632207,0.955490322560828,6.70735115294334,"educ"
"LV_2023","g_upper_var_nwx",59150663353.5092,34831211188.8078,-9118510576.55412,127419837283.573,"educ"
"LV_2023","g_upper_var_nw",60456412814.9607,36825662445.7126,-11721885578.6359,132634711208.557,"educ"
"LV_2023","g_upper_d_gini",-0.0586238704462819,0.021320060670949,-0.100411189361342,-0.0168365515312218,"educ"
"LV_2023","g_upper_r_gini",0.910493309433157,0.0312451739093317,0.849252768570867,0.971733850295447,"educ"
"LV_2023","g_upper_d_cv2",-0.66805514844078,0.351136568568856,-1.35628282283574,0.0201725259541775,"educ"
"LV_2023","g_upper_d_var",1305749461.45147,4232018496.83906,-6989006792.35308,9600505715.25602,"educ"
"LV_2023","did_gini",-0.00204396856944737,0.0415933001771284,-0.0835668369166191,0.0794788997777244,"educ"
"LV_2023","did_cv2",-1.36734446782976,1.11037351387453,-3.54367655502384,0.808987619364307,"educ"
"LV_2023","did_var",-1836127645.53492,4325633288.12171,-10314368890.2535,6642113599.18363,"educ"
"LV_2023","rratio_gini",1.01511949077374,0.0621868499406383,0.893233264890088,1.13700571665739,"educ"
"MT_2023","g_lower_wshare",0.694516539719323,0.0696878943840713,0.557928266726544,0.831104812712103,"educ"
"MT_2023","g_lower_mean_nwx",339721.572838323,51258.9182326827,239254.093102265,440189.052574381,"educ"
"MT_2023","g_lower_mean_nw",464312.381685257,42368.3508615809,381270.413996558,547354.349373955,"educ"
"MT_2023","g_lower_mean_wt",124590.808846934,8892.20704954629,107162.083029823,142019.534664045,"educ"
"MT_2023","g_lower_wt_over_nwx",0.366743883251206,0.0708218613188168,0.227933035066325,0.505554731436087,"educ"
"MT_2023","g_lower_wt_volshare",0.718295298723575,0.0366299409832981,0.646500614396311,0.79008998305084,"educ"
"MT_2023","g_lower_gini_nwx",0.766865690450003,0.098416997364044,0.573968375616477,0.959763005283529,"educ"
"MT_2023","g_lower_gini_nw",0.5230763979313,0.0370344514257097,0.450488873136909,0.595663922725691,"educ"
"MT_2023","g_lower_cv2_nwx",2.83743030425947,0.497016016675563,1.86327891157536,3.81158169694357,"educ"
"MT_2023","g_lower_cv2_nw",1.30241205995825,0.102807200858525,1.10090994627554,1.50391417364095,"educ"
"MT_2023","g_lower_var_nwx",327469951121.842,30321146789.1737,268040503415.061,386899398828.622,"educ"
"MT_2023","g_lower_var_nw",280781790450.804,27215882675.1355,227438660407.538,334124920494.07,"educ"
"MT_2023","g_lower_d_gini",-0.243789292518703,0.0613837534484986,-0.36410144927776,-0.123477135759645,"educ"
"MT_2023","g_lower_r_gini",0.682096492834821,0.0450258204033683,0.593845884844219,0.770347100825423,"educ"
"MT_2023","g_lower_d_cv2",-1.53501824430122,0.394238375002056,-2.30772545930525,-0.762311029297193,"educ"
"MT_2023","g_lower_d_var",-46688160671.038,3116368914.95607,-52796243744.3519,-40580077597.7241,"educ"
"MT_2023","g_upper_wshare",0.305483460280677,0.0696878943840713,0.168895187287897,0.442071733273456,"educ"
"MT_2023","g_upper_mean_nwx",503865.571592793,69959.6164063202,366744.723436405,640986.41974918,"educ"
"MT_2023","g_upper_mean_nw",614954.804440121,80603.9474649084,456971.0674089,772938.541471341,"educ"
"MT_2023","g_upper_mean_wt",111089.232847328,10649.359198258,90216.4888187422,131961.976875914,"educ"
"MT_2023","g_upper_wt_over_nwx",0.220473950018372,0.00835295461542588,0.204102158972138,0.236845741064607,"educ"
"MT_2023","g_upper_wt_volshare",0.281704701276425,0.0366299409832982,0.20991001694916,0.353499385603689,"educ"
"MT_2023","g_upper_gini_nwx",0.599557732301142,0.0918534498787062,0.419524970538878,0.779590494063406,"educ"
"MT_2023","g_upper_gini_nw",0.49311122029875,0.0799965342236707,0.336318013220355,0.649904427377144,"educ"
"MT_2023","g_upper_cv2_nwx",1.51271008983138,0.529682989095242,0.474531431204706,2.55088874845805,"educ"
"MT_2023","g_upper_cv2_nw",1.00243528956451,0.320538864945715,0.37417911427091,1.63069146485811,"educ"
"MT_2023","g_upper_var_nwx",384047615497.181,60367416342.2268,265727479466.416,502367751527.945,"educ"
"MT_2023","g_upper_var_nw",379090363525.44,49194777020.4065,282668600565.444,475512126485.437,"educ"
"MT_2023","g_upper_d_gini",-0.106446512002392,0.0118652485276368,-0.12970239911656,-0.0831906248882242,"educ"
"MT_2023","g_upper_r_gini",0.82245827838156,0.00880139914031261,0.805207536066548,0.839709020696573,"educ"
"MT_2023","g_upper_d_cv2",-0.510274800266868,0.209151205079737,-0.920211162223152,-0.100338438310584,"educ"
"MT_2023","g_upper_d_var",-4957251971.74042,11188035443.0473,-26885801440.1131,16971297496.6323,"educ"
"MT_2023","did_gini",-0.13734278051631,0.0495304389149979,-0.234422440789706,-0.0402631202429144,"educ"
"MT_2023","did_cv2",-1.02474344403435,0.185128286216342,-1.38759488501839,-0.661892003050323,"educ"
"MT_2023","did_var",-41730908699.2976,14291993596.9585,-69743216149.3363,-13718601249.2589,"educ"
"MT_2023","rratio_gini",0.82933871633836,0.0642771824600549,0.703355438716652,0.955321993960067,"educ"
"NL_2023","g_lower_wshare",0.588116587999199,0.00642706409530315,0.575519542372405,0.600713633625994,"educ"
"NL_2023","g_lower_mean_nwx",193757.266322646,13550.2586552804,167198.759358296,220315.773286995,"educ"
"NL_2023","g_lower_mean_nw",212706.871215166,9850.96978113803,193398.970444135,232014.771986196,"educ"
"NL_2023","g_lower_mean_wt",18949.6048925203,11066.7455576644,-2741.21640050191,40640.4261855426,"educ"
"NL_2023","g_lower_wt_over_nwx",0.0994725442096285,0.0660805185902949,-0.0300452722273495,0.228990360646606,"educ"
"NL_2023","g_lower_wt_volshare",0.472978544812207,0.101602694273227,0.273837264036682,0.672119825587732,"educ"
"NL_2023","g_lower_gini_nwx",0.748294558488112,0.0890352975330239,0.573785375323385,0.922803741652839,"educ"
"NL_2023","g_lower_gini_nw",0.660665759494325,0.0140548217382578,0.63311830888734,0.68821321010131,"educ"
"NL_2023","g_lower_cv2_nwx",5.11591978760454,3.17364241753491,-1.10441935076389,11.336258925973,"educ"
"NL_2023","g_lower_cv2_nw",3.2363582934341,0.736540567564035,1.79273878100859,4.67997780585961,"educ"
"NL_2023","g_lower_var_nwx",187136846469.661,92586855620.2391,5666609453.99222,368607083485.329,"educ"
"NL_2023","g_lower_var_nw",146480721821.446,43712446422.7447,60804326832.8668,232157116810.026,"educ"
"NL_2023","g_lower_d_gini",-0.0876287989937868,0.0876371036854138,-0.259397522217198,0.0841399242296242,"educ"
"NL_2023","g_lower_r_gini",0.888407106518558,0.0914469211232579,0.709171141116973,1.06764307192014,"educ"
"NL_2023","g_lower_d_cv2",-1.87956149417044,2.97707529139209,-7.71462906529895,3.95550607695806,"educ"
"NL_2023","g_lower_d_var",-40656124648.2144,75481354177.5705,-188599578836.253,107287329539.824,"educ"
"NL_2023","g_upper_wshare",0.411883412000801,0.00642706409530314,0.399286366374007,0.424480457627595,"educ"
"NL_2023","g_upper_mean_nwx",296913.321277641,14110.971600039,269255.816941565,324570.825613718,"educ"
"NL_2023","g_upper_mean_nw",325099.496159978,14798.8836144543,296093.684275647,354105.308044308,"educ"
"NL_2023","g_upper_mean_wt",28186.1748823364,5770.939347894,16875.1337604642,39497.2160042087,"educ"
"NL_2023","g_upper_wt_over_nwx",0.0949796908579924,0.0204892533212456,0.054820754348351,0.135138627367634,"educ"
"NL_2023","g_upper_wt_volshare",0.527021455187793,0.101602694273227,0.327880174412268,0.726162735963318,"educ"
"NL_2023","g_upper_gini_nwx",0.660713278826854,0.025411066547475,0.610907588393803,0.710518969259905,"educ"
"NL_2023","g_upper_gini_nw",0.623528279936437,0.0142886916262482,0.59552244434899,0.651534115523883,"educ"
"NL_2023","g_upper_cv2_nwx",2.77871626781306,0.543326146028447,1.7137970215973,3.84363551402882,"educ"
"NL_2023","g_upper_cv2_nw",2.558271875119,0.325800434910414,1.91970302269459,3.19684072754341,"educ"
"NL_2023","g_upper_var_nwx",244835363123.164,53418279992.2208,140135534338.412,349535191907.917,"educ"
"NL_2023","g_upper_var_nw",270426226165.174,49270734149.6253,173855587231.909,366996865098.44,"educ"
"NL_2023","g_upper_d_gini",-0.0371849988904168,0.02293893578126,-0.0821453130216863,0.00777531524085273,"educ"
"NL_2023","g_upper_r_gini",0.944132030482978,0.03177711336753,0.881848888282619,1.00641517268334,"educ"
"NL_2023","g_upper_d_cv2",-0.220444392694065,0.446347500472223,-1.09528549361962,0.654396708231492,"educ"
"NL_2023","g_upper_d_var",25590863042.0099,33584063754.5881,-40233901916.9827,91415628001.0026,"educ"
"NL_2023","did_gini",-0.0504438001033701,0.0736938799812511,-0.194883804866622,0.0939962046598821,"educ"
"NL_2023","did_cv2",-1.65911710147638,2.74876315828261,-7.04669289171029,3.72845868875753,"educ"
"NL_2023","did_var",-66246987690.2243,65605368507.2988,-194833509964.53,62339534584.0814,"educ"
"NL_2023","rratio_gini",0.939882822884309,0.0794101507598163,0.784238927395069,1.09552671837355,"educ"
"PT_2023","g_lower_wshare",0.700007106420223,0.00383343524884896,0.692493573332479,0.707520639507967,"educ"
"PT_2023","g_lower_mean_nwx",164664.263458581,12572.1453055077,140022.858659786,189305.668257376,"educ"
"PT_2023","g_lower_mean_nw",209830.691284091,14430.1696794383,181547.558712392,238113.82385579,"educ"
"PT_2023","g_lower_mean_wt",45166.4278255103,4408.71820783362,36525.3401381564,53807.5155128642,"educ"
"PT_2023","g_lower_wt_over_nwx",0.274374823703793,0.0281331944313592,0.219233762618329,0.329515884789257,"educ"
"PT_2023","g_lower_wt_volshare",0.459067799452103,0.0376446691474973,0.385284247923008,0.532851350981198,"educ"
"PT_2023","g_lower_gini_nwx",0.865614761210515,0.0315042200946602,0.803866489824981,0.927363032596049,"educ"
"PT_2023","g_lower_gini_nw",0.632998552801013,0.013858878810655,0.605835150332129,0.660161955269897,"educ"
"PT_2023","g_lower_cv2_nwx",11.3236876867116,3.34481265915824,4.76785487476142,17.8795204986617,"educ"
"PT_2023","g_lower_cv2_nw",6.99381113431025,2.14914429859308,2.78148830906781,11.2061339595527,"educ"
"PT_2023","g_lower_var_nwx",306407980290.008,130453043408.642,50720015209.0688,562095945370.947,"educ"
"PT_2023","g_lower_var_nw",307626466721.451,137528633384.69,38070345287.4597,577182588155.443,"educ"
"PT_2023","g_lower_d_gini",-0.232616208409502,0.0317223099687297,-0.294791935948212,-0.170440480870792,"educ"
"PT_2023","g_lower_r_gini",0.731338457846004,0.0276149970665933,0.677213063595482,0.785463852096527,"educ"
"PT_2023","g_lower_d_cv2",-4.32987655240133,1.60836645518612,-7.48227480456612,-1.17747830023653,"educ"
"PT_2023","g_lower_d_var",1218486431.44351,34916545759.6128,-67217943257.3976,69654916120.2846,"educ"
"PT_2023","g_upper_wshare",0.299992893579777,0.00383343524884897,0.292479360492033,0.307506426667521,"educ"
"PT_2023","g_upper_mean_nwx",381918.78341547,34631.7829766847,314040.488781168,449797.078049772,"educ"
"PT_2023","g_upper_mean_nw",506288.670245901,39580.4117903334,428711.063136848,583866.277354955,"educ"
"PT_2023","g_upper_mean_wt",124369.886830431,19399.7561859666,86346.3647059367,162393.408954926,"educ"
"PT_2023","g_upper_wt_over_nwx",0.326337088212275,0.0582848086973723,0.212098863165425,0.440575313259124,"educ"
"PT_2023","g_upper_wt_volshare",0.540932200547897,0.0376446691474973,0.467148649018802,0.614715752076992,"educ"
"PT_2023","g_upper_gini_nwx",0.809295919727382,0.0738346960811022,0.664579915408422,0.954011924046342,"educ"
"PT_2023","g_upper_gini_nw",0.597345476181717,0.0125627952392576,0.572722397512772,0.621968554850662,"educ"
"PT_2023","g_upper_cv2_nwx",6.1893362195994,2.6559641569509,0.983646471975638,11.3950259672232,"educ"
"PT_2023","g_upper_cv2_nw",2.93786291853186,0.617221453865088,1.72810886895629,4.14761696810743,"educ"
"PT_2023","g_upper_var_nwx",893896984563.895,377380315396.442,154231566386.868,1633562402740.92,"educ"
"PT_2023","g_upper_var_nw",752980559705.461,244902681428.68,272971304105.248,1232989815305.67,"educ"
"PT_2023","g_upper_d_gini",-0.211950443545665,0.0746054450469937,-0.358177115837772,-0.065723771253557,"educ"
"PT_2023","g_upper_r_gini",0.740129932260803,0.0660867100468359,0.610599980569005,0.869659883952601,"educ"
"PT_2023","g_upper_d_cv2",-3.25147330106754,2.50909700911598,-8.16930343893486,1.66635683679977,"educ"
"PT_2023","g_upper_d_var",-140916424858.434,290919135482.114,-711117930403.378,429285080686.51,"educ"
"PT_2023","did_gini",-0.0206657648638376,0.0840470338968661,-0.185397951301695,0.14406642157402,"educ"
"PT_2023","did_cv2",-1.07840325133379,3.43748681584207,-7.81587741038424,5.65907090771666,"educ"
"PT_2023","did_var",142134911289.878,301445121249.887,-448697526359.901,732967348939.657,"educ"
"PT_2023","rratio_gini",0.991190391627964,0.104485480824447,0.786398849212048,1.19598193404388,"educ"
"SI_2023","g_lower_wshare",0.694064224464942,0.0104220618333955,0.673636983271487,0.714491465658398,"educ"
"SI_2023","g_lower_mean_nwx",37530.2957794236,19746.4836746879,-1172.81222296465,76233.4037818119,"educ"
"SI_2023","g_lower_mean_nw",199825.121048649,13262.2598348104,173831.091772421,225819.150324878,"educ"
"SI_2023","g_lower_mean_wt",162294.825269226,16071.5732732332,130794.541653689,193795.108884763,"educ"
"SI_2023","g_lower_wt_over_nwx",4.80422512324657,571.343210342408,-1115.02846714787,1124.63691739437,"educ"
"SI_2023","g_lower_wt_volshare",0.663564235217919,0.0288653213975507,0.60698820527872,0.720140265157118,"educ"
"SI_2023","g_lower_gini_nwx",5.67318086712701,595.128545991741,-1160.77876927669,1172.12513101094,"educ"
"SI_2023","g_lower_gini_nw",0.572801496712179,0.0243439786657711,0.525087298527267,0.62051569489709,"educ"
"SI_2023","g_lower_cv2_nwx",272.922967101165,184036010.62641,-360710307.904796,360710853.75073,"educ"
"SI_2023","g_lower_cv2_nw",4.38023974729918,1.19585307937133,2.03636771173138,6.72411178286698,"educ"
"SI_2023","g_lower_var_nwx",297604785322.836,78740605473.6019,143273198594.577,451936372051.096,"educ"
"SI_2023","g_lower_var_nw",176036365173.573,82438334464.8311,14457229622.5036,337615500724.642,"educ"
"SI_2023","g_lower_d_gini",-5.10037937041484,595.128815789862,-1171.55285831855,1161.35209957772,"educ"
"SI_2023","g_lower_r_gini",0.111352450010667,0.0589378395209992,-0.00416571545049128,0.226870615471826,"educ"
"SI_2023","g_lower_d_cv2",-268.542727353866,184036010.634045,-360710849.385455,360710312.3,"educ"
"SI_2023","g_lower_d_var",-121568420149.264,27004840676.9475,-174497907876.081,-68638932422.4466,"educ"
"SI_2023","g_upper_wshare",0.305935775535058,0.0104220618333955,0.285508534341602,0.326363016728513,"educ"
"SI_2023","g_upper_mean_nwx",131242.549489948,35262.3930485961,62128.2591146999,200356.839865197,"educ"
"SI_2023","g_upper_mean_nw",318329.425459567,31183.4318331247,257209.899066643,379448.951852491,"educ"
"SI_2023","g_upper_mean_wt",187086.875969619,27581.4813067755,133027.172608339,241146.579330899,"educ"
"SI_2023","g_upper_wt_over_nwx",1.45799070348724,0.703957324313432,0.0782343478329108,2.83774705914157,"educ"
"SI_2023","g_upper_wt_volshare",0.336435764782081,0.0288653213975507,0.279859734842882,0.39301179472128,"educ"
"SI_2023","g_upper_gini_nwx",1.84459374529736,0.678107342495296,0.515503354006583,3.17368413658814,"educ"
"SI_2023","g_upper_gini_nw",0.521301192610142,0.0325926740756044,0.457419551421958,0.585182833798327,"educ"
"SI_2023","g_upper_cv2_nwx",27.0622517128042,36.9985343184663,-45.4548755513897,99.5793789769981,"educ"
"SI_2023","g_upper_cv2_nw",2.84803295878094,1.46176221823196,-0.0170209889537016,5.71308690651558,"educ"
"SI_2023","g_upper_var_nwx",468265875709.312,261513246194.343,-44300086831.6011,980831838250.225,"educ"
"SI_2023","g_upper_var_nw",298485713619.991,240752080621.551,-173388364398.249,770359791638.232,"educ"
"SI_2023","g_upper_d_gini",-1.32329255268722,0.6814157624268,-2.65886744704375,0.0122823416693068,"educ"
"SI_2023","g_upper_r_gini",0.287652463172626,0.074658615036222,0.141321577701631,0.433983348643621,"educ"
"SI_2023","g_upper_d_cv2",-24.2142187540233,37.0083985282619,-96.7506798694166,48.3222423613701,"educ"
"SI_2023","g_upper_d_var",-169780162089.32,73655264122.5604,-314144479769.539,-25415844409.1021,"educ"
"SI_2023","did_gini",-3.77708681772762,595.123039858179,-1170.21824493976,1162.6640713043,"educ"
"SI_2023","did_cv2",-244.328508599843,184036010.680773,-360710825.262823,360710336.605806,"educ"
"SI_2023","did_var",48211741940.0568,72179836768.6956,-93260738126.5867,189684222006.7,"educ"
"SI_2023","rratio_gini",0.378947177905383,0.240557196324413,-0.0925449268904678,0.850439282701233,"educ"
"SK_2023","g_lower_wshare",0.727382123533356,0.0143790368275304,0.699199211351396,0.755565035715315,"educ"
"SK_2023","g_lower_mean_nwx",90846.0225445978,4840.19774416664,81359.2349660312,100332.810123164,"educ"
"SK_2023","g_lower_mean_nw",137815.929807625,4161.93745694037,129658.532392022,145973.327223229,"educ"
"SK_2023","g_lower_mean_wt",46969.9072630277,3924.76296163344,39277.3718582262,54662.4426678293,"educ"
"SK_2023","g_lower_wt_over_nwx",0.517078663013716,0.0635118301933268,0.392595475834795,0.641561850192636,"educ"
"SK_2023","g_lower_wt_volshare",0.695642367094028,0.0331479713088929,0.630672343328598,0.760612390859458,"educ"
"SK_2023","g_lower_gini_nwx",0.814995852156398,0.0534241903582204,0.710284439054286,0.91970726525851,"educ"
"SK_2023","g_lower_gini_nw",0.435575490316307,0.0123276536135164,0.411413289233815,0.459737691398799,"educ"
"SK_2023","g_lower_cv2_nwx",3.36779847496822,0.592028040727303,2.20742351514271,4.52817343479374,"educ"
"SK_2023","g_lower_cv2_nw",1.10650921801095,0.19366118159452,0.726933302085687,1.4860851339362,"educ"
"SK_2023","g_lower_var_nwx",27801823778.1855,4765628720.3922,18461191486.2167,37142456070.1542,"educ"
"SK_2023","g_lower_var_nw",21029241779.5141,4358900882.24933,12485796050.3054,29572687508.7228,"educ"
"SK_2023","g_lower_d_gini",-0.379420361840091,0.0521402228371763,-0.481615198600956,-0.277225525079225,"educ"
"SK_2023","g_lower_r_gini",0.534505759755278,0.0345183384761302,0.466849816342063,0.602161703168493,"educ"
"SK_2023","g_lower_d_cv2",-2.26128925695728,0.481536228715664,-3.20510026523998,-1.31747824867457,"educ"
"SK_2023","g_lower_d_var",-6772581998.67134,1787010169.54553,-10275121930.9806,-3270042066.3621,"educ"
"SK_2023","g_upper_wshare",0.272617876466644,0.0143790368275304,0.244434964284685,0.300800788648604,"educ"
"SK_2023","g_upper_mean_nwx",194813.416403505,16251.486359676,162960.50313854,226666.32966847,"educ"
"SK_2023","g_upper_mean_nw",249640.926097294,16399.093996774,217498.701863617,281783.150330971,"educ"
"SK_2023","g_upper_mean_wt",54827.5096937888,7104.38209855411,40902.9207806227,68752.0986069548,"educ"
"SK_2023","g_upper_wt_over_nwx",0.281514491323704,0.0484212873101954,0.186608768195721,0.376420214451687,"educ"
"SK_2023","g_upper_wt_volshare",0.304357632905972,0.0331479713088929,0.239387609140542,0.369327656671402,"educ"
"SK_2023","g_upper_gini_nwx",0.665791714200751,0.0448084732706953,0.577967106590188,0.753616321811314,"educ"
"SK_2023","g_upper_gini_nw",0.490870436403825,0.0241012497727162,0.443631986849302,0.538108885958349,"educ"
"SK_2023","g_upper_cv2_nwx",3.79886480186098,1.07676781427272,1.68839988588646,5.9093297178355,"educ"
"SK_2023","g_upper_cv2_nw",2.05949709565132,0.610556514076217,0.862806328061933,3.2561878632407,"educ"
"SK_2023","g_upper_var_nwx",144430198786.545,46957709818.703,52393087541.8875,236467310031.203,"educ"
"SK_2023","g_upper_var_nw",128572416081.495,45231695043.0271,39918293797.1623,217226538365.829,"educ"
"SK_2023","g_upper_d_gini",-0.174921277796926,0.0400174153378209,-0.253355411859054,-0.0964871437347966,"educ"
"SK_2023","g_upper_r_gini",0.737265683637091,0.0454336457758815,0.648215737916364,0.826315629357819,"educ"
"SK_2023","g_upper_d_cv2",-1.73936770620966,0.617719772214782,-2.95009845975064,-0.528636952668692,"educ"
"SK_2023","g_upper_d_var",-15857782705.05,11775736465.4404,-38938226177.3131,7222660767.21317,"educ"
"SK_2023","did_gini",-0.204499084043165,0.0635999469394572,-0.329154980044501,-0.0798431880418293,"educ"
"SK_2023","did_cv2",-0.521921550747612,0.761913813294261,-2.01527262480436,0.97142952330914,"educ"
"SK_2023","did_var",9085200706.37863,11845193787.4875,-14131379117.0969,32301780529.8542,"educ"
"SK_2023","rratio_gini",0.724996636374502,0.064500310096429,0.598576028585501,0.851417244163502,"educ"
"AT_2023","g_lower_wshare",0.0973443629861689,0.00606067818125323,0.0854654337509126,0.109223292221425,"occ"
"AT_2023","g_lower_mean_nwx",8668.82357371821,58236.4400907659,-105474.599004183,122812.246151619,"occ"
"AT_2023","g_lower_mean_nw",167036.675451588,27657.8196908107,112827.348857599,221246.002045577,"occ"
"AT_2023","g_lower_mean_wt",158367.85187787,62059.9632082627,36730.3239896754,280005.379766065,"occ"
"AT_2023","g_lower_wt_over_nwx",13.7220044196249,1704.5573540238,-3327.21040946703,3354.65441830628,"occ"
"AT_2023","g_lower_wt_volshare",0.0393221496421578,0.0166270093518108,0.00673321131260853,0.0719110879717071,"occ"
"AT_2023","g_lower_gini_nwx",16.3431686715991,1511.43772341274,-2946.07476921738,2978.76110656058,"occ"
"AT_2023","g_lower_gini_nw",0.785692240236941,0.0371893080550032,0.712801196449134,0.858583284024747,"occ"
"AT_2023","g_lower_cv2_nwx",5633.96425832604,683962500.444559,-1340560866.90708,1340572134.83559,"occ"
"AT_2023","g_lower_cv2_nw",4.55183584869859,1.01572325676406,2.56101826544103,6.54265343195614,"occ"
"AT_2023","g_lower_var_nwx",577921644534.895,499740781514.821,-401570287234.154,1557413576303.94,"occ"
"AT_2023","g_lower_var_nw",126916784069.089,53654706876.7027,21753558590.752,232080009547.426,"occ"
"AT_2023","g_lower_d_gini",-15.5539701717373,1511.43936464441,-2977.97512487478,2946.8671845313,"occ"
"AT_2023","g_lower_r_gini",0.0830914608491909,0.258228341063736,-0.423036087635731,0.589219009334113,"occ"
"AT_2023","g_lower_d_cv2",-5629.41242247735,683962500.469307,-1340572130.33226,1340560871.50742,"occ"
"AT_2023","g_lower_d_var",-451004860465.806,494688127666.212,-1420593590691.58,518583869759.97,"occ"
"AT_2023","g_middle_wshare",0.579403220521048,0.0107938114186118,0.558247350140569,0.600559090901527,"occ"
"AT_2023","g_middle_mean_nwx",-165684.207127181,167684.357354942,-494345.547542867,162977.133288504,"occ"
"AT_2023","g_middle_mean_nw",300724.373474676,25645.4349548466,250459.320963176,350989.425986175,"occ"
"AT_2023","g_middle_mean_wt",466408.580601857,169906.589586781,133391.665011766,799425.496191949,"occ"
"AT_2023","g_middle_wt_over_nwx",NA,NA,NA,NA,"occ"
"AT_2023","g_middle_wt_volshare",0.684191126686067,0.0764686903268034,0.534312493645532,0.834069759726602,"occ"
"AT_2023","g_middle_gini_nwx",NA,NA,NA,NA,"occ"
"AT_2023","g_middle_gini_nw",0.716959201474769,0.0207279341319002,0.676332450576245,0.757585952373294,"occ"
"AT_2023","g_middle_cv2_nwx",648.219574488119,3888246.73177358,-7620315.37470174,7621611.81385071,"occ"
"AT_2023","g_middle_cv2_nw",6.99719300848501,3.19025465175016,0.74429389105469,13.2500921259153,"occ"
"AT_2023","g_middle_var_nwx",15011931639655.1,18120184333835.2,-20503629654661.9,50527492933972,"occ"
"AT_2023","g_middle_var_nw",640492088952.923,402608886152.592,-148621327906.157,1429605505812,"occ"
"AT_2023","g_middle_d_gini",NA,NA,NA,NA,"occ"
"AT_2023","g_middle_r_gini",NA,NA,NA,NA,"occ"
"AT_2023","g_middle_d_cv2",-641.222381479634,3888246.70867044,-7621604.77137554,7620322.32661258,"occ"
"AT_2023","g_middle_d_var",-14371439550702.1,18141792420583.8,-49929352695046.4,21186473593642.1,"occ"
"AT_2023","g_upper_wshare",0.323252416492783,0.0104564838830373,0.30275770808203,0.343747124903537,"occ"
"AT_2023","g_upper_mean_nwx",129187.283778199,88296.2903467611,-43873.4453014531,302248.01285785,"occ"
"AT_2023","g_upper_mean_nw",465303.118795553,36130.3403953831,394487.651620602,536118.585970504,"occ"
"AT_2023","g_upper_mean_wt",336115.835017355,78598.6924894453,182062.397738042,490169.272296667,"occ"
"AT_2023","g_upper_wt_over_nwx",6.57171429930163,59.4783302439204,-110.005812978782,123.149241577386,"occ"
"AT_2023","g_upper_wt_volshare",0.276486723671775,0.0684657335248557,0.142293885963058,0.410679561380493,"occ"
"AT_2023","g_upper_gini_nwx",7.34703071814191,60.4926540497491,-111.218571219366,125.91263265565,"occ"
"AT_2023","g_upper_gini_nw",0.635112730136106,0.024591873595706,0.586912657888523,0.68331280238369,"occ"
"AT_2023","g_upper_cv2_nwx",3926.31116193812,2246073.54503318,-4398377.8371031,4406230.45942697,"occ"
"AT_2023","g_upper_cv2_nw",4.26691757140301,3.97662887222062,-3.52727501814942,12.0611101609554,"occ"
"AT_2023","g_upper_var_nwx",2497946466060.49,2853257255954.45,-3094437755610.22,8090330687731.2,"occ"
"AT_2023","g_upper_var_nw",947906073661.757,1028573965272.73,-1068098898272.8,2963911045596.32,"occ"
"AT_2023","g_upper_d_gini",-6.7119179880058,60.4947922985591,-125.281710893182,111.85787491717,"occ"
"AT_2023","g_upper_r_gini",0.210821875584733,0.147413556659896,-0.0781086954686623,0.499752446638129,"occ"
"AT_2023","g_upper_d_cv2",-3922.04424436671,2246073.55317856,-4406226.20847435,4398382.11998561,"occ"
"AT_2023","g_upper_d_var",-1550040392398.73,2889721011990.3,-7213893575899.71,4113812791102.25,"occ"
"AT_2023","did_gini",-13.698763847829,1511.45876656316,-2976.15794631163,2948.76041861597,"occ"
"AT_2023","did_cv2",-1707.36817811063,683966189.019732,-1340575437.84685,1340572023.1105,"occ"
"AT_2023","did_var",1099035531932.93,2841998525460.42,-4471281577969.51,6669352641835.36,"occ"
"AT_2023","rratio_gini",0.329735297978785,2.151080275248,-3.88638204150729,4.54585263746486,"occ"
"BE_2023","g_lower_wshare",0.0981545535859506,0.00950666118027021,0.079521497672621,0.11678760949928,"occ"
"BE_2023","g_lower_mean_nwx",103255.910883008,23798.8403002278,56610.1838945617,149901.637871455,"occ"
"BE_2023","g_lower_mean_nw",125190.364526325,24458.0248317953,77252.6358560059,173128.093196643,"occ"
"BE_2023","g_lower_mean_wt",21934.4536433165,8022.19493023496,6210.95158005596,37657.955706577,"occ"
"BE_2023","g_lower_wt_over_nwx",0.212435509031421,0.106108654214847,0.00446254677032204,0.42040847129252,"occ"
"BE_2023","g_lower_wt_volshare",0.0214366934138536,0.00872047759019734,0.00434455733706678,0.0385288294906403,"occ"
"BE_2023","g_lower_gini_nwx",0.899138048002917,0.0950702714559735,0.712800315949209,1.08547578005663,"occ"
"BE_2023","g_lower_gini_nw",0.743151227514296,0.0351646351595851,0.674228542601509,0.812073912427083,"occ"
"BE_2023","g_lower_cv2_nwx",4.79898577894303,1.40703765964197,2.04119196604477,7.55677959184129,"occ"
"BE_2023","g_lower_cv2_nw",3.29932212142864,0.78725543875501,1.75630146146882,4.84234278138846,"occ"
"BE_2023","g_lower_var_nwx",51159563640.5458,22647173191.2653,6771104185.6658,95548023095.4258,"occ"
"BE_2023","g_lower_var_nw",51704537855.02,21972819588.8177,8637811460.93724,94771264249.1027,"occ"
"BE_2023","g_lower_d_gini",-0.155986820488621,0.0890562553859991,-0.330537081045179,0.0185634400679373,"occ"
"BE_2023","g_lower_r_gini",0.826523220472718,0.0741715922769211,0.681146899609953,0.971899541335484,"occ"
"BE_2023","g_lower_d_cv2",-1.49966365751439,0.938747837175934,-3.33960941837922,0.340282103350438,"occ"
"BE_2023","g_lower_d_var",544974214.474158,4010434481.08836,-7315477368.45902,8405425797.40734,"occ"
"BE_2023","g_middle_wshare",0.474698886950074,0.0174489497973202,0.440498945347326,0.508898828552822,"occ"
"BE_2023","g_middle_mean_nwx",239526.973957786,17878.6423929363,204484.834867631,274569.113047941,"occ"
"BE_2023","g_middle_mean_nw",324097.625623153,19146.4951195167,286570.495188901,361624.756057406,"occ"
"BE_2023","g_middle_mean_wt",84570.6516653671,10459.339062349,64070.3471031631,105070.956227571,"occ"
"BE_2023","g_middle_wt_over_nwx",0.353091302036692,0.0554868629378339,0.244337050678538,0.461845553394846,"occ"
"BE_2023","g_middle_wt_volshare",0.399719490356489,0.0938590826048306,0.215755688451021,0.583683292261957,"occ"
"BE_2023","g_middle_gini_nwx",0.743008926496435,0.04914927252506,0.646676352347317,0.839341500645552,"occ"
"BE_2023","g_middle_gini_nw",0.574422562386489,0.0183683899369375,0.538420518110092,0.610424606662887,"occ"
"BE_2023","g_middle_cv2_nwx",4.40403363179953,1.56742574188884,1.33187917769741,7.47618808590165,"occ"
"BE_2023","g_middle_cv2_nw",2.40281589084013,0.817511727260377,0.800492905409792,4.00513887627047,"occ"
"BE_2023","g_middle_var_nwx",252622574235.769,106560657049.993,43763686417.7823,461481462053.756,"occ"
"BE_2023","g_middle_var_nw",252364605946.481,103485359588.595,49533301152.8339,455195910740.128,"occ"
"BE_2023","g_middle_d_gini",-0.168586364109945,0.0456538901430647,-0.258067988790352,-0.0791047394295386,"occ"
"BE_2023","g_middle_r_gini",0.773115378326515,0.0456071621700704,0.683725340473177,0.862505416179853,"occ"
"BE_2023","g_middle_d_cv2",-2.0012177409594,0.906986582035837,-3.77891144174964,-0.223524040169155,"occ"
"BE_2023","g_middle_d_var",-257968289.288483,23808754950.3064,-46923127991.8891,46407191413.3121,"occ"
"BE_2023","g_upper_wshare",0.427146559463975,0.0169656310421501,0.393893922621361,0.46039919630659,"occ"
"BE_2023","g_upper_mean_nwx",467992.787688395,69281.5741302841,332200.902393039,603784.672983752,"occ"
"BE_2023","g_upper_mean_nw",604095.038253493,63207.2593176653,480208.809990869,727981.266516117,"occ"
"BE_2023","g_upper_mean_wt",136102.250565097,73125.3694746008,-7223.47360512035,279427.974735315,"occ"
"BE_2023","g_upper_wt_over_nwx",0.290823734385624,0.241961787131064,-0.183421368391262,0.765068837162509,"occ"
"BE_2023","g_upper_wt_volshare",0.578843816229657,0.0982446790755822,0.386284245241516,0.771403387217798,"occ"
"BE_2023","g_upper_gini_nwx",0.711512382987983,0.259079291309625,0.203716972021119,1.21930779395485,"occ"
"BE_2023","g_upper_gini_nw",0.543643002763932,0.0334896981634384,0.478003194363593,0.609282811164271,"occ"
"BE_2023","g_upper_cv2_nwx",5.17653652973367,6.38149477694863,-7.33119323308564,17.684266292553,"occ"
"BE_2023","g_upper_cv2_nw",2.68926782608998,1.22831791865739,0.281764705521498,5.09677094665846,"occ"
"BE_2023","g_upper_var_nwx",1133745278982.26,971589673191.332,-770570480472.752,3038061038437.27,"occ"
"BE_2023","g_upper_var_nw",981401428340.063,744068022272.822,-476971895314.668,2439774751994.79,"occ"
"BE_2023","g_upper_d_gini",-0.167869380224051,0.247018230602565,-0.652025112205078,0.316286351756976,"occ"
"BE_2023","g_upper_r_gini",0.764068195305589,0.156064557757199,0.458181662101479,1.0699547285097,"occ"
"BE_2023","g_upper_d_cv2",-2.48726870364369,6.12159848377256,-14.4856017318379,9.51106432455052,"occ"
"BE_2023","g_upper_d_var",-152343850642.196,472767820486.193,-1078968778795.13,774281077510.742,"occ"
"BE_2023","did_gini",0.0118825597354302,0.254123023741576,-0.486198566798058,0.509963686268919,"occ"
"BE_2023","did_cv2",0.987605046129302,6.12615080091284,-11.0196505236599,12.9948606159185,"occ"
"BE_2023","did_var",152888824856.67,472868530553.497,-773933495028.183,1079711144741.52,"occ"
"BE_2023","rratio_gini",1.08174286294335,0.371185856943226,0.35421858333463,1.80926714255208,"occ"
"CY_2023","g_lower_wshare",0.081358059397764,0.0111497691432322,0.0595045118770289,0.103211606918499,"occ"
"CY_2023","g_lower_mean_nwx",76462.6726313468,29612.3618908469,18422.4433252868,134502.901937407,"occ"
"CY_2023","g_lower_mean_nw",137627.319027278,27776.4738432664,83185.4302944761,192069.20776008,"occ"
"CY_2023","g_lower_mean_wt",61164.6463959314,19359.2267192156,23220.5620262689,99108.7307655939,"occ"
"CY_2023","g_lower_wt_over_nwx",0.804144373278294,6.17193085424046,-11.292840101033,12.9011288475896,"occ"
"CY_2023","g_lower_wt_volshare",0.042104072657657,0.0141741811768094,0.0143226775511105,0.0698854677642034,"occ"
"CY_2023","g_lower_gini_nwx",1.41937231030322,5.94241600850872,-10.2277630663739,13.0665076869803,"occ"
"CY_2023","g_lower_gini_nw",0.655841943710704,0.073489897307593,0.511801744987821,0.799882142433586,"occ"
"CY_2023","g_lower_cv2_nwx",9.26992504816671,22427.0125641613,-43947.674700708,43966.2145508044,"occ"
"CY_2023","g_lower_cv2_nw",2.43184915567353,0.947398290737498,0.574948505828031,4.28874980551902,"occ"
"CY_2023","g_lower_var_nwx",54190170094.2998,21945576944.6169,11176839282.8506,97203500905.7489,"occ"
"CY_2023","g_lower_var_nw",46477005068.889,22542995118.9451,2292734635.75671,90661275502.0213,"occ"
"CY_2023","g_lower_d_gini",-0.763530366592512,5.94010414691418,-12.4061344945443,10.8790737613593,"occ"
"CY_2023","g_lower_r_gini",0.463074784499118,0.16552113970107,0.13865335068502,0.787496218313216,"occ"
"CY_2023","g_lower_d_cv2",-6.83807589249318,22426.9979779128,-43963.7541126016,43950.0779608166,"occ"
"CY_2023","g_lower_d_var",-7713165025.41076,15377122274.8927,-37852324684.2005,22425994633.379,"occ"
"CY_2023","g_middle_wshare",0.530685205175144,0.0196736563082967,0.492124838810882,0.569245571539405,"occ"
"CY_2023","g_middle_mean_nwx",196057.936445043,17363.2332696255,162025.999236577,230089.873653509,"occ"
"CY_2023","g_middle_mean_nw",290053.449292299,17703.4139015365,255354.758045288,324752.140539311,"occ"
"CY_2023","g_middle_mean_wt",93995.5128472563,12245.8745538678,69993.5987216755,117997.426972837,"occ"
"CY_2023","g_middle_wt_over_nwx",0.479544043547109,0.08895196898045,0.305198184345427,0.653889902748791,"occ"
"CY_2023","g_middle_wt_volshare",0.422033275811388,0.0532797993652523,0.317604869055494,0.526461682567283,"occ"
"CY_2023","g_middle_gini_nwx",0.886764955679115,0.0785005647285721,0.732903848811113,1.04062606254712,"occ"
"CY_2023","g_middle_gini_nw",0.575467070791154,0.0210734340885197,0.534163139977656,0.616771001604653,"occ"
"CY_2023","g_middle_cv2_nwx",3.22082897616876,0.640527646129969,1.96539478975402,4.4762631625835,"occ"
"CY_2023","g_middle_cv2_nw",1.42552534934217,0.19313988506776,1.04697117460936,1.80407952407498,"occ"
"CY_2023","g_middle_var_nwx",124000124302.027,21549441673.6153,81763218621.741,166237029982.313,"occ"
"CY_2023","g_middle_var_nw",120130714260.035,21563924065.8666,77865423090.9362,162396005429.133,"occ"
"CY_2023","g_middle_d_gini",-0.31129788488796,0.0728145849435378,-0.454014471377295,-0.168581298398626,"occ"
"CY_2023","g_middle_r_gini",0.649009607117347,0.0513748492316971,0.548314902623221,0.749704311611473,"occ"
"CY_2023","g_middle_d_cv2",-1.79530362682659,0.554114726616102,-2.88136849099415,-0.709238762659028,"occ"
"CY_2023","g_middle_d_var",-3869410041.9923,9851683268.03098,-23178709247.333,15439889163.3484,"occ"
"CY_2023","g_upper_wshare",0.387956735427092,0.0187328658682723,0.351240318325279,0.424673152528906,"occ"
"CY_2023","g_upper_mean_nwx",450705.423495226,47530.8801350498,357544.898430528,543865.948559923,"occ"
"CY_2023","g_upper_mean_nw",613991.925239141,46781.6223812134,522299.945371963,705683.905106319,"occ"
"CY_2023","g_upper_mean_wt",163286.501743915,26028.4094352492,112270.819250827,214302.184237004,"occ"
"CY_2023","g_upper_wt_over_nwx",0.362572988453052,0.0820062087736035,0.201840819256789,0.523305157649315,"occ"
"CY_2023","g_upper_wt_volshare",0.535862651530955,0.0551746219816132,0.427720392446993,0.644004910614917,"occ"
"CY_2023","g_upper_gini_nwx",0.767948718571355,0.07348693992615,0.623914316316101,0.911983120826609,"occ"
"CY_2023","g_upper_gini_nw",0.568527690530355,0.0249394492318121,0.519646370036003,0.617409011024706,"occ"
"CY_2023","g_upper_cv2_nwx",3.27789055230067,0.785057837793393,1.73917719022561,4.81660391437572,"occ"
"CY_2023","g_upper_cv2_nw",1.81694374086177,0.330008625805662,1.17012683428267,2.46376064744087,"occ"
"CY_2023","g_upper_var_nwx",667748708161.191,170114331077.538,334324619249.217,1001172797073.17,"occ"
"CY_2023","g_upper_var_nw",686571525989.38,171961001744.951,349527962569.275,1023615089409.48,"occ"
"CY_2023","g_upper_d_gini",-0.199421028041,0.0706658064756556,-0.337926008733285,-0.0609160473487152,"occ"
"CY_2023","g_upper_r_gini",0.740364593263016,0.0657596140971997,0.611475749632504,0.869253436893527,"occ"
"CY_2023","g_upper_d_cv2",-1.46094681143889,0.646249044579138,-2.727594938814,-0.194298684063783,"occ"
"CY_2023","g_upper_d_var",18822817828.1883,60485077656.8118,-99727934379.1629,137373570035.54,"occ"
"CY_2023","did_gini",-0.564109338551511,5.93899432286767,-12.2045382113721,11.0763195342691,"occ"
"CY_2023","did_cv2",-5.37712908105429,22426.9948239128,-43962.2869839501,43951.532725788,"occ"
"CY_2023","did_var",-26535982853.5991,62957798330.0921,-149933267580.58,96861301873.3813,"occ"
"CY_2023","rratio_gini",0.625806163945213,0.235539199833988,0.164149332270597,1.08746299561983,"occ"
"DE_2023","g_lower_wshare",0.0554326980523447,0.00668887098642969,0.0423225109189425,0.0685428851857469,"occ"
"DE_2023","g_lower_mean_nwx",63515.824438966,18932.1324066461,26408.8449219396,100622.803955992,"occ"
"DE_2023","g_lower_mean_nw",85896.170669343,20234.8957878894,46235.7749250797,125556.566413606,"occ"
"DE_2023","g_lower_mean_wt",22380.346230377,9819.18830464786,3134.73715326722,41625.9553074868,"occ"
"DE_2023","g_lower_wt_over_nwx",0.355588192567192,0.269886326074249,-0.173389006538336,0.88456539167272,"occ"
"DE_2023","g_lower_wt_volshare",0.0129080114713396,0.00568008387909235,0.00177504706831855,0.0240409758743606,"occ"
"DE_2023","g_lower_gini_nwx",1.03720922723526,0.316653805001301,0.416567769432713,1.65785068503781,"occ"
"DE_2023","g_lower_gini_nw",0.819731918418496,0.0491506946129447,0.723396556977124,0.916067279859868,"occ"
"DE_2023","g_lower_cv2_nwx",6.53037866355712,15.4536999911011,-23.7588733190009,36.8196306461152,"occ"
"DE_2023","g_lower_cv2_nw",3.93213919758111,1.8177396150762,0.369369552031758,7.49490884313047,"occ"
"DE_2023","g_lower_var_nwx",25965283307.7961,8183803603.35584,9925028245.21869,42005538370.3736,"occ"
"DE_2023","g_lower_var_nw",29020960612.6872,7691712277.09874,13945204549.5736,44096716675.8007,"occ"
"DE_2023","g_lower_d_gini",-0.217477308816767,0.301124029209419,-0.807680406067228,0.372725788433694,"occ"
"DE_2023","g_lower_r_gini",0.793428828551406,0.140665860698586,0.517723741582178,1.06913391552063,"occ"
"DE_2023","g_lower_d_cv2",-2.59823946597601,14.8290011218078,-31.6630816647193,26.4666027327673,"occ"
"DE_2023","g_lower_d_var",3055677304.89103,4965532918.35199,-6676767215.07887,12788121824.8609,"occ"
"DE_2023","g_middle_wshare",0.418052902412213,0.0137622336224685,0.391078924512175,0.445026880312251,"occ"
"DE_2023","g_middle_mean_nwx",151985.410113821,42978.3126271723,67747.9173645633,236222.902863079,"occ"
"DE_2023","g_middle_mean_nw",264419.074741989,30686.6439215296,204273.252655791,324564.896828187,"occ"
"DE_2023","g_middle_mean_wt",112433.664628168,25839.3413888091,61788.5555061021,163078.773750234,"occ"
"DE_2023","g_middle_wt_over_nwx",0.744486556773551,0.299674705266068,0.157124134452059,1.33184897909504,"occ"
"DE_2023","g_middle_wt_volshare",0.48793461446885,0.0671141647525269,0.356390851553897,0.619478377383803,"occ"
"DE_2023","g_middle_gini_nwx",1.49536116381796,0.344892070952036,0.819372704751968,2.17134962288395,"occ"
"DE_2023","g_middle_gini_nw",0.729513244803094,0.0260229436810573,0.678508275188222,0.780518214417966,"occ"
"DE_2023","g_middle_cv2_nwx",38.3695582078,24.278819689331,-9.2169283832887,85.9560447988887,"occ"
"DE_2023","g_middle_cv2_nw",5.31028418404435,1.42685669081699,2.51364507004305,8.10692329804564,"occ"
"DE_2023","g_middle_var_nwx",873041367983.838,307333895921.204,270666931978.277,1475415803989.4,"occ"
"DE_2023","g_middle_var_nw",371398946816.716,190774749393.56,-2519561994.66089,745317455628.094,"occ"
"DE_2023","g_middle_d_gini",-0.765847919014864,0.353253620398841,-1.45822501499659,-0.0734708230331348,"occ"
"DE_2023","g_middle_r_gini",0.490694078664381,0.137244937810615,0.221694000555575,0.759694156773186,"occ"
"DE_2023","g_middle_d_cv2",-33.0592740237557,24.4239298347547,-80.9301764998749,14.8116284523635,"occ"
"DE_2023","g_middle_d_var",-501642421167.121,273538726754.688,-1037778325606.31,34493483272.067,"occ"
"DE_2023","g_upper_wshare",0.526514399535443,0.0136115325148601,0.499835795806317,0.553193003264568,"occ"
"DE_2023","g_upper_mean_nwx",320312.235666369,23635.8407840696,273985.987729592,366638.483603145,"occ"
"DE_2023","g_upper_mean_nw",411499.885376485,24084.7718882616,364293.732475492,458706.038277478,"occ"
"DE_2023","g_upper_mean_wt",91187.6497101163,10754.5031125203,70108.8236095764,112266.475810656,"occ"
"DE_2023","g_upper_wt_over_nwx",0.284736379963288,0.0424022452383003,0.201627979296219,0.367844780630356,"occ"
"DE_2023","g_upper_wt_volshare",0.49915737405981,0.0674183770518409,0.367017355038202,0.631297393081419,"occ"
"DE_2023","g_upper_gini_nwx",0.886500140632727,0.0494548424350089,0.789568649460109,0.983431631805344,"occ"
"DE_2023","g_upper_gini_nw",0.689345577045826,0.0189485370396591,0.652206444448094,0.726484709643558,"occ"
"DE_2023","g_upper_cv2_nwx",7.8768659190263,1.94921921314353,4.05639626126499,11.6973355767876,"occ"
"DE_2023","g_upper_cv2_nw",3.44421913511135,0.415794626301425,2.62926166756055,4.25917660266214,"occ"
"DE_2023","g_upper_var_nwx",808385266694.805,181121819109.382,453386501240.417,1163384032149.19,"occ"
"DE_2023","g_upper_var_nw",583460575892.439,115784475692.865,356523003534.423,810398148250.455,"occ"
"DE_2023","g_upper_d_gini",-0.1971545635869,0.0475685311085376,-0.290388884559634,-0.103920242614167,"occ"
"DE_2023","g_upper_r_gini",0.777631726540037,0.0421542527294973,0.695009391190222,0.860254061889851,"occ"
"DE_2023","g_upper_d_cv2",-4.43264678391495,2.00103987725845,-8.35468494334151,-0.5106086244884,"occ"
"DE_2023","g_upper_d_var",-224924690802.367,181801134662.876,-581254914741.604,131405533136.87,"occ"
"DE_2023","did_gini",-0.0203227452298668,0.305315085320972,-0.618740312458971,0.578094821999238,"occ"
"DE_2023","did_cv2",1.83440731793895,15.0330864433468,-27.6304421110207,31.2992567468986,"occ"
"DE_2023","did_var",227980368107.258,182180483492.259,-129093379537.57,585054115752.085,"occ"
"DE_2023","rratio_gini",1.0201622352048,0.184921412906831,0.657716265907415,1.38260820450219,"occ"
"EE_2023","g_lower_wshare",0.0910437936537275,0.00775826383832898,0.0758375965306027,0.106249990776852,"occ"
"EE_2023","g_lower_mean_nwx",67453.5253094978,8663.60766408705,50472.8542878872,84434.1963311085,"occ"
"EE_2023","g_lower_mean_nw",83934.65539444,7989.91347879851,68274.4249759949,99594.8858128851,"occ"
"EE_2023","g_lower_mean_wt",16481.1300849422,7726.33233689977,1337.51870461861,31624.7414652657,"occ"
"EE_2023","g_lower_wt_over_nwx",0.244371393411698,0.146752664632286,-0.0432638292675822,0.532006616090977,"occ"
"EE_2023","g_lower_wt_volshare",0.0711172032433297,0.032841040760415,0.00674876335291621,0.135485643133743,"occ"
"EE_2023","g_lower_gini_nwx",0.740390271641427,0.116917722841871,0.51123153487136,0.969549008411494,"occ"
"EE_2023","g_lower_gini_nw",0.57598684497799,0.0259219530675585,0.525179816965576,0.626793872990405,"occ"
"EE_2023","g_lower_cv2_nwx",2.00594255764855,0.78256159785347,0.472121825855744,3.53976328944135,"occ"
"EE_2023","g_lower_cv2_nw",1.19928018663797,0.154448821524299,0.896560496450345,1.5019998768256,"occ"
"EE_2023","g_lower_var_nwx",9124674640.59323,1594950815.29376,5998571042.61746,12250778238.569,"occ"
"EE_2023","g_lower_var_nw",8449750727.03616,1194594042.69764,6108346403.34879,10791155050.7235,"occ"
"EE_2023","g_lower_d_gini",-0.164403426663436,0.110323844767502,-0.380638162407741,0.0518313090808676,"occ"
"EE_2023","g_lower_r_gini",0.777982281067628,0.104470644227388,0.573219818381948,0.982744743753308,"occ"
"EE_2023","g_lower_d_cv2",-0.806662371010575,0.737487915959359,-2.25213868629092,0.638813944269769,"occ"
"EE_2023","g_lower_d_var",-674923913.557066,928439590.877348,-2494665511.67667,1144817684.56254,"occ"
"EE_2023","g_middle_wshare",0.438596613377056,0.0119886796223013,0.415098801317345,0.462094425436766,"occ"
"EE_2023","g_middle_mean_nwx",119401.087951049,16533.0318021991,86996.3456187389,151805.83028336,"occ"
"EE_2023","g_middle_mean_nw",132104.925864828,17438.2734523652,97925.909898192,166283.941831464,"occ"
"EE_2023","g_middle_mean_wt",12703.8379137786,2228.53939322931,8335.9007030492,17071.7751245081,"occ"
"EE_2023","g_middle_wt_over_nwx",0.106447107624504,0.0198951301931953,0.0674526524458414,0.145441562803167,"occ"
"EE_2023","g_middle_wt_volshare",0.264081242164884,0.0471531507200481,0.17166106675359,0.356501417576179,"occ"
"EE_2023","g_middle_gini_nwx",0.689175458442252,0.0433487863371795,0.60421183722138,0.774139079663124,"occ"
"EE_2023","g_middle_gini_nw",0.636972233456941,0.0445038628508926,0.549744662269192,0.724199804644691,"occ"
"EE_2023","g_middle_cv2_nwx",20.5460558358695,12.5960835085218,-4.14226784083311,45.2343795125722,"occ"
"EE_2023","g_middle_cv2_nw",18.8280864307862,11.8200654778774,-4.33924190585346,41.9954147674259,"occ"
"EE_2023","g_middle_var_nwx",293118512848.004,255851581095.308,-208350586098.799,794587611794.807,"occ"
"EE_2023","g_middle_var_nw",328761438314.39,290457180887.707,-240534636225.517,898057512854.296,"occ"
"EE_2023","g_middle_d_gini",-0.0522032249853108,0.0178456699514254,-0.0871807380901045,-0.0172257118805171,"occ"
"EE_2023","g_middle_r_gini",0.924263265551141,0.025703081308146,0.873885226187175,0.974641304915107,"occ"
"EE_2023","g_middle_d_cv2",-1.71796940508329,1.0196439104502,-3.71647146956568,0.280532659399096,"occ"
"EE_2023","g_middle_d_var",35642925466.3856,34916142128.342,-32792713105.1647,104078564037.936,"occ"
"EE_2023","g_upper_wshare",0.470359592969217,0.0117154753020605,0.447397261377178,0.493321924561255,"occ"
"EE_2023","g_upper_mean_nwx",269198.601227117,21619.7242186723,226823.941758519,311573.260695715,"occ"
"EE_2023","g_upper_mean_nw",299019.77162624,21138.4463460394,257588.416788003,340451.126464478,"occ"
"EE_2023","g_upper_mean_wt",29821.1703991233,5209.67860943895,19610.2003246229,40032.1404736236,"occ"
"EE_2023","g_upper_wt_over_nwx",0.110813334672726,0.0235029649085766,0.0647475234519164,0.156879145893536,"occ"
"EE_2023","g_upper_wt_volshare",0.664801554591786,0.0543899056202077,0.558197339576179,0.771405769607393,"occ"
"EE_2023","g_upper_gini_nwx",0.706044993039312,0.0331897408224524,0.640993101027306,0.771096885051319,"occ"
"EE_2023","g_upper_gini_nw",0.622206926118299,0.0220155542772143,0.579056439734959,0.665357412501639,"occ"
"EE_2023","g_upper_cv2_nwx",6.25559669506051,1.23167460339301,3.84151447241021,8.66967891771081,"occ"
"EE_2023","g_upper_cv2_nw",4.81930447637991,0.959082669597417,2.93950244396897,6.69910650879084,"occ"
"EE_2023","g_upper_var_nwx",453927320569.139,132232518595.184,194751584122.58,713103057015.699,"occ"
"EE_2023","g_upper_var_nw",431499567899.472,130046565391.703,176608299731.735,686390836067.209,"occ"
"EE_2023","g_upper_d_gini",-0.0838380669210132,0.0285577538997105,-0.139811264564446,-0.0278648692775807,"occ"
"EE_2023","g_upper_r_gini",0.881243695022776,0.0353830370255317,0.811892942452734,0.950594447592819,"occ"
"EE_2023","g_upper_d_cv2",-1.43629221868061,0.552252230746358,-2.51870659094347,-0.353877846417746,"occ"
"EE_2023","g_upper_d_var",-22427752669.6678,20661133623.6941,-62923574572.1081,18068069232.7726,"occ"
"EE_2023","did_gini",-0.0805653597424233,0.113936138759954,-0.303880191711933,0.142749472227086,"occ"
"EE_2023","did_cv2",0.629629847670032,0.926916982544115,-1.18712743811643,2.4463871334565,"occ"
"EE_2023","did_var",21752828756.1107,20700038607.2317,-18819246914.0634,62324904426.2848,"occ"
"EE_2023","rratio_gini",0.882818534447907,0.124137533827775,0.639508968145469,1.12612810075035,"occ"
"ES_2023","g_lower_wshare",0.148524885203422,0.00677912495012082,0.135237800301185,0.161811970105659,"occ"
"ES_2023","g_lower_mean_nwx",66498.4187117048,6502.32160101026,53753.8683737247,79242.9690496849,"occ"
"ES_2023","g_lower_mean_nw",95825.5197887192,6235.66215206197,83603.6219706778,108047.417606761,"occ"
"ES_2023","g_lower_mean_wt",29327.1010770144,5061.07946962104,19407.3853165572,39246.8168374716,"occ"
"ES_2023","g_lower_wt_over_nwx",0.441112552710096,0.106523259915599,0.232326963275522,0.649898142144669,"occ"
"ES_2023","g_lower_wt_volshare",0.0302707579817064,0.00700888199887218,0.0165333492639169,0.0440081666994958,"occ"
"ES_2023","g_lower_gini_nwx",0.928651138980318,0.099375488681883,0.733875181163827,1.12342709679681,"occ"
"ES_2023","g_lower_gini_nw",0.628247047776504,0.0211095257609167,0.586872377285107,0.669621718267901,"occ"
"ES_2023","g_lower_cv2_nwx",4.4990377993024,1.27918758180195,1.99183013897057,7.00624545963423,"occ"
"ES_2023","g_lower_cv2_nw",1.95809578684269,0.317573495693086,1.33565173528425,2.58053983840114,"occ"
"ES_2023","g_lower_var_nwx",19890149280.3219,3980241688.77247,12088875570.3278,27691422990.3159,"occ"
"ES_2023","g_lower_var_nw",17990881079.0252,4136963689.33597,9882432247.92673,26099329910.1237,"occ"
"ES_2023","g_lower_d_gini",-0.300404091203814,0.0977664272219766,-0.492026288558888,-0.10878189384874,"occ"
"ES_2023","g_lower_r_gini",0.676613448332443,0.0683478977360665,0.542651568769753,0.810575327895133,"occ"
"ES_2023","g_lower_d_cv2",-2.54094201245971,1.24280860740539,-4.97684688297426,-0.105037141945149,"occ"
"ES_2023","g_lower_d_var",-1899268201.29667,3221843612.97281,-8214081682.72337,4415545280.13004,"occ"
"ES_2023","g_middle_wshare",0.471488428388897,0.00917494428250858,0.45350553759518,0.489471319182614,"occ"
"ES_2023","g_middle_mean_nwx",109598.301512156,7769.06427975877,94370.9355238287,124825.667500483,"occ"
"ES_2023","g_middle_mean_nw",189043.936411248,5482.62711554063,178297.987264789,199789.885557708,"occ"
"ES_2023","g_middle_mean_wt",79445.6348990927,7804.35168126443,64149.1056038144,94742.1641943709,"occ"
"ES_2023","g_middle_wt_over_nwx",0.725038698395047,0.118253349861288,0.493262132666922,0.956815264123172,"occ"
"ES_2023","g_middle_wt_volshare",0.260278287829726,0.0418253996547256,0.178300504506464,0.342256071152988,"occ"
"ES_2023","g_middle_gini_nwx",1.0722089033609,0.119874128518609,0.837255611464422,1.30716219525737,"occ"
"ES_2023","g_middle_gini_nw",0.575903820973069,0.00934084039657602,0.557595773795781,0.594211868150358,"occ"
"ES_2023","g_middle_cv2_nwx",15.0621702816319,7.99134496879948,-0.600865857215119,30.7252064204788,"occ"
"ES_2023","g_middle_cv2_nw",3.63341287585427,2.24646056853557,-0.76964983847545,8.03647559018399,"occ"
"ES_2023","g_middle_var_nwx",181056328892.855,87864325148.6537,8842251601.49417,353270406184.217,"occ"
"ES_2023","g_middle_var_nw",129932315839.192,82266968401.0838,-31310942226.9322,291175573905.316,"occ"
"ES_2023","g_middle_d_gini",-0.496305082387826,0.119441122939749,-0.730409683349734,-0.262200481425918,"occ"
"ES_2023","g_middle_r_gini",0.537237183118594,0.0576560979119409,0.424231231211189,0.650243135025998,"occ"
"ES_2023","g_middle_d_cv2",-11.4287574057776,6.25375142916331,-23.6861102069377,0.828595395382491,"occ"
"ES_2023","g_middle_d_var",-51124013053.6634,27239861839.2888,-104514142258.67,2266116151.34268,"occ"
"ES_2023","g_upper_wshare",0.379986686407682,0.00853648490446849,0.363255175994923,0.39671819682044,"occ"
"ES_2023","g_upper_mean_nwx",308003.603408217,55183.7102190803,199843.53137882,416163.675437614,"occ"
"ES_2023","g_upper_mean_nw",576696.318453287,46385.3934164132,485780.947357117,667611.689549456,"occ"
"ES_2023","g_upper_mean_wt",268692.71504507,52631.0471569858,165535.862617377,371849.567472762,"occ"
"ES_2023","g_upper_wt_over_nwx",0.872557732818747,0.338362764118579,0.209366715146333,1.53574875049116,"occ"
"ES_2023","g_upper_wt_volshare",0.709450954188568,0.0453515135143598,0.620561987700423,0.798339920676713,"occ"
"ES_2023","g_upper_gini_nwx",1.24831328966149,0.320817143711604,0.619511687986745,1.87711489133623,"occ"
"ES_2023","g_upper_gini_nw",0.650399082477656,0.023434566690674,0.604467331763935,0.696330833191377,"occ"
"ES_2023","g_upper_cv2_nwx",84.107123813773,48.7052941689881,-11.3552527574437,179.56950038499,"occ"
"ES_2023","g_upper_cv2_nw",19.449298324033,7.12962490120387,5.47523351767337,33.4233631303926,"occ"
"ES_2023","g_upper_var_nwx",7976675037580.3,3583066092393.9,953865496488.255,14999484578672.4,"occ"
"ES_2023","g_upper_var_nw",6468961687722.13,3428802156387.01,-251490538796.42,13189413914240.7,"occ"
"ES_2023","g_upper_d_gini",-0.597914207183833,0.317975392614859,-1.22114597670896,0.0253175623412901,"occ"
"ES_2023","g_upper_r_gini",0.521181909310301,0.11251915724186,0.300644361116256,0.741719457504346,"occ"
"ES_2023","g_upper_d_cv2",-64.65782548974,47.3746069367443,-157.512055085759,28.1964041062787,"occ"
"ES_2023","g_upper_d_var",-1507713349858.17,1155973014851.53,-3773420458967.18,757993759250.831,"occ"
"ES_2023","did_gini",0.297510115980019,0.33509455009474,-0.359275202205672,0.954295434165711,"occ"
"ES_2023","did_cv2",62.1168834772803,47.4276969529178,-30.8414025504385,155.075169504999,"occ"
"ES_2023","did_var",1505814081656.88,1155917640562.76,-759784493846.136,3771412657159.89,"occ"
"ES_2023","rratio_gini",1.29852281569168,0.362788333759802,0.587457681522466,2.00958794986089,"occ"
"FR_2023","g_lower_wshare",0.0873502136667077,0.00476902524617599,0.0780029241842028,0.0966975031492126,"occ"
"FR_2023","g_lower_mean_nwx",64487.4591387423,8393.88537990071,48035.4437941369,80939.4744833477,"occ"
"FR_2023","g_lower_mean_nw",87574.6976641281,8679.62351729608,70562.6355702278,104586.759758028,"occ"
"FR_2023","g_lower_mean_wt",23087.2385253858,5326.10962382461,12648.0636626895,33526.413388082,"occ"
"FR_2023","g_lower_wt_over_nwx",0.358011291400309,0.111341658823759,0.139781640105742,0.576240942694876,"occ"
"FR_2023","g_lower_wt_volshare",0.0148388482959801,0.00330530024731366,0.00836045981124534,0.0213172367807149,"occ"
"FR_2023","g_lower_gini_nwx",0.98128318742959,0.137453832540606,0.711873675650002,1.25069269920918,"occ"
"FR_2023","g_lower_gini_nw",0.726031373109607,0.0206610258097135,0.685535762522569,0.766526983696645,"occ"
"FR_2023","g_lower_cv2_nwx",14.0621251589435,17.509203335506,-20.2559133786483,48.3801636965353,"occ"
"FR_2023","g_lower_cv2_nw",3.42690906260677,0.559410167190409,2.33046513491357,4.52335299029998,"occ"
"FR_2023","g_lower_var_nwx",58479209104.3718,55311548200.9677,-49931425369.5249,166889843578.269,"occ"
"FR_2023","g_lower_var_nw",26282088499.7255,6004422588.26272,14513420226.7306,38050756772.7205,"occ"
"FR_2023","g_lower_d_gini",-0.255251814319983,0.139660345305701,-0.528986091119157,0.0184824624791907,"occ"
"FR_2023","g_lower_r_gini",0.739879560161833,0.0881469552222192,0.567111527926284,0.912647592397383,"occ"
"FR_2023","g_lower_d_cv2",-10.6352160963367,17.5773470499883,-45.0868163143138,23.8163841216404,"occ"
"FR_2023","g_lower_d_var",-32197120604.6463,54677044025.9271,-139364126895.463,74969885686.1708,"occ"
"FR_2023","g_middle_wshare",0.450690819714158,0.0116534194634151,0.427850117565865,0.473531521862452,"occ"
"FR_2023","g_middle_mean_nwx",94361.8151262166,18270.1570731146,58552.307262912,130171.322989521,"occ"
"FR_2023","g_middle_mean_nw",216526.483344695,11142.3668478715,194687.444322866,238365.522366523,"occ"
"FR_2023","g_middle_mean_wt",122164.668218478,15392.0890077604,91996.1737632677,152333.162673688,"occ"
"FR_2023","g_middle_wt_over_nwx",1.29464093134572,0.40623417920154,0.498421940110705,2.09085992258074,"occ"
"FR_2023","g_middle_wt_volshare",0.405124553190182,0.0351339829909442,0.336261946527931,0.473987159852432,"occ"
"FR_2023","g_middle_gini_nwx",1.98734113814311,0.504133555133229,0.99923937008198,2.97544290620424,"occ"
"FR_2023","g_middle_gini_nw",0.664126094367052,0.0160361865450992,0.632695168738658,0.695557019995447,"occ"
"FR_2023","g_middle_cv2_nwx",66.7785131265828,52.2737019648473,-35.677942724518,169.234968977684,"occ"
"FR_2023","g_middle_cv2_nw",3.92881685914813,0.524016678296723,2.90174416968655,4.9558895486097,"occ"
"FR_2023","g_middle_var_nwx",594606041491.255,166055075252.894,269138093995.583,920073988986.927,"occ"
"FR_2023","g_middle_var_nw",184197541657.167,32163329716.5084,121157415412.81,247237667901.523,"occ"
"FR_2023","g_middle_d_gini",-1.32321504377606,0.502272455742343,-2.30766905703105,-0.338761030521064,"occ"
"FR_2023","g_middle_r_gini",0.334178205050183,0.0838656308268544,0.169801568629549,0.498554841470818,"occ"
"FR_2023","g_middle_d_cv2",-62.8496962674347,52.2390357812868,-165.238206398757,39.5388138638875,"occ"
"FR_2023","g_middle_d_var",-410408499834.088,166351015230.433,-736456489685.737,-84360509982.4399,"occ"
"FR_2023","g_upper_wshare",0.461958966619134,0.0128940002428344,0.436686726143179,0.487231207095089,"occ"
"FR_2023","g_upper_mean_nwx",323483.228049165,18169.0156628846,287871.957349911,359094.498748419,"occ"
"FR_2023","g_upper_mean_nw",494125.947065306,14515.5598311049,465675.449796341,522576.444334272,"occ"
"FR_2023","g_upper_mean_wt",170642.719016141,12506.2601491262,146130.449123854,195154.988908429,"occ"
"FR_2023","g_upper_wt_over_nwx",0.527516434299357,0.0644087113849639,0.401275359984828,0.653757508613887,"occ"
"FR_2023","g_upper_wt_volshare",0.580036598513838,0.0345248207191911,0.512367949904224,0.647705247123453,"occ"
"FR_2023","g_upper_gini_nwx",0.996047404042722,0.0714155794129422,0.856072868393355,1.13602193969209,"occ"
"FR_2023","g_upper_gini_nw",0.628007504692962,0.0134503919477644,0.601644736475343,0.65437027291058,"occ"
"FR_2023","g_upper_cv2_nwx",20.515866809311,7.56963847268882,5.67937540284091,35.3523582157811,"occ"
"FR_2023","g_upper_cv2_nw",6.6510446700323,2.52931388185836,1.69358946158992,11.6084998784747,"occ"
"FR_2023","g_upper_var_nwx",2146809001117.97,706190521750.834,762675578486.338,3530942423749.61,"occ"
"FR_2023","g_upper_var_nw",1623922070002.01,627380324356.23,394256634263.798,2853587505740.22,"occ"
"FR_2023","g_upper_d_gini",-0.36803989934976,0.0720080474665448,-0.509175672384187,-0.226904126315332,"occ"
"FR_2023","g_upper_r_gini",0.630499614921968,0.045255439116427,0.541798954253771,0.719200275590165,"occ"
"FR_2023","g_upper_d_cv2",-13.8648221392787,5.850371817382,-25.3315509013474,-2.39809337720995,"occ"
"FR_2023","g_upper_d_var",-522886931115.963,323813670135.801,-1157561724582.13,111787862350.207,"occ"
"FR_2023","did_gini",0.112788085029777,0.153519300113848,-0.188109743193365,0.413685913252918,"occ"
"FR_2023","did_cv2",3.22960604294198,18.3642979186212,-32.7644178775555,39.2236299634395,"occ"
"FR_2023","did_var",490689810511.317,328372612060.552,-152920509127.365,1134300130150,"occ"
"FR_2023","rratio_gini",1.17348138309871,0.159917195442187,0.86004368003202,1.48691908616539,"occ"
"GR_2023","g_lower_wshare",0.0971102579516149,0.00997075975909771,0.0775675688237834,0.116652947079446,"occ"
"GR_2023","g_lower_mean_nwx",38771.6801804698,58131.6429457424,-75166.3399931854,152709.700354125,"occ"
"GR_2023","g_lower_mean_nw",118638.566134076,19176.2461325077,81053.1237143608,156224.008553791,"occ"
"GR_2023","g_lower_mean_wt",79866.8859536061,55538.7562131409,-28989.07622415,188722.848131362,"occ"
"GR_2023","g_lower_wt_over_nwx",2.23020997472396,85.9806707670243,-166.291904728644,170.752324678091,"occ"
"GR_2023","g_lower_wt_volshare",0.0836964077208889,0.0326870961510166,0.0196296992648965,0.147763116176881,"occ"
"GR_2023","g_lower_gini_nwx",3.26292991357795,105.82864042386,-204.161205317188,210.687065144344,"occ"
"GR_2023","g_lower_gini_nw",0.614315736199987,0.0613292018164012,0.494110500639841,0.734520971760134,"occ"
"GR_2023","g_lower_cv2_nwx",272.479218651527,9651438.17513899,-18916546.3440538,18917091.3024911,"occ"
"GR_2023","g_lower_cv2_nw",8.00050845043219,4.2225812114989,-0.275750724105652,16.27676762497,"occ"
"GR_2023","g_lower_var_nwx",208647244802.436,104671228865.696,3491636225.67203,413802853379.2,"occ"
"GR_2023","g_lower_var_nw",112604510835.65,68331542833.6144,-21325313118.2341,246534334789.534,"occ"
"GR_2023","g_lower_d_gini",-2.64737512094041,105.830957965056,-210.07605273245,204.781302490569,"occ"
"GR_2023","g_lower_r_gini",0.3166925853488,0.266812925941543,-0.206260749496625,0.839645920194224,"occ"
"GR_2023","g_lower_d_cv2",-264.478710201095,9651438.3155763,-18917083.5772397,18916554.6198193,"occ"
"GR_2023","g_lower_d_var",-96042733966.7859,78049561447.1719,-249019874403.243,56934406469.6711,"occ"
"GR_2023","g_middle_wshare",0.643390599691044,0.0194344015161441,0.605299172719401,0.681482026662686,"occ"
"GR_2023","g_middle_mean_nwx",69262.4944011055,40959.4052015301,-11017.9397938935,149542.928596105,"occ"
"GR_2023","g_middle_mean_nw",152256.774074741,7883.05323253707,136805.989738968,167707.558410514,"occ"
"GR_2023","g_middle_mean_wt",82994.2796736356,41271.7423390028,2101.66468919018,163886.894658081,"occ"
"GR_2023","g_middle_wt_over_nwx",2.54164513505486,25.2481395587847,-46.9447084001631,52.0279986702729,"occ"
"GR_2023","g_middle_wt_volshare",0.596596191316295,0.0482455783190849,0.502034857810889,0.691157524821702,"occ"
"GR_2023","g_middle_gini_nwx",3.13777954846381,26.7611547698764,-49.3140838004939,55.5896428974216,"occ"
"GR_2023","g_middle_gini_nw",0.581060830211245,0.0197844894771242,0.542283230836082,0.619838429586409,"occ"
"GR_2023","g_middle_cv2_nwx",838.390805990704,214947944.537279,-421297132.902261,421298809.683873,"occ"
"GR_2023","g_middle_cv2_nw",2.69165827614442,0.746422503121995,1.22867017002531,4.15464638226353,"occ"
"GR_2023","g_middle_var_nwx",288510321311.875,565943073367.061,-820738102487.564,1397758745111.31,"occ"
"GR_2023","g_middle_var_nw",62459162511.1762,20037670961.4631,23185327426.7086,101732997595.644,"occ"
"GR_2023","g_middle_d_gini",-2.55671871825256,26.7626129352302,-55.0114400713037,49.8980026347985,"occ"
"GR_2023","g_middle_r_gini",0.367274676195945,0.241103717262791,-0.105288609639124,0.839837962031015,"occ"
"GR_2023","g_middle_d_cv2",-835.69914771456,214947944.556165,-421298807.029232,421297135.630936,"occ"
"GR_2023","g_middle_d_var",-226051158800.699,558796835047.951,-1321292955494.68,869190637893.286,"occ"
"GR_2023","g_upper_wshare",0.259499142357342,0.0206539888084686,0.219017324292743,0.29998096042194,"occ"
"GR_2023","g_upper_mean_nwx",136556.983643773,57423.6429776725,24006.6434075349,249107.323880011,"occ"
"GR_2023","g_upper_mean_nw",245778.323183467,33558.7561867229,180003.161057491,311553.485309444,"occ"
"GR_2023","g_upper_mean_wt",109221.339539694,49918.5158198784,11381.0485327326,207061.630546656,"occ"
"GR_2023","g_upper_wt_over_nwx",0.984853801456298,1.20652681223846,-1.37993875053108,3.34964635344368,"occ"
"GR_2023","g_upper_wt_volshare",0.319707400962816,0.046530884710942,0.22850686692937,0.410907934996262,"occ"
"GR_2023","g_upper_gini_nwx",1.32162049846285,1.13033647810893,-0.893838998630651,3.53707999555636,"occ"
"GR_2023","g_upper_gini_nw",0.555211559702929,0.0245947989425499,0.507005753775531,0.603417365630326,"occ"
"GR_2023","g_upper_cv2_nwx",12.0641855300888,146.450311682848,-274.978425368293,299.10679642847,"occ"
"GR_2023","g_upper_cv2_nw",1.45951536281197,0.227653769753933,1.01331397409426,1.90571675152967,"occ"
"GR_2023","g_upper_var_nwx",129062749224.94,75540012269.1254,-18995674822.5462,277121173272.425,"occ"
"GR_2023","g_upper_var_nw",88198720343.8162,36268137066.6961,17113171693.0918,159284268994.541,"occ"
"GR_2023","g_upper_d_gini",-0.766408938759924,1.13022323327259,-2.9816464759742,1.44882859845436,"occ"
"GR_2023","g_upper_r_gini",0.507101951308759,0.235746297274526,0.0450392086506876,0.969164693966831,"occ"
"GR_2023","g_upper_d_cv2",-10.6046701672768,146.449843167036,-297.646362774667,276.437022440113,"occ"
"GR_2023","g_upper_d_var",-40864028881.1234,65417220498.672,-169081781058.521,87353723296.2737,"occ"
"GR_2023","did_gini",-2.18847128748505,105.829089749549,-209.613487196601,205.236544621631,"occ"
"GR_2023","did_cv2",-253.874040033818,9651438.33042847,-18917073.0016798,18916565.2535998,"occ"
"GR_2023","did_var",-55178705085.6625,79846096365.0092,-211677053961.08,101319643789.755,"occ"
"GR_2023","rratio_gini",0.509633718420181,0.391018448859109,-0.256762441343672,1.27602987818403,"occ"
"HR_2023","g_lower_wshare",0.152483588566569,0.0118261042942528,0.129304424149834,0.175662752983304,"occ"
"HR_2023","g_lower_mean_nwx",107405.180904594,13598.7849748172,80751.5623539523,134058.799455236,"occ"
"HR_2023","g_lower_mean_nw",130404.153848925,12794.2153661939,105327.491731185,155480.815966665,"occ"
"HR_2023","g_lower_mean_wt",22998.9729443311,5323.01050242751,12565.8723595732,33432.073529089,"occ"
"HR_2023","g_lower_wt_over_nwx",0.214391038879611,0.0676349250470077,0.0818265857874755,0.346955491971746,"occ"
"HR_2023","g_lower_wt_volshare",0.0903610967922117,0.0221200594536019,0.047005780263152,0.133716413321271,"occ"
"HR_2023","g_lower_gini_nwx",0.694544011991302,0.0578522189009608,0.581153662945419,0.807934361037185,"occ"
"HR_2023","g_lower_gini_nw",0.499187658952762,0.0325208364801668,0.435446819451635,0.562928498453889,"occ"
"HR_2023","g_lower_cv2_nwx",2.32150199644595,0.598282941216317,1.14886743166197,3.49413656122993,"occ"
"HR_2023","g_lower_cv2_nw",1.33902851783865,0.363142117037561,0.627269968445027,2.05078706723227,"occ"
"HR_2023","g_lower_var_nwx",26704509796.7465,9064738617.29141,8937622106.85538,44471397486.6377,"occ"
"HR_2023","g_lower_var_nw",22721847742.418,8660260729.29948,5747736712.99106,39695958771.845,"occ"
"HR_2023","g_lower_d_gini",-0.19535635303854,0.0528204435526283,-0.298884422401691,-0.0918282836753882,"occ"
"HR_2023","g_lower_r_gini",0.718743152008678,0.0567232485773074,0.607565584797155,0.8299207192202,"occ"
"HR_2023","g_lower_d_cv2",-0.982473478607306,0.359374428858185,-1.68684735916935,-0.278099598045263,"occ"
"HR_2023","g_lower_d_var",-3982662054.3285,1094892867.31132,-6128652074.25868,-1836672034.39831,"occ"
"HR_2023","g_middle_wshare",0.57572748772418,0.016656100848248,0.543081530061614,0.608373445386746,"occ"
"HR_2023","g_middle_mean_nwx",138988.354793017,11298.1119670801,116844.05533754,161132.654248494,"occ"
"HR_2023","g_middle_mean_nw",179565.937126087,11464.7197638423,157095.086388956,202036.787863218,"occ"
"HR_2023","g_middle_mean_wt",40577.58233307,4704.817938071,31356.1391744509,49799.0254916892,"occ"
"HR_2023","g_middle_wt_over_nwx",0.291984132360439,0.0447613051514367,0.204251974263623,0.379716290457255,"occ"
"HR_2023","g_middle_wt_volshare",0.601942094475296,0.0440100533786745,0.515682389853095,0.688201799097498,"occ"
"HR_2023","g_middle_gini_nwx",0.687603674844143,0.0290154451357026,0.630733402378166,0.74447394731012,"occ"
"HR_2023","g_middle_gini_nw",0.542638090817957,0.0222953922864559,0.498939121936504,0.586337059699411,"occ"
"HR_2023","g_middle_cv2_nwx",3.41908109231114,0.883752643620597,1.68692591081477,5.15123627380751,"occ"
"HR_2023","g_middle_cv2_nw",2.17044292078467,0.548181480292847,1.09600721941069,3.24487862215865,"occ"
"HR_2023","g_middle_var_nwx",66058266235.3952,24796801282.0805,17456535722.5175,114659996748.273,"occ"
"HR_2023","g_middle_var_nw",69992040425.5957,24738636096.3573,21504313676.7353,118479767174.456,"occ"
"HR_2023","g_middle_d_gini",-0.144965584026186,0.022861883419516,-0.189774875528437,-0.100156292523934,"occ"
"HR_2023","g_middle_r_gini",0.789169104778535,0.0280025739067079,0.734284059921388,0.844054149635683,"occ"
"HR_2023","g_middle_d_cv2",-1.24863817152647,0.39589328461778,-2.02458900937732,-0.472687333675624,"occ"
"HR_2023","g_middle_d_var",3933774190.20047,4561143024.06751,-5006066136.97185,12873614517.3728,"occ"
"HR_2023","g_upper_wshare",0.271788923709251,0.0140813229819931,0.244189530664544,0.299388316753957,"occ"
"HR_2023","g_upper_mean_nwx",201228.623547591,16670.5970132404,168554.253401639,233902.993693542,"occ"
"HR_2023","g_upper_mean_nw",245166.559935071,15687.0234570188,214419.993959314,275913.125910828,"occ"
"HR_2023","g_upper_mean_wt",43937.9363874803,6211.52123404662,31763.3547687489,56112.5180062117,"occ"
"HR_2023","g_upper_wt_over_nwx",0.218384264677468,0.0421636047830018,0.135743599302784,0.301024930052151,"occ"
"HR_2023","g_upper_wt_volshare",0.307696808732492,0.0398563891086787,0.229578286079482,0.385815331385502,"occ"
"HR_2023","g_upper_gini_nwx",0.615174164810604,0.035888992392939,0.544831739720443,0.685516589900764,"occ"
"HR_2023","g_upper_gini_nw",0.484590486070075,0.022779410168374,0.439942842140062,0.529238130000088,"occ"
"HR_2023","g_upper_cv2_nwx",1.84186674178331,0.284632494737856,1.28398705209711,2.39974643146951,"occ"
"HR_2023","g_upper_cv2_nw",1.19756066657897,0.184883661078096,0.835188690865907,1.55993264229204,"occ"
"HR_2023","g_upper_var_nwx",74587583518.8378,16184345682.6088,42866265980.9245,106308901056.751,"occ"
"HR_2023","g_upper_var_nw",71985653082.4409,16345554780.2687,39948365713.1143,104022940451.767,"occ"
"HR_2023","g_upper_d_gini",-0.130583678740529,0.0298182795472783,-0.189027506653194,-0.0721398508278631,"occ"
"HR_2023","g_upper_r_gini",0.787726587431955,0.0388861763900703,0.711509681707417,0.863943493156493,"occ"
"HR_2023","g_upper_d_cv2",-0.644306075204336,0.168687294083844,-0.974933171608671,-0.313678978800001,"occ"
"HR_2023","g_upper_d_var",-2601930436.39687,3069015777.38871,-8617201360.07875,3413340487.285,"occ"
"HR_2023","did_gini",-0.064772674298011,0.0541937234690567,-0.170992372297362,0.0414470237013401,"occ"
"HR_2023","did_cv2",-0.33816740340297,0.371403843127857,-1.06611893593357,0.389784129127629,"occ"
"HR_2023","did_var",-1380731617.93163,3015061443.77149,-7290252047.72374,4528788811.86049,"occ"
"HR_2023","rratio_gini",0.912427345125218,0.0768814923565895,0.761739620106303,1.06311507014413,"occ"
"HU_2023","g_lower_wshare",0.0956835719038135,0.00503167829373536,0.0858214824480922,0.105545661359535,"occ"
"HU_2023","g_lower_mean_nwx",36735.110787902,3221.90453963446,30420.1778902185,43050.0436855856,"occ"
"HU_2023","g_lower_mean_nw",46610.119303673,3063.94689878975,40604.783382045,52615.4552253009,"occ"
"HU_2023","g_lower_mean_wt",9875.0085157709,2015.1304838805,5925.35276736512,13824.6642641767,"occ"
"HU_2023","g_lower_wt_over_nwx",0.268816996277073,0.0706188522133353,0.130404045938936,0.40722994661521,"occ"
"HU_2023","g_lower_wt_volshare",0.0445377742743572,0.00916990043998003,0.0265647694119964,0.0625107791367181,"occ"
"HU_2023","g_lower_gini_nwx",0.845874595323018,0.0875071455770521,0.674360589991996,1.01738860065404,"occ"
"HU_2023","g_lower_gini_nw",0.603421660582993,0.0218694263332036,0.560557584969914,0.646285736196072,"occ"
"HU_2023","g_lower_cv2_nwx",3.75062276315523,1.3312283035472,1.14141528820272,6.35983023810774,"occ"
"HU_2023","g_lower_cv2_nw",1.70210391627056,0.20265616955482,1.30489782394312,2.09931000859801,"occ"
"HU_2023","g_lower_var_nwx",5061335350.41869,1249742223.10104,2611840593.14065,7510830107.69673,"occ"
"HU_2023","g_lower_var_nw",3697822141.33813,596108445.048989,2529449589.04211,4866194693.63415,"occ"
"HU_2023","g_lower_d_gini",-0.242452934740026,0.0843509747107189,-0.407780845173035,-0.0771250243070166,"occ"
"HU_2023","g_lower_r_gini",0.71337013846418,0.0699841341705131,0.576201235489975,0.850539041438386,"occ"
"HU_2023","g_lower_d_cv2",-2.04851884688467,1.31708922952613,-4.63001373675589,0.532976042986557,"occ"
"HU_2023","g_lower_d_var",-1363513209.08055,1153698326.70805,-3624761929.42834,897735511.267227,"occ"
"HU_2023","g_middle_wshare",0.508238151357391,0.00658960051299704,0.495322534351917,0.521153768362866,"occ"
"HU_2023","g_middle_mean_nwx",70054.4192858146,2859.91586254219,64448.9841952319,75659.8543763973,"occ"
"HU_2023","g_middle_mean_nw",88321.4588855545,2545.36025821108,83332.5527794608,93310.3649916482,"occ"
"HU_2023","g_middle_mean_wt",18267.0395997399,1497.61719263525,15331.7099021748,21202.3692973049,"occ"
"HU_2023","g_middle_wt_over_nwx",0.260755020521277,0.0285531237202206,0.204790898029645,0.316719143012909,"occ"
"HU_2023","g_middle_wt_volshare",0.437611861044569,0.0295804921750943,0.379634096381384,0.495589625707754,"occ"
"HU_2023","g_middle_gini_nwx",0.740426893267706,0.0314994585817787,0.67868795444742,0.802165832087993,"occ"
"HU_2023","g_middle_gini_nw",0.534363974019823,0.00911814867595335,0.516492402614955,0.552235545424692,"occ"
"HU_2023","g_middle_cv2_nwx",3.24357683834837,0.529063506310711,2.20661236597938,4.28054131071737,"occ"
"HU_2023","g_middle_cv2_nw",1.59672355243914,0.12102751806024,1.35950961704107,1.83393748783721,"occ"
"HU_2023","g_middle_var_nwx",15918241900.5069,2254960922.0881,11498518493.2142,20337965307.7996,"occ"
"HU_2023","g_middle_var_nw",12455526515.0271,1356207570.85154,9797359676.15806,15113693353.8961,"occ"
"HU_2023","g_middle_d_gini",-0.206062919247883,0.0304998392251499,-0.265842604129177,-0.146283234366589,"occ"
"HU_2023","g_middle_r_gini",0.721697166408027,0.029493231805578,0.663890432069094,0.77950390074696,"occ"
"HU_2023","g_middle_d_cv2",-1.64685328590923,0.508309997030494,-2.643140880089,-0.650565691729466,"occ"
"HU_2023","g_middle_d_var",-3462715385.47982,1864678955.85416,-7117486138.95397,192055367.994336,"occ"
"HU_2023","g_upper_wshare",0.396078276738795,0.00618878927225442,0.383948249765176,0.408208303712414,"occ"
"HU_2023","g_upper_mean_nwx",174217.267678629,5947.06848595086,162561.013446165,185873.521911093,"occ"
"HU_2023","g_upper_mean_nw",201954.914298659,5370.03185451577,191429.651863808,212480.17673351,"occ"
"HU_2023","g_upper_mean_wt",27737.6466200301,2579.5884941501,22681.6531714959,32793.6400685643,"occ"
"HU_2023","g_upper_wt_over_nwx",0.159212985045748,0.0181281930201727,0.123681726726209,0.194744243365286,"occ"
"HU_2023","g_upper_wt_volshare",0.517850364681074,0.0303142851546368,0.458434365777986,0.577266363584162,"occ"
"HU_2023","g_upper_gini_nwx",0.631921181821451,0.0222544099056998,0.58830253840628,0.675539825236623,"occ"
"HU_2023","g_upper_gini_nw",0.549627439663203,0.00982978651118488,0.53036105810128,0.568893821225125,"occ"
"HU_2023","g_upper_cv2_nwx",3.19223907259652,0.491430961763356,2.22903438754034,4.15544375765269,"occ"
"HU_2023","g_upper_cv2_nw",2.29945341186984,0.281366476130718,1.74797511865363,2.85093170508605,"occ"
"HU_2023","g_upper_var_nwx",96889744893.3229,14990982687.706,67507418825.4192,126272070961.227,"occ"
"HU_2023","g_upper_var_nw",93785033518.5821,13563036673.2306,67201481639.05,120368585398.114,"occ"
"HU_2023","g_upper_d_gini",-0.0822937421582485,0.0209695548009443,-0.123394069568099,-0.0411934147483977,"occ"
"HU_2023","g_upper_r_gini",0.86977213864845,0.0283657153343243,0.814175336593175,0.925368940703726,"occ"
"HU_2023","g_upper_d_cv2",-0.892785660726674,0.349422046718175,-1.5776528722943,-0.207918449159051,"occ"
"HU_2023","g_upper_d_var",-3104711374.74085,7483071046.65162,-17771530626.178,11562107876.6963,"occ"
"HU_2023","did_gini",-0.160159192581777,0.0867143540918005,-0.330119326601706,0.00980094143815188,"occ"
"HU_2023","did_cv2",-1.15573318615799,1.36247801597544,-3.82619009746986,1.51472372515388,"occ"
"HU_2023","did_var",1741198165.66029,7640923058.72037,-13235011029.4316,16717407360.7522,"occ"
"HU_2023","rratio_gini",0.820180518889792,0.0856405419195318,0.65232505672751,0.988035981052074,"occ"
"LT_2023","g_lower_wshare",0.0916402046140046,0.00754626635866394,0.0768495225510232,0.106430886676986,"occ"
"LT_2023","g_lower_mean_nwx",57289.5199901318,40501.9114889713,-22094.226528252,136673.266508516,"occ"
"LT_2023","g_lower_mean_nw",90405.7933175956,35060.8944064499,21686.4402809539,159125.146354237,"occ"
"LT_2023","g_lower_mean_wt",33116.2733274639,14830.07077009,4049.33461808744,62183.2120368403,"occ"
"LT_2023","g_lower_wt_over_nwx",0.578054302451608,27.7589001675114,-53.8293900258707,54.9854986307739,"occ"
"LT_2023","g_lower_wt_volshare",0.111295339951178,0.0430761660189991,0.02686605455394,0.195724625348416,"occ"
"LT_2023","g_lower_gini_nwx",1.30924383391152,27.1181551910082,-51.8423403404646,54.4608280082876,"occ"
"LT_2023","g_lower_gini_nw",0.630375505278052,0.109158422070653,0.416424998019573,0.844326012536532,"occ"
"LT_2023","g_lower_cv2_nwx",19.2863151434221,179191.188212388,-351195.442581138,351234.015211425,"occ"
"LT_2023","g_lower_cv2_nw",6.52539283642259,3.44818742915754,-0.233054524726195,13.2838401975714,"occ"
"LT_2023","g_lower_var_nwx",63298375621.8993,59778559738.7526,-53867601466.0557,180464352709.854,"occ"
"LT_2023","g_lower_var_nw",53333015388.0377,58162455075.8624,-60665396560.6526,167331427336.728,"occ"
"LT_2023","g_lower_d_gini",-0.678868328633472,27.1304804987646,-53.8546101062121,52.4968734489451,"occ"
"LT_2023","g_lower_r_gini",0.481480926327411,0.244928948010298,0.00142018822722617,0.961541664427595,"occ"
"LT_2023","g_lower_d_cv2",-12.7609223069995,179191.40854723,-351227.921674878,351202.399830264,"occ"
"LT_2023","g_lower_d_var",-9965360233.86163,6556916704.64772,-22816916974.9712,2886196507.2479,"occ"
"LT_2023","g_middle_wshare",0.455672229888367,0.0174509007604855,0.421468464397816,0.489875995378919,"occ"
"LT_2023","g_middle_mean_nwx",64049.5888666196,6261.09487320394,51777.8429151399,76321.3348180994,"occ"
"LT_2023","g_middle_mean_nw",85251.3388341461,7266.21024857903,71009.5667469312,99493.1109213609,"occ"
"LT_2023","g_middle_mean_wt",21201.7499675264,2703.12737362555,15903.6203152203,26499.8796198325,"occ"
"LT_2023","g_middle_wt_over_nwx",0.331026004459804,0.0513185449132275,0.230441656429878,0.43161035248973,"occ"
"LT_2023","g_middle_wt_volshare",0.35430211300527,0.049072435899882,0.258120138641501,0.450484087369039,"occ"
"LT_2023","g_middle_gini_nwx",0.800725675025247,0.0587334969109919,0.685608021079703,0.915843328970791,"occ"
"LT_2023","g_middle_gini_nw",0.51869837306054,0.0256229370272317,0.468477416487166,0.568919329633915,"occ"
"LT_2023","g_middle_cv2_nwx",4.92697344974657,1.18913891194453,2.59626118233529,7.25768571715785,"occ"
"LT_2023","g_middle_cv2_nw",2.48445113447314,0.693148612847974,1.12587985329111,3.84302241565517,"occ"
"LT_2023","g_middle_var_nwx",20211474757.0295,7396680561.94126,5713980855.62461,34708968658.4343,"occ"
"LT_2023","g_middle_var_nw",18056205178.6886,7283874004.00738,3779812130.83414,32332598226.5431,"occ"
"LT_2023","g_middle_d_gini",-0.282027301964706,0.0524739967202512,-0.384876335536399,-0.179178268393014,"occ"
"LT_2023","g_middle_r_gini",0.647789125966775,0.0427867445033603,0.563927106740189,0.731651145193361,"occ"
"LT_2023","g_middle_d_cv2",-2.44252231527343,0.600000804055007,-3.61852389122125,-1.26652073932562,"occ"
"LT_2023","g_middle_d_var",-2155269578.34088,544945113.158923,-3223362000.13236,-1087177156.54939,"occ"
"LT_2023","g_upper_wshare",0.452687565497628,0.0178021125245139,0.417795424949581,0.487579706045675,"occ"
"LT_2023","g_upper_mean_nwx",140434.207020271,35166.7227990278,71507.430334177,209360.983706366,"occ"
"LT_2023","g_upper_mean_nw",172624.170373744,35372.9685699667,103293.15197661,241955.188770879,"occ"
"LT_2023","g_upper_mean_wt",32189.9633534731,2545.87481133252,27200.0487232613,37179.8779836848,"occ"
"LT_2023","g_upper_wt_over_nwx",0.229593849852117,0.0541227057267597,0.123513346627668,0.335674353076566,"occ"
"LT_2023","g_upper_wt_volshare",0.534402547043552,0.0470688191868533,0.44214766143732,0.626657432649784,"occ"
"LT_2023","g_upper_gini_nwx",0.725593594559461,0.0627169556253725,0.60266836153373,0.848518827585191,"occ"
"LT_2023","g_upper_gini_nw",0.577883885882287,0.0668396045788882,0.446878260907667,0.708889510856908,"occ"
"LT_2023","g_upper_cv2_nwx",20.406129932786,7.31809674368446,6.06266031516446,34.7495995504076,"occ"
"LT_2023","g_upper_cv2_nw",13.9659302512757,5.08409788904857,4.00109838874047,23.9307621138109,"occ"
"LT_2023","g_upper_var_nwx",405253404013.465,308137911662.516,-198696902845.066,1009203710872,"occ"
"LT_2023","g_upper_var_nw",418676330505.95,304998106759.565,-179119958742.797,1016472619754.7,"occ"
"LT_2023","g_upper_d_gini",-0.147709708677173,0.0213760978710671,-0.189606860504465,-0.105812556849882,"occ"
"LT_2023","g_upper_r_gini",0.796320554049855,0.035363715263112,0.727007672134155,0.865633435965554,"occ"
"LT_2023","g_upper_d_cv2",-6.44019968151034,2.43874794201337,-11.2201456478565,-1.66025371516414,"occ"
"LT_2023","g_upper_d_var",13422926492.4849,5561961943.34321,2521481083.53216,24324371901.4375,"occ"
"LT_2023","did_gini",-0.531158619956299,27.129072356889,-53.7041404394587,52.6418231995461,"occ"
"LT_2023","did_cv2",-6.32072262548921,179191.485240566,-351221.631794135,351208.990348884,"occ"
"LT_2023","did_var",-23388286726.3465,8237030920.18637,-39532867329.9118,-7243706122.7812,"occ"
"LT_2023","rratio_gini",0.604674577973508,0.299566049501355,0.0175251209508528,1.19182403499616,"occ"
"LU_2023","g_lower_wshare",0.0456859527489152,0.0107657877297096,0.0245850087986844,0.0667868966991459,"occ"
"LU_2023","g_lower_mean_nwx",243038.282337909,272452.796782,-290969.19935481,777045.764030628,"occ"
"LU_2023","g_lower_mean_nw",479972.8599513,140805.675744218,203993.735492633,755951.984409967,"occ"
"LU_2023","g_lower_mean_wt",236934.577613391,287671.486560411,-326901.536045014,800770.691271796,"occ"
"LU_2023","g_lower_wt_over_nwx",1.07801093008093,900.8792032806,-1764.64522749989,1766.80124936006,"occ"
"LU_2023","g_lower_wt_volshare",0.0474900255609066,0.0527023311323352,-0.0558065434584704,0.150786594580284,"occ"
"LU_2023","g_lower_gini_nwx",1.74736408776599,974.719113698442,-1908.70209876118,1912.19682693671,"occ"
"LU_2023","g_lower_gini_nw",0.624361851259966,0.0992971334519982,0.429739469694049,0.818984232825883,"occ"
"LU_2023","g_lower_cv2_nwx",41.342096327702,457911902.589101,-897507287.732541,897507370.416733,"occ"
"LU_2023","g_lower_cv2_nw",1.53587459081355,0.711228195095263,0.141867328426837,2.92988185320027,"occ"
"LU_2023","g_lower_var_nwx",1394269828108.36,2401960226889.79,-3313572216595.63,6102111872812.34,"occ"
"LU_2023","g_lower_var_nw",353816500523.258,177839050433.5,5251961673.59766,702381039372.918,"occ"
"LU_2023","g_lower_d_gini",-1.12300223650602,974.719926730239,-1911.57405862778,1909.32805415476,"occ"
"LU_2023","g_lower_r_gini",0.410735652501183,0.46166132392343,-0.49412054238874,1.31559184739111,"occ"
"LU_2023","g_lower_d_cv2",-39.8062217368885,457911902.591592,-897507368.885743,897507289.273299,"occ"
"LU_2023","g_lower_d_var",-1040453327585.1,2394416846839.74,-5733510347390.99,3652603692220.79,"occ"
"LU_2023","g_middle_wshare",0.219103927237194,0.0184117468357909,0.183016903439044,0.255190951035344,"occ"
"LU_2023","g_middle_mean_nwx",346729.969733057,160208.443973488,32721.4195450206,660738.519921094,"occ"
"LU_2023","g_middle_mean_nw",625991.431946444,86136.2647670292,457164.353003066,794818.510889821,"occ"
"LU_2023","g_middle_mean_wt",279261.462213386,144956.001845421,-4852.30140363809,563375.225830411,"occ"
"LU_2023","g_middle_wt_over_nwx",0.812350513827641,29.0765626647742,-56.1777123091298,57.8024133367851,"occ"
"LU_2023","g_middle_wt_volshare",0.268434178440114,0.101101677875993,0.0702748898031682,0.46659346707706,"occ"
"LU_2023","g_middle_gini_nwx",1.52580957557335,33.3010734592602,-63.7442944045766,66.7959135557233,"occ"
"LU_2023","g_middle_gini_nw",0.617305630512146,0.0379100356392404,0.543001960659235,0.691609300365058,"occ"
"LU_2023","g_middle_cv2_nwx",30.8029550781447,1284090.15467456,-2516785.90020705,2516847.50611721,"occ"
"LU_2023","g_middle_cv2_nw",2.15614557436138,0.541013643451755,1.09575883319594,3.21653231552682,"occ"
"LU_2023","g_middle_var_nwx",3642278611128.44,3296729117228.45,-2819310458639.32,10103867680896.2,"occ"
"LU_2023","g_middle_var_nw",845732430045.65,354912297343.646,150104327252.104,1541360532839.2,"occ"
"LU_2023","g_middle_d_gini",-0.908503945061207,33.3017042722472,-66.1798443186658,64.3628364285434,"occ"
"LU_2023","g_middle_r_gini",0.407262857961214,0.22110534687255,-0.026103621908984,0.840629337831413,"occ"
"LU_2023","g_middle_d_cv2",-28.6468095037833,1284090.15627433,-2516845.35310718,2516788.05948817,"occ"
"LU_2023","g_middle_d_var",-2796546181082.79,3288790696439.25,-9242575946103.73,3649483583938.14,"occ"
"LU_2023","g_upper_wshare",0.735210120013891,0.0189837010676215,0.698002065921353,0.772418174106429,"occ"
"LU_2023","g_upper_mean_nwx",925320.31418562,127422.428805903,675572.35372605,1175068.27464519,"occ"
"LU_2023","g_upper_mean_nw",1137769.58615075,127090.644039939,888671.923832466,1386867.24846903,"occ"
"LU_2023","g_upper_mean_wt",212449.271965127,44581.5814504097,125069.372322324,299829.17160793,"occ"
"LU_2023","g_upper_wt_over_nwx",0.229887629337936,0.0642561149336375,0.103945644068007,0.355829614607866,"occ"
"LU_2023","g_upper_wt_volshare",0.684075795998979,0.105624880737049,0.477051029754362,0.891100562243596,"occ"
"LU_2023","g_upper_gini_nwx",0.793639953914796,0.060754177805986,0.674561765415064,0.912718142414529,"occ"
"LU_2023","g_upper_gini_nw",0.658364148764546,0.0266354873078249,0.606158593641209,0.710569703887882,"occ"
"LU_2023","g_upper_cv2_nwx",8.33551614450221,3.90859997842625,0.674660186786749,15.9963721022177,"occ"
"LU_2023","g_upper_cv2_nw",5.66260592807986,2.63494604793062,0.498111674135844,10.8271001820239,"occ"
"LU_2023","g_upper_var_nwx",7129367762826.83,5278712592461.53,-3216908918397.77,17475644444051.4,"occ"
"LU_2023","g_upper_var_nw",7330258452645.29,5245509949371.61,-2950941048123.08,17611457953413.6,"occ"
"LU_2023","g_upper_d_gini",-0.13527580515025,0.0590868928622873,-0.251086115160334,-0.0194654951401673,"occ"
"LU_2023","g_upper_r_gini",0.82998123564248,0.0579518894547153,0.716395532311238,0.943566938973722,"occ"
"LU_2023","g_upper_d_cv2",-2.67291021642235,1.55187751816113,-5.71459015201817,0.368769719173471,"occ"
"LU_2023","g_upper_d_var",200890689818.46,324783735836.944,-435685432421.95,837466812058.871,"occ"
"LU_2023","did_gini",-0.987726431355772,974.71963032137,-1911.43820186124,1909.46274899853,"occ"
"LU_2023","did_cv2",-37.1333115204661,457911902.602757,-897507366.234714,897507291.968091,"occ"
"LU_2023","did_var",-1241344017403.56,2439332422594.83,-6022435565689.42,3539747530882.3,"occ"
"LU_2023","rratio_gini",0.496009595773839,0.561677544564789,-0.604878391573146,1.59689758312082,"occ"
"LV_2023","g_lower_wshare",0.144325345581112,0.0152630606870744,0.114409746634446,0.174240944527778,"occ"
"LV_2023","g_lower_mean_nwx",41732.302038917,5900.70483453405,30166.9205632302,53297.6835146037,"occ"
"LV_2023","g_lower_mean_nw",43380.523225717,5817.54153626395,31978.1418146397,54782.9046367944,"occ"
"LV_2023","g_lower_mean_wt",1648.22118680008,948.697046575262,-211.225024487429,3507.6673980876,"occ"
"LV_2023","g_lower_wt_over_nwx",0.0395220831994916,0.0261867015792844,-0.0118038518959058,0.090848018294889,"occ"
"LV_2023","g_lower_wt_volshare",0.029716909291584,0.0193266045742507,-0.00816323567394748,0.0675970542571154,"occ"
"LV_2023","g_lower_gini_nwx",0.613698077684894,0.0529212195155535,0.509972487434409,0.717423667935379,"occ"
"LV_2023","g_lower_gini_nw",0.597273202649095,0.0519695973761643,0.495412791791813,0.699133613506378,"occ"
"LV_2023","g_lower_cv2_nwx",1.91604716780593,0.66160583939443,0.619299722592851,3.21279461301902,"occ"
"LV_2023","g_lower_cv2_nw",1.81949571388417,0.640349288204769,0.564411109002817,3.07458031876551,"occ"
"LV_2023","g_lower_var_nwx",3341219214.878,1400819111.43748,595613756.460543,6086824673.29546,"occ"
"LV_2023","g_lower_var_nw",3428882143.65882,1459722516.06843,567826012.164686,6289938275.15295,"occ"
"LV_2023","g_lower_d_gini",-0.0164248750357987,0.0128527051725202,-0.0416161771739383,0.00876642710234085,"occ"
"LV_2023","g_lower_r_gini",0.973275326743792,0.0205776244129327,0.932943182894444,1.01360747059314,"occ"
"LV_2023","g_lower_d_cv2",-0.0965514539217683,0.0997332793332147,-0.292028681414869,0.0989257735713326,"occ"
"LV_2023","g_lower_d_var",87662928.7808148,91269847.6955174,-91225972.7023992,266551830.264029,"occ"
"LV_2023","g_middle_wshare",0.45111527256514,0.0215905626138355,0.408797769842023,0.493432775288258,"occ"
"LV_2023","g_middle_mean_nwx",91094.003958631,40186.6986550005,12328.07459483,169859.933322432,"occ"
"LV_2023","g_middle_mean_nw",96206.0534471584,40360.0148215456,17100.424396929,175311.682497388,"occ"
"LV_2023","g_middle_mean_wt",5112.04948852744,1686.92360208575,1805.67922843938,8418.41974861551,"occ"
"LV_2023","g_middle_wt_over_nwx",0.0561302821373062,0.0365123294374933,-0.0154338835601807,0.127694447834793,"occ"
"LV_2023","g_middle_wt_volshare",0.28808995785637,0.0875650925550774,0.116462376448418,0.459717539264322,"occ"
"LV_2023","g_middle_gini_nwx",0.821961227322228,0.0826343869808612,0.65999782883974,0.983924625804716,"occ"
"LV_2023","g_middle_gini_nw",0.757329033991584,0.0918988994146032,0.577207191138962,0.937450876844206,"occ"
"LV_2023","g_middle_cv2_nwx",12.6353200743806,5.44149354760026,1.96999272108408,23.3006474276771,"occ"
"LV_2023","g_middle_cv2_nw",11.2080537791677,4.88433387968024,1.63475937499438,20.7813481833409,"occ"
"LV_2023","g_middle_var_nwx",104783186328.696,77270080970.3983,-46666172373.2845,256232545030.677,"occ"
"LV_2023","g_middle_var_nw",103678668997.456,76855128073.9106,-46957382027.4084,254314720022.321,"occ"
"LV_2023","g_middle_d_gini",-0.064632193330644,0.0444552412367054,-0.151764466154587,0.0225000794932986,"occ"
"LV_2023","g_middle_r_gini",0.921377736716431,0.0562072604196893,0.81121150629384,1.03154396713902,"occ"
"LV_2023","g_middle_d_cv2",-1.42726629521294,0.923300363617711,-3.23693500790365,0.382402417477777,"occ"
"LV_2023","g_middle_d_var",-1104517331.23971,785381839.633076,-2643865736.92054,434831074.441123,"occ"
"LV_2023","g_upper_wshare",0.404559381853748,0.0195431628182637,0.366254782729951,0.442863980977544,"occ"
"LV_2023","g_upper_mean_nwx",113392.898699882,17111.1738567077,79854.9979407344,146930.799459029,"occ"
"LV_2023","g_upper_mean_nw",126891.212998099,17239.6534297968,93101.4922756968,160680.9337205,"occ"
"LV_2023","g_upper_mean_wt",13498.314298217,3446.36935658237,6743.43035931554,20253.1982371184,"occ"
"LV_2023","g_upper_wt_over_nwx",0.11952704276417,0.036488068448645,0.0480104286048258,0.191043656923514,"occ"
"LV_2023","g_upper_wt_volshare",0.682193132852046,0.0869610065045765,0.511749560103076,0.852636705601016,"occ"
"LV_2023","g_upper_gini_nwx",0.663111767632,0.0420879406678318,0.580619403923049,0.74560413134095,"occ"
"LV_2023","g_upper_gini_nw",0.597507363216704,0.0399677667343487,0.519170540417381,0.675844186016028,"occ"
"LV_2023","g_upper_cv2_nwx",5.36353600492238,1.63896239883642,2.15116970320299,8.57590230664176,"occ"
"LV_2023","g_upper_cv2_nw",4.36656124417244,1.40961758141045,1.60371078460796,7.12941170373692,"occ"
"LV_2023","g_upper_var_nwx",69534857397.3492,35676486377.6175,-391055902.781143,139460770697.48,"occ"
"LV_2023","g_upper_var_nw",70893075472.2014,37368433733.5452,-2349054645.54712,144135205589.95,"occ"
"LV_2023","g_upper_d_gini",-0.0656044044152953,0.022535936735599,-0.109774840417069,-0.0214339684135213,"occ"
"LV_2023","g_upper_r_gini",0.901010668769502,0.0320000883384777,0.838290495626085,0.963730841912918,"occ"
"LV_2023","g_upper_d_cv2",-0.99697476074994,0.416762564237409,-1.81382938665526,-0.180120134844618,"occ"
"LV_2023","g_upper_d_var",1358218074.85223,4061307535.62855,-6601944694.97973,9318380844.6842,"occ"
"LV_2023","did_gini",0.0491795293794966,0.0251923988907734,-0.000197572446419318,0.0985566312054125,"occ"
"LV_2023","did_cv2",0.900423306828172,0.427459957066532,0.0626017909777686,1.73824482267858,"occ"
"LV_2023","did_var",-1270555146.07142,4058928872.28872,-9226055735.75731,6684945443.61447,"occ"
"LV_2023","rratio_gini",1.08023391390404,0.0430079452097661,0.995938341292898,1.16452948651518,"occ"
"MT_2023","g_lower_wshare",0.0954951723539217,0.0123750101497554,0.0712401524604011,0.119750192247442,"occ"
"MT_2023","g_lower_mean_nwx",239360.239804613,64991.5653519566,111976.771714778,366743.707894448,"occ"
"MT_2023","g_lower_mean_nw",299000.81016042,78342.6293138754,145449.256705224,452552.363615615,"occ"
"MT_2023","g_lower_mean_wt",59640.5703558068,13354.2226255943,33466.294009642,85814.8467019716,"occ"
"MT_2023","g_lower_wt_over_nwx",0.249166571710033,0.00939777690230923,0.230746928981507,0.267586214438559,"occ"
"MT_2023","g_lower_wt_volshare",0.0487638189166687,0.0241108909386278,0.0015064726769582,0.0960211651563792,"occ"
"MT_2023","g_lower_gini_nwx",0.756319097715431,0.108158353717864,0.544328724428417,0.968309471002446,"occ"
"MT_2023","g_lower_gini_nw",0.61283311413897,0.0626436081898856,0.490051642086794,0.735614586191145,"occ"
"MT_2023","g_lower_cv2_nwx",2.39758912800309,0.55452546444949,1.31071921768209,3.48445903832409,"occ"
"MT_2023","g_lower_cv2_nw",1.66860894932642,0.307313059010462,1.06627535366591,2.27094254498692,"occ"
"MT_2023","g_lower_var_nwx",137365851686.968,33370698234.9017,71959283146.5604,202772420227.375,"occ"
"MT_2023","g_lower_var_nw",149176117080.7,44671738823.4647,61619508986.7093,236732725174.691,"occ"
"MT_2023","g_lower_d_gini",-0.143485983576462,0.04551896315054,-0.23270315135152,-0.0542688158014033,"occ"
"MT_2023","g_lower_r_gini",0.810283802154565,0.0385736994955154,0.734679351143355,0.885888253165775,"occ"
"MT_2023","g_lower_d_cv2",-0.728980178676669,0.24723335825078,-1.2135575608482,-0.24440279650514,"occ"
"MT_2023","g_lower_d_var",11810265393.7325,11303414922.2514,-10344427853.8802,33964958641.3452,"occ"
"MT_2023","g_middle_wshare",0.4403086259705,0.0171131732485559,0.40676680640333,0.473850445537669,"occ"
"MT_2023","g_middle_mean_nwx",327630.526776358,95095.2630932031,141243.81111368,514017.242439036,"occ"
"MT_2023","g_middle_mean_nw",435199.409405934,74746.3856252983,288696.49358035,581702.325231519,"occ"
"MT_2023","g_middle_mean_wt",107568.882629576,20349.8988965016,67683.0807924328,147454.684466719,"occ"
"MT_2023","g_middle_wt_over_nwx",0.328323748363665,0.121997006379597,0.0892096158596551,0.567437880867674,"occ"
"MT_2023","g_middle_wt_volshare",0.405525675157311,0.0362768359345259,0.33442307672564,0.476628273588981,"occ"
"MT_2023","g_middle_gini_nwx",0.725927092685402,0.133082218954452,0.465085943534675,0.986768241836128,"occ"
"MT_2023","g_middle_gini_nw",0.542851986086797,0.0520704214962567,0.440793959954134,0.64491001221946,"occ"
"MT_2023","g_middle_cv2_nwx",2.38237480706742,0.740530283478363,0.930935451449824,3.83381416268501,"occ"
"MT_2023","g_middle_cv2_nw",1.31661760397367,0.200717118543713,0.923212051627994,1.71002315631935,"occ"
"MT_2023","g_middle_var_nwx",255728309715.501,37684721693.9808,181866255195.299,329590364235.703,"occ"
"MT_2023","g_middle_var_nw",249365433428.845,40840651217.085,169317757043.359,329413109814.332,"occ"
"MT_2023","g_middle_d_gini",-0.183075106598605,0.0810126904240046,-0.341859979829654,-0.0242902333675559,"occ"
"MT_2023","g_middle_r_gini",0.747805105439225,0.0800385358111201,0.590929575249429,0.90468063562902,"occ"
"MT_2023","g_middle_d_cv2",-1.06575720309374,0.539828820751082,-2.12382169176586,-0.00769271442162189,"occ"
"MT_2023","g_middle_d_var",-6362876286.65576,3162194301.13558,-12560777116.8815,-164975456.430026,"occ"
"MT_2023","g_upper_wshare",0.464196201675579,0.0294854198570977,0.406404778755667,0.52198762459549,"occ"
"MT_2023","g_upper_mean_nwx",502743.175167439,9456.28078319704,484208.864832373,521277.485502505,"occ"
"MT_2023","g_upper_mean_nw",640048.135633275,10803.5248075866,618873.227010406,661223.044256145,"occ"
"MT_2023","g_upper_mean_wt",137304.960465836,1376.57968522746,134606.86428279,140003.056648882,"occ"
"MT_2023","g_upper_wt_over_nwx",0.273111535368146,0.00249022050019387,0.268230703187766,0.277992367548526,"occ"
"MT_2023","g_upper_wt_volshare",0.545710505926021,0.012180594264362,0.521836541167871,0.56958447068417,"occ"
"MT_2023","g_upper_gini_nwx",0.618001757985567,0.0474813041345342,0.52493840188188,0.711065114089254,"occ"
"MT_2023","g_upper_gini_nw",0.456833132033016,0.0403803640715403,0.377687618452797,0.535978645613235,"occ"
"MT_2023","g_upper_cv2_nwx",1.73369947859718,0.213497718897788,1.31524394955751,2.15215500763684,"occ"
"MT_2023","g_upper_cv2_nw",0.94158417583815,0.12269604555729,0.70109992654586,1.18206842513044,"occ"
"MT_2023","g_upper_var_nwx",438193757112.697,39398361613.3329,360972968350.565,515414545874.829,"occ"
"MT_2023","g_upper_var_nw",385730895005.744,38861510521.6124,309562334383.383,461899455628.104,"occ"
"MT_2023","g_upper_d_gini",-0.161168625952552,0.00711657244029391,-0.175117107935528,-0.147220143969576,"occ"
"MT_2023","g_upper_r_gini",0.739210084971448,0.00928388802981885,0.721013664433004,0.757406505509893,"occ"
"MT_2023","g_upper_d_cv2",-0.792115302759029,0.0908284820822251,-0.970139127640191,-0.614091477877868,"occ"
"MT_2023","g_upper_d_var",-52462862106.9532,710564092.690704,-53855567728.627,-51070156485.2794,"occ"
"MT_2023","did_gini",0.0176826423760898,0.0384245740502353,-0.0576295227623714,0.092994807514551,"occ"
"MT_2023","did_cv2",0.0631351240823601,0.156508264989297,-0.243621075296662,0.369891323461382,"occ"
"MT_2023","did_var",64273127500.6857,10778968347.2272,43146349540.1203,85399905461.2511,"occ"
"MT_2023","rratio_gini",1.09614819741787,0.0667574890603315,0.965303518859622,1.22699287597612,"occ"
"NL_2023","g_lower_wshare",0.0763146196326078,0.00688953690192183,0.062811127304841,0.0898181119603746,"occ"
"NL_2023","g_lower_mean_nwx",127713.753655995,27635.3597539239,73548.4485383046,181879.058773686,"occ"
"NL_2023","g_lower_mean_nw",140708.174960568,26449.7160514069,88866.7314998104,192549.618421325,"occ"
"NL_2023","g_lower_mean_wt",12994.4213045726,7985.88984278069,-2657.92278727758,28646.7653964227,"occ"
"NL_2023","g_lower_wt_over_nwx",0.103285044489682,0.0799063276710981,-0.0533313577456701,0.259901446725034,"occ"
"NL_2023","g_lower_wt_volshare",0.0392486729690059,0.0195546536811571,0.000921551753938009,0.0775757941840738,"occ"
"NL_2023","g_lower_gini_nwx",0.876079984653623,0.0875982572839292,0.704387400377121,1.04777256893012,"occ"
"NL_2023","g_lower_gini_nw",0.768056769702111,0.0377674201415785,0.694032626224617,0.842080913179605,"occ"
"NL_2023","g_lower_cv2_nwx",6.28564849667238,2.2117023716342,1.95071184826936,10.6205851450754,"occ"
"NL_2023","g_lower_cv2_nw",5.02310662763413,1.6338801309176,1.82070157103564,8.22551168423263,"occ"
"NL_2023","g_lower_var_nwx",101826167146.888,50966925535.1134,1930993098.06566,201721341195.71,"occ"
"NL_2023","g_lower_var_nw",99245123680.5703,50507698093.1914,250035417.915054,198240211943.225,"occ"
"NL_2023","g_lower_d_gini",-0.108023214951512,0.0805726543614667,-0.265945617499987,0.0498991875969626,"occ"
"NL_2023","g_lower_r_gini",0.877571920489521,0.0748167947410453,0.730931002797072,1.02421283818197,"occ"
"NL_2023","g_lower_d_cv2",-1.26254186903825,1.10160916261157,-3.42169582775694,0.896612089680433,"occ"
"NL_2023","g_lower_d_var",-2581043466.31774,2455621552.91706,-7394061710.03516,2231974777.39969,"occ"
"NL_2023","g_middle_wshare",0.319923480640077,0.011958021002603,0.296485759474975,0.343361201805179,"occ"
"NL_2023","g_middle_mean_nwx",207831.210948527,17784.2064303145,172974.16634511,242688.255551943,"occ"
"NL_2023","g_middle_mean_nw",232502.902211171,17371.3558967051,198455.044653629,266550.759768713,"occ"
"NL_2023","g_middle_mean_wt",24671.6912626445,9437.57057944661,6174.05292692913,43169.3295983599,"occ"
"NL_2023","g_middle_wt_over_nwx",0.119203107699221,0.05143486905747,0.0183907643465794,0.220015451051862,"occ"
"NL_2023","g_middle_wt_volshare",0.314866506834181,0.0647314040666396,0.187992954863567,0.441740058804794,"occ"
"NL_2023","g_middle_gini_nwx",0.712493598323361,0.0609468112330598,0.593037848306564,0.831949348340158,"occ"
"NL_2023","g_middle_gini_nw",0.641928627446222,0.0226028646224176,0.597627012786284,0.686230242106161,"occ"
"NL_2023","g_middle_cv2_nwx",4.02302036577462,1.62929309858866,0.82960589254086,7.21643483900839,"occ"
"NL_2023","g_middle_cv2_nw",3.03918691124529,1.18409286944926,0.718364887124735,5.36000893536584,"occ"
"NL_2023","g_middle_var_nwx",173246836621.399,88485018893.9177,-183800410.679596,346677473653.478,"occ"
"NL_2023","g_middle_var_nw",164303820473.937,85306516515.9818,-2896951897.38785,331504592845.261,"occ"
"NL_2023","g_middle_d_gini",-0.0705649708771386,0.0556625082777822,-0.179663487101592,0.0385335453473146,"occ"
"NL_2023","g_middle_r_gini",0.903000902561058,0.0644003089402343,0.776776297038199,1.02922550808392,"occ"
"NL_2023","g_middle_d_cv2",-0.983833454529339,0.831902203805699,-2.61436177398851,0.646694864929831,"occ"
"NL_2023","g_middle_d_var",-8943016147.46261,18008577865.137,-44239828763.1311,26353796468.2059,"occ"
"NL_2023","g_upper_wshare",0.603761899727315,0.0120361797024282,0.580170987510556,0.627352811944074,"occ"
"NL_2023","g_upper_mean_nwx",301289.297464979,14032.9779458763,273784.660691062,328793.934238897,"occ"
"NL_2023","g_upper_mean_nw",327731.174523037,14713.5352720521,298892.645389815,356569.703656259,"occ"
"NL_2023","g_upper_mean_wt",26441.8770580574,5400.42961983125,15857.0350031881,37026.7191129266,"occ"
"NL_2023","g_upper_wt_over_nwx",0.0878038112114011,0.0187801612971444,0.050994695068998,0.124612927353804,"occ"
"NL_2023","g_upper_wt_volshare",0.645884820196813,0.0670417740074944,0.514482943142124,0.777286697251502,"occ"
"NL_2023","g_upper_gini_nwx",0.625782333162929,0.0220309558045062,0.582601659786097,0.668963006539761,"occ"
"NL_2023","g_upper_gini_nw",0.595168268106201,0.0155112868829944,0.564766145815532,0.62557039039687,"occ"
"NL_2023","g_upper_cv2_nwx",2.73705245394188,0.474753239107938,1.80653610529032,3.66756880259344,"occ"
"NL_2023","g_upper_cv2_nw",2.60265787137065,0.394352261278806,1.8297274392642,3.37558830347711,"occ"
"NL_2023","g_upper_var_nwx",248366247874.065,55533125089.739,139521322698.176,357211173049.953,"occ"
"NL_2023","g_upper_var_nw",279689670050.47,59564701347.7072,162942855408.964,396436484691.976,"occ"
"NL_2023","g_upper_d_gini",-0.0306140650567284,0.0168450460131613,-0.0636303552425245,0.00240222512906773,"occ"
"NL_2023","g_upper_r_gini",0.951334095387492,0.0251949934647309,0.90195190819662,1.00071628257836,"occ"
"NL_2023","g_upper_d_cv2",-0.134394582571223,0.197533340809498,-0.521559930557839,0.252770765415393,"occ"
"NL_2023","g_upper_d_var",31323422176.405,16625300213.1242,-1262166241.3184,63909010594.1284,"occ"
"NL_2023","did_gini",-0.0774091498947837,0.0766161580302629,-0.227576819634099,0.0727585198445316,"occ"
"NL_2023","did_cv2",-1.12814728646703,1.0487713828781,-3.1837391969081,0.927444623974038,"occ"
"NL_2023","did_var",-33904465642.7227,16639928184.5017,-66518724884.346,-1290206401.09942,"occ"
"NL_2023","rratio_gini",0.92226261680272,0.0747012735720984,0.775848120601407,1.06867711300403,"occ"
"PT_2023","g_lower_wshare",0.0976294751940389,0.00396391265630725,0.0898602063876767,0.105398744000401,"occ"
"PT_2023","g_lower_mean_nwx",66959.6289306694,8030.70432792287,51219.4484479406,82699.8094133983,"occ"
"PT_2023","g_lower_mean_nw",99782.2364201946,6260.35315810711,87511.9442303046,112052.528610084,"occ"
"PT_2023","g_lower_mean_wt",32822.6074895251,5802.79797632489,21449.1234559283,44196.0915231219,"occ"
"PT_2023","g_lower_wt_over_nwx",0.491501072510034,0.132070126372164,0.232643624820593,0.750358520199475,"occ"
"PT_2023","g_lower_wt_volshare",0.0470373458733344,0.00868641237734807,0.0300119776137322,0.0640627141329366,"occ"
"PT_2023","g_lower_gini_nwx",1.08783069028665,0.163715125331728,0.766949044636458,1.40871233593683,"occ"
"PT_2023","g_lower_gini_nw",0.62950994935115,0.0232645933080367,0.583911346467398,0.675108552234902,"occ"
"PT_2023","g_lower_cv2_nwx",6.40832969996175,2.87048180490783,0.782185362342404,12.0344740375811,"occ"
"PT_2023","g_lower_cv2_nw",1.8258929662643,0.613834951708394,0.622776460915843,3.02900947161275,"occ"
"PT_2023","g_lower_var_nwx",28771380115.1511,10978270022.0509,7253970871.93142,50288789358.3708,"occ"
"PT_2023","g_lower_var_nw",18359208930.437,7951394099.66376,2774476495.09599,33943941365.7779,"occ"
"PT_2023","g_lower_d_gini",-0.458320740935496,0.161221661738582,-0.774315197943117,-0.142326283927874,"occ"
"PT_2023","g_lower_r_gini",0.580108967485555,0.0868228860066844,0.409936110912453,0.750281824058656,"occ"
"PT_2023","g_lower_d_cv2",-4.58243673369746,2.62720413800483,-9.73175684418693,0.566883376792011,"occ"
"PT_2023","g_lower_d_var",-10412171184.7142,6292946847.42857,-22746347005.6741,1922004636.24584,"occ"
"PT_2023","g_middle_wshare",0.506281472454345,0.00676676985383565,0.493018603540827,0.519544341367863,"occ"
"PT_2023","g_middle_mean_nwx",140828.949974606,8032.49180402448,125085.266038718,156572.633910494,"occ"
"PT_2023","g_middle_mean_nw",182247.425230893,9783.70012695796,163071.372982055,201423.47747973,"occ"
"PT_2023","g_middle_mean_wt",41418.4752562867,5097.22096639103,31427.9221621603,51409.0283504132,"occ"
"PT_2023","g_middle_wt_over_nwx",0.294137655896205,0.0387283489247882,0.218230092003621,0.37004521978879,"occ"
"PT_2023","g_middle_wt_volshare",0.308177124633018,0.0339314523178429,0.241671478090046,0.37468277117599,"occ"
"PT_2023","g_middle_gini_nwx",0.82552651604498,0.046439185595367,0.734505712278061,0.916547319811899,"occ"
"PT_2023","g_middle_gini_nw",0.594971365021628,0.00994433862583953,0.575480461314982,0.614462268728273,"occ"
"PT_2023","g_middle_cv2_nwx",4.80312856578477,1.71959810031558,1.43271628916623,8.17354084240331,"occ"
"PT_2023","g_middle_cv2_nw",2.31332187051488,0.453988214006562,1.42350497106202,3.20313876996774,"occ"
"PT_2023","g_middle_var_nwx",95351280666.3781,35207769730.8708,26344051993.8712,164358509338.885,"occ"
"PT_2023","g_middle_var_nw",77034012213.9243,19965580784.2755,37901473876.7443,116166550551.104,"occ"
"PT_2023","g_middle_d_gini",-0.230555151023352,0.045052319082071,-0.318857696424211,-0.142252605622493,"occ"
"PT_2023","g_middle_r_gini",0.721061763340667,0.0373405238096377,0.647874336673777,0.794249190007556,"occ"
"PT_2023","g_middle_d_cv2",-2.48980669526989,1.48687845961659,-5.4040884761184,0.42447508557862,"occ"
"PT_2023","g_middle_d_var",-18317268452.4537,23308127143.1004,-64001197652.9305,27366660748.0231,"occ"
"PT_2023","g_upper_wshare",0.396089052351617,0.00683769846242592,0.382687163365262,0.409490941337971,"occ"
"PT_2023","g_upper_mean_nwx",384773.677777718,32675.4747434517,320729.747280553,448817.608274884,"occ"
"PT_2023","g_upper_mean_nw",495733.601151595,36805.7558738872,423594.319638776,567872.882664413,"occ"
"PT_2023","g_upper_mean_wt",110959.923373876,15298.3932849535,80975.0725353674,140944.774212385,"occ"
"PT_2023","g_upper_wt_over_nwx",0.288623372911194,0.0443190595456493,0.201758016201722,0.375488729620667,"occ"
"PT_2023","g_upper_wt_volshare",0.644785529493648,0.0352715125867646,0.575653364823589,0.713917694163706,"occ"
"PT_2023","g_upper_gini_nwx",0.804043169141024,0.057028266257686,0.69226776727596,0.915818571006089,"occ"
"PT_2023","g_upper_gini_nw",0.603280382556612,0.0126352329007359,0.578515326071169,0.628045439042054,"occ"
"PT_2023","g_upper_cv2_nwx",6.98497448789473,1.96491282674034,3.13374534748367,10.8362036283058,"occ"
"PT_2023","g_upper_cv2_nw",3.71720134445864,0.711335837056182,2.32298310382853,5.11141958508876,"occ"
"PT_2023","g_upper_var_nwx",1032644455289.88,354039896752.4,338726257655.175,1726562652924.58,"occ"
"PT_2023","g_upper_var_nw",913440001776.527,286107689170.414,352668931002.515,1474211072550.54,"occ"
"PT_2023","g_upper_d_gini",-0.200762786584412,0.0575141977952021,-0.313490614263009,-0.0880349589058163,"occ"
"PT_2023","g_upper_r_gini",0.751477798012749,0.052785122368901,0.648018958169704,0.854936637855795,"occ"
"PT_2023","g_upper_d_cv2",-3.26777314343609,1.83351197289462,-6.86145661030954,0.325910323437366,"occ"
"PT_2023","g_upper_d_var",-119204453513.353,227824219803.336,-565739924327.892,327331017301.186,"occ"
"PT_2023","did_gini",-0.257557954351083,0.160966563993232,-0.573052419777818,0.0579365110756512,"occ"
"PT_2023","did_cv2",-1.31466359026137,3.12705425564434,-7.44368993132428,4.81436275080154,"occ"
"PT_2023","did_var",108792282328.639,227214657737.875,-336548446837.597,554133011494.874,"occ"
"PT_2023","rratio_gini",0.772240815141654,0.121993035955342,0.533134464669184,1.01134716561412,"occ"
"SI_2023","g_lower_wshare",0.118759290284206,0.00783903008447102,0.103394791318643,0.134123789249769,"occ"
"SI_2023","g_lower_mean_nwx",1725.40069550112,23006.5654536012,-43367.4675935572,46818.2689845595,"occ"
"SI_2023","g_lower_mean_nw",114799.29522776,7626.36780057249,99851.6143386383,129746.976116882,"occ"
"SI_2023","g_lower_mean_wt",113073.894532259,23314.0199523248,67378.4154257026,158769.373638816,"occ"
"SI_2023","g_lower_wt_over_nwx",21.4793392781214,294.247998689385,-555.246738153072,598.205416709315,"occ"
"SI_2023","g_lower_wt_volshare",0.0775601206409475,0.0139651362105974,0.0501884536681766,0.104931787613718,"occ"
"SI_2023","g_lower_gini_nwx",23.5927370072128,309.761169633417,-583.539155474284,630.724629488709,"occ"
"SI_2023","g_lower_gini_nw",0.513296424501201,0.0267071462106192,0.460950417928388,0.565642431074015,"occ"
"SI_2023","g_lower_cv2_nwx",3738.74433699957,72893417.6198534,-142867359.790576,142874837.27925,"occ"
"SI_2023","g_lower_cv2_nw",1.10351361699233,0.212355995519204,0.687295865774694,1.51973136820997,"occ"
"SI_2023","g_lower_var_nwx",88836180143.356,29537287805.6423,30943096044.297,146729264242.415,"occ"
"SI_2023","g_lower_var_nw",14536501255.2918,3368022860.06602,7935176449.56237,21137826061.0211,"occ"
"SI_2023","g_lower_d_gini",-23.0787511248973,309.760924890739,-630.210163910745,584.05266166095,"occ"
"SI_2023","g_lower_r_gini",0.0302027537922705,0.0569789727543365,-0.0814760328062289,0.14188154039077,"occ"
"SI_2023","g_lower_d_cv2",-3737.64082338258,72893417.6199483,-142874836.175922,142867360.894275,"occ"
"SI_2023","g_lower_d_var",-74299678888.0643,29831089206.3095,-132768613732.431,-15830744043.6976,"occ"
"SI_2023","g_middle_wshare",0.519870315574722,0.0131758760966268,0.494045598425334,0.545695032724111,"occ"
"SI_2023","g_middle_mean_nwx",12037.0144685195,22332.7276082348,-31735.1316436206,55809.1605806597,"occ"
"SI_2023","g_middle_mean_nw",197781.737915622,12240.2562138766,173790.835736424,221772.640094821,"occ"
"SI_2023","g_middle_mean_wt",185744.723447103,19739.8626804641,147054.592593393,224434.854300813,"occ"
"SI_2023","g_middle_wt_over_nwx",80.2205347324781,562.360760640153,-1022.00655612222,1182.44762558718,"occ"
"SI_2023","g_middle_wt_volshare",0.558209305206858,0.0307053604910069,0.498026798644484,0.618391811769231,"occ"
"SI_2023","g_middle_gini_nwx",80.4872696968048,579.69680614487,-1055.71847034714,1216.69300974075,"occ"
"SI_2023","g_middle_gini_nw",0.545204950396658,0.0270096608985505,0.492266015035499,0.598143885757817,"occ"
"SI_2023","g_middle_cv2_nwx",109900.027401952,112255000.458241,-219909900.870751,220129700.925555,"occ"
"SI_2023","g_middle_cv2_nw",2.21089099525861,1.13999381003148,-0.0234968724030917,4.44527886292031,"occ"
"SI_2023","g_middle_var_nwx",236972763406.916,67115154239.2797,105427061097.928,368518465715.905,"occ"
"SI_2023","g_middle_var_nw",89015988500.877,60374838729.1456,-29318695408.2484,207350672410.002,"occ"
"SI_2023","g_middle_d_gini",-79.9388569294656,579.697657735951,-1216.14626609193,1056.268552233,"occ"
"SI_2023","g_middle_r_gini",0.0460423433133293,0.0577532287832534,-0.0671539851018473,0.159238671728506,"occ"
"SI_2023","g_middle_d_cv2",-109897.816510957,112255000.461365,-220129698.720786,219909903.087764,"occ"
"SI_2023","g_middle_d_var",-147956774906.039,32107871794.7942,-210888203623.836,-85025346188.2427,"occ"
"SI_2023","g_upper_wshare",0.361370394141072,0.012071420461917,0.337710410035715,0.385030378246429,"occ"
"SI_2023","g_upper_mean_nwx",161722.553875884,30828.7881344294,101298.129132403,222146.978619366,"occ"
"SI_2023","g_upper_mean_nw",336433.11956224,28933.9803589081,279722.51805878,393143.7210657,"occ"
"SI_2023","g_upper_mean_wt",174710.565686356,25185.0363214684,125347.894496278,224073.236876434,"occ"
"SI_2023","g_upper_wt_over_nwx",1.08923468061079,0.366536536606453,0.370823068862141,1.80764629235944,"occ"
"SI_2023","g_upper_wt_volshare",0.364230574152195,0.0303378815728236,0.304768326269461,0.423692822034929,"occ"
"SI_2023","g_upper_gini_nwx",1.58850240035137,0.384229116482197,0.835413332046265,2.34159146865648,"occ"
"SI_2023","g_upper_gini_nw",0.534790581087923,0.0288463483623163,0.478251738297783,0.591329423878063,"occ"
"SI_2023","g_upper_cv2_nwx",21.8627151884959,14.1734916605042,-5.91732846609221,49.6427588430841,"occ"
"SI_2023","g_upper_cv2_nw",3.65992664192568,0.776316672380539,2.13834596405983,5.18150731979154,"occ"
"SI_2023","g_upper_var_nwx",561637737449.494,196608849011.748,176284393386.468,946991081512.521,"occ"
"SI_2023","g_upper_var_nw",414836429643.348,182630227053.658,56881184618.1796,772791674668.517,"occ"
"SI_2023","g_upper_d_gini",-1.05371181926345,0.384280440837934,-1.8069014833058,-0.300522155221097,"occ"
"SI_2023","g_upper_r_gini",0.339789224671434,0.0661599501929391,0.210115722293273,0.469462727049594,"occ"
"SI_2023","g_upper_d_cv2",-18.2027885465703,14.1458948275033,-45.9287424084767,9.52316531533615,"occ"
"SI_2023","g_upper_d_var",-146801307806.146,71090503459.9528,-286138694587.653,-7463921024.6384,"occ"
"SI_2023","did_gini",-22.0809105483426,309.767376295417,-629.22496808736,585.063146990674,"occ"
"SI_2023","did_cv2",-3719.43803483601,72893417.5684888,-142874817.872273,142867378.996203,"occ"
"SI_2023","did_var",72501628918.0816,71885707690.3007,-68394358154.9077,213397615991.071,"occ"
"SI_2023","rratio_gini",0.0889852369329199,0.17487125570456,-0.253762424248018,0.431732898113858,"occ"
"SK_2023","g_lower_wshare",0.0680258881691203,0.00729912118207456,0.0537196106522542,0.0823321656859865,"occ"
"SK_2023","g_lower_mean_nwx",53064.687256037,13953.8355201487,25715.1696365455,80414.2048755286,"occ"
"SK_2023","g_lower_mean_nw",93032.779557891,10558.3785442428,72338.3576111752,113727.201504607,"occ"
"SK_2023","g_lower_mean_wt",39968.092301854,13620.568474259,13271.7780923064,66664.4065114016,"occ"
"SK_2023","g_lower_wt_over_nwx",0.75435684896465,1.45431090448551,-2.09609252382695,3.60480622175625,"occ"
"SK_2023","g_lower_wt_volshare",0.0548350360955267,0.0189596460114143,0.0176741299131546,0.0919959422778988,"occ"
"SK_2023","g_lower_gini_nwx",1.0949174637662,1.28247161619873,-1.41872690398331,3.60856183151571,"occ"
"SK_2023","g_lower_gini_nw",0.490613562831159,0.0380889125301531,0.415959294272059,0.565267831390259,"occ"
"SK_2023","g_lower_cv2_nwx",5.83083979590793,402.911569654715,-783.875836727333,795.537516319149,"occ"
"SK_2023","g_lower_cv2_nw",0.940160687724985,0.215095867197864,0.518572788017171,1.3617485874328,"occ"
"SK_2023","g_lower_var_nwx",16409505092.1919,8156764287.68871,422247088.322048,32396763096.0618,"occ"
"SK_2023","g_lower_var_nw",8158181338.27155,2690075726.34333,2885632914.63862,13430729761.9045,"occ"
"SK_2023","g_lower_d_gini",-0.604303900935041,1.28046773125411,-3.1140206541931,1.90541285232302,"occ"
"SK_2023","g_lower_r_gini",0.448179296267273,0.152487875269635,0.149303060738789,0.747055531795758,"occ"
"SK_2023","g_lower_d_cv2",-4.89067910818294,402.90194407216,-794.578489489616,784.79713127325,"occ"
"SK_2023","g_lower_d_var",-8251323753.92036,8074640663.74844,-24077619454.8673,7574971947.02658,"occ"
"SK_2023","g_middle_wshare",0.52883112163561,0.0153148595097305,0.498813996996539,0.558848246274682,"occ"
"SK_2023","g_middle_mean_nwx",86376.2730590539,5565.04425717077,75468.7863149992,97283.7598031086,"occ"
"SK_2023","g_middle_mean_nw",131661.136418686,4088.87185393436,123646.947584975,139675.325252397,"occ"
"SK_2023","g_middle_mean_wt",45284.8633596322,4172.08905677285,37107.5688083574,53462.157910907,"occ"
"SK_2023","g_middle_wt_over_nwx",0.524476851631534,0.0766139817617633,0.374313447378478,0.67464025588459,"occ"
"SK_2023","g_middle_wt_volshare",0.48292587865837,0.0376153828896471,0.409199728194662,0.556652029122079,"occ"
"SK_2023","g_middle_gini_nwx",0.761813014287222,0.0648579806528687,0.634691372207599,0.888934656366845,"occ"
"SK_2023","g_middle_gini_nw",0.395572452398912,0.0128847057235492,0.370318429180756,0.420826475617069,"occ"
"SK_2023","g_middle_cv2_nwx",2.47566132995319,0.483629978370281,1.52774657234744,3.42357608755894,"occ"
"SK_2023","g_middle_cv2_nw",0.679875888173827,0.0981326447642505,0.487535904435896,0.872215871911758,"occ"
"SK_2023","g_middle_var_nwx",18472749495.595,2814673483.63593,12955989467.6686,23989509523.5214,"occ"
"SK_2023","g_middle_var_nw",11793881542.2505,2099269678.59931,7679312972.19582,15908450112.3051,"occ"
"SK_2023","g_middle_d_gini",-0.366240561888309,0.0648903445150124,-0.493425637137734,-0.239055486638885,"occ"
"SK_2023","g_middle_r_gini",0.519390268813204,0.0449529299380434,0.431282526134639,0.607498011491769,"occ"
"SK_2023","g_middle_d_cv2",-1.79578544177936,0.461771669479604,-2.70085791395939,-0.890712969599339,"occ"
"SK_2023","g_middle_d_var",-6678867953.34452,1722090308.9892,-10054164958.9634,-3303570947.72568,"occ"
"SK_2023","g_upper_wshare",0.403142990195269,0.0149896404103032,0.373763294991075,0.432522685399463,"occ"
"SK_2023","g_upper_mean_nwx",175814.017017722,12679.0783318089,150963.023487376,200665.010548067,"occ"
"SK_2023","g_upper_mean_nw",232667.937161997,12584.681153708,208001.962100729,257333.912223264,"occ"
"SK_2023","g_upper_mean_wt",56853.9201442753,6233.88103309395,44635.5133194111,69072.3269691394,"occ"
"SK_2023","g_upper_wt_over_nwx",0.323466580920275,0.0476989753763276,0.229976589182672,0.416956572657877,"occ"
"SK_2023","g_upper_wt_volshare",0.462239085246103,0.0386360190594162,0.386512487889647,0.537965682602559,"occ"
"SK_2023","g_upper_gini_nwx",0.717063416973342,0.0379437606538895,0.642693646091719,0.791433187854966,"occ"
"SK_2023","g_upper_gini_nw",0.49257804051422,0.019428814349022,0.454497564390137,0.530658516638303,"occ"
"SK_2023","g_upper_cv2_nwx",3.95843758629214,0.897889936505398,2.19857331074156,5.71830186184272,"occ"
"SK_2023","g_upper_cv2_nw",2.00312509478728,0.494462062501719,1.03397945228391,2.97227073729065,"occ"
"SK_2023","g_upper_var_nwx",122567350172.867,33350600387.8205,57200173412.7386,187934526932.995,"occ"
"SK_2023","g_upper_var_nw",108609689381.333,32023083187.9124,45844446333.0248,171374932429.641,"occ"
"SK_2023","g_upper_d_gini",-0.224485376459122,0.0374791902741064,-0.297944589396371,-0.151026163521874,"occ"
"SK_2023","g_upper_r_gini",0.686919307799029,0.0383418410586723,0.611769299324031,0.762069316274026,"occ"
"SK_2023","g_upper_d_cv2",-1.95531249150487,0.529482686964652,-2.99309855795559,-0.91752642505415,"occ"
"SK_2023","g_upper_d_var",-13957660791.5337,8154100893.69924,-29939698543.1842,2024376960.11681,"occ"
"SK_2023","did_gini",-0.379818524475918,1.28207621944953,-2.89268791459701,2.13305086564517,"occ"
"SK_2023","did_cv2",-2.93536661667807,402.90750684034,-792.634080023745,786.763346790389,"occ"
"SK_2023","did_var",5706337037.61333,11516550627.0563,-16866102191.417,28278776266.6436,"occ"
"SK_2023","rratio_gini",0.652487129676949,0.226368043249522,0.208805764907885,1.09616849444601,"occ"
"AT_2023","g_lower_wshare",NA,NA,NA,NA,"pared"
"AT_2023","g_lower_mean_nwx",NA,NA,NA,NA,"pared"
"AT_2023","g_lower_mean_nw",NA,NA,NA,NA,"pared"
"AT_2023","g_lower_mean_wt",NA,NA,NA,NA,"pared"
"AT_2023","g_lower_wt_over_nwx",NA,NA,NA,NA,"pared"
"AT_2023","g_lower_wt_volshare",NA,NA,NA,NA,"pared"
"AT_2023","g_lower_gini_nwx",NA,NA,NA,NA,"pared"
"AT_2023","g_lower_gini_nw",NA,NA,NA,NA,"pared"
"AT_2023","g_lower_cv2_nwx",NA,NA,NA,NA,"pared"
"AT_2023","g_lower_cv2_nw",NA,NA,NA,NA,"pared"
"AT_2023","g_lower_var_nwx",NA,NA,NA,NA,"pared"
"AT_2023","g_lower_var_nw",NA,NA,NA,NA,"pared"
"AT_2023","g_lower_d_gini",NA,NA,NA,NA,"pared"
"AT_2023","g_lower_r_gini",NA,NA,NA,NA,"pared"
"AT_2023","g_lower_d_cv2",NA,NA,NA,NA,"pared"
"AT_2023","g_lower_d_var",NA,NA,NA,NA,"pared"
"AT_2023","g_upper_wshare",NA,NA,NA,NA,"pared"
"AT_2023","g_upper_mean_nwx",NA,NA,NA,NA,"pared"
"AT_2023","g_upper_mean_nw",NA,NA,NA,NA,"pared"
"AT_2023","g_upper_mean_wt",NA,NA,NA,NA,"pared"
"AT_2023","g_upper_wt_over_nwx",NA,NA,NA,NA,"pared"
"AT_2023","g_upper_wt_volshare",NA,NA,NA,NA,"pared"
"AT_2023","g_upper_gini_nwx",NA,NA,NA,NA,"pared"
"AT_2023","g_upper_gini_nw",NA,NA,NA,NA,"pared"
"AT_2023","g_upper_cv2_nwx",NA,NA,NA,NA,"pared"
"AT_2023","g_upper_cv2_nw",NA,NA,NA,NA,"pared"
"AT_2023","g_upper_var_nwx",NA,NA,NA,NA,"pared"
"AT_2023","g_upper_var_nw",NA,NA,NA,NA,"pared"
"AT_2023","g_upper_d_gini",NA,NA,NA,NA,"pared"
"AT_2023","g_upper_r_gini",NA,NA,NA,NA,"pared"
"AT_2023","g_upper_d_cv2",NA,NA,NA,NA,"pared"
"AT_2023","g_upper_d_var",NA,NA,NA,NA,"pared"
"AT_2023","did_gini",NA,NA,NA,NA,"pared"
"AT_2023","did_cv2",NA,NA,NA,NA,"pared"
"AT_2023","did_var",NA,NA,NA,NA,"pared"
"AT_2023","rratio_gini",NA,NA,NA,NA,"pared"
"BE_2023","g_lower_wshare",NA,NA,NA,NA,"pared"
"BE_2023","g_lower_mean_nwx",NA,NA,NA,NA,"pared"
"BE_2023","g_lower_mean_nw",NA,NA,NA,NA,"pared"
"BE_2023","g_lower_mean_wt",NA,NA,NA,NA,"pared"
"BE_2023","g_lower_wt_over_nwx",NA,NA,NA,NA,"pared"
"BE_2023","g_lower_wt_volshare",NA,NA,NA,NA,"pared"
"BE_2023","g_lower_gini_nwx",NA,NA,NA,NA,"pared"
"BE_2023","g_lower_gini_nw",NA,NA,NA,NA,"pared"
"BE_2023","g_lower_cv2_nwx",NA,NA,NA,NA,"pared"
"BE_2023","g_lower_cv2_nw",NA,NA,NA,NA,"pared"
"BE_2023","g_lower_var_nwx",NA,NA,NA,NA,"pared"
"BE_2023","g_lower_var_nw",NA,NA,NA,NA,"pared"
"BE_2023","g_lower_d_gini",NA,NA,NA,NA,"pared"
"BE_2023","g_lower_r_gini",NA,NA,NA,NA,"pared"
"BE_2023","g_lower_d_cv2",NA,NA,NA,NA,"pared"
"BE_2023","g_lower_d_var",NA,NA,NA,NA,"pared"
"BE_2023","g_upper_wshare",NA,NA,NA,NA,"pared"
"BE_2023","g_upper_mean_nwx",NA,NA,NA,NA,"pared"
"BE_2023","g_upper_mean_nw",NA,NA,NA,NA,"pared"
"BE_2023","g_upper_mean_wt",NA,NA,NA,NA,"pared"
"BE_2023","g_upper_wt_over_nwx",NA,NA,NA,NA,"pared"
"BE_2023","g_upper_wt_volshare",NA,NA,NA,NA,"pared"
"BE_2023","g_upper_gini_nwx",NA,NA,NA,NA,"pared"
"BE_2023","g_upper_gini_nw",NA,NA,NA,NA,"pared"
"BE_2023","g_upper_cv2_nwx",NA,NA,NA,NA,"pared"
"BE_2023","g_upper_cv2_nw",NA,NA,NA,NA,"pared"
"BE_2023","g_upper_var_nwx",NA,NA,NA,NA,"pared"
"BE_2023","g_upper_var_nw",NA,NA,NA,NA,"pared"
"BE_2023","g_upper_d_gini",NA,NA,NA,NA,"pared"
"BE_2023","g_upper_r_gini",NA,NA,NA,NA,"pared"
"BE_2023","g_upper_d_cv2",NA,NA,NA,NA,"pared"
"BE_2023","g_upper_d_var",NA,NA,NA,NA,"pared"
"BE_2023","did_gini",NA,NA,NA,NA,"pared"
"BE_2023","did_cv2",NA,NA,NA,NA,"pared"
"BE_2023","did_var",NA,NA,NA,NA,"pared"
"BE_2023","rratio_gini",NA,NA,NA,NA,"pared"
"CY_2023","g_lower_wshare",0.906787448027049,0.0120028961931532,0.883261771488469,0.93031312456563,"pared"
"CY_2023","g_lower_mean_nwx",263221.417308345,20195.2060176292,223638.813513792,302804.021102898,"pared"
"CY_2023","g_lower_mean_nw",365934.997603878,20443.121268963,325866.47991671,406003.515291045,"pared"
"CY_2023","g_lower_mean_wt",102713.580295533,9404.03208731447,84281.6774043963,121145.483186669,"pared"
"CY_2023","g_lower_wt_over_nwx",0.390527164012393,0.051754844415601,0.289087668957815,0.491966659066971,"pared"
"CY_2023","g_lower_wt_volshare",0.806094579162543,0.061587267111491,0.685383535624021,0.926805622701065,"pared"
"CY_2023","g_lower_gini_nwx",0.84886931313841,0.0445898326550103,0.76147324113459,0.93626538514223,"pared"
"CY_2023","g_lower_gini_nw",0.606079796966002,0.0187994722795032,0.569232831298176,0.642926762633828,"pared"
"CY_2023","g_lower_cv2_nwx",3.9830522230226,0.824941788562276,2.36616631744054,5.59993812860466,"pared"
"CY_2023","g_lower_cv2_nw",2.12537872826062,0.430521878192111,1.28155584700408,2.96920160951716,"pared"
"CY_2023","g_lower_var_nwx",277862136634.039,81845998843.2678,117443978901.234,438280294366.844,"pared"
"CY_2023","g_lower_var_nw",286035410319.666,79988235333.8364,129258469065.346,442812351573.985,"pared"
"CY_2023","g_lower_d_gini",-0.242789516172408,0.040765311977214,-0.322689527647747,-0.162889504697069,"pared"
"CY_2023","g_lower_r_gini",0.714001985318468,0.0345149115867141,0.646352758608508,0.781651212028427,"pared"
"CY_2023","g_lower_d_cv2",-1.85767349476198,0.470584846770608,-2.78001979443237,-0.935327195091588,"pared"
"CY_2023","g_lower_d_var",8173273685.62686,11668181505.0097,-14696362064.1922,31042909435.446,"pared"
"CY_2023","g_upper_wshare",0.0932125519729506,0.0120028961931532,0.0696868754343702,0.116738228511531,"pared"
"CY_2023","g_upper_mean_nwx",391357.443614571,100147.675562453,195067.999512163,587646.887716979,"pared"
"CY_2023","g_upper_mean_nw",631748.622357913,91322.0307934383,452757.442002773,810739.802713052,"pared"
"CY_2023","g_upper_mean_wt",240391.178743342,88429.9655870337,67068.4461927555,413713.911293928,"pared"
"CY_2023","g_upper_wt_over_nwx",0.614380070057206,1.19168100466496,-1.72131469908611,2.95007483920052,"pared"
"CY_2023","g_upper_wt_volshare",0.193905420837457,0.061587267111491,0.0731943772989345,0.314616464375979,"pared"
"CY_2023","g_upper_gini_nwx",0.93090273975018,0.947682087422478,-0.926554151597877,2.78835963109824,"pared"
"CY_2023","g_upper_gini_nw",0.548390832259986,0.0380425654622269,0.473827403954021,0.622954260565951,"pared"
"CY_2023","g_upper_cv2_nwx",5.32245093440622,259.157163605078,-502.625589731547,513.27049160036,"pared"
"CY_2023","g_upper_cv2_nw",2.02891611606262,0.712756586811344,0.631913205912383,3.42591902621285,"pared"
"CY_2023","g_upper_var_nwx",813436041917.158,308913919261.692,207964760164.241,1418907323670.07,"pared"
"CY_2023","g_upper_var_nw",808597128549.273,339363677155.293,143444321324.899,1473749935773.65,"pared"
"CY_2023","g_upper_d_gini",-0.382511907490194,0.950760923175465,-2.2460033169141,1.48097950193372,"pared"
"CY_2023","g_upper_r_gini",0.58944815599422,0.184986908881373,0.22687381458673,0.95202249740171,"pared"
"CY_2023","g_upper_d_cv2",-3.2935348183436,259.165768339228,-511.258440763231,504.671371126544,"pared"
"CY_2023","g_upper_d_var",-4838913367.88521,213016461920.863,-422351178732.777,412673351997.007,"pared"
"CY_2023","did_gini",0.139722391317786,0.953008765297243,-1.72817478866481,2.00761957130038,"pared"
"CY_2023","did_cv2",1.43586132358162,259.169705090609,-506.536760654011,509.408483301174,"pared"
"CY_2023","did_var",13012187053.5121,213463963483.749,-405377181374.637,431401555481.661,"pared"
"CY_2023","rratio_gini",1.21177382442304,1.36955284735804,-1.47254975639872,3.89609740524481,"pared"
"DE_2023","g_lower_wshare",NA,NA,NA,NA,"pared"
"DE_2023","g_lower_mean_nwx",NA,NA,NA,NA,"pared"
"DE_2023","g_lower_mean_nw",NA,NA,NA,NA,"pared"
"DE_2023","g_lower_mean_wt",NA,NA,NA,NA,"pared"
"DE_2023","g_lower_wt_over_nwx",NA,NA,NA,NA,"pared"
"DE_2023","g_lower_wt_volshare",NA,NA,NA,NA,"pared"
"DE_2023","g_lower_gini_nwx",NA,NA,NA,NA,"pared"
"DE_2023","g_lower_gini_nw",NA,NA,NA,NA,"pared"
"DE_2023","g_lower_cv2_nwx",NA,NA,NA,NA,"pared"
"DE_2023","g_lower_cv2_nw",NA,NA,NA,NA,"pared"
"DE_2023","g_lower_var_nwx",NA,NA,NA,NA,"pared"
"DE_2023","g_lower_var_nw",NA,NA,NA,NA,"pared"
"DE_2023","g_lower_d_gini",NA,NA,NA,NA,"pared"
"DE_2023","g_lower_r_gini",NA,NA,NA,NA,"pared"
"DE_2023","g_lower_d_cv2",NA,NA,NA,NA,"pared"
"DE_2023","g_lower_d_var",NA,NA,NA,NA,"pared"
"DE_2023","g_upper_wshare",NA,NA,NA,NA,"pared"
"DE_2023","g_upper_mean_nwx",NA,NA,NA,NA,"pared"
"DE_2023","g_upper_mean_nw",NA,NA,NA,NA,"pared"
"DE_2023","g_upper_mean_wt",NA,NA,NA,NA,"pared"
"DE_2023","g_upper_wt_over_nwx",NA,NA,NA,NA,"pared"
"DE_2023","g_upper_wt_volshare",NA,NA,NA,NA,"pared"
"DE_2023","g_upper_gini_nwx",NA,NA,NA,NA,"pared"
"DE_2023","g_upper_gini_nw",NA,NA,NA,NA,"pared"
"DE_2023","g_upper_cv2_nwx",NA,NA,NA,NA,"pared"
"DE_2023","g_upper_cv2_nw",NA,NA,NA,NA,"pared"
"DE_2023","g_upper_var_nwx",NA,NA,NA,NA,"pared"
"DE_2023","g_upper_var_nw",NA,NA,NA,NA,"pared"
"DE_2023","g_upper_d_gini",NA,NA,NA,NA,"pared"
"DE_2023","g_upper_r_gini",NA,NA,NA,NA,"pared"
"DE_2023","g_upper_d_cv2",NA,NA,NA,NA,"pared"
"DE_2023","g_upper_d_var",NA,NA,NA,NA,"pared"
"DE_2023","did_gini",NA,NA,NA,NA,"pared"
"DE_2023","did_cv2",NA,NA,NA,NA,"pared"
"DE_2023","did_var",NA,NA,NA,NA,"pared"
"DE_2023","rratio_gini",NA,NA,NA,NA,"pared"
"EE_2023","g_lower_wshare",NA,NA,NA,NA,"pared"
"EE_2023","g_lower_mean_nwx",NA,NA,NA,NA,"pared"
"EE_2023","g_lower_mean_nw",NA,NA,NA,NA,"pared"
"EE_2023","g_lower_mean_wt",NA,NA,NA,NA,"pared"
"EE_2023","g_lower_wt_over_nwx",NA,NA,NA,NA,"pared"
"EE_2023","g_lower_wt_volshare",NA,NA,NA,NA,"pared"
"EE_2023","g_lower_gini_nwx",NA,NA,NA,NA,"pared"
"EE_2023","g_lower_gini_nw",NA,NA,NA,NA,"pared"
"EE_2023","g_lower_cv2_nwx",NA,NA,NA,NA,"pared"
"EE_2023","g_lower_cv2_nw",NA,NA,NA,NA,"pared"
"EE_2023","g_lower_var_nwx",NA,NA,NA,NA,"pared"
"EE_2023","g_lower_var_nw",NA,NA,NA,NA,"pared"
"EE_2023","g_lower_d_gini",NA,NA,NA,NA,"pared"
"EE_2023","g_lower_r_gini",NA,NA,NA,NA,"pared"
"EE_2023","g_lower_d_cv2",NA,NA,NA,NA,"pared"
"EE_2023","g_lower_d_var",NA,NA,NA,NA,"pared"
"EE_2023","g_upper_wshare",NA,NA,NA,NA,"pared"
"EE_2023","g_upper_mean_nwx",NA,NA,NA,NA,"pared"
"EE_2023","g_upper_mean_nw",NA,NA,NA,NA,"pared"
"EE_2023","g_upper_mean_wt",NA,NA,NA,NA,"pared"
"EE_2023","g_upper_wt_over_nwx",NA,NA,NA,NA,"pared"
"EE_2023","g_upper_wt_volshare",NA,NA,NA,NA,"pared"
"EE_2023","g_upper_gini_nwx",NA,NA,NA,NA,"pared"
"EE_2023","g_upper_gini_nw",NA,NA,NA,NA,"pared"
"EE_2023","g_upper_cv2_nwx",NA,NA,NA,NA,"pared"
"EE_2023","g_upper_cv2_nw",NA,NA,NA,NA,"pared"
"EE_2023","g_upper_var_nwx",NA,NA,NA,NA,"pared"
"EE_2023","g_upper_var_nw",NA,NA,NA,NA,"pared"
"EE_2023","g_upper_d_gini",NA,NA,NA,NA,"pared"
"EE_2023","g_upper_r_gini",NA,NA,NA,NA,"pared"
"EE_2023","g_upper_d_cv2",NA,NA,NA,NA,"pared"
"EE_2023","g_upper_d_var",NA,NA,NA,NA,"pared"
"EE_2023","did_gini",NA,NA,NA,NA,"pared"
"EE_2023","did_cv2",NA,NA,NA,NA,"pared"
"EE_2023","did_var",NA,NA,NA,NA,"pared"
"EE_2023","rratio_gini",NA,NA,NA,NA,"pared"
"ES_2023","g_lower_wshare",NA,NA,NA,NA,"pared"
"ES_2023","g_lower_mean_nwx",NA,NA,NA,NA,"pared"
"ES_2023","g_lower_mean_nw",NA,NA,NA,NA,"pared"
"ES_2023","g_lower_mean_wt",NA,NA,NA,NA,"pared"
"ES_2023","g_lower_wt_over_nwx",NA,NA,NA,NA,"pared"
"ES_2023","g_lower_wt_volshare",NA,NA,NA,NA,"pared"
"ES_2023","g_lower_gini_nwx",NA,NA,NA,NA,"pared"
"ES_2023","g_lower_gini_nw",NA,NA,NA,NA,"pared"
"ES_2023","g_lower_cv2_nwx",NA,NA,NA,NA,"pared"
"ES_2023","g_lower_cv2_nw",NA,NA,NA,NA,"pared"
"ES_2023","g_lower_var_nwx",NA,NA,NA,NA,"pared"
"ES_2023","g_lower_var_nw",NA,NA,NA,NA,"pared"
"ES_2023","g_lower_d_gini",NA,NA,NA,NA,"pared"
"ES_2023","g_lower_r_gini",NA,NA,NA,NA,"pared"
"ES_2023","g_lower_d_cv2",NA,NA,NA,NA,"pared"
"ES_2023","g_lower_d_var",NA,NA,NA,NA,"pared"
"ES_2023","g_upper_wshare",NA,NA,NA,NA,"pared"
"ES_2023","g_upper_mean_nwx",NA,NA,NA,NA,"pared"
"ES_2023","g_upper_mean_nw",NA,NA,NA,NA,"pared"
"ES_2023","g_upper_mean_wt",NA,NA,NA,NA,"pared"
"ES_2023","g_upper_wt_over_nwx",NA,NA,NA,NA,"pared"
"ES_2023","g_upper_wt_volshare",NA,NA,NA,NA,"pared"
"ES_2023","g_upper_gini_nwx",NA,NA,NA,NA,"pared"
"ES_2023","g_upper_gini_nw",NA,NA,NA,NA,"pared"
"ES_2023","g_upper_cv2_nwx",NA,NA,NA,NA,"pared"
"ES_2023","g_upper_cv2_nw",NA,NA,NA,NA,"pared"
"ES_2023","g_upper_var_nwx",NA,NA,NA,NA,"pared"
"ES_2023","g_upper_var_nw",NA,NA,NA,NA,"pared"
"ES_2023","g_upper_d_gini",NA,NA,NA,NA,"pared"
"ES_2023","g_upper_r_gini",NA,NA,NA,NA,"pared"
"ES_2023","g_upper_d_cv2",NA,NA,NA,NA,"pared"
"ES_2023","g_upper_d_var",NA,NA,NA,NA,"pared"
"ES_2023","did_gini",NA,NA,NA,NA,"pared"
"ES_2023","did_cv2",NA,NA,NA,NA,"pared"
"ES_2023","did_var",NA,NA,NA,NA,"pared"
"ES_2023","rratio_gini",NA,NA,NA,NA,"pared"
"FR_2023","g_lower_wshare",NA,NA,NA,NA,"pared"
"FR_2023","g_lower_mean_nwx",NA,NA,NA,NA,"pared"
"FR_2023","g_lower_mean_nw",NA,NA,NA,NA,"pared"
"FR_2023","g_lower_mean_wt",NA,NA,NA,NA,"pared"
"FR_2023","g_lower_wt_over_nwx",NA,NA,NA,NA,"pared"
"FR_2023","g_lower_wt_volshare",NA,NA,NA,NA,"pared"
"FR_2023","g_lower_gini_nwx",NA,NA,NA,NA,"pared"
"FR_2023","g_lower_gini_nw",NA,NA,NA,NA,"pared"
"FR_2023","g_lower_cv2_nwx",NA,NA,NA,NA,"pared"
"FR_2023","g_lower_cv2_nw",NA,NA,NA,NA,"pared"
"FR_2023","g_lower_var_nwx",NA,NA,NA,NA,"pared"
"FR_2023","g_lower_var_nw",NA,NA,NA,NA,"pared"
"FR_2023","g_lower_d_gini",NA,NA,NA,NA,"pared"
"FR_2023","g_lower_r_gini",NA,NA,NA,NA,"pared"
"FR_2023","g_lower_d_cv2",NA,NA,NA,NA,"pared"
"FR_2023","g_lower_d_var",NA,NA,NA,NA,"pared"
"FR_2023","g_upper_wshare",NA,NA,NA,NA,"pared"
"FR_2023","g_upper_mean_nwx",NA,NA,NA,NA,"pared"
"FR_2023","g_upper_mean_nw",NA,NA,NA,NA,"pared"
"FR_2023","g_upper_mean_wt",NA,NA,NA,NA,"pared"
"FR_2023","g_upper_wt_over_nwx",NA,NA,NA,NA,"pared"
"FR_2023","g_upper_wt_volshare",NA,NA,NA,NA,"pared"
"FR_2023","g_upper_gini_nwx",NA,NA,NA,NA,"pared"
"FR_2023","g_upper_gini_nw",NA,NA,NA,NA,"pared"
"FR_2023","g_upper_cv2_nwx",NA,NA,NA,NA,"pared"
"FR_2023","g_upper_cv2_nw",NA,NA,NA,NA,"pared"
"FR_2023","g_upper_var_nwx",NA,NA,NA,NA,"pared"
"FR_2023","g_upper_var_nw",NA,NA,NA,NA,"pared"
"FR_2023","g_upper_d_gini",NA,NA,NA,NA,"pared"
"FR_2023","g_upper_r_gini",NA,NA,NA,NA,"pared"
"FR_2023","g_upper_d_cv2",NA,NA,NA,NA,"pared"
"FR_2023","g_upper_d_var",NA,NA,NA,NA,"pared"
"FR_2023","did_gini",NA,NA,NA,NA,"pared"
"FR_2023","did_cv2",NA,NA,NA,NA,"pared"
"FR_2023","did_var",NA,NA,NA,NA,"pared"
"FR_2023","rratio_gini",NA,NA,NA,NA,"pared"
"GR_2023","g_lower_wshare",NA,NA,NA,NA,"pared"
"GR_2023","g_lower_mean_nwx",NA,NA,NA,NA,"pared"
"GR_2023","g_lower_mean_nw",NA,NA,NA,NA,"pared"
"GR_2023","g_lower_mean_wt",NA,NA,NA,NA,"pared"
"GR_2023","g_lower_wt_over_nwx",NA,NA,NA,NA,"pared"
"GR_2023","g_lower_wt_volshare",NA,NA,NA,NA,"pared"
"GR_2023","g_lower_gini_nwx",NA,NA,NA,NA,"pared"
"GR_2023","g_lower_gini_nw",NA,NA,NA,NA,"pared"
"GR_2023","g_lower_cv2_nwx",NA,NA,NA,NA,"pared"
"GR_2023","g_lower_cv2_nw",NA,NA,NA,NA,"pared"
"GR_2023","g_lower_var_nwx",NA,NA,NA,NA,"pared"
"GR_2023","g_lower_var_nw",NA,NA,NA,NA,"pared"
"GR_2023","g_lower_d_gini",NA,NA,NA,NA,"pared"
"GR_2023","g_lower_r_gini",NA,NA,NA,NA,"pared"
"GR_2023","g_lower_d_cv2",NA,NA,NA,NA,"pared"
"GR_2023","g_lower_d_var",NA,NA,NA,NA,"pared"
"GR_2023","g_upper_wshare",NA,NA,NA,NA,"pared"
"GR_2023","g_upper_mean_nwx",NA,NA,NA,NA,"pared"
"GR_2023","g_upper_mean_nw",NA,NA,NA,NA,"pared"
"GR_2023","g_upper_mean_wt",NA,NA,NA,NA,"pared"
"GR_2023","g_upper_wt_over_nwx",NA,NA,NA,NA,"pared"
"GR_2023","g_upper_wt_volshare",NA,NA,NA,NA,"pared"
"GR_2023","g_upper_gini_nwx",NA,NA,NA,NA,"pared"
"GR_2023","g_upper_gini_nw",NA,NA,NA,NA,"pared"
"GR_2023","g_upper_cv2_nwx",NA,NA,NA,NA,"pared"
"GR_2023","g_upper_cv2_nw",NA,NA,NA,NA,"pared"
"GR_2023","g_upper_var_nwx",NA,NA,NA,NA,"pared"
"GR_2023","g_upper_var_nw",NA,NA,NA,NA,"pared"
"GR_2023","g_upper_d_gini",NA,NA,NA,NA,"pared"
"GR_2023","g_upper_r_gini",NA,NA,NA,NA,"pared"
"GR_2023","g_upper_d_cv2",NA,NA,NA,NA,"pared"
"GR_2023","g_upper_d_var",NA,NA,NA,NA,"pared"
"GR_2023","did_gini",NA,NA,NA,NA,"pared"
"GR_2023","did_cv2",NA,NA,NA,NA,"pared"
"GR_2023","did_var",NA,NA,NA,NA,"pared"
"GR_2023","rratio_gini",NA,NA,NA,NA,"pared"
"HR_2023","g_lower_wshare",NA,NA,NA,NA,"pared"
"HR_2023","g_lower_mean_nwx",NA,NA,NA,NA,"pared"
"HR_2023","g_lower_mean_nw",NA,NA,NA,NA,"pared"
"HR_2023","g_lower_mean_wt",NA,NA,NA,NA,"pared"
"HR_2023","g_lower_wt_over_nwx",NA,NA,NA,NA,"pared"
"HR_2023","g_lower_wt_volshare",NA,NA,NA,NA,"pared"
"HR_2023","g_lower_gini_nwx",NA,NA,NA,NA,"pared"
"HR_2023","g_lower_gini_nw",NA,NA,NA,NA,"pared"
"HR_2023","g_lower_cv2_nwx",NA,NA,NA,NA,"pared"
"HR_2023","g_lower_cv2_nw",NA,NA,NA,NA,"pared"
"HR_2023","g_lower_var_nwx",NA,NA,NA,NA,"pared"
"HR_2023","g_lower_var_nw",NA,NA,NA,NA,"pared"
"HR_2023","g_lower_d_gini",NA,NA,NA,NA,"pared"
"HR_2023","g_lower_r_gini",NA,NA,NA,NA,"pared"
"HR_2023","g_lower_d_cv2",NA,NA,NA,NA,"pared"
"HR_2023","g_lower_d_var",NA,NA,NA,NA,"pared"
"HR_2023","g_upper_wshare",NA,NA,NA,NA,"pared"
"HR_2023","g_upper_mean_nwx",NA,NA,NA,NA,"pared"
"HR_2023","g_upper_mean_nw",NA,NA,NA,NA,"pared"
"HR_2023","g_upper_mean_wt",NA,NA,NA,NA,"pared"
"HR_2023","g_upper_wt_over_nwx",NA,NA,NA,NA,"pared"
"HR_2023","g_upper_wt_volshare",NA,NA,NA,NA,"pared"
"HR_2023","g_upper_gini_nwx",NA,NA,NA,NA,"pared"
"HR_2023","g_upper_gini_nw",NA,NA,NA,NA,"pared"
"HR_2023","g_upper_cv2_nwx",NA,NA,NA,NA,"pared"
"HR_2023","g_upper_cv2_nw",NA,NA,NA,NA,"pared"
"HR_2023","g_upper_var_nwx",NA,NA,NA,NA,"pared"
"HR_2023","g_upper_var_nw",NA,NA,NA,NA,"pared"
"HR_2023","g_upper_d_gini",NA,NA,NA,NA,"pared"
"HR_2023","g_upper_r_gini",NA,NA,NA,NA,"pared"
"HR_2023","g_upper_d_cv2",NA,NA,NA,NA,"pared"
"HR_2023","g_upper_d_var",NA,NA,NA,NA,"pared"
"HR_2023","did_gini",NA,NA,NA,NA,"pared"
"HR_2023","did_cv2",NA,NA,NA,NA,"pared"
"HR_2023","did_var",NA,NA,NA,NA,"pared"
"HR_2023","rratio_gini",NA,NA,NA,NA,"pared"
"HU_2023","g_lower_wshare",NA,NA,NA,NA,"pared"
"HU_2023","g_lower_mean_nwx",NA,NA,NA,NA,"pared"
"HU_2023","g_lower_mean_nw",NA,NA,NA,NA,"pared"
"HU_2023","g_lower_mean_wt",NA,NA,NA,NA,"pared"
"HU_2023","g_lower_wt_over_nwx",NA,NA,NA,NA,"pared"
"HU_2023","g_lower_wt_volshare",NA,NA,NA,NA,"pared"
"HU_2023","g_lower_gini_nwx",NA,NA,NA,NA,"pared"
"HU_2023","g_lower_gini_nw",NA,NA,NA,NA,"pared"
"HU_2023","g_lower_cv2_nwx",NA,NA,NA,NA,"pared"
"HU_2023","g_lower_cv2_nw",NA,NA,NA,NA,"pared"
"HU_2023","g_lower_var_nwx",NA,NA,NA,NA,"pared"
"HU_2023","g_lower_var_nw",NA,NA,NA,NA,"pared"
"HU_2023","g_lower_d_gini",NA,NA,NA,NA,"pared"
"HU_2023","g_lower_r_gini",NA,NA,NA,NA,"pared"
"HU_2023","g_lower_d_cv2",NA,NA,NA,NA,"pared"
"HU_2023","g_lower_d_var",NA,NA,NA,NA,"pared"
"HU_2023","g_upper_wshare",NA,NA,NA,NA,"pared"
"HU_2023","g_upper_mean_nwx",NA,NA,NA,NA,"pared"
"HU_2023","g_upper_mean_nw",NA,NA,NA,NA,"pared"
"HU_2023","g_upper_mean_wt",NA,NA,NA,NA,"pared"
"HU_2023","g_upper_wt_over_nwx",NA,NA,NA,NA,"pared"
"HU_2023","g_upper_wt_volshare",NA,NA,NA,NA,"pared"
"HU_2023","g_upper_gini_nwx",NA,NA,NA,NA,"pared"
"HU_2023","g_upper_gini_nw",NA,NA,NA,NA,"pared"
"HU_2023","g_upper_cv2_nwx",NA,NA,NA,NA,"pared"
"HU_2023","g_upper_cv2_nw",NA,NA,NA,NA,"pared"
"HU_2023","g_upper_var_nwx",NA,NA,NA,NA,"pared"
"HU_2023","g_upper_var_nw",NA,NA,NA,NA,"pared"
"HU_2023","g_upper_d_gini",NA,NA,NA,NA,"pared"
"HU_2023","g_upper_r_gini",NA,NA,NA,NA,"pared"
"HU_2023","g_upper_d_cv2",NA,NA,NA,NA,"pared"
"HU_2023","g_upper_d_var",NA,NA,NA,NA,"pared"
"HU_2023","did_gini",NA,NA,NA,NA,"pared"
"HU_2023","did_cv2",NA,NA,NA,NA,"pared"
"HU_2023","did_var",NA,NA,NA,NA,"pared"
"HU_2023","rratio_gini",NA,NA,NA,NA,"pared"
"LT_2023","g_lower_wshare",NA,NA,NA,NA,"pared"
"LT_2023","g_lower_mean_nwx",NA,NA,NA,NA,"pared"
"LT_2023","g_lower_mean_nw",NA,NA,NA,NA,"pared"
"LT_2023","g_lower_mean_wt",NA,NA,NA,NA,"pared"
"LT_2023","g_lower_wt_over_nwx",NA,NA,NA,NA,"pared"
"LT_2023","g_lower_wt_volshare",NA,NA,NA,NA,"pared"
"LT_2023","g_lower_gini_nwx",NA,NA,NA,NA,"pared"
"LT_2023","g_lower_gini_nw",NA,NA,NA,NA,"pared"
"LT_2023","g_lower_cv2_nwx",NA,NA,NA,NA,"pared"
"LT_2023","g_lower_cv2_nw",NA,NA,NA,NA,"pared"
"LT_2023","g_lower_var_nwx",NA,NA,NA,NA,"pared"
"LT_2023","g_lower_var_nw",NA,NA,NA,NA,"pared"
"LT_2023","g_lower_d_gini",NA,NA,NA,NA,"pared"
"LT_2023","g_lower_r_gini",NA,NA,NA,NA,"pared"
"LT_2023","g_lower_d_cv2",NA,NA,NA,NA,"pared"
"LT_2023","g_lower_d_var",NA,NA,NA,NA,"pared"
"LT_2023","g_upper_wshare",NA,NA,NA,NA,"pared"
"LT_2023","g_upper_mean_nwx",NA,NA,NA,NA,"pared"
"LT_2023","g_upper_mean_nw",NA,NA,NA,NA,"pared"
"LT_2023","g_upper_mean_wt",NA,NA,NA,NA,"pared"
"LT_2023","g_upper_wt_over_nwx",NA,NA,NA,NA,"pared"
"LT_2023","g_upper_wt_volshare",NA,NA,NA,NA,"pared"
"LT_2023","g_upper_gini_nwx",NA,NA,NA,NA,"pared"
"LT_2023","g_upper_gini_nw",NA,NA,NA,NA,"pared"
"LT_2023","g_upper_cv2_nwx",NA,NA,NA,NA,"pared"
"LT_2023","g_upper_cv2_nw",NA,NA,NA,NA,"pared"
"LT_2023","g_upper_var_nwx",NA,NA,NA,NA,"pared"
"LT_2023","g_upper_var_nw",NA,NA,NA,NA,"pared"
"LT_2023","g_upper_d_gini",NA,NA,NA,NA,"pared"
"LT_2023","g_upper_r_gini",NA,NA,NA,NA,"pared"
"LT_2023","g_upper_d_cv2",NA,NA,NA,NA,"pared"
"LT_2023","g_upper_d_var",NA,NA,NA,NA,"pared"
"LT_2023","did_gini",NA,NA,NA,NA,"pared"
"LT_2023","did_cv2",NA,NA,NA,NA,"pared"
"LT_2023","did_var",NA,NA,NA,NA,"pared"
"LT_2023","rratio_gini",NA,NA,NA,NA,"pared"
"LU_2023","g_lower_wshare",NA,NA,NA,NA,"pared"
"LU_2023","g_lower_mean_nwx",NA,NA,NA,NA,"pared"
"LU_2023","g_lower_mean_nw",NA,NA,NA,NA,"pared"
"LU_2023","g_lower_mean_wt",NA,NA,NA,NA,"pared"
"LU_2023","g_lower_wt_over_nwx",NA,NA,NA,NA,"pared"
"LU_2023","g_lower_wt_volshare",NA,NA,NA,NA,"pared"
"LU_2023","g_lower_gini_nwx",NA,NA,NA,NA,"pared"
"LU_2023","g_lower_gini_nw",NA,NA,NA,NA,"pared"
"LU_2023","g_lower_cv2_nwx",NA,NA,NA,NA,"pared"
"LU_2023","g_lower_cv2_nw",NA,NA,NA,NA,"pared"
"LU_2023","g_lower_var_nwx",NA,NA,NA,NA,"pared"
"LU_2023","g_lower_var_nw",NA,NA,NA,NA,"pared"
"LU_2023","g_lower_d_gini",NA,NA,NA,NA,"pared"
"LU_2023","g_lower_r_gini",NA,NA,NA,NA,"pared"
"LU_2023","g_lower_d_cv2",NA,NA,NA,NA,"pared"
"LU_2023","g_lower_d_var",NA,NA,NA,NA,"pared"
"LU_2023","g_upper_wshare",NA,NA,NA,NA,"pared"
"LU_2023","g_upper_mean_nwx",NA,NA,NA,NA,"pared"
"LU_2023","g_upper_mean_nw",NA,NA,NA,NA,"pared"
"LU_2023","g_upper_mean_wt",NA,NA,NA,NA,"pared"
"LU_2023","g_upper_wt_over_nwx",NA,NA,NA,NA,"pared"
"LU_2023","g_upper_wt_volshare",NA,NA,NA,NA,"pared"
"LU_2023","g_upper_gini_nwx",NA,NA,NA,NA,"pared"
"LU_2023","g_upper_gini_nw",NA,NA,NA,NA,"pared"
"LU_2023","g_upper_cv2_nwx",NA,NA,NA,NA,"pared"
"LU_2023","g_upper_cv2_nw",NA,NA,NA,NA,"pared"
"LU_2023","g_upper_var_nwx",NA,NA,NA,NA,"pared"
"LU_2023","g_upper_var_nw",NA,NA,NA,NA,"pared"
"LU_2023","g_upper_d_gini",NA,NA,NA,NA,"pared"
"LU_2023","g_upper_r_gini",NA,NA,NA,NA,"pared"
"LU_2023","g_upper_d_cv2",NA,NA,NA,NA,"pared"
"LU_2023","g_upper_d_var",NA,NA,NA,NA,"pared"
"LU_2023","did_gini",NA,NA,NA,NA,"pared"
"LU_2023","did_cv2",NA,NA,NA,NA,"pared"
"LU_2023","did_var",NA,NA,NA,NA,"pared"
"LU_2023","rratio_gini",NA,NA,NA,NA,"pared"
"LV_2023","g_lower_wshare",NA,NA,NA,NA,"pared"
"LV_2023","g_lower_mean_nwx",NA,NA,NA,NA,"pared"
"LV_2023","g_lower_mean_nw",NA,NA,NA,NA,"pared"
"LV_2023","g_lower_mean_wt",NA,NA,NA,NA,"pared"
"LV_2023","g_lower_wt_over_nwx",NA,NA,NA,NA,"pared"
"LV_2023","g_lower_wt_volshare",NA,NA,NA,NA,"pared"
"LV_2023","g_lower_gini_nwx",NA,NA,NA,NA,"pared"
"LV_2023","g_lower_gini_nw",NA,NA,NA,NA,"pared"
"LV_2023","g_lower_cv2_nwx",NA,NA,NA,NA,"pared"
"LV_2023","g_lower_cv2_nw",NA,NA,NA,NA,"pared"
"LV_2023","g_lower_var_nwx",NA,NA,NA,NA,"pared"
"LV_2023","g_lower_var_nw",NA,NA,NA,NA,"pared"
"LV_2023","g_lower_d_gini",NA,NA,NA,NA,"pared"
"LV_2023","g_lower_r_gini",NA,NA,NA,NA,"pared"
"LV_2023","g_lower_d_cv2",NA,NA,NA,NA,"pared"
"LV_2023","g_lower_d_var",NA,NA,NA,NA,"pared"
"LV_2023","g_upper_wshare",NA,NA,NA,NA,"pared"
"LV_2023","g_upper_mean_nwx",NA,NA,NA,NA,"pared"
"LV_2023","g_upper_mean_nw",NA,NA,NA,NA,"pared"
"LV_2023","g_upper_mean_wt",NA,NA,NA,NA,"pared"
"LV_2023","g_upper_wt_over_nwx",NA,NA,NA,NA,"pared"
"LV_2023","g_upper_wt_volshare",NA,NA,NA,NA,"pared"
"LV_2023","g_upper_gini_nwx",NA,NA,NA,NA,"pared"
"LV_2023","g_upper_gini_nw",NA,NA,NA,NA,"pared"
"LV_2023","g_upper_cv2_nwx",NA,NA,NA,NA,"pared"
"LV_2023","g_upper_cv2_nw",NA,NA,NA,NA,"pared"
"LV_2023","g_upper_var_nwx",NA,NA,NA,NA,"pared"
"LV_2023","g_upper_var_nw",NA,NA,NA,NA,"pared"
"LV_2023","g_upper_d_gini",NA,NA,NA,NA,"pared"
"LV_2023","g_upper_r_gini",NA,NA,NA,NA,"pared"
"LV_2023","g_upper_d_cv2",NA,NA,NA,NA,"pared"
"LV_2023","g_upper_d_var",NA,NA,NA,NA,"pared"
"LV_2023","did_gini",NA,NA,NA,NA,"pared"
"LV_2023","did_cv2",NA,NA,NA,NA,"pared"
"LV_2023","did_var",NA,NA,NA,NA,"pared"
"LV_2023","rratio_gini",NA,NA,NA,NA,"pared"
"MT_2023","g_lower_wshare",NA,NA,NA,NA,"pared"
"MT_2023","g_lower_mean_nwx",NA,NA,NA,NA,"pared"
"MT_2023","g_lower_mean_nw",NA,NA,NA,NA,"pared"
"MT_2023","g_lower_mean_wt",NA,NA,NA,NA,"pared"
"MT_2023","g_lower_wt_over_nwx",NA,NA,NA,NA,"pared"
"MT_2023","g_lower_wt_volshare",NA,NA,NA,NA,"pared"
"MT_2023","g_lower_gini_nwx",NA,NA,NA,NA,"pared"
"MT_2023","g_lower_gini_nw",NA,NA,NA,NA,"pared"
"MT_2023","g_lower_cv2_nwx",NA,NA,NA,NA,"pared"
"MT_2023","g_lower_cv2_nw",NA,NA,NA,NA,"pared"
"MT_2023","g_lower_var_nwx",NA,NA,NA,NA,"pared"
"MT_2023","g_lower_var_nw",NA,NA,NA,NA,"pared"
"MT_2023","g_lower_d_gini",NA,NA,NA,NA,"pared"
"MT_2023","g_lower_r_gini",NA,NA,NA,NA,"pared"
"MT_2023","g_lower_d_cv2",NA,NA,NA,NA,"pared"
"MT_2023","g_lower_d_var",NA,NA,NA,NA,"pared"
"MT_2023","g_upper_wshare",NA,NA,NA,NA,"pared"
"MT_2023","g_upper_mean_nwx",NA,NA,NA,NA,"pared"
"MT_2023","g_upper_mean_nw",NA,NA,NA,NA,"pared"
"MT_2023","g_upper_mean_wt",NA,NA,NA,NA,"pared"
"MT_2023","g_upper_wt_over_nwx",NA,NA,NA,NA,"pared"
"MT_2023","g_upper_wt_volshare",NA,NA,NA,NA,"pared"
"MT_2023","g_upper_gini_nwx",NA,NA,NA,NA,"pared"
"MT_2023","g_upper_gini_nw",NA,NA,NA,NA,"pared"
"MT_2023","g_upper_cv2_nwx",NA,NA,NA,NA,"pared"
"MT_2023","g_upper_cv2_nw",NA,NA,NA,NA,"pared"
"MT_2023","g_upper_var_nwx",NA,NA,NA,NA,"pared"
"MT_2023","g_upper_var_nw",NA,NA,NA,NA,"pared"
"MT_2023","g_upper_d_gini",NA,NA,NA,NA,"pared"
"MT_2023","g_upper_r_gini",NA,NA,NA,NA,"pared"
"MT_2023","g_upper_d_cv2",NA,NA,NA,NA,"pared"
"MT_2023","g_upper_d_var",NA,NA,NA,NA,"pared"
"MT_2023","did_gini",NA,NA,NA,NA,"pared"
"MT_2023","did_cv2",NA,NA,NA,NA,"pared"
"MT_2023","did_var",NA,NA,NA,NA,"pared"
"MT_2023","rratio_gini",NA,NA,NA,NA,"pared"
"NL_2023","g_lower_wshare",NA,NA,NA,NA,"pared"
"NL_2023","g_lower_mean_nwx",NA,NA,NA,NA,"pared"
"NL_2023","g_lower_mean_nw",NA,NA,NA,NA,"pared"
"NL_2023","g_lower_mean_wt",NA,NA,NA,NA,"pared"
"NL_2023","g_lower_wt_over_nwx",NA,NA,NA,NA,"pared"
"NL_2023","g_lower_wt_volshare",NA,NA,NA,NA,"pared"
"NL_2023","g_lower_gini_nwx",NA,NA,NA,NA,"pared"
"NL_2023","g_lower_gini_nw",NA,NA,NA,NA,"pared"
"NL_2023","g_lower_cv2_nwx",NA,NA,NA,NA,"pared"
"NL_2023","g_lower_cv2_nw",NA,NA,NA,NA,"pared"
"NL_2023","g_lower_var_nwx",NA,NA,NA,NA,"pared"
"NL_2023","g_lower_var_nw",NA,NA,NA,NA,"pared"
"NL_2023","g_lower_d_gini",NA,NA,NA,NA,"pared"
"NL_2023","g_lower_r_gini",NA,NA,NA,NA,"pared"
"NL_2023","g_lower_d_cv2",NA,NA,NA,NA,"pared"
"NL_2023","g_lower_d_var",NA,NA,NA,NA,"pared"
"NL_2023","g_upper_wshare",NA,NA,NA,NA,"pared"
"NL_2023","g_upper_mean_nwx",NA,NA,NA,NA,"pared"
"NL_2023","g_upper_mean_nw",NA,NA,NA,NA,"pared"
"NL_2023","g_upper_mean_wt",NA,NA,NA,NA,"pared"
"NL_2023","g_upper_wt_over_nwx",NA,NA,NA,NA,"pared"
"NL_2023","g_upper_wt_volshare",NA,NA,NA,NA,"pared"
"NL_2023","g_upper_gini_nwx",NA,NA,NA,NA,"pared"
"NL_2023","g_upper_gini_nw",NA,NA,NA,NA,"pared"
"NL_2023","g_upper_cv2_nwx",NA,NA,NA,NA,"pared"
"NL_2023","g_upper_cv2_nw",NA,NA,NA,NA,"pared"
"NL_2023","g_upper_var_nwx",NA,NA,NA,NA,"pared"
"NL_2023","g_upper_var_nw",NA,NA,NA,NA,"pared"
"NL_2023","g_upper_d_gini",NA,NA,NA,NA,"pared"
"NL_2023","g_upper_r_gini",NA,NA,NA,NA,"pared"
"NL_2023","g_upper_d_cv2",NA,NA,NA,NA,"pared"
"NL_2023","g_upper_d_var",NA,NA,NA,NA,"pared"
"NL_2023","did_gini",NA,NA,NA,NA,"pared"
"NL_2023","did_cv2",NA,NA,NA,NA,"pared"
"NL_2023","did_var",NA,NA,NA,NA,"pared"
"NL_2023","rratio_gini",NA,NA,NA,NA,"pared"
"PT_2023","g_lower_wshare",0.911906639269345,0.00501694532984654,0.902073426422846,0.921739852115844,"pared"
"PT_2023","g_lower_mean_nwx",213927.283539618,14375.034896769,185752.215141951,242102.351937285,"pared"
"PT_2023","g_lower_mean_nw",275216.054342882,16577.0853656645,242724.967026179,307707.141659584,"pared"
"PT_2023","g_lower_mean_wt",61288.7708032639,6932.98631183659,47700.1176320642,74877.4239744636,"pared"
"PT_2023","g_lower_wt_over_nwx",0.286732037364755,0.0354347440061584,0.217279939112685,0.356184135616826,"pared"
"PT_2023","g_lower_wt_volshare",0.810649800955099,0.0370937453288555,0.737946060110543,0.883353541799656,"pared"
"PT_2023","g_lower_gini_nwx",0.856027248278404,0.0417976621256876,0.774103830512057,0.937950666044752,"pared"
"PT_2023","g_lower_gini_nw",0.640630197696993,0.0104142602650575,0.62021824757748,0.661042147816506,"pared"
"PT_2023","g_lower_cv2_nwx",9.15766511879202,2.31583519611392,4.61862813440873,13.6967021031753,"pared"
"PT_2023","g_lower_cv2_nw",5.13587735451414,1.02617506978405,3.12457421773741,7.14718049129088,"pared"
"PT_2023","g_lower_var_nwx",418599859465.512,130975541777.833,161887797580.958,675311921350.065,"pared"
"PT_2023","g_lower_var_nw",389102978006.013,118165342668.62,157498906375.518,620707049636.509,"pared"
"PT_2023","g_lower_d_gini",-0.215397050581411,0.043517427008846,-0.30069120751875,-0.130102893644073,"pared"
"PT_2023","g_lower_r_gini",0.748864160999439,0.0378670451287915,0.674644752547007,0.82308356945187,"pared"
"PT_2023","g_lower_d_cv2",-4.02178776427788,2.14136377186157,-8.21886075712656,0.1752852285708,"pared"
"PT_2023","g_lower_d_var",-29496881459.4982,88240878713.5418,-202449003738.04,143455240819.044,"pared"
"PT_2023","g_upper_wshare",0.0880933607306547,0.00501694532984657,0.0782601478841554,0.097926573577154,"pared"
"PT_2023","g_upper_mean_nwx",394367.396385557,62988.6815219447,270909.580602546,517825.212168569,"pared"
"PT_2023","g_upper_mean_nw",542474.343492826,63254.4545563912,418495.612562299,666453.074423353,"pared"
"PT_2023","g_upper_mean_wt",148106.947107269,33584.3192039396,82281.6814675468,213932.21274699,"pared"
"PT_2023","g_upper_wt_over_nwx",0.379661850668325,0.124293063283502,0.13604744663266,0.62327625470399,"pared"
"PT_2023","g_upper_wt_volshare",0.189350199044901,0.0370937453288555,0.116646458200344,0.262053939889458,"pared"
"PT_2023","g_upper_gini_nwx",0.896411017147739,0.142993912350219,0.616142948941309,1.17667908535417,"pared"
"PT_2023","g_upper_gini_nw",0.629932380827055,0.0243671937193987,0.582172681137034,0.677692080517077,"pared"
"PT_2023","g_upper_cv2_nwx",8.09578350865994,4.92423441367401,-1.55571594214112,17.747282959461,"pared"
"PT_2023","g_upper_cv2_nw",3.81831254961208,1.54447940798319,0.791132909965035,6.84549218925912,"pared"
"PT_2023","g_upper_var_nwx",1228701628160.45,756597562623.297,-254229594581.213,2711632850902.11,"pared"
"PT_2023","g_upper_var_nw",1124121397334.72,681429046990.186,-211479534766.042,2459722329435.49,"pared"
"PT_2023","g_upper_d_gini",-0.266478636320683,0.145210789764746,-0.551091784259585,0.0181345116182182,"pared"
"PT_2023","g_upper_r_gini",0.708434777000986,0.101984619467846,0.508544922844008,0.908324631157964,"pared"
"PT_2023","g_upper_d_cv2",-4.27747095904786,4.27601677162163,-12.6584638314263,4.10352191333054,"pared"
"PT_2023","g_upper_d_var",-104580230825.727,341989348369.009,-774879353628.986,565718891977.531,"pared"
"PT_2023","did_gini",0.0510815857392719,0.157665161330267,-0.257942130468051,0.360105301946594,"pared"
"PT_2023","did_cv2",0.255683194769985,5.00019177122828,-9.54469267683745,10.0560590663774,"pared"
"PT_2023","did_var",75083349366.229,359414781625.216,-629369622619.195,779536321351.653,"pared"
"PT_2023","rratio_gini",1.06706169555712,0.198906654285996,0.677204653156568,1.45691873795767,"pared"
"SI_2023","g_lower_wshare",NA,NA,NA,NA,"pared"
"SI_2023","g_lower_mean_nwx",NA,NA,NA,NA,"pared"
"SI_2023","g_lower_mean_nw",NA,NA,NA,NA,"pared"
"SI_2023","g_lower_mean_wt",NA,NA,NA,NA,"pared"
"SI_2023","g_lower_wt_over_nwx",NA,NA,NA,NA,"pared"
"SI_2023","g_lower_wt_volshare",NA,NA,NA,NA,"pared"
"SI_2023","g_lower_gini_nwx",NA,NA,NA,NA,"pared"
"SI_2023","g_lower_gini_nw",NA,NA,NA,NA,"pared"
"SI_2023","g_lower_cv2_nwx",NA,NA,NA,NA,"pared"
"SI_2023","g_lower_cv2_nw",NA,NA,NA,NA,"pared"
"SI_2023","g_lower_var_nwx",NA,NA,NA,NA,"pared"
"SI_2023","g_lower_var_nw",NA,NA,NA,NA,"pared"
"SI_2023","g_lower_d_gini",NA,NA,NA,NA,"pared"
"SI_2023","g_lower_r_gini",NA,NA,NA,NA,"pared"
"SI_2023","g_lower_d_cv2",NA,NA,NA,NA,"pared"
"SI_2023","g_lower_d_var",NA,NA,NA,NA,"pared"
"SI_2023","g_upper_wshare",NA,NA,NA,NA,"pared"
"SI_2023","g_upper_mean_nwx",NA,NA,NA,NA,"pared"
"SI_2023","g_upper_mean_nw",NA,NA,NA,NA,"pared"
"SI_2023","g_upper_mean_wt",NA,NA,NA,NA,"pared"
"SI_2023","g_upper_wt_over_nwx",NA,NA,NA,NA,"pared"
"SI_2023","g_upper_wt_volshare",NA,NA,NA,NA,"pared"
"SI_2023","g_upper_gini_nwx",NA,NA,NA,NA,"pared"
"SI_2023","g_upper_gini_nw",NA,NA,NA,NA,"pared"
"SI_2023","g_upper_cv2_nwx",NA,NA,NA,NA,"pared"
"SI_2023","g_upper_cv2_nw",NA,NA,NA,NA,"pared"
"SI_2023","g_upper_var_nwx",NA,NA,NA,NA,"pared"
"SI_2023","g_upper_var_nw",NA,NA,NA,NA,"pared"
"SI_2023","g_upper_d_gini",NA,NA,NA,NA,"pared"
"SI_2023","g_upper_r_gini",NA,NA,NA,NA,"pared"
"SI_2023","g_upper_d_cv2",NA,NA,NA,NA,"pared"
"SI_2023","g_upper_d_var",NA,NA,NA,NA,"pared"
"SI_2023","did_gini",NA,NA,NA,NA,"pared"
"SI_2023","did_cv2",NA,NA,NA,NA,"pared"
"SI_2023","did_var",NA,NA,NA,NA,"pared"
"SI_2023","rratio_gini",NA,NA,NA,NA,"pared"
"SK_2023","g_lower_wshare",NA,NA,NA,NA,"pared"
"SK_2023","g_lower_mean_nwx",NA,NA,NA,NA,"pared"
"SK_2023","g_lower_mean_nw",NA,NA,NA,NA,"pared"
"SK_2023","g_lower_mean_wt",NA,NA,NA,NA,"pared"
"SK_2023","g_lower_wt_over_nwx",NA,NA,NA,NA,"pared"
"SK_2023","g_lower_wt_volshare",NA,NA,NA,NA,"pared"
"SK_2023","g_lower_gini_nwx",NA,NA,NA,NA,"pared"
"SK_2023","g_lower_gini_nw",NA,NA,NA,NA,"pared"
"SK_2023","g_lower_cv2_nwx",NA,NA,NA,NA,"pared"
"SK_2023","g_lower_cv2_nw",NA,NA,NA,NA,"pared"
"SK_2023","g_lower_var_nwx",NA,NA,NA,NA,"pared"
"SK_2023","g_lower_var_nw",NA,NA,NA,NA,"pared"
"SK_2023","g_lower_d_gini",NA,NA,NA,NA,"pared"
"SK_2023","g_lower_r_gini",NA,NA,NA,NA,"pared"
"SK_2023","g_lower_d_cv2",NA,NA,NA,NA,"pared"
"SK_2023","g_lower_d_var",NA,NA,NA,NA,"pared"
"SK_2023","g_upper_wshare",NA,NA,NA,NA,"pared"
"SK_2023","g_upper_mean_nwx",NA,NA,NA,NA,"pared"
"SK_2023","g_upper_mean_nw",NA,NA,NA,NA,"pared"
"SK_2023","g_upper_mean_wt",NA,NA,NA,NA,"pared"
"SK_2023","g_upper_wt_over_nwx",NA,NA,NA,NA,"pared"
"SK_2023","g_upper_wt_volshare",NA,NA,NA,NA,"pared"
"SK_2023","g_upper_gini_nwx",NA,NA,NA,NA,"pared"
"SK_2023","g_upper_gini_nw",NA,NA,NA,NA,"pared"
"SK_2023","g_upper_cv2_nwx",NA,NA,NA,NA,"pared"
"SK_2023","g_upper_cv2_nw",NA,NA,NA,NA,"pared"
"SK_2023","g_upper_var_nwx",NA,NA,NA,NA,"pared"
"SK_2023","g_upper_var_nw",NA,NA,NA,NA,"pared"
"SK_2023","g_upper_d_gini",NA,NA,NA,NA,"pared"
"SK_2023","g_upper_r_gini",NA,NA,NA,NA,"pared"
"SK_2023","g_upper_d_cv2",NA,NA,NA,NA,"pared"
"SK_2023","g_upper_d_var",NA,NA,NA,NA,"pared"
"SK_2023","did_gini",NA,NA,NA,NA,"pared"
"SK_2023","did_cv2",NA,NA,NA,NA,"pared"
"SK_2023","did_var",NA,NA,NA,NA,"pared"
"SK_2023","rratio_gini",NA,NA,NA,NA,"pared"
"AT_2023","g_lower_wshare",NA,NA,NA,NA,"pared_max"
"AT_2023","g_lower_mean_nwx",NA,NA,NA,NA,"pared_max"
"AT_2023","g_lower_mean_nw",NA,NA,NA,NA,"pared_max"
"AT_2023","g_lower_mean_wt",NA,NA,NA,NA,"pared_max"
"AT_2023","g_lower_wt_over_nwx",NA,NA,NA,NA,"pared_max"
"AT_2023","g_lower_wt_volshare",NA,NA,NA,NA,"pared_max"
"AT_2023","g_lower_gini_nwx",NA,NA,NA,NA,"pared_max"
"AT_2023","g_lower_gini_nw",NA,NA,NA,NA,"pared_max"
"AT_2023","g_lower_cv2_nwx",NA,NA,NA,NA,"pared_max"
"AT_2023","g_lower_cv2_nw",NA,NA,NA,NA,"pared_max"
"AT_2023","g_lower_var_nwx",NA,NA,NA,NA,"pared_max"
"AT_2023","g_lower_var_nw",NA,NA,NA,NA,"pared_max"
"AT_2023","g_lower_d_gini",NA,NA,NA,NA,"pared_max"
"AT_2023","g_lower_r_gini",NA,NA,NA,NA,"pared_max"
"AT_2023","g_lower_d_cv2",NA,NA,NA,NA,"pared_max"
"AT_2023","g_lower_d_var",NA,NA,NA,NA,"pared_max"
"AT_2023","g_upper_wshare",NA,NA,NA,NA,"pared_max"
"AT_2023","g_upper_mean_nwx",NA,NA,NA,NA,"pared_max"
"AT_2023","g_upper_mean_nw",NA,NA,NA,NA,"pared_max"
"AT_2023","g_upper_mean_wt",NA,NA,NA,NA,"pared_max"
"AT_2023","g_upper_wt_over_nwx",NA,NA,NA,NA,"pared_max"
"AT_2023","g_upper_wt_volshare",NA,NA,NA,NA,"pared_max"
"AT_2023","g_upper_gini_nwx",NA,NA,NA,NA,"pared_max"
"AT_2023","g_upper_gini_nw",NA,NA,NA,NA,"pared_max"
"AT_2023","g_upper_cv2_nwx",NA,NA,NA,NA,"pared_max"
"AT_2023","g_upper_cv2_nw",NA,NA,NA,NA,"pared_max"
"AT_2023","g_upper_var_nwx",NA,NA,NA,NA,"pared_max"
"AT_2023","g_upper_var_nw",NA,NA,NA,NA,"pared_max"
"AT_2023","g_upper_d_gini",NA,NA,NA,NA,"pared_max"
"AT_2023","g_upper_r_gini",NA,NA,NA,NA,"pared_max"
"AT_2023","g_upper_d_cv2",NA,NA,NA,NA,"pared_max"
"AT_2023","g_upper_d_var",NA,NA,NA,NA,"pared_max"
"AT_2023","did_gini",NA,NA,NA,NA,"pared_max"
"AT_2023","did_cv2",NA,NA,NA,NA,"pared_max"
"AT_2023","did_var",NA,NA,NA,NA,"pared_max"
"AT_2023","rratio_gini",NA,NA,NA,NA,"pared_max"
"BE_2023","g_lower_wshare",NA,NA,NA,NA,"pared_max"
"BE_2023","g_lower_mean_nwx",NA,NA,NA,NA,"pared_max"
"BE_2023","g_lower_mean_nw",NA,NA,NA,NA,"pared_max"
"BE_2023","g_lower_mean_wt",NA,NA,NA,NA,"pared_max"
"BE_2023","g_lower_wt_over_nwx",NA,NA,NA,NA,"pared_max"
"BE_2023","g_lower_wt_volshare",NA,NA,NA,NA,"pared_max"
"BE_2023","g_lower_gini_nwx",NA,NA,NA,NA,"pared_max"
"BE_2023","g_lower_gini_nw",NA,NA,NA,NA,"pared_max"
"BE_2023","g_lower_cv2_nwx",NA,NA,NA,NA,"pared_max"
"BE_2023","g_lower_cv2_nw",NA,NA,NA,NA,"pared_max"
"BE_2023","g_lower_var_nwx",NA,NA,NA,NA,"pared_max"
"BE_2023","g_lower_var_nw",NA,NA,NA,NA,"pared_max"
"BE_2023","g_lower_d_gini",NA,NA,NA,NA,"pared_max"
"BE_2023","g_lower_r_gini",NA,NA,NA,NA,"pared_max"
"BE_2023","g_lower_d_cv2",NA,NA,NA,NA,"pared_max"
"BE_2023","g_lower_d_var",NA,NA,NA,NA,"pared_max"
"BE_2023","g_upper_wshare",NA,NA,NA,NA,"pared_max"
"BE_2023","g_upper_mean_nwx",NA,NA,NA,NA,"pared_max"
"BE_2023","g_upper_mean_nw",NA,NA,NA,NA,"pared_max"
"BE_2023","g_upper_mean_wt",NA,NA,NA,NA,"pared_max"
"BE_2023","g_upper_wt_over_nwx",NA,NA,NA,NA,"pared_max"
"BE_2023","g_upper_wt_volshare",NA,NA,NA,NA,"pared_max"
"BE_2023","g_upper_gini_nwx",NA,NA,NA,NA,"pared_max"
"BE_2023","g_upper_gini_nw",NA,NA,NA,NA,"pared_max"
"BE_2023","g_upper_cv2_nwx",NA,NA,NA,NA,"pared_max"
"BE_2023","g_upper_cv2_nw",NA,NA,NA,NA,"pared_max"
"BE_2023","g_upper_var_nwx",NA,NA,NA,NA,"pared_max"
"BE_2023","g_upper_var_nw",NA,NA,NA,NA,"pared_max"
"BE_2023","g_upper_d_gini",NA,NA,NA,NA,"pared_max"
"BE_2023","g_upper_r_gini",NA,NA,NA,NA,"pared_max"
"BE_2023","g_upper_d_cv2",NA,NA,NA,NA,"pared_max"
"BE_2023","g_upper_d_var",NA,NA,NA,NA,"pared_max"
"BE_2023","did_gini",NA,NA,NA,NA,"pared_max"
"BE_2023","did_cv2",NA,NA,NA,NA,"pared_max"
"BE_2023","did_var",NA,NA,NA,NA,"pared_max"
"BE_2023","rratio_gini",NA,NA,NA,NA,"pared_max"
"CY_2023","g_lower_wshare",0.858128716387557,0.0135966269293303,0.831479327606069,0.884778105169044,"pared_max"
"CY_2023","g_lower_mean_nwx",254046.225551283,20586.7792034549,213696.138312511,294396.312790054,"pared_max"
"CY_2023","g_lower_mean_nw",358974.2962832,20842.0775961628,318123.824194721,399824.768371679,"pared_max"
"CY_2023","g_lower_mean_wt",104928.070731917,9786.12995770715,85747.256014811,124108.885449023,"pared_max"
"CY_2023","g_lower_wt_over_nwx",0.413365175021956,0.0569348584811176,0.301772852398965,0.524957497644946,"pared_max"
"CY_2023","g_lower_wt_volshare",0.78154955347547,0.0608306566445726,0.662321466452108,0.900777640498832,"pared_max"
"CY_2023","g_lower_gini_nwx",0.868732983153023,0.0489959752605276,0.772700871642389,0.964765094663657,"pared_max"
"CY_2023","g_lower_gini_nw",0.607487468393162,0.0197632314755903,0.568751534701005,0.646223402085319,"pared_max"
"CY_2023","g_lower_cv2_nwx",4.28168702640908,0.929312614375951,2.46023430223221,6.10313975058594,"pared_max"
"CY_2023","g_lower_cv2_nw",2.21117589822352,0.468385837219295,1.2931396572737,3.12921213917334,"pared_max"
"CY_2023","g_lower_var_nwx",278376943881.709,85689564584.9242,110425397295.258,446328490468.16,"pared_max"
"CY_2023","g_lower_var_nw",286443280423.297,83622131722.475,122543902247.246,450342658599.348,"pared_max"
"CY_2023","g_lower_d_gini",-0.261245514759861,0.0451482615934096,-0.349736107482943,-0.172754922036778,"pared_max"
"CY_2023","g_lower_r_gini",0.699298488720963,0.0365155231730378,0.627728063301809,0.770868914140117,"pared_max"
"CY_2023","g_lower_d_cv2",-2.07051112818556,0.545272655159766,-3.1392455322987,-1.00177672407242,"pared_max"
"CY_2023","g_lower_d_var",8066336541.58844,12262587082.6793,-15968334140.463,32101007223.6399,"pared_max"
"CY_2023","g_upper_wshare",0.141871283612443,0.0135966269293303,0.115221894830956,0.168520672393931,"pared_max"
"CY_2023","g_upper_mean_nwx",400918.333832569,71423.8687667655,260927.551049709,540909.11661543,"pared_max"
"CY_2023","g_upper_mean_nw",578330.374049212,68472.3415949388,444124.584523132,712536.163575292,"pared_max"
"CY_2023","g_upper_mean_wt",177412.040216643,58290.6299235115,63162.4055665605,291661.674866725,"pared_max"
"CY_2023","g_upper_wt_over_nwx",0.442615335519697,0.246844579706435,-0.0412000407049157,0.926430711744309,"pared_max"
"CY_2023","g_upper_wt_volshare",0.21845044652453,0.0608306566445726,0.0992223595011678,0.337678533547892,"pared_max"
"CY_2023","g_upper_gini_nwx",0.813478502437862,0.216621057995063,0.388901228767539,1.23805577610818,"pared_max"
"CY_2023","g_upper_gini_nw",0.557690182105317,0.031305007992438,0.496332366440139,0.619047997770495,"pared_max"
"CY_2023","g_upper_cv2_nwx",3.83688907753569,2.97856307957967,-2.00109455844047,9.67487271351184,"pared_max"
"CY_2023","g_upper_cv2_nw",1.87291998166958,0.560419356343906,0.774498043235521,2.97134192010363,"pared_max"
"CY_2023","g_upper_var_nwx",615733883784.481,200672971048.912,222414860528.613,1009052907040.35,"pared_max"
"CY_2023","g_upper_var_nw",626080810901.244,221056613827.4,192809847799.541,1059351774002.95,"pared_max"
"CY_2023","g_upper_d_gini",-0.255788320332545,0.218462375890839,-0.68397457707859,0.1723979364135,"pared_max"
"CY_2023","g_upper_r_gini",0.685801570974814,0.146536581432078,0.398589871367941,0.973013270581687,"pared_max"
"CY_2023","g_upper_d_cv2",-1.96396909586611,2.92486148294325,-7.69669760243487,3.76875941070265,"pared_max"
"CY_2023","g_upper_d_var",10346927116.7627,139621991811.927,-263312176834.615,284006031068.14,"pared_max"
"CY_2023","did_gini",-0.00545719442731567,0.225598588731555,-0.447630428341164,0.436716039486533,"pared_max"
"CY_2023","did_cv2",-0.106542032319449,3.02334817095815,-6.03230444739742,5.81922038275853,"pared_max"
"CY_2023","did_var",-2280590575.17428,140397064515.475,-277458837025.505,272897655875.156,"pared_max"
"CY_2023","rratio_gini",1.01983503133721,0.291579084538875,0.448340025641018,1.59133003703341,"pared_max"
"DE_2023","g_lower_wshare",NA,NA,NA,NA,"pared_max"
"DE_2023","g_lower_mean_nwx",NA,NA,NA,NA,"pared_max"
"DE_2023","g_lower_mean_nw",NA,NA,NA,NA,"pared_max"
"DE_2023","g_lower_mean_wt",NA,NA,NA,NA,"pared_max"
"DE_2023","g_lower_wt_over_nwx",NA,NA,NA,NA,"pared_max"
"DE_2023","g_lower_wt_volshare",NA,NA,NA,NA,"pared_max"
"DE_2023","g_lower_gini_nwx",NA,NA,NA,NA,"pared_max"
"DE_2023","g_lower_gini_nw",NA,NA,NA,NA,"pared_max"
"DE_2023","g_lower_cv2_nwx",NA,NA,NA,NA,"pared_max"
"DE_2023","g_lower_cv2_nw",NA,NA,NA,NA,"pared_max"
"DE_2023","g_lower_var_nwx",NA,NA,NA,NA,"pared_max"
"DE_2023","g_lower_var_nw",NA,NA,NA,NA,"pared_max"
"DE_2023","g_lower_d_gini",NA,NA,NA,NA,"pared_max"
"DE_2023","g_lower_r_gini",NA,NA,NA,NA,"pared_max"
"DE_2023","g_lower_d_cv2",NA,NA,NA,NA,"pared_max"
"DE_2023","g_lower_d_var",NA,NA,NA,NA,"pared_max"
"DE_2023","g_upper_wshare",NA,NA,NA,NA,"pared_max"
"DE_2023","g_upper_mean_nwx",NA,NA,NA,NA,"pared_max"
"DE_2023","g_upper_mean_nw",NA,NA,NA,NA,"pared_max"
"DE_2023","g_upper_mean_wt",NA,NA,NA,NA,"pared_max"
"DE_2023","g_upper_wt_over_nwx",NA,NA,NA,NA,"pared_max"
"DE_2023","g_upper_wt_volshare",NA,NA,NA,NA,"pared_max"
"DE_2023","g_upper_gini_nwx",NA,NA,NA,NA,"pared_max"
"DE_2023","g_upper_gini_nw",NA,NA,NA,NA,"pared_max"
"DE_2023","g_upper_cv2_nwx",NA,NA,NA,NA,"pared_max"
"DE_2023","g_upper_cv2_nw",NA,NA,NA,NA,"pared_max"
"DE_2023","g_upper_var_nwx",NA,NA,NA,NA,"pared_max"
"DE_2023","g_upper_var_nw",NA,NA,NA,NA,"pared_max"
"DE_2023","g_upper_d_gini",NA,NA,NA,NA,"pared_max"
"DE_2023","g_upper_r_gini",NA,NA,NA,NA,"pared_max"
"DE_2023","g_upper_d_cv2",NA,NA,NA,NA,"pared_max"
"DE_2023","g_upper_d_var",NA,NA,NA,NA,"pared_max"
"DE_2023","did_gini",NA,NA,NA,NA,"pared_max"
"DE_2023","did_cv2",NA,NA,NA,NA,"pared_max"
"DE_2023","did_var",NA,NA,NA,NA,"pared_max"
"DE_2023","rratio_gini",NA,NA,NA,NA,"pared_max"
"EE_2023","g_lower_wshare",NA,NA,NA,NA,"pared_max"
"EE_2023","g_lower_mean_nwx",NA,NA,NA,NA,"pared_max"
"EE_2023","g_lower_mean_nw",NA,NA,NA,NA,"pared_max"
"EE_2023","g_lower_mean_wt",NA,NA,NA,NA,"pared_max"
"EE_2023","g_lower_wt_over_nwx",NA,NA,NA,NA,"pared_max"
"EE_2023","g_lower_wt_volshare",NA,NA,NA,NA,"pared_max"
"EE_2023","g_lower_gini_nwx",NA,NA,NA,NA,"pared_max"
"EE_2023","g_lower_gini_nw",NA,NA,NA,NA,"pared_max"
"EE_2023","g_lower_cv2_nwx",NA,NA,NA,NA,"pared_max"
"EE_2023","g_lower_cv2_nw",NA,NA,NA,NA,"pared_max"
"EE_2023","g_lower_var_nwx",NA,NA,NA,NA,"pared_max"
"EE_2023","g_lower_var_nw",NA,NA,NA,NA,"pared_max"
"EE_2023","g_lower_d_gini",NA,NA,NA,NA,"pared_max"
"EE_2023","g_lower_r_gini",NA,NA,NA,NA,"pared_max"
"EE_2023","g_lower_d_cv2",NA,NA,NA,NA,"pared_max"
"EE_2023","g_lower_d_var",NA,NA,NA,NA,"pared_max"
"EE_2023","g_upper_wshare",NA,NA,NA,NA,"pared_max"
"EE_2023","g_upper_mean_nwx",NA,NA,NA,NA,"pared_max"
"EE_2023","g_upper_mean_nw",NA,NA,NA,NA,"pared_max"
"EE_2023","g_upper_mean_wt",NA,NA,NA,NA,"pared_max"
"EE_2023","g_upper_wt_over_nwx",NA,NA,NA,NA,"pared_max"
"EE_2023","g_upper_wt_volshare",NA,NA,NA,NA,"pared_max"
"EE_2023","g_upper_gini_nwx",NA,NA,NA,NA,"pared_max"
"EE_2023","g_upper_gini_nw",NA,NA,NA,NA,"pared_max"
"EE_2023","g_upper_cv2_nwx",NA,NA,NA,NA,"pared_max"
"EE_2023","g_upper_cv2_nw",NA,NA,NA,NA,"pared_max"
"EE_2023","g_upper_var_nwx",NA,NA,NA,NA,"pared_max"
"EE_2023","g_upper_var_nw",NA,NA,NA,NA,"pared_max"
"EE_2023","g_upper_d_gini",NA,NA,NA,NA,"pared_max"
"EE_2023","g_upper_r_gini",NA,NA,NA,NA,"pared_max"
"EE_2023","g_upper_d_cv2",NA,NA,NA,NA,"pared_max"
"EE_2023","g_upper_d_var",NA,NA,NA,NA,"pared_max"
"EE_2023","did_gini",NA,NA,NA,NA,"pared_max"
"EE_2023","did_cv2",NA,NA,NA,NA,"pared_max"
"EE_2023","did_var",NA,NA,NA,NA,"pared_max"
"EE_2023","rratio_gini",NA,NA,NA,NA,"pared_max"
"ES_2023","g_lower_wshare",NA,NA,NA,NA,"pared_max"
"ES_2023","g_lower_mean_nwx",NA,NA,NA,NA,"pared_max"
"ES_2023","g_lower_mean_nw",NA,NA,NA,NA,"pared_max"
"ES_2023","g_lower_mean_wt",NA,NA,NA,NA,"pared_max"
"ES_2023","g_lower_wt_over_nwx",NA,NA,NA,NA,"pared_max"
"ES_2023","g_lower_wt_volshare",NA,NA,NA,NA,"pared_max"
"ES_2023","g_lower_gini_nwx",NA,NA,NA,NA,"pared_max"
"ES_2023","g_lower_gini_nw",NA,NA,NA,NA,"pared_max"
"ES_2023","g_lower_cv2_nwx",NA,NA,NA,NA,"pared_max"
"ES_2023","g_lower_cv2_nw",NA,NA,NA,NA,"pared_max"
"ES_2023","g_lower_var_nwx",NA,NA,NA,NA,"pared_max"
"ES_2023","g_lower_var_nw",NA,NA,NA,NA,"pared_max"
"ES_2023","g_lower_d_gini",NA,NA,NA,NA,"pared_max"
"ES_2023","g_lower_r_gini",NA,NA,NA,NA,"pared_max"
"ES_2023","g_lower_d_cv2",NA,NA,NA,NA,"pared_max"
"ES_2023","g_lower_d_var",NA,NA,NA,NA,"pared_max"
"ES_2023","g_upper_wshare",NA,NA,NA,NA,"pared_max"
"ES_2023","g_upper_mean_nwx",NA,NA,NA,NA,"pared_max"
"ES_2023","g_upper_mean_nw",NA,NA,NA,NA,"pared_max"
"ES_2023","g_upper_mean_wt",NA,NA,NA,NA,"pared_max"
"ES_2023","g_upper_wt_over_nwx",NA,NA,NA,NA,"pared_max"
"ES_2023","g_upper_wt_volshare",NA,NA,NA,NA,"pared_max"
"ES_2023","g_upper_gini_nwx",NA,NA,NA,NA,"pared_max"
"ES_2023","g_upper_gini_nw",NA,NA,NA,NA,"pared_max"
"ES_2023","g_upper_cv2_nwx",NA,NA,NA,NA,"pared_max"
"ES_2023","g_upper_cv2_nw",NA,NA,NA,NA,"pared_max"
"ES_2023","g_upper_var_nwx",NA,NA,NA,NA,"pared_max"
"ES_2023","g_upper_var_nw",NA,NA,NA,NA,"pared_max"
"ES_2023","g_upper_d_gini",NA,NA,NA,NA,"pared_max"
"ES_2023","g_upper_r_gini",NA,NA,NA,NA,"pared_max"
"ES_2023","g_upper_d_cv2",NA,NA,NA,NA,"pared_max"
"ES_2023","g_upper_d_var",NA,NA,NA,NA,"pared_max"
"ES_2023","did_gini",NA,NA,NA,NA,"pared_max"
"ES_2023","did_cv2",NA,NA,NA,NA,"pared_max"
"ES_2023","did_var",NA,NA,NA,NA,"pared_max"
"ES_2023","rratio_gini",NA,NA,NA,NA,"pared_max"
"FR_2023","g_lower_wshare",NA,NA,NA,NA,"pared_max"
"FR_2023","g_lower_mean_nwx",NA,NA,NA,NA,"pared_max"
"FR_2023","g_lower_mean_nw",NA,NA,NA,NA,"pared_max"
"FR_2023","g_lower_mean_wt",NA,NA,NA,NA,"pared_max"
"FR_2023","g_lower_wt_over_nwx",NA,NA,NA,NA,"pared_max"
"FR_2023","g_lower_wt_volshare",NA,NA,NA,NA,"pared_max"
"FR_2023","g_lower_gini_nwx",NA,NA,NA,NA,"pared_max"
"FR_2023","g_lower_gini_nw",NA,NA,NA,NA,"pared_max"
"FR_2023","g_lower_cv2_nwx",NA,NA,NA,NA,"pared_max"
"FR_2023","g_lower_cv2_nw",NA,NA,NA,NA,"pared_max"
"FR_2023","g_lower_var_nwx",NA,NA,NA,NA,"pared_max"
"FR_2023","g_lower_var_nw",NA,NA,NA,NA,"pared_max"
"FR_2023","g_lower_d_gini",NA,NA,NA,NA,"pared_max"
"FR_2023","g_lower_r_gini",NA,NA,NA,NA,"pared_max"
"FR_2023","g_lower_d_cv2",NA,NA,NA,NA,"pared_max"
"FR_2023","g_lower_d_var",NA,NA,NA,NA,"pared_max"
"FR_2023","g_upper_wshare",NA,NA,NA,NA,"pared_max"
"FR_2023","g_upper_mean_nwx",NA,NA,NA,NA,"pared_max"
"FR_2023","g_upper_mean_nw",NA,NA,NA,NA,"pared_max"
"FR_2023","g_upper_mean_wt",NA,NA,NA,NA,"pared_max"
"FR_2023","g_upper_wt_over_nwx",NA,NA,NA,NA,"pared_max"
"FR_2023","g_upper_wt_volshare",NA,NA,NA,NA,"pared_max"
"FR_2023","g_upper_gini_nwx",NA,NA,NA,NA,"pared_max"
"FR_2023","g_upper_gini_nw",NA,NA,NA,NA,"pared_max"
"FR_2023","g_upper_cv2_nwx",NA,NA,NA,NA,"pared_max"
"FR_2023","g_upper_cv2_nw",NA,NA,NA,NA,"pared_max"
"FR_2023","g_upper_var_nwx",NA,NA,NA,NA,"pared_max"
"FR_2023","g_upper_var_nw",NA,NA,NA,NA,"pared_max"
"FR_2023","g_upper_d_gini",NA,NA,NA,NA,"pared_max"
"FR_2023","g_upper_r_gini",NA,NA,NA,NA,"pared_max"
"FR_2023","g_upper_d_cv2",NA,NA,NA,NA,"pared_max"
"FR_2023","g_upper_d_var",NA,NA,NA,NA,"pared_max"
"FR_2023","did_gini",NA,NA,NA,NA,"pared_max"
"FR_2023","did_cv2",NA,NA,NA,NA,"pared_max"
"FR_2023","did_var",NA,NA,NA,NA,"pared_max"
"FR_2023","rratio_gini",NA,NA,NA,NA,"pared_max"
"GR_2023","g_lower_wshare",NA,NA,NA,NA,"pared_max"
"GR_2023","g_lower_mean_nwx",NA,NA,NA,NA,"pared_max"
"GR_2023","g_lower_mean_nw",NA,NA,NA,NA,"pared_max"
"GR_2023","g_lower_mean_wt",NA,NA,NA,NA,"pared_max"
"GR_2023","g_lower_wt_over_nwx",NA,NA,NA,NA,"pared_max"
"GR_2023","g_lower_wt_volshare",NA,NA,NA,NA,"pared_max"
"GR_2023","g_lower_gini_nwx",NA,NA,NA,NA,"pared_max"
"GR_2023","g_lower_gini_nw",NA,NA,NA,NA,"pared_max"
"GR_2023","g_lower_cv2_nwx",NA,NA,NA,NA,"pared_max"
"GR_2023","g_lower_cv2_nw",NA,NA,NA,NA,"pared_max"
"GR_2023","g_lower_var_nwx",NA,NA,NA,NA,"pared_max"
"GR_2023","g_lower_var_nw",NA,NA,NA,NA,"pared_max"
"GR_2023","g_lower_d_gini",NA,NA,NA,NA,"pared_max"
"GR_2023","g_lower_r_gini",NA,NA,NA,NA,"pared_max"
"GR_2023","g_lower_d_cv2",NA,NA,NA,NA,"pared_max"
"GR_2023","g_lower_d_var",NA,NA,NA,NA,"pared_max"
"GR_2023","g_upper_wshare",NA,NA,NA,NA,"pared_max"
"GR_2023","g_upper_mean_nwx",NA,NA,NA,NA,"pared_max"
"GR_2023","g_upper_mean_nw",NA,NA,NA,NA,"pared_max"
"GR_2023","g_upper_mean_wt",NA,NA,NA,NA,"pared_max"
"GR_2023","g_upper_wt_over_nwx",NA,NA,NA,NA,"pared_max"
"GR_2023","g_upper_wt_volshare",NA,NA,NA,NA,"pared_max"
"GR_2023","g_upper_gini_nwx",NA,NA,NA,NA,"pared_max"
"GR_2023","g_upper_gini_nw",NA,NA,NA,NA,"pared_max"
"GR_2023","g_upper_cv2_nwx",NA,NA,NA,NA,"pared_max"
"GR_2023","g_upper_cv2_nw",NA,NA,NA,NA,"pared_max"
"GR_2023","g_upper_var_nwx",NA,NA,NA,NA,"pared_max"
"GR_2023","g_upper_var_nw",NA,NA,NA,NA,"pared_max"
"GR_2023","g_upper_d_gini",NA,NA,NA,NA,"pared_max"
"GR_2023","g_upper_r_gini",NA,NA,NA,NA,"pared_max"
"GR_2023","g_upper_d_cv2",NA,NA,NA,NA,"pared_max"
"GR_2023","g_upper_d_var",NA,NA,NA,NA,"pared_max"
"GR_2023","did_gini",NA,NA,NA,NA,"pared_max"
"GR_2023","did_cv2",NA,NA,NA,NA,"pared_max"
"GR_2023","did_var",NA,NA,NA,NA,"pared_max"
"GR_2023","rratio_gini",NA,NA,NA,NA,"pared_max"
"HR_2023","g_lower_wshare",NA,NA,NA,NA,"pared_max"
"HR_2023","g_lower_mean_nwx",NA,NA,NA,NA,"pared_max"
"HR_2023","g_lower_mean_nw",NA,NA,NA,NA,"pared_max"
"HR_2023","g_lower_mean_wt",NA,NA,NA,NA,"pared_max"
"HR_2023","g_lower_wt_over_nwx",NA,NA,NA,NA,"pared_max"
"HR_2023","g_lower_wt_volshare",NA,NA,NA,NA,"pared_max"
"HR_2023","g_lower_gini_nwx",NA,NA,NA,NA,"pared_max"
"HR_2023","g_lower_gini_nw",NA,NA,NA,NA,"pared_max"
"HR_2023","g_lower_cv2_nwx",NA,NA,NA,NA,"pared_max"
"HR_2023","g_lower_cv2_nw",NA,NA,NA,NA,"pared_max"
"HR_2023","g_lower_var_nwx",NA,NA,NA,NA,"pared_max"
"HR_2023","g_lower_var_nw",NA,NA,NA,NA,"pared_max"
"HR_2023","g_lower_d_gini",NA,NA,NA,NA,"pared_max"
"HR_2023","g_lower_r_gini",NA,NA,NA,NA,"pared_max"
"HR_2023","g_lower_d_cv2",NA,NA,NA,NA,"pared_max"
"HR_2023","g_lower_d_var",NA,NA,NA,NA,"pared_max"
"HR_2023","g_upper_wshare",NA,NA,NA,NA,"pared_max"
"HR_2023","g_upper_mean_nwx",NA,NA,NA,NA,"pared_max"
"HR_2023","g_upper_mean_nw",NA,NA,NA,NA,"pared_max"
"HR_2023","g_upper_mean_wt",NA,NA,NA,NA,"pared_max"
"HR_2023","g_upper_wt_over_nwx",NA,NA,NA,NA,"pared_max"
"HR_2023","g_upper_wt_volshare",NA,NA,NA,NA,"pared_max"
"HR_2023","g_upper_gini_nwx",NA,NA,NA,NA,"pared_max"
"HR_2023","g_upper_gini_nw",NA,NA,NA,NA,"pared_max"
"HR_2023","g_upper_cv2_nwx",NA,NA,NA,NA,"pared_max"
"HR_2023","g_upper_cv2_nw",NA,NA,NA,NA,"pared_max"
"HR_2023","g_upper_var_nwx",NA,NA,NA,NA,"pared_max"
"HR_2023","g_upper_var_nw",NA,NA,NA,NA,"pared_max"
"HR_2023","g_upper_d_gini",NA,NA,NA,NA,"pared_max"
"HR_2023","g_upper_r_gini",NA,NA,NA,NA,"pared_max"
"HR_2023","g_upper_d_cv2",NA,NA,NA,NA,"pared_max"
"HR_2023","g_upper_d_var",NA,NA,NA,NA,"pared_max"
"HR_2023","did_gini",NA,NA,NA,NA,"pared_max"
"HR_2023","did_cv2",NA,NA,NA,NA,"pared_max"
"HR_2023","did_var",NA,NA,NA,NA,"pared_max"
"HR_2023","rratio_gini",NA,NA,NA,NA,"pared_max"
"HU_2023","g_lower_wshare",NA,NA,NA,NA,"pared_max"
"HU_2023","g_lower_mean_nwx",NA,NA,NA,NA,"pared_max"
"HU_2023","g_lower_mean_nw",NA,NA,NA,NA,"pared_max"
"HU_2023","g_lower_mean_wt",NA,NA,NA,NA,"pared_max"
"HU_2023","g_lower_wt_over_nwx",NA,NA,NA,NA,"pared_max"
"HU_2023","g_lower_wt_volshare",NA,NA,NA,NA,"pared_max"
"HU_2023","g_lower_gini_nwx",NA,NA,NA,NA,"pared_max"
"HU_2023","g_lower_gini_nw",NA,NA,NA,NA,"pared_max"
"HU_2023","g_lower_cv2_nwx",NA,NA,NA,NA,"pared_max"
"HU_2023","g_lower_cv2_nw",NA,NA,NA,NA,"pared_max"
"HU_2023","g_lower_var_nwx",NA,NA,NA,NA,"pared_max"
"HU_2023","g_lower_var_nw",NA,NA,NA,NA,"pared_max"
"HU_2023","g_lower_d_gini",NA,NA,NA,NA,"pared_max"
"HU_2023","g_lower_r_gini",NA,NA,NA,NA,"pared_max"
"HU_2023","g_lower_d_cv2",NA,NA,NA,NA,"pared_max"
"HU_2023","g_lower_d_var",NA,NA,NA,NA,"pared_max"
"HU_2023","g_upper_wshare",NA,NA,NA,NA,"pared_max"
"HU_2023","g_upper_mean_nwx",NA,NA,NA,NA,"pared_max"
"HU_2023","g_upper_mean_nw",NA,NA,NA,NA,"pared_max"
"HU_2023","g_upper_mean_wt",NA,NA,NA,NA,"pared_max"
"HU_2023","g_upper_wt_over_nwx",NA,NA,NA,NA,"pared_max"
"HU_2023","g_upper_wt_volshare",NA,NA,NA,NA,"pared_max"
"HU_2023","g_upper_gini_nwx",NA,NA,NA,NA,"pared_max"
"HU_2023","g_upper_gini_nw",NA,NA,NA,NA,"pared_max"
"HU_2023","g_upper_cv2_nwx",NA,NA,NA,NA,"pared_max"
"HU_2023","g_upper_cv2_nw",NA,NA,NA,NA,"pared_max"
"HU_2023","g_upper_var_nwx",NA,NA,NA,NA,"pared_max"
"HU_2023","g_upper_var_nw",NA,NA,NA,NA,"pared_max"
"HU_2023","g_upper_d_gini",NA,NA,NA,NA,"pared_max"
"HU_2023","g_upper_r_gini",NA,NA,NA,NA,"pared_max"
"HU_2023","g_upper_d_cv2",NA,NA,NA,NA,"pared_max"
"HU_2023","g_upper_d_var",NA,NA,NA,NA,"pared_max"
"HU_2023","did_gini",NA,NA,NA,NA,"pared_max"
"HU_2023","did_cv2",NA,NA,NA,NA,"pared_max"
"HU_2023","did_var",NA,NA,NA,NA,"pared_max"
"HU_2023","rratio_gini",NA,NA,NA,NA,"pared_max"
"LT_2023","g_lower_wshare",NA,NA,NA,NA,"pared_max"
"LT_2023","g_lower_mean_nwx",NA,NA,NA,NA,"pared_max"
"LT_2023","g_lower_mean_nw",NA,NA,NA,NA,"pared_max"
"LT_2023","g_lower_mean_wt",NA,NA,NA,NA,"pared_max"
"LT_2023","g_lower_wt_over_nwx",NA,NA,NA,NA,"pared_max"
"LT_2023","g_lower_wt_volshare",NA,NA,NA,NA,"pared_max"
"LT_2023","g_lower_gini_nwx",NA,NA,NA,NA,"pared_max"
"LT_2023","g_lower_gini_nw",NA,NA,NA,NA,"pared_max"
"LT_2023","g_lower_cv2_nwx",NA,NA,NA,NA,"pared_max"
"LT_2023","g_lower_cv2_nw",NA,NA,NA,NA,"pared_max"
"LT_2023","g_lower_var_nwx",NA,NA,NA,NA,"pared_max"
"LT_2023","g_lower_var_nw",NA,NA,NA,NA,"pared_max"
"LT_2023","g_lower_d_gini",NA,NA,NA,NA,"pared_max"
"LT_2023","g_lower_r_gini",NA,NA,NA,NA,"pared_max"
"LT_2023","g_lower_d_cv2",NA,NA,NA,NA,"pared_max"
"LT_2023","g_lower_d_var",NA,NA,NA,NA,"pared_max"
"LT_2023","g_upper_wshare",NA,NA,NA,NA,"pared_max"
"LT_2023","g_upper_mean_nwx",NA,NA,NA,NA,"pared_max"
"LT_2023","g_upper_mean_nw",NA,NA,NA,NA,"pared_max"
"LT_2023","g_upper_mean_wt",NA,NA,NA,NA,"pared_max"
"LT_2023","g_upper_wt_over_nwx",NA,NA,NA,NA,"pared_max"
"LT_2023","g_upper_wt_volshare",NA,NA,NA,NA,"pared_max"
"LT_2023","g_upper_gini_nwx",NA,NA,NA,NA,"pared_max"
"LT_2023","g_upper_gini_nw",NA,NA,NA,NA,"pared_max"
"LT_2023","g_upper_cv2_nwx",NA,NA,NA,NA,"pared_max"
"LT_2023","g_upper_cv2_nw",NA,NA,NA,NA,"pared_max"
"LT_2023","g_upper_var_nwx",NA,NA,NA,NA,"pared_max"
"LT_2023","g_upper_var_nw",NA,NA,NA,NA,"pared_max"
"LT_2023","g_upper_d_gini",NA,NA,NA,NA,"pared_max"
"LT_2023","g_upper_r_gini",NA,NA,NA,NA,"pared_max"
"LT_2023","g_upper_d_cv2",NA,NA,NA,NA,"pared_max"
"LT_2023","g_upper_d_var",NA,NA,NA,NA,"pared_max"
"LT_2023","did_gini",NA,NA,NA,NA,"pared_max"
"LT_2023","did_cv2",NA,NA,NA,NA,"pared_max"
"LT_2023","did_var",NA,NA,NA,NA,"pared_max"
"LT_2023","rratio_gini",NA,NA,NA,NA,"pared_max"
"LU_2023","g_lower_wshare",NA,NA,NA,NA,"pared_max"
"LU_2023","g_lower_mean_nwx",NA,NA,NA,NA,"pared_max"
"LU_2023","g_lower_mean_nw",NA,NA,NA,NA,"pared_max"
"LU_2023","g_lower_mean_wt",NA,NA,NA,NA,"pared_max"
"LU_2023","g_lower_wt_over_nwx",NA,NA,NA,NA,"pared_max"
"LU_2023","g_lower_wt_volshare",NA,NA,NA,NA,"pared_max"
"LU_2023","g_lower_gini_nwx",NA,NA,NA,NA,"pared_max"
"LU_2023","g_lower_gini_nw",NA,NA,NA,NA,"pared_max"
"LU_2023","g_lower_cv2_nwx",NA,NA,NA,NA,"pared_max"
"LU_2023","g_lower_cv2_nw",NA,NA,NA,NA,"pared_max"
"LU_2023","g_lower_var_nwx",NA,NA,NA,NA,"pared_max"
"LU_2023","g_lower_var_nw",NA,NA,NA,NA,"pared_max"
"LU_2023","g_lower_d_gini",NA,NA,NA,NA,"pared_max"
"LU_2023","g_lower_r_gini",NA,NA,NA,NA,"pared_max"
"LU_2023","g_lower_d_cv2",NA,NA,NA,NA,"pared_max"
"LU_2023","g_lower_d_var",NA,NA,NA,NA,"pared_max"
"LU_2023","g_upper_wshare",NA,NA,NA,NA,"pared_max"
"LU_2023","g_upper_mean_nwx",NA,NA,NA,NA,"pared_max"
"LU_2023","g_upper_mean_nw",NA,NA,NA,NA,"pared_max"
"LU_2023","g_upper_mean_wt",NA,NA,NA,NA,"pared_max"
"LU_2023","g_upper_wt_over_nwx",NA,NA,NA,NA,"pared_max"
"LU_2023","g_upper_wt_volshare",NA,NA,NA,NA,"pared_max"
"LU_2023","g_upper_gini_nwx",NA,NA,NA,NA,"pared_max"
"LU_2023","g_upper_gini_nw",NA,NA,NA,NA,"pared_max"
"LU_2023","g_upper_cv2_nwx",NA,NA,NA,NA,"pared_max"
"LU_2023","g_upper_cv2_nw",NA,NA,NA,NA,"pared_max"
"LU_2023","g_upper_var_nwx",NA,NA,NA,NA,"pared_max"
"LU_2023","g_upper_var_nw",NA,NA,NA,NA,"pared_max"
"LU_2023","g_upper_d_gini",NA,NA,NA,NA,"pared_max"
"LU_2023","g_upper_r_gini",NA,NA,NA,NA,"pared_max"
"LU_2023","g_upper_d_cv2",NA,NA,NA,NA,"pared_max"
"LU_2023","g_upper_d_var",NA,NA,NA,NA,"pared_max"
"LU_2023","did_gini",NA,NA,NA,NA,"pared_max"
"LU_2023","did_cv2",NA,NA,NA,NA,"pared_max"
"LU_2023","did_var",NA,NA,NA,NA,"pared_max"
"LU_2023","rratio_gini",NA,NA,NA,NA,"pared_max"
"LV_2023","g_lower_wshare",NA,NA,NA,NA,"pared_max"
"LV_2023","g_lower_mean_nwx",NA,NA,NA,NA,"pared_max"
"LV_2023","g_lower_mean_nw",NA,NA,NA,NA,"pared_max"
"LV_2023","g_lower_mean_wt",NA,NA,NA,NA,"pared_max"
"LV_2023","g_lower_wt_over_nwx",NA,NA,NA,NA,"pared_max"
"LV_2023","g_lower_wt_volshare",NA,NA,NA,NA,"pared_max"
"LV_2023","g_lower_gini_nwx",NA,NA,NA,NA,"pared_max"
"LV_2023","g_lower_gini_nw",NA,NA,NA,NA,"pared_max"
"LV_2023","g_lower_cv2_nwx",NA,NA,NA,NA,"pared_max"
"LV_2023","g_lower_cv2_nw",NA,NA,NA,NA,"pared_max"
"LV_2023","g_lower_var_nwx",NA,NA,NA,NA,"pared_max"
"LV_2023","g_lower_var_nw",NA,NA,NA,NA,"pared_max"
"LV_2023","g_lower_d_gini",NA,NA,NA,NA,"pared_max"
"LV_2023","g_lower_r_gini",NA,NA,NA,NA,"pared_max"
"LV_2023","g_lower_d_cv2",NA,NA,NA,NA,"pared_max"
"LV_2023","g_lower_d_var",NA,NA,NA,NA,"pared_max"
"LV_2023","g_upper_wshare",NA,NA,NA,NA,"pared_max"
"LV_2023","g_upper_mean_nwx",NA,NA,NA,NA,"pared_max"
"LV_2023","g_upper_mean_nw",NA,NA,NA,NA,"pared_max"
"LV_2023","g_upper_mean_wt",NA,NA,NA,NA,"pared_max"
"LV_2023","g_upper_wt_over_nwx",NA,NA,NA,NA,"pared_max"
"LV_2023","g_upper_wt_volshare",NA,NA,NA,NA,"pared_max"
"LV_2023","g_upper_gini_nwx",NA,NA,NA,NA,"pared_max"
"LV_2023","g_upper_gini_nw",NA,NA,NA,NA,"pared_max"
"LV_2023","g_upper_cv2_nwx",NA,NA,NA,NA,"pared_max"
"LV_2023","g_upper_cv2_nw",NA,NA,NA,NA,"pared_max"
"LV_2023","g_upper_var_nwx",NA,NA,NA,NA,"pared_max"
"LV_2023","g_upper_var_nw",NA,NA,NA,NA,"pared_max"
"LV_2023","g_upper_d_gini",NA,NA,NA,NA,"pared_max"
"LV_2023","g_upper_r_gini",NA,NA,NA,NA,"pared_max"
"LV_2023","g_upper_d_cv2",NA,NA,NA,NA,"pared_max"
"LV_2023","g_upper_d_var",NA,NA,NA,NA,"pared_max"
"LV_2023","did_gini",NA,NA,NA,NA,"pared_max"
"LV_2023","did_cv2",NA,NA,NA,NA,"pared_max"
"LV_2023","did_var",NA,NA,NA,NA,"pared_max"
"LV_2023","rratio_gini",NA,NA,NA,NA,"pared_max"
"MT_2023","g_lower_wshare",NA,NA,NA,NA,"pared_max"
"MT_2023","g_lower_mean_nwx",NA,NA,NA,NA,"pared_max"
"MT_2023","g_lower_mean_nw",NA,NA,NA,NA,"pared_max"
"MT_2023","g_lower_mean_wt",NA,NA,NA,NA,"pared_max"
"MT_2023","g_lower_wt_over_nwx",NA,NA,NA,NA,"pared_max"
"MT_2023","g_lower_wt_volshare",NA,NA,NA,NA,"pared_max"
"MT_2023","g_lower_gini_nwx",NA,NA,NA,NA,"pared_max"
"MT_2023","g_lower_gini_nw",NA,NA,NA,NA,"pared_max"
"MT_2023","g_lower_cv2_nwx",NA,NA,NA,NA,"pared_max"
"MT_2023","g_lower_cv2_nw",NA,NA,NA,NA,"pared_max"
"MT_2023","g_lower_var_nwx",NA,NA,NA,NA,"pared_max"
"MT_2023","g_lower_var_nw",NA,NA,NA,NA,"pared_max"
"MT_2023","g_lower_d_gini",NA,NA,NA,NA,"pared_max"
"MT_2023","g_lower_r_gini",NA,NA,NA,NA,"pared_max"
"MT_2023","g_lower_d_cv2",NA,NA,NA,NA,"pared_max"
"MT_2023","g_lower_d_var",NA,NA,NA,NA,"pared_max"
"MT_2023","g_upper_wshare",NA,NA,NA,NA,"pared_max"
"MT_2023","g_upper_mean_nwx",NA,NA,NA,NA,"pared_max"
"MT_2023","g_upper_mean_nw",NA,NA,NA,NA,"pared_max"
"MT_2023","g_upper_mean_wt",NA,NA,NA,NA,"pared_max"
"MT_2023","g_upper_wt_over_nwx",NA,NA,NA,NA,"pared_max"
"MT_2023","g_upper_wt_volshare",NA,NA,NA,NA,"pared_max"
"MT_2023","g_upper_gini_nwx",NA,NA,NA,NA,"pared_max"
"MT_2023","g_upper_gini_nw",NA,NA,NA,NA,"pared_max"
"MT_2023","g_upper_cv2_nwx",NA,NA,NA,NA,"pared_max"
"MT_2023","g_upper_cv2_nw",NA,NA,NA,NA,"pared_max"
"MT_2023","g_upper_var_nwx",NA,NA,NA,NA,"pared_max"
"MT_2023","g_upper_var_nw",NA,NA,NA,NA,"pared_max"
"MT_2023","g_upper_d_gini",NA,NA,NA,NA,"pared_max"
"MT_2023","g_upper_r_gini",NA,NA,NA,NA,"pared_max"
"MT_2023","g_upper_d_cv2",NA,NA,NA,NA,"pared_max"
"MT_2023","g_upper_d_var",NA,NA,NA,NA,"pared_max"
"MT_2023","did_gini",NA,NA,NA,NA,"pared_max"
"MT_2023","did_cv2",NA,NA,NA,NA,"pared_max"
"MT_2023","did_var",NA,NA,NA,NA,"pared_max"
"MT_2023","rratio_gini",NA,NA,NA,NA,"pared_max"
"NL_2023","g_lower_wshare",NA,NA,NA,NA,"pared_max"
"NL_2023","g_lower_mean_nwx",NA,NA,NA,NA,"pared_max"
"NL_2023","g_lower_mean_nw",NA,NA,NA,NA,"pared_max"
"NL_2023","g_lower_mean_wt",NA,NA,NA,NA,"pared_max"
"NL_2023","g_lower_wt_over_nwx",NA,NA,NA,NA,"pared_max"
"NL_2023","g_lower_wt_volshare",NA,NA,NA,NA,"pared_max"
"NL_2023","g_lower_gini_nwx",NA,NA,NA,NA,"pared_max"
"NL_2023","g_lower_gini_nw",NA,NA,NA,NA,"pared_max"
"NL_2023","g_lower_cv2_nwx",NA,NA,NA,NA,"pared_max"
"NL_2023","g_lower_cv2_nw",NA,NA,NA,NA,"pared_max"
"NL_2023","g_lower_var_nwx",NA,NA,NA,NA,"pared_max"
"NL_2023","g_lower_var_nw",NA,NA,NA,NA,"pared_max"
"NL_2023","g_lower_d_gini",NA,NA,NA,NA,"pared_max"
"NL_2023","g_lower_r_gini",NA,NA,NA,NA,"pared_max"
"NL_2023","g_lower_d_cv2",NA,NA,NA,NA,"pared_max"
"NL_2023","g_lower_d_var",NA,NA,NA,NA,"pared_max"
"NL_2023","g_upper_wshare",NA,NA,NA,NA,"pared_max"
"NL_2023","g_upper_mean_nwx",NA,NA,NA,NA,"pared_max"
"NL_2023","g_upper_mean_nw",NA,NA,NA,NA,"pared_max"
"NL_2023","g_upper_mean_wt",NA,NA,NA,NA,"pared_max"
"NL_2023","g_upper_wt_over_nwx",NA,NA,NA,NA,"pared_max"
"NL_2023","g_upper_wt_volshare",NA,NA,NA,NA,"pared_max"
"NL_2023","g_upper_gini_nwx",NA,NA,NA,NA,"pared_max"
"NL_2023","g_upper_gini_nw",NA,NA,NA,NA,"pared_max"
"NL_2023","g_upper_cv2_nwx",NA,NA,NA,NA,"pared_max"
"NL_2023","g_upper_cv2_nw",NA,NA,NA,NA,"pared_max"
"NL_2023","g_upper_var_nwx",NA,NA,NA,NA,"pared_max"
"NL_2023","g_upper_var_nw",NA,NA,NA,NA,"pared_max"
"NL_2023","g_upper_d_gini",NA,NA,NA,NA,"pared_max"
"NL_2023","g_upper_r_gini",NA,NA,NA,NA,"pared_max"
"NL_2023","g_upper_d_cv2",NA,NA,NA,NA,"pared_max"
"NL_2023","g_upper_d_var",NA,NA,NA,NA,"pared_max"
"NL_2023","did_gini",NA,NA,NA,NA,"pared_max"
"NL_2023","did_cv2",NA,NA,NA,NA,"pared_max"
"NL_2023","did_var",NA,NA,NA,NA,"pared_max"
"NL_2023","rratio_gini",NA,NA,NA,NA,"pared_max"
"PT_2023","g_lower_wshare",0.84944850719465,0.00586134716008586,0.837960266760882,0.860936747628419,"pared_max"
"PT_2023","g_lower_mean_nwx",207948.543252906,14251.2537239173,180016.085954028,235881.000551783,"pared_max"
"PT_2023","g_lower_mean_nw",264007.711908757,16335.4213776144,231990.286008633,296025.137808881,"pared_max"
"PT_2023","g_lower_mean_wt",56059.1686558515,5497.58860835232,45283.8949834809,66834.442328222,"pared_max"
"PT_2023","g_lower_wt_over_nwx",0.269752649283635,0.0281166888763297,0.214643939086029,0.324861359481241,"pared_max"
"PT_2023","g_lower_wt_volshare",0.690891171344592,0.0432075678990506,0.606204338262453,0.775578004426731,"pared_max"
"PT_2023","g_lower_gini_nwx",0.838466020513879,0.0286252852129492,0.782360461496498,0.894571579531259,"pared_max"
"PT_2023","g_lower_gini_nw",0.639579220584507,0.011287006558575,0.6174566877297,0.661701753439314,"pared_max"
"PT_2023","g_lower_cv2_nwx",8.70794476949763,1.67919205761615,5.41672833656999,11.9991612024253,"pared_max"
"PT_2023","g_lower_cv2_nw",5.5672958313694,1.18556615118386,3.24358617504903,7.89100548768976,"pared_max"
"PT_2023","g_lower_var_nwx",376919532406.834,116468757015.709,148640768656.044,605198296157.623,"pared_max"
"PT_2023","g_lower_var_nw",388069663234.795,124536503959.796,143978115473.595,632161210995.995,"pared_max"
"PT_2023","g_lower_d_gini",-0.198886799929372,0.0302264238317043,-0.258130590639512,-0.139643009219231,"pared_max"
"PT_2023","g_lower_r_gini",0.763010367000919,0.0283308043334252,0.707481990507406,0.818538743494433,"pared_max"
"PT_2023","g_lower_d_cv2",-3.14064893812823,0.767090026686978,-4.64414539043471,-1.63715248582175,"pared_max"
"PT_2023","g_lower_d_var",11150130827.9611,29241988995.4719,-46164167603.1639,68464429259.0861,"pared_max"
"PT_2023","g_upper_wshare",0.150551492805349,0.00586134716008588,0.139063252371581,0.162039733239118,"pared_max"
"PT_2023","g_upper_mean_nwx",353329.494108914,43651.3784876937,267772.792273035,438886.195944794,"pared_max"
"PT_2023","g_upper_mean_nw",494881.351212983,45628.3553135603,405449.774798404,584312.927627561,"pared_max"
"PT_2023","g_upper_mean_wt",141551.857104068,29646.804887035,83444.1195254796,199659.594682657,"pared_max"
"PT_2023","g_upper_wt_over_nwx",0.4020481554446,0.111164561139876,0.184165615610443,0.619930695278758,"pared_max"
"PT_2023","g_upper_wt_volshare",0.309108828655408,0.0432075678990506,0.224421995573269,0.393795661737547,"pared_max"
"PT_2023","g_upper_gini_nwx",0.92763005072273,0.140046405122921,0.653139096681804,1.20212100476365,"pared_max"
"PT_2023","g_upper_gini_nw",0.624990293096796,0.0177310005040814,0.590237532108796,0.659743054084795,"pared_max"
"PT_2023","g_upper_cv2_nwx",9.12629233658674,6.30130458287186,-3.22426464584211,21.4768493190156,"pared_max"
"PT_2023","g_upper_cv2_nw",3.33931427299279,1.16192001131751,1.06195105081048,5.6166774951751,"pared_max"
"PT_2023","g_upper_var_nwx",1126063662304.98,713682725636.636,-272754479942.832,2524881804552.78,"pared_max"
"PT_2023","g_upper_var_nw",818134443277.859,422053873042.701,-9091147885.83374,1645360034441.55,"pared_max"
"PT_2023","g_upper_d_gini",-0.302639757625934,0.139048740908525,-0.575175289806644,-0.030104225445224,"pared_max"
"PT_2023","g_upper_r_gini",0.677045090807712,0.0919886078480416,0.496747419425551,0.857342762189874,"pared_max"
"PT_2023","g_upper_d_cv2",-5.78697806359395,5.9565157137388,-17.461748862522,5.8877927353341,"pared_max"
"PT_2023","g_upper_d_var",-307929219027.116,539534350908.661,-1365416546808.09,749558108753.86,"pared_max"
"PT_2023","did_gini",0.103752957696562,0.141460968611861,-0.173510540782685,0.381016456175809,"pared_max"
"PT_2023","did_cv2",2.64632912546572,6.13879700301104,-9.38571300043593,14.6783712513674,"pared_max"
"PT_2023","did_var",319079349855.077,542528782890.635,-744277064610.568,1382435764320.72,"pared_max"
"PT_2023","rratio_gini",1.1320494456982,0.17670530949245,0.785707039093002,1.4783918523034,"pared_max"
"SI_2023","g_lower_wshare",NA,NA,NA,NA,"pared_max"
"SI_2023","g_lower_mean_nwx",NA,NA,NA,NA,"pared_max"
"SI_2023","g_lower_mean_nw",NA,NA,NA,NA,"pared_max"
"SI_2023","g_lower_mean_wt",NA,NA,NA,NA,"pared_max"
"SI_2023","g_lower_wt_over_nwx",NA,NA,NA,NA,"pared_max"
"SI_2023","g_lower_wt_volshare",NA,NA,NA,NA,"pared_max"
"SI_2023","g_lower_gini_nwx",NA,NA,NA,NA,"pared_max"
"SI_2023","g_lower_gini_nw",NA,NA,NA,NA,"pared_max"
"SI_2023","g_lower_cv2_nwx",NA,NA,NA,NA,"pared_max"
"SI_2023","g_lower_cv2_nw",NA,NA,NA,NA,"pared_max"
"SI_2023","g_lower_var_nwx",NA,NA,NA,NA,"pared_max"
"SI_2023","g_lower_var_nw",NA,NA,NA,NA,"pared_max"
"SI_2023","g_lower_d_gini",NA,NA,NA,NA,"pared_max"
"SI_2023","g_lower_r_gini",NA,NA,NA,NA,"pared_max"
"SI_2023","g_lower_d_cv2",NA,NA,NA,NA,"pared_max"
"SI_2023","g_lower_d_var",NA,NA,NA,NA,"pared_max"
"SI_2023","g_upper_wshare",NA,NA,NA,NA,"pared_max"
"SI_2023","g_upper_mean_nwx",NA,NA,NA,NA,"pared_max"
"SI_2023","g_upper_mean_nw",NA,NA,NA,NA,"pared_max"
"SI_2023","g_upper_mean_wt",NA,NA,NA,NA,"pared_max"
"SI_2023","g_upper_wt_over_nwx",NA,NA,NA,NA,"pared_max"
"SI_2023","g_upper_wt_volshare",NA,NA,NA,NA,"pared_max"
"SI_2023","g_upper_gini_nwx",NA,NA,NA,NA,"pared_max"
"SI_2023","g_upper_gini_nw",NA,NA,NA,NA,"pared_max"
"SI_2023","g_upper_cv2_nwx",NA,NA,NA,NA,"pared_max"
"SI_2023","g_upper_cv2_nw",NA,NA,NA,NA,"pared_max"
"SI_2023","g_upper_var_nwx",NA,NA,NA,NA,"pared_max"
"SI_2023","g_upper_var_nw",NA,NA,NA,NA,"pared_max"
"SI_2023","g_upper_d_gini",NA,NA,NA,NA,"pared_max"
"SI_2023","g_upper_r_gini",NA,NA,NA,NA,"pared_max"
"SI_2023","g_upper_d_cv2",NA,NA,NA,NA,"pared_max"
"SI_2023","g_upper_d_var",NA,NA,NA,NA,"pared_max"
"SI_2023","did_gini",NA,NA,NA,NA,"pared_max"
"SI_2023","did_cv2",NA,NA,NA,NA,"pared_max"
"SI_2023","did_var",NA,NA,NA,NA,"pared_max"
"SI_2023","rratio_gini",NA,NA,NA,NA,"pared_max"
"SK_2023","g_lower_wshare",NA,NA,NA,NA,"pared_max"
"SK_2023","g_lower_mean_nwx",NA,NA,NA,NA,"pared_max"
"SK_2023","g_lower_mean_nw",NA,NA,NA,NA,"pared_max"
"SK_2023","g_lower_mean_wt",NA,NA,NA,NA,"pared_max"
"SK_2023","g_lower_wt_over_nwx",NA,NA,NA,NA,"pared_max"
"SK_2023","g_lower_wt_volshare",NA,NA,NA,NA,"pared_max"
"SK_2023","g_lower_gini_nwx",NA,NA,NA,NA,"pared_max"
"SK_2023","g_lower_gini_nw",NA,NA,NA,NA,"pared_max"
"SK_2023","g_lower_cv2_nwx",NA,NA,NA,NA,"pared_max"
"SK_2023","g_lower_cv2_nw",NA,NA,NA,NA,"pared_max"
"SK_2023","g_lower_var_nwx",NA,NA,NA,NA,"pared_max"
"SK_2023","g_lower_var_nw",NA,NA,NA,NA,"pared_max"
"SK_2023","g_lower_d_gini",NA,NA,NA,NA,"pared_max"
"SK_2023","g_lower_r_gini",NA,NA,NA,NA,"pared_max"
"SK_2023","g_lower_d_cv2",NA,NA,NA,NA,"pared_max"
"SK_2023","g_lower_d_var",NA,NA,NA,NA,"pared_max"
"SK_2023","g_upper_wshare",NA,NA,NA,NA,"pared_max"
"SK_2023","g_upper_mean_nwx",NA,NA,NA,NA,"pared_max"
"SK_2023","g_upper_mean_nw",NA,NA,NA,NA,"pared_max"
"SK_2023","g_upper_mean_wt",NA,NA,NA,NA,"pared_max"
"SK_2023","g_upper_wt_over_nwx",NA,NA,NA,NA,"pared_max"
"SK_2023","g_upper_wt_volshare",NA,NA,NA,NA,"pared_max"
"SK_2023","g_upper_gini_nwx",NA,NA,NA,NA,"pared_max"
"SK_2023","g_upper_gini_nw",NA,NA,NA,NA,"pared_max"
"SK_2023","g_upper_cv2_nwx",NA,NA,NA,NA,"pared_max"
"SK_2023","g_upper_cv2_nw",NA,NA,NA,NA,"pared_max"
"SK_2023","g_upper_var_nwx",NA,NA,NA,NA,"pared_max"
"SK_2023","g_upper_var_nw",NA,NA,NA,NA,"pared_max"
"SK_2023","g_upper_d_gini",NA,NA,NA,NA,"pared_max"
"SK_2023","g_upper_r_gini",NA,NA,NA,NA,"pared_max"
"SK_2023","g_upper_d_cv2",NA,NA,NA,NA,"pared_max"
"SK_2023","g_upper_d_var",NA,NA,NA,NA,"pared_max"
"SK_2023","did_gini",NA,NA,NA,NA,"pared_max"
"SK_2023","did_cv2",NA,NA,NA,NA,"pared_max"
"SK_2023","did_var",NA,NA,NA,NA,"pared_max"
"SK_2023","rratio_gini",NA,NA,NA,NA,"pared_max"
